time,x,y,vx,vy
0.000000000000000000e+00,0.000000000000000000e+00,7.500000000000000000e-01,-8.599314520778544247e+07,0.000000000000000000e+00
2.825117468606941173e+01,-1.623935405795240081e-02,7.498246820299763193e-01,-8.597305595904156566e+07,-1.856174827158182627e+06
5.650234937213882347e+01,-3.247111830803071919e-02,7.492988765733232803e-01,-8.591278096733629704e+07,-3.711473271721709985e+06
8.475352405820822810e+01,-4.868770571283458082e-02,7.484228319252671513e-01,-8.581234928470432758e+07,-5.565018970134168863e+06
1.130046987442776469e+02,-6.488153655102636697e-02,7.471969618156794057e-01,-8.567180932741813362e+07,-7.415936434348727576e+06
1.412558734303470658e+02,-8.104504207222662515e-02,7.456218452023800625e-01,-8.549122885031971335e+07,-9.263351489465773106e+06
1.695070481164164562e+02,-9.717066814609189029e-02,7.436982259818555319e-01,-8.527069491088764369e+07,-1.110639171060544252e+07
1.977582228024858750e+02,-1.132508789036382607e-01,7.414270126175602771e-01,-8.501031382306334376e+07,-1.294418685876009613e+07
2.260093974885552939e+02,-1.292781603688794023e-01,7.388092776860182287e-01,-8.471021110086764395e+07,-1.477586931537253968e+07
2.542605721746247127e+02,-1.452450240788543401e-01,7.358462573409884078e-01,-8.437053139184524119e+07,-1.660057451538693905e+07
2.825117468606941316e+02,-1.611440106901277369e-01,7.325393506960077294e-01,-8.399143840038165450e+07,-1.841744137852048501e+07
3.107629215467635504e+02,-1.769676935698548947e-01,7.288901191256699219e-01,-8.357311480094395578e+07,-2.022561273850536719e+07
3.390140962328329124e+02,-1.927086823695135509e-01,7.249002854860486789e-01,-8.311576214130328596e+07,-2.202423577005219460e+07
3.672652709189023312e+02,-2.083596265794168123e-01,7.205717332547161291e-01,-8.261960073580370843e+07,-2.381246241328787804e+07
3.955164456049717501e+02,-2.239132190621331009e-01,7.159065055908612196e-01,-8.208486954874877632e+07,-2.558944979542292655e+07
4.237676202910411689e+02,-2.393621995629550414e-01,7.109068043160489125e-01,-8.151182606798331439e+07,-2.735436064940543100e+07
4.520187949771105878e+02,-2.546993581955724895e-01,7.055749888162170524e-01,-8.090074616875478625e+07,-2.910636372932132706e+07
4.802699696631800066e+02,-2.699175389011226334e-01,6.999135748655435085e-01,-8.025192396794459224e+07,-3.084463422230313718e+07
5.085211443492494254e+02,-2.850096428788074232e-01,6.939252333728699318e-01,-7.956567166876624525e+07,-3.256835415671219677e+07
5.367723190353187874e+02,-2.999686319862874262e-01,6.876127890514029950e-01,-7.884231939603312314e+07,-3.427671280636228621e+07
5.650234937213882631e+02,-3.147875321080813582e-01,6.809792190124662747e-01,-7.808221502210505307e+07,-3.596890709055580199e+07
5.932746684074576251e+02,-3.294594364902212469e-01,6.740276512841133494e-01,-7.728572398362855613e+07,-3.764414196970669925e+07
6.215258430935271008e+02,-3.439775090394364132e-01,6.667613632554569847e-01,-7.645322908919157088e+07,-3.930163083632831275e+07
6.497770177795964628e+02,-3.583349875851616906e-01,6.591837800476103570e-01,-7.558513031801928580e+07,-4.094059590116724372e+07
6.780281924656658248e+02,-3.725251871026902806e-01,6.512984728121772315e-01,-7.468184460984319448e+07,-4.256026857426892221e+07
7.062793671517353005e+02,-3.865415028958176791e-01,6.431091569582696454e-01,-7.374380564608097076e+07,-4.415988984076387435e+07
7.345305418378046625e+02,-4.003774137373478093e-01,6.346196903090676189e-01,-7.277146362247033417e+07,-4.573871063116818666e+07
7.627817165238741381e+02,-4.140264849658629731e-01,6.258340711889781582e-01,-7.176528501330491900e+07,-4.729599218599579483e+07
7.910328912099435001e+02,-4.274823715371843802e-01,6.167564364424853451e-01,-7.072575232742559910e+07,-4.883100641448454559e+07
8.192840658960129758e+02,-4.407388210289818198e-01,6.073910593858222740e-01,-6.965336385612541437e+07,-5.034303624724274874e+07
8.475352405820823378e+02,-4.537896765970203528e-01,5.977423476926310153e-01,-6.854863341313114762e+07,-5.183137598262728006e+07
8.757864152681518135e+02,-4.666288798815635408e-01,5.878148412148103130e-01,-6.741209006682917476e+07,-5.329533162666948885e+07
9.040375899542211755e+02,-4.792504738624842053e-01,5.776132097397905785e-01,-6.624427786490772665e+07,-5.473422122636959702e+07
9.322887646402905375e+02,-4.916486056616679035e-01,5.671422506854996159e-01,-6.504575555159190297e+07,-5.614737519618587196e+07
9.605399393263600132e+02,-5.038175292913261716e-01,5.564068867343259228e-01,-6.381709627765216678e+07,-5.753413663754945248e+07
9.887911140124293752e+02,-5.157516083468721702e-01,5.454121634074083902e-01,-6.255888730337077379e+07,-5.889386165124131739e+07
1.017042288698498851e+03,-5.274453186430483331e-01,5.341632465806170904e-01,-6.127172969465448707e+07,-6.022591964247313887e+07
1.045293463384568213e+03,-5.388932507920261017e-01,5.226654199436183701e-01,-5.995623801248577237e+07,-6.152969361851908267e+07
1.073544638070637575e+03,-5.500901127222421749e-01,5.109240824034434469e-01,-5.861303999590775371e+07,-6.280458047875130177e+07
1.101795812756707164e+03,-5.610307321367653532e-01,4.989447454340099619e-01,-5.724277623874189705e+07,-6.404999129693737626e+07
1.130046987442776526e+03,-5.717100589100314600e-01,4.867330303730705854e-01,-5.584609986024031788e+07,-6.526535159566357732e+07
1.158298162128845888e+03,-5.821231674218194652e-01,4.742946656680878115e-01,-5.442367616987742484e+07,-6.645010161275381595e+07
1.186549336814915250e+03,-5.922652588273816798e-01,4.616354840725595543e-01,-5.297618232648874819e+07,-6.760369655955955386e+07
1.214800511500984612e+03,-6.021316632626790843e-01,4.487614197943408101e-01,-5.150430699196700752e+07,-6.872560687100219727e+07
1.243051686187054202e+03,-6.117178419837165926e-01,4.356785055975306298e-01,-5.000874997972804308e+07,-6.981531844725517929e+07
1.271302860873123564e+03,-6.210193894390078073e-01,4.223928698595142972e-01,-4.849022189816153795e+07,-7.087233288695882261e+07
1.299554035559192926e+03,-6.300320352742444507e-01,4.089107335847674274e-01,-4.694944378928320110e+07,-7.189616771186745167e+07
1.327805210245262288e+03,-6.387516462682841789e-01,3.952384073770510708e-01,-4.538714676280730963e+07,-7.288635658283364773e+07
1.356056384931331650e+03,-6.471742281996132329e-01,3.813822883716420087e-01,-4.380407162585990131e+07,-7.384244950704115629e+07
1.384307559617401239e+03,-6.552959276424796808e-01,3.673488571292580773e-01,-4.220096850855447352e+07,-7.476401303640362620e+07
1.412558734303470601e+03,-6.631130336919400792e-01,3.531446744933560145e-01,-4.057859648565345258e+07,-7.565063045705254376e+07
1.440809908989539963e+03,-6.706219796170993508e-01,3.387763784124891986e-01,-3.893772319453952461e+07,-7.650190196984399855e+07
1.469061083675609325e+03,-6.778193444418677549e-01,3.242506807294300852e-01,-3.727912444972234964e+07,-7.731744486181963980e+07
1.497312258361678914e+03,-6.847018544526042305e-01,3.095743639387699697e-01,-3.560358385410640389e+07,-7.809689366856350005e+07
1.525563433047748276e+03,-6.912663846320531436e-01,2.947542779147214187e-01,-3.391189240724673867e+07,-7.883990032740241289e+07
1.553814607733817638e+03,-6.975099600190305393e-01,2.797973366108553739e-01,-3.220484811081941053e+07,-7.954613432140377164e+07
1.582065782419887000e+03,-7.034297569933505301e-01,2.647105147335176434e-01,-3.048325557153409719e+07,-8.021528281413023174e+07
1.610316957105956362e+03,-7.090231044855356268e-01,2.495008443906717166e-01,-2.874792560171596333e+07,-8.084705077511721849e+07
1.638568131792025952e+03,-7.142874851108876877e-01,2.341754117179233596e-01,-2.699967481778404117e+07,-8.144116109604500234e+07
1.666819306478095314e+03,-7.192205362275467806e-01,2.187413534834873052e-01,-2.523932523685309663e+07,-8.199735469758281112e+07
1.695070481164164676e+03,-7.238200509182038944e-01,2.032058536738577392e-01,-2.346770387168519571e+07,-8.251539062688860297e+07
1.723321655850234038e+03,-7.280839788951766200e-01,1.875761400619509189e-01,-2.168564232421714440e+07,-8.299504614575384557e+07
1.751572830536303627e+03,-7.320104273286016650e-01,1.718594807594849005e-01,-1.989397637788862363e+07,-8.343611680938833952e+07
1.779824005222372989e+03,-7.355976615975369226e-01,1.560631807553664319e-01,-1.809354558899535611e+07,-8.383841653584598005e+07
1.808075179908442351e+03,-7.388441059638121144e-01,1.401945784418491547e-01,-1.628519287729012594e+07,-8.420177766609801352e+07
1.836326354594511713e+03,-7.417483441685062129e-01,1.242610421302317303e-01,-1.446976411605380476e+07,-8.452605101476567984e+07
1.864577529280581075e+03,-7.443091199509714873e-01,1.082699665578559095e-01,-1.264810772185659036e+07,-8.481110591153010726e+07
1.892828703966650664e+03,-7.465253374903677575e-01,9.222876938816429448e-02,-1.082107424422848411e+07,-8.505683023324227333e+07
1.921079878652720026e+03,-7.483960617697101858e-01,7.614488770557178987e-02,-8.989515955456325784e+06,-8.526313042676152289e+07
1.949331053338789388e+03,-7.499205188624735730e-01,6.002577450689716015e-02,-7.154286440722632222e+06,-8.542993152255640924e+07
1.977582228024858750e+03,-7.510980961418401991e-01,4.387889519109797187e-02,-5.316240188800033182e+06,-8.555717713910661638e+07
2.005833402710928340e+03,-7.519283424127138904e-01,2.771172404904040723e-02,-3.476232183512536343e+06,-8.564482947814998031e+07
2.034084577396997702e+03,-7.524109679666668438e-01,1.153174075502973184e-02,-1.635117496173034655e+06,-8.569286931082358956e+07
2.062335752083066836e+03,-7.525458445600218260e-01,-4.653573138185630731e-03,2.062491207962215412e+05,-8.570129595475290716e+07
2.090586926769136426e+03,-7.523330053153138852e-01,-2.083673769923071600e-02,2.047013638855493395e+06,-8.567012724214753509e+07
2.118838101455206015e+03,-7.517726445464116836e-01,-3.701027811104806026e-02,3.886323156749748625e+06,-8.559939947896713018e+07
2.147089276141275150e+03,-7.508651175076179740e-01,-5.316672815529192159e-02,5.723326302122196183e+06,-8.548916739522539079e+07
2.175340450827344739e+03,-7.496109400671059353e-01,-6.929863368650411581e-02,7.557173631142459810e+06,-8.533950408650462329e+07
2.203591625513414328e+03,-7.480107883050849393e-01,-8.539855609441644735e-02,9.387018025955446064e+06,-8.515050094675792754e+07
2.231842800199483463e+03,-7.460654980371245193e-01,-1.014590757527462916e-01,1.121201508976070955e+07,-8.492226759247989953e+07
2.260093974885553052e+03,-7.437760642631022767e-01,-1.174727954528611285e-01,1.303132353933440335e+07,-8.465493177833144367e+07
2.288345149571622187e+03,-7.411436405422775486e-01,-1.334323438207035972e-01,1.484410559480901062e+07,-8.434863930430783331e+07
2.316596324257691776e+03,-7.381695382950234086e-01,-1.493303787153954787e-01,1.664952736653026007e+07,-8.400355391454337537e+07
2.344847498943761366e+03,-7.348552260317881002e-01,-1.651595906079419418e-01,1.844675923881237954e+07,-8.361985718784984946e+07
2.373098673629830500e+03,-7.312023285098877556e-01,-1.809127059384914027e-01,2.023497625041778386e+07,-8.319774842008933425e+07
2.401349848315900090e+03,-7.272126258187642245e-01,-1.965824904506157933e-01,2.201335847158969939e+07,-8.273744449848580360e+07
2.429601023001969224e+03,-7.228880523943768122e-01,-2.121617525010961181e-01,2.378109137746981531e+07,-8.223917976798333228e+07
2.457852197688038814e+03,-7.182306959634247034e-01,-2.276433463437286808e-01,2.553736621773751453e+07,-8.170320588976186514e+07
2.486103372374108403e+03,-7.132427964181294877e-01,-2.430201753856734981e-01,2.728138038230939582e+07,-8.112979169202491641e+07
2.514354547060177538e+03,-7.079267446223371785e-01,-2.582851954149027462e-01,2.901233776294298097e+07,-8.051922301317657530e+07
2.542605721746247127e+03,-7.022850811497269863e-01,-2.734314177973212190e-01,3.072944911059122533e+07,-7.987180253750790656e+07
2.570856896432316262e+03,-6.963204949549445244e-01,-2.884519126421526414e-01,3.243193238835828379e+07,-7.918784962351617217e+07
2.599108071118385851e+03,-6.900358219785028835e-01,-3.033398119342188282e-01,3.411901311991167814e+07,-7.846770012498232722e+07
2.627359245804455441e+03,-6.834340436863247659e-01,-3.180883126317488041e-01,3.578992473320842534e+07,-7.771170620493552089e+07
2.655610420490524575e+03,-6.765182855448217403e-01,-3.326906797283926687e-01,3.744390889939796180e+07,-7.692023614263512194e+07
2.683861595176594165e+03,-6.692918154324363211e-01,-3.471402492781324178e-01,3.908021586676774919e+07,-7.609367413370358944e+07
2.712112769862663299e+03,-6.617580419885945586e-01,-3.614304313818051395e-01,4.069810478960128129e+07,-7.523242008354556561e+07
2.740363944548732889e+03,-6.539205129010408069e-01,-3.755547131339913580e-01,4.229684405182315409e+07,-7.433688939419043064e+07
2.768615119234802478e+03,-6.457829131325543148e-01,-3.895066615290310175e-01,4.387571158530829847e+07,-7.340751274469803274e+07
2.796866293920871612e+03,-6.373490630880620511e-01,-4.032799263249717825e-01,4.543399518273792416e+07,-7.244473586526852846e+07
2.825117468606941202e+03,-6.286229167231919268e-01,-4.168682428642707660e-01,4.697099280488773435e+07,-7.144901930519938469e+07
2.853368643293010791e+03,-6.196085595953277902e-01,-4.302654348501004367e-01,4.848601288223805279e+07,-7.042083819483424723e+07
2.881619817979079926e+03,-6.103102068582475503e-01,-4.434654170771409887e-01,4.997837461080008000e+07,-6.936068200164952874e+07
2.909870992665149515e+03,-6.007322012014468804e-01,-4.564621981157642172e-01,5.144740824205577374e+07,-6.826905428062619269e+07
2.938122167351218650e+03,-5.908790107352718257e-01,-4.692498829485414746e-01,5.289245536691295356e+07,-6.714647241905556619e+07
2.966373342037288239e+03,-5.807552268229948522e-01,-4.818226755580448106e-01,5.431286919358174503e+07,-6.599346737592870742e+07
2.994624516723357829e+03,-5.703655618609970723e-01,-4.941748814649245536e-01,5.570801481928140670e+07,-6.481058341606060416e+07
3.022875691409426963e+03,-5.597148470082243810e-01,-5.063009102152905561e-01,5.707726949569153786e+07,-6.359837783910059929e+07
3.051126866095496553e+03,-5.488080298661099921e-01,-5.181952778164423679e-01,5.842002288806494325e+07,-6.235742070358187705e+07
3.079378040781565687e+03,-5.376501721101680786e-01,-5.298526091200241872e-01,5.973567732792320102e+07,-6.108829454616353661e+07
3.107629215467635277e+03,-5.262464470744756539e-01,-5.412676401517166891e-01,6.102364805926062167e+07,-5.979159409621870518e+07
3.135880390153704866e+03,-5.146021372902781499e-01,-5.524352203865948718e-01,6.228336347818496823e+07,-5.846792598592385650e+07
3.164131564839774001e+03,-5.027226319799619203e-01,-5.633503149693226408e-01,6.351426536592821777e+07,-5.711790845600364357e+07
3.192382739525843590e+03,-4.906134245076526068e-01,-5.740080068783750544e-01,6.471580911516365409e+07,-5.574217105728680640e+07
3.220633914211912725e+03,-4.782801097877126817e-01,-5.844034990335121860e-01,6.588746394956940413e+07,-5.434135434822875261e+07
3.248885088897982314e+03,-4.657283816524118158e-01,-5.945321163457594205e-01,6.702871313658280671e+07,-5.291610958855595440e+07
3.277136263584051903e+03,-4.529640301800694768e-01,-6.043893077091736510e-01,6.813905419329258800e+07,-5.146709842918847501e+07
3.305387438270121038e+03,-4.399929389849638328e-01,-6.139706479337101452e-01,6.921799908542060852e+07,-4.999499259859578311e+07
3.333638612956190627e+03,-4.268210824703188577e-01,-6.232718396185298326e-01,7.026507441934756935e+07,-4.850047358574151993e+07
3.361889787642260217e+03,-4.134545230456891374e-01,-6.322887149651164052e-01,7.127982162714095414e+07,-4.698423231977292150e+07
3.390140962328329351e+03,-3.998994083100643193e-01,-6.410172375296053771e-01,7.226179714454714954e+07,-4.544696884660944343e+07
3.418392137014398941e+03,-3.861619682020265287e-01,-6.494535039137537824e-01,7.321057258191272616e+07,-4.388939200258562714e+07
3.446643311700468075e+03,-3.722485121183018997e-01,-6.575937453940055022e-01,7.412573488800327480e+07,-4.231221908530273288e+07
3.474894486386537665e+03,-3.581654260020445957e-01,-6.654343294881460702e-01,7.500688650669197738e+07,-4.071617552184243500e+07
3.503145661072607254e+03,-3.439191694022087908e-01,-6.729717614590561281e-01,7.585364552649258077e+07,-3.910199453449653089e+07
3.531396835758676389e+03,-3.295162725053573660e-01,-6.802026857551143335e-01,7.666564582291546464e+07,-3.747041680416481197e+07
3.559648010444745978e+03,-3.149633331412652337e-01,-6.871238873868213970e-01,7.744253719362801313e+07,-3.582219013157325238e+07
3.587899185130815113e+03,-3.002670137636819780e-01,-6.937322932392475661e-01,7.818398548640383780e+07,-3.415806909646413475e+07
3.616150359816884702e+03,-2.854340384076091142e-01,-7.000249733199364055e-01,7.888967271984867752e+07,-3.247881471490781754e+07
3.644401534502954291e+03,-2.704711896244660352e-01,-7.059991419419231473e-01,7.955929719689327478e+07,-3.078519409488666803e+07
3.672652709189023426e+03,-2.553853053965040587e-01,-7.116521588415553046e-01,8.019257361104695499e+07,-2.907798009029911458e+07
3.700903883875093015e+03,-2.401832760318387827e-01,-7.169815302308323313e-01,8.078923314540824294e+07,-2.735795095353192836e+07
3.729155058561162150e+03,-2.248720410414718207e-01,-7.219849097840066454e-01,8.134902356443153322e+07,-2.562588998674771935e+07
3.757406233247231739e+03,-2.094585859996628552e-01,-7.266600995582180866e-01,8.187170929845210910e+07,-2.388258519203276560e+07
3.785657407933301329e+03,-1.939499393890273538e-01,-7.310050508479593034e-01,8.235707152097383142e+07,-2.212882892055059224e+07
3.813908582619370463e+03,-1.783531694317193328e-01,-7.350178649731988756e-01,8.280490821872691810e+07,-2.036541752084420621e+07
3.842159757305440053e+03,-1.626753809080668245e-01,-7.386967940010151779e-01,8.321503425450572371e+07,-1.859315098642958328e+07
3.870410931991509187e+03,-1.469237119640241507e-01,-7.420402414006184166e-01,8.358728142279866338e+07,-1.681283260282194987e+07
3.898662106677578777e+03,-1.311053309087953922e-01,-7.450467626316702452e-01,8.392149849822546542e+07,-1.502526859413407370e+07
3.926913281363648366e+03,-1.152274330039929628e-01,-7.477150656658301253e-01,8.421755127679859102e+07,-1.323126776938617788e+07
3.955164456049717501e+03,-9.929723724567827980e-02,-7.500440114414888004e-01,8.447532261002869904e+07,-1.143164116866419278e+07
3.983415630735787090e+03,-8.332198314063686551e-02,-7.520326142516738921e-01,8.469471243189588189e+07,-9.627201709262788296e+06
4.011666805421856679e+03,-6.730892747823483124e-02,-7.536800420651343924e-01,8.487563777871070802e+07,-7.818763831948284060e+06
4.039917980107925814e+03,-5.126534109919279880e-02,-7.549856167806433538e-01,8.501803280189141631e+07,-6.007143147474370897e+06
4.068169154793995403e+03,-3.519850566261452374e-02,-7.559488144145759536e-01,8.512184877368561924e+07,-4.193156083483065479e+06
4.096420329480064538e+03,-1.911571041260259202e-02,-7.565692652218498626e-01,8.518705408586688340e+07,-2.377619531921898946e+06
4.124671504166133673e+03,-3.024248945778531660e-03,-7.568467537503364984e-01,8.521363424143871665e+07,-5.613504971060173120e+05
4.152922678852203717e+03,1.306858401896929950e-02,-7.567812188288782771e-01,8.520159183938018978e+07,1.254834255446196999e+06
4.181173853538272851e+03,2.915549586720031852e-02,-7.563727534890689608e-01,8.515094655246965587e+07,3.070118549277567770e+06
4.209425028224341986e+03,4.522919931080147254e-02,-7.556216048209799530e-01,8.506173509822458029e+07,4.883687146232206374e+06
4.237676202910412030e+03,6.128241560372622854e-02,-7.545281737630356034e-01,8.493401120299743116e+07,6.694726094546479173e+06
4.265927377596481165e+03,7.730787775030882603e-02,-7.530930148262701129e-01,8.476784555926932395e+07,8.502423075669145212e+06
4.294178552282550299e+03,9.329833370487791711e-02,-7.513168357532122865e-01,8.456332577618479729e+07,1.030596774969036318e+07
4.322429726968620344e+03,1.092465495613882398e-01,-7.492004971116771328e-01,8.432055632337264717e+07,1.210455209925916046e+07
4.350680901654689478e+03,1.251453127318110647e-01,-7.467450118237575207e-01,8.403965846809965372e+07,1.389737077187197097e+07
4.378932076340758613e+03,1.409874351120339042e-01,-7.439515446303366364e-01,8.372077020580510795e+07,1.568362142041625828e+07
4.407183251026828657e+03,1.567657562340144806e-01,-7.408214114914598580e-01,8.336404618406605721e+07,1.746250504185315222e+07
4.435434425712897792e+03,1.724731464029579386e-01,-7.373560789229305357e-01,8.296965762004442513e+07,1.923322631392599270e+07
4.463685600398966926e+03,1.881025098182959876e-01,-7.335571632695107036e-01,8.253779221146844327e+07,2.099499392978313565e+07
4.491936775085036061e+03,2.036467876772421193e-01,-7.294264299151334008e-01,8.206865404120257497e+07,2.274702093040316179e+07
4.520187949771106105e+03,2.190989612597253333e-01,-7.249657924305498158e-01,8.156246347546124458e+07,2.448852503471406922e+07
4.548439124457175240e+03,2.344520549935018017e-01,-7.201773116588595647e-01,8.101945705572302639e+07,2.621872896729785204e+07
4.576690299143244374e+03,2.496991394982674972e-01,-7.150631947393870647e-01,8.043988738440313935e+07,2.793686078357482702e+07
4.604941473829314418e+03,2.648333346075897321e-01,-7.096257940703926126e-01,7.982402300434370339e+07,2.964215419236154109e+07
4.633192648515383553e+03,2.798478123675000595e-01,-7.038676062111238751e-01,7.917214827218198776e+07,3.133384887569898367e+07
4.661443823201452687e+03,2.947358000106025666e-01,-6.977912707237292622e-01,7.848456322565819323e+07,3.301119080584926531e+07
4.689694997887522732e+03,3.094905829045499490e-01,-6.913995689555836321e-01,7.776158344492574036e+07,3.467343255935873091e+07
4.717946172573591866e+03,3.241055074737659303e-01,-6.846954227625855482e-01,7.700353990792794526e+07,3.631983362808835506e+07
4.746197347259661001e+03,3.385739840933025824e-01,-6.776818931740072882e-01,7.621077883990561962e+07,3.794966072711359710e+07
4.774448521945730135e+03,3.528894899537227126e-01,-6.703621789995030111e-01,7.538366155710238218e+07,3.956218809939564019e+07
4.802699696631800180e+03,3.670455718959242386e-01,-6.627396153788879252e-01,7.452256430473417044e+07,4.115669781712925434e+07
4.830950871317869314e+03,3.810358492148252507e-01,-6.548176722753303869e-01,7.362787808929154277e+07,4.273248007967223972e+07
4.859202046003938449e+03,3.948540164308526057e-01,-6.465999529126061907e-01,7.270000850524342060e+07,4.428883350796411186e+07
4.887453220690008493e+03,4.084938460281747896e-01,-6.380901921570918400e-01,7.173937555621299148e+07,4.582506543534132838e+07
4.915704395376077628e+03,4.219491911586464861e-01,-6.292922548451824749e-01,7.074641347069659829e+07,4.734049219465886801e+07
4.943955570062146762e+03,4.352139883104441664e-01,-6.202101340568401122e-01,6.972157051239743829e+07,4.883443940162932873e+07
4.972206744748216806e+03,4.482822599403755714e-01,-6.108479493359983969e-01,6.866530878524757922e+07,5.030624223429049551e+07
5.000457919434285941e+03,4.611481170688702669e-01,-6.012099448585611627e-01,6.757810403319202363e+07,5.175524570851500332e+07
5.028709094120355076e+03,4.738057618366731116e-01,-5.913004875487472001e-01,6.646044543480933458e+07,5.318080494947681576e+07
5.056960268806425120e+03,4.862494900222650851e-01,-5.811240651445592764e-01,6.531283539284517616e+07,5.458228545898921043e+07
5.085211443492494254e+03,4.984736935190622331e-01,-5.706852842131608927e-01,6.413578931873516738e+07,5.595906337863134593e+07
5.113462618178563389e+03,5.104728627714559819e-01,-5.599888681169623572e-01,6.292983541219419241e+07,5.731052574858172238e+07
5.141713792864632524e+03,5.222415891687652856e-01,-5.490396549312398511e-01,6.169551443595132232e+07,5.863607076207669079e+07
5.169964967550702568e+03,5.337745673961948878e-01,-5.378425953141161564e-01,6.043337948570905626e+07,5.993510801541486382e+07
5.198216142236771702e+03,5.450665977419028030e-01,-5.264027503297558086e-01,5.914399575540749729e+07,6.120705875342822820e+07
5.226467316922840837e+03,5.561125883593034391e-01,-5.147252892256328760e-01,5.782794029787382483e+07,6.245135611034307629e+07
5.254718491608910881e+03,5.669075574837346698e-01,-5.028154871647554369e-01,5.648580178093979508e+07,6.366744534595343471e+07
5.282969666294980016e+03,5.774466356026461966e-01,-4.906787229137361539e-01,5.511818023910960555e+07,6.485478407703208178e+07
5.311220840981049150e+03,5.877250675784765344e-01,-4.783204764876121673e-01,5.372568682086141407e+07,6.601284250390522182e+07
5.339472015667119194e+03,5.977382147234000520e-01,-4.657463267523411776e-01,5.230894353166772425e+07,6.714110363211691380e+07
5.367723190353188329e+03,6.074815568251425990e-01,-4.529619489859043613e-01,5.086858297281964868e+07,6.823906348911158741e+07
5.395974365039257464e+03,6.169506941230874508e-01,-4.399731123989604198e-01,4.940524807614086568e+07,6.930623133586394787e+07
5.424225539725326598e+03,6.261413492338954168e-01,-4.267856776160188215e-01,4.791959183467922360e+07,7.034212987338562310e+07
5.452476714411396642e+03,6.350493690258938173e-01,-4.134055941181000171e-01,4.641227702946322411e+07,7.134629544404034317e+07
5.480727889097465777e+03,6.436707264414954777e-01,-3.998388976478743362e-01,4.488397595241288096e+07,7.231827822759945691e+07
5.508979063783534912e+03,6.520015222669353072e-01,-3.860917075782723806e-01,4.333537012549386919e+07,7.325764243197150528e+07
5.537230238469604956e+03,6.600379868486170309e-01,-3.721702242455873222e-01,4.176715001620656252e+07,7.416396647853976488e+07
5.565481413155674090e+03,6.677764817553898391e-01,-3.580807262480892872e-01,4.018001474950112402e+07,7.503684318204340339e+07
5.593732587841743225e+03,6.752135013860912638e-01,-3.438295677111845028e-01,3.857467181621062756e+07,7.587587992493897676e+07
5.621983762527813269e+03,6.823456745217018060e-01,-3.294231755201754708e-01,3.695183677809651941e+07,7.668069882617947459e+07
5.650234937213882404e+03,6.891697658214841482e-01,-3.148680465216781577e-01,3.531223296960029751e+07,7.745093690434971452e+07
5.678486111899951538e+03,6.956826772624947752e-01,-3.001707446947636804e-01,3.365659119639623165e+07,7.818624623509821296e+07
5.706737286586021582e+03,7.018814495218693716e-01,-2.853378982929155039e-01,3.198564943084222823e+07,7.888629410280577838e+07
5.734988461272090717e+03,7.077632633013076768e-01,-2.703761969578916680e-01,3.030015250442558900e+07,7.955076314643323421e+07
5.763239635958159852e+03,7.133254405932003550e-01,-2.552923888065927738e-01,2.860085179730131850e+07,8.017935149949139357e+07
5.791490810644228986e+03,7.185654458878555362e-01,-2.400932774920596646e-01,2.688850492502310872e+07,8.077177292407710850e+07
5.819741985330299030e+03,7.234808873213067759e-01,-2.247857192397196280e-01,2.516387542256627232e+07,8.132775693892122805e+07
5.847993160016368165e+03,7.280695177631976156e-01,-2.093766198600218176e-01,2.342773242574439198e+07,8.184704894139458239e+07
5.876244334702437300e+03,7.323292358442647920e-01,-1.938729317386011786e-01,2.168085035012094676e+07,8.232941032342006266e+07
5.904495509388507344e+03,7.362580869229518044e-01,-1.782816508051350279e-01,1.992400856752007082e+07,8.277461858123934269e+07
5.932746684074576478e+03,7.398542639907113028e-01,-1.626098134820536112e-01,1.815799108024019375e+07,8.318246741898442805e+07
5.960997858760645613e+03,7.431161085155740809e-01,-1.468644936142745883e-01,1.638358619307522662e+07,8.355276684600558877e+07
5.989249033446715657e+03,7.460421112235776642e-01,-1.310527993811542447e-01,1.460158618325060606e+07,8.388534326790782809e+07
6.017500208132784792e+03,7.486309128176719119e-01,-1.151818701918428112e-01,1.281278696838101000e+07,8.418003957125002146e+07
6.045751382818853926e+03,7.508813046337393660e-01,-9.925887356524155936e-02,1.101798777255762368e+07,8.443671520186181366e+07
6.074002557504923971e+03,7.527922292333866228e-01,-8.329100199577893493e-02,9.217990790675479919e+06,8.465524623673462868e+07
6.102253732190993105e+03,7.543627809331826528e-01,-6.728546980621966100e-02,7.413600851110896096e+06,8.483552544944468141e+07
6.130504906877062240e+03,7.555922062700479724e-01,-5.124950998872710578e-02,5.605625076860143803e+06,8.497746236906714737e+07
6.158756081563131374e+03,7.564799044025088959e-01,-3.519037103542173306e-02,3.794872545253183227e+06,8.508098333254213631e+07
6.187007256249201419e+03,7.570254274475629597e-01,-1.911531375966767782e-02,1.982153946355386637e+06,8.514603153045435250e+07
6.215258430935270553e+03,7.572284807529159334e-01,-3.031608109340916402e-03,1.682812401728855912e+05,8.517256704619014263e+07
6.243509605621339688e+03,7.570889231043771428e-01,1.305347002667528108e-02,-1.645932687223330140e+06,8.516056688843676448e+07
6.271760780307409732e+03,7.566067668682178171e-01,2.913264201749712554e-02,-3.459674368536296301e+06,8.511002501699052751e+07
6.300011954993478867e+03,7.557821780683242618e-01,4.519862969348740350e-02,-5.272130100927191786e+06,8.502095236184188724e+07
6.328263129679548001e+03,7.546154763979956437e-01,6.124415855247501705e-02,-7.082486292425822467e+06,8.489337683550722897e+07
6.356514304365618045e+03,7.531071351662605995e-01,7.726196096765938770e-02,-8.889929808945938945e+06,8.472734333857873082e+07
6.384765479051687180e+03,7.512577811786114168e-01,9.324477939592132336e-02,-1.069364832178430445e+07,8.452291375846545398e+07
6.413016653737756315e+03,7.490681945520739626e-01,1.091853695852563616e-01,-1.249283065548133105e+07,8.428016696130028367e+07
6.441267828423825449e+03,7.465393084645582933e-01,1.250765037800282142e-01,-1.428666713591839559e+07,8.399919877698959410e+07
6.469519003109895493e+03,7.436722088384556395e-01,1.409109739227533409e-01,-1.607434993852783740e+07,8.368012197738376260e+07
6.497770177795964628e+03,7.404681339584747723e-01,1.566815948511093015e-01,-1.785507343648901582e+07,8.332306624754904211e+07
6.526021352482033762e+03,7.369284740237275200e-01,1.723812074888709245e-01,-1.962803454878425971e+07,8.292817815012280643e+07
6.554272527168103807e+03,7.330547706341082881e-01,1.880026820294563306e-01,-2.139243308798554167e+07,8.249562108273634315e+07
6.582523701854172941e+03,7.288487162110259820e-01,2.035389211107772323e-01,-2.314747210764322057e+07,8.202557522849144042e+07
6.610774876540242076e+03,7.243121533525764821e-01,2.189828629800849302e-01,-2.489235824914719537e+07,8.151823749947871268e+07
6.639026051226312120e+03,7.194470741232686928e-01,2.343274846474878159e-01,-2.662630208792822063e+07,8.097382147332818806e+07
6.667277225912381255e+03,7.142556192784421665e-01,2.495658050268284023e-01,-2.834851847886773944e+07,8.039255732278451324e+07
6.695528400598450389e+03,7.087400774235337320e-01,2.646908880626064886e-01,-3.005822690078352019e+07,7.977469173830115795e+07
6.723779575284520433e+03,7.029028841083869716e-01,2.796958458416206605e-01,-3.175465179985600337e+07,7.912048784365084767e+07
6.752030749970589568e+03,6.967466208568116048e-01,2.945738416880134825e-01,-3.343702293186078221e+07,7.843022510455125570e+07
6.780281924656658703e+03,6.902740141316333622e-01,3.093180932404062666e-01,-3.510457570307178795e+07,7.770419923030710220e+07
6.808533099342727837e+03,6.834879342354988063e-01,3.239218755097948987e-01,-3.675655150969729573e+07,7.694272206847319007e+07
6.836784274028797881e+03,6.763913941477238678e-01,3.383785239168974335e-01,-3.839219807571194321e+07,7.614612149254418910e+07
6.865035448714867016e+03,6.689875482975038423e-01,3.526814373076316289e-01,-4.001076978894571215e+07,7.531474128268031776e+07
6.893286623400936151e+03,6.612796912738232447e-01,3.668240809454155205e-01,-4.161152803529138863e+07,7.444894099948000908e+07
6.921537798087006195e+03,6.532712564724387772e-01,3.807999894789701467e-01,-4.319374153088960797e+07,7.354909585081392527e+07
6.949788972773075329e+03,6.449658146803292080e-01,3.946027698843206921e-01,-4.475668665215125680e+07,7.261559655173681676e+07
6.978040147459144464e+03,6.363670725980297149e-01,4.082261043796933109e-01,-4.629964776347637922e+07,7.164884917749622464e+07
7.006291322145214508e+03,6.274788713003062179e-01,4.216637533119985126e-01,-4.782191754252673686e+07,7.064927500966073573e+07
7.034542496831283643e+03,6.183051846356395487e-01,4.349095580136083661e-01,-4.932279730291002989e+07,6.961731037539245188e+07
7.062793671517352777e+03,6.088501175650233854e-01,4.479574436281384964e-01,-5.080159731413323432e+07,6.855340647989094257e+07
7.091044846203421912e+03,5.991179044406056420e-01,4.608014219039404114e-01,-5.225763711868063360e+07,6.745802923204028606e+07
7.119296020889491956e+03,5.891129072247304199e-01,4.734355939540300096e-01,-5.369024584607355297e+07,6.633165906329192966e+07
7.147547195575561091e+03,5.788396136499630584e-01,4.858541529811741810e-01,-5.509876252376698703e+07,6.517479073982070386e+07
7.175798370261630225e+03,5.683026353207073500e-01,4.980513869668737326e-01,-5.648253638473941386e+07,6.398793316799289733e+07
7.204049544947700269e+03,5.575067057570578521e-01,5.100216813229772050e-01,-5.784092717163020372e+07,6.277160919318985939e+07
7.232300719633769404e+03,5.464566783815506534e-01,5.217595215046781920e-01,-5.917330543728024513e+07,6.152635539203276485e+07
7.260551894319838539e+03,5.351575244495012651e-01,5.332594955836577055e-01,-6.047905284153118730e+07,6.025272185805721581e+07
7.288803069005908583e+03,5.236143309236575005e-01,5.445162967801332465e-01,-6.175756244413752854e+07,5.895127198089063913e+07
7.317054243691977717e+03,5.118322982939115251e-01,5.555247259525946113e-01,-6.300823899364711344e+07,5.762258221898780018e+07
7.345305418378046852e+03,4.998167383428414601e-01,5.662796940440203430e-01,-6.423049921210552752e+07,5.626724186598281562e+07
7.373556593064116896e+03,4.875730718578942247e-01,5.767762244833679608e-01,-6.542377207543911785e+07,5.488585281072066724e+07
7.401807767750186031e+03,4.751068262910334017e-01,5.870094555411529136e-01,-6.658749908937266469e+07,5.347902929103344679e+07
7.430058942436255165e+03,4.624236333667064436e-01,5.969746426379454185e-01,-6.772113456073811650e+07,5.204739764132986963e+07
7.458310117122324300e+03,4.495292266390236158e-01,6.066671606046158960e-01,-6.882414586403012276e+07,5.059159603407143801e+07
7.486561291808394344e+03,4.364294389990510670e-01,6.160825058931888032e-01,-6.989601370306602120e+07,4.911227421521034092e+07
7.514812466494463479e+03,4.231302001331639362e-01,6.252162987371662206e-01,-7.093623236760745943e+07,4.761009323366916925e+07
7.543063641180532613e+03,4.096375339334147880e-01,6.340642852602084156e-01,-7.194430998480255902e+07,4.608572516494456679e+07
7.571314815866602657e+03,3.959575558609188528e-01,6.426223395320669329e-01,-7.291976876530702412e+07,4.453985282892227173e+07
7.599565990552671792e+03,3.820964702632696497e-01,6.508864655706834146e-01,-7.386214524394474924e+07,4.297316950199320912e+07
7.627817165238740927e+03,3.680605676470253274e-01,6.588527992893939977e-01,-7.477099051476894319e+07,4.138637862356378883e+07
7.656068339924810971e+03,3.538562219063441927e-01,6.665176103881810254e-01,-7.564587046038553119e+07,3.978019349705867469e+07
7.684319514610880105e+03,3.394898875088624979e-01,6.738773041879455583e-01,-7.648636597540231049e+07,3.815533698551644385e+07
7.712570689296949240e+03,3.249680966399313142e-01,6.809284234067913832e-01,-7.729207318386867642e+07,3.651254120188219845e+07
7.740821863983018375e+03,3.102974563063704005e-01,6.876676498773237611e-01,-7.806260365057140589e+07,3.485254719410630316e+07
7.769073038669088419e+03,2.954846454009032453e-01,6.940918062039972414e-01,-7.879758458605429530e+07,3.317610462516025454e+07
7.797324213355157553e+03,2.805364117284769865e-01,7.001978573595599720e-01,-7.949665904523053765e+07,3.148397144808574766e+07
7.825575388041226688e+03,2.654595689956818494e-01,7.059829122196715767e-01,-8.015948611945888400e+07,2.977691357619524747e+07
7.853826562727296732e+03,2.502609937645260407e-01,7.114442250347851049e-01,-8.078574112195578218e+07,2.805570454854779691e+07
7.882077737413365867e+03,2.349476223718314771e-01,7.165791968384170874e-01,-8.137511576641809940e+07,2.632112519082599133e+07
7.910328912099435001e+03,2.195264478155402599e-01,7.213853767909477188e-01,-8.192731833873340487e+07,2.457396327174360305e+07
7.938580086785505046e+03,2.040045166092576967e-01,7.258604634581197201e-01,-8.244207386165583134e+07,2.281501315511846542e+07
7.966831261471574180e+03,1.883889256063671080e-01,7.300023060234284156e-01,-8.291912425232888758e+07,2.104507544774731249e+07
7.995082436157643315e+03,1.726868187950738598e-01,7.338089054336269790e-01,-8.335822847253860533e+07,1.926495664322279394e+07
8.023333610843713359e+03,1.569053840657713694e-01,7.372784154765907871e-01,-8.375916267158256471e+07,1.747546876183796674e+07
8.051584785529782494e+03,1.410518499521297431e-01,7.404091437908170148e-01,-8.412172032164338231e+07,1.567742898672557250e+07
8.079835960215851628e+03,1.251334823473284341e-01,7.431995528058626954e-01,-8.444571234555789828e+07,1.387165929638277180e+07
8.108087134901920763e+03,1.091575811968885368e-01,7.456482606130531154e-01,-8.473096723687586188e+07,1.205898609373715706e+07
8.136338309587990807e+03,9.313147716956279853e-02,7.477540417658214977e-01,-8.497733117210514843e+07,1.024023983191117272e+07
8.164589484274059942e+03,7.706252830777436669e-02,7.495158280090720160e-01,-8.518466811504352093e+07,8.416254636847037822e+06
8.192840658960129076e+03,6.095811665909995486e-02,7.509327089369893793e-01,-8.535285991310009360e+07,6.587867926955938339e+06
8.221091833646198211e+03,4.482564489032936361e-02,7.520039325787470919e-01,-8.548180638551297784e+07,4.755920029960600659e+06
8.249343008332267345e+03,2.867253288563256786e-02,7.527289059116019088e-01,-8.557142540337295830e+07,2.921253797101454809e+06
8.277594183018338299e+03,1.250621433039229846e-02,7.531071953008922071e-01,-8.562165296136672795e+07,1.084714214880857849e+06
8.305845357704407434e+03,-3.665866717720532141e-03,7.531385268664919641e-01,-8.563244324115660787e+07,-7.528519854767194483e+05
8.334096532390476568e+03,-1.983625926885702190e-02,7.528227867753061187e-01,-8.560376866631759703e+07,-2.590596720670072362e+06
8.362347707076545703e+03,-3.599750885066370365e-02,7.521600214594267308e-01,-8.553561994875648618e+07,-4.427670949886709452e+06
8.390598881762614837e+03,-5.214216096591924032e-02,7.511504377596047721e-01,-8.542800612654149532e+07,-6.263225071104187518e+06
8.418850056448683972e+03,-6.826276455649957220e-02,7.497944029937271271e-01,-8.528095459307530522e+07,-8.096409318937933072e+06
8.447101231134754926e+03,-8.435187547203265579e-02,7.480924449500255813e-01,-8.509451111754828691e+07,-9.926374163844458759e+06
8.475352405820824060e+03,-1.004020599415840764e-01,7.460452518047798742e-01,-8.486873985661317408e+07,-1.175227071248538606e+07
8.503603580506893195e+03,-1.164058980467260890e-01,7.436536719643114246e-01,-8.460372335722656548e+07,-1.357325110905768536e+07
8.531854755192962330e+03,-1.323559871942961153e-01,7.409187138311089660e-01,-8.429956255060757697e+07,-1.538846893738909438e+07
8.560105929879031464e+03,-1.482449455871784616e-01,7.378415454939553086e-01,-8.395637673726813495e+07,-1.719707962359953672e+07
8.588357104565100599e+03,-1.640654156914129191e-01,7.344234943419719608e-01,-8.357430356307420135e+07,-1.899824083912472427e+07
8.616608279251169733e+03,-1.798100676979334511e-01,7.306660466025276524e-01,-8.315349898630221188e+07,-2.079111290389698371e+07
8.644859453937240687e+03,-1.954716029772350927e-01,7.265708468030049882e-01,-8.269413723565949500e+07,-2.257485918947635591e+07
8.673110628623309822e+03,-2.110427575252532550e-01,7.221396971564533196e-01,-8.219641075924292207e+07,-2.434864652192249149e+07
8.701361803309378956e+03,-2.265163053987572228e-01,7.173745568711920040e-01,-8.166053016441425681e+07,-2.611164558419856429e+07
8.729612977995448091e+03,-2.418850621385208177e-01,7.122775413844799619e-01,-8.108672414857687056e+07,-2.786303131789289787e+07
8.757864152681517226e+03,-2.571418881785656474e-01,7.068509215203943041e-01,-8.047523942084282637e+07,-2.960198332404658943e+07
8.786115327367586360e+03,-2.722796922397499042e-01,7.010971225721105426e-01,-7.982634061458486319e+07,-3.132768626287176833e+07
8.814366502053657314e+03,-2.872914347059830065e-01,6.950187233088116479e-01,-7.914031019087328017e+07,-3.303933025214486569e+07
8.842617676739726448e+03,-3.021701309813392688e-01,6.886184549075009542e-01,-7.841744833280327916e+07,-3.473611126405742764e+07
8.870868851425795583e+03,-3.169088548263657157e-01,6.818991998100223384e-01,-7.765807283072289824e+07,-3.641723152030849457e+07
8.899120026111864718e+03,-3.315007416718471212e-01,6.748639905056519339e-01,-7.686251895837870240e+07,-3.808189988521790504e+07
8.927371200797933852e+03,-3.459389919083300513e-01,6.675160082396449646e-01,-7.603113934000056982e+07,-3.972933225664341450e+07
8.955622375484002987e+03,-3.602168741496910020e-01,6.598585816481800093e-01,-7.516430380835334957e+07,-4.135875195448156446e+07
8.983873550170072122e+03,-3.743277284690464946e-01,6.518951853201753188e-01,-7.426239925378848612e+07,-4.296939010653294623e+07
9.012124724856143075e+03,-3.882649696053103172e-01,6.436294382864937713e-01,-7.332582946433471143e+07,-4.456048603151237965e+07
9.040375899542212210e+03,-4.020220901387034917e-01,6.350651024371029019e-01,-7.235501495687262714e+07,-4.613128761898387969e+07
9.068627074228281344e+03,-4.155926636335521840e-01,6.262060808667802014e-01,-7.135039279944290221e+07,-4.768105170600271970e+07
9.096878248914350479e+03,-4.289703477466849102e-01,6.170564161500193823e-01,-7.031241642474554479e+07,-4.920904445024367422e+07
9.125129423600419614e+03,-4.421488872997860753e-01,6.076202885458115155e-01,-6.924155543489147723e+07,-5.071454169939882308e+07
9.153380598286488748e+03,-4.551221173140536647e-01,5.979020141330317895e-01,-6.813829539747470617e+07,-5.219682935662671179e+07
9.181631772972559702e+03,-4.678839660055305605e-01,5.879060428771947233e-01,-6.700313763303875178e+07,-5.365520374183664471e+07
9.209882947658628837e+03,-4.804284577394867806e-01,5.776369566293896307e-01,-6.583659899401757866e+07,-5.508897194859201461e+07
9.238134122344697971e+03,-4.927497159422634665e-01,5.670994670582344410e-01,-6.463921163523527980e+07,-5.649745219641990960e+07
9.266385297030767106e+03,-5.048419659689744599e-01,5.562984135157482690e-01,-6.341152277605744451e+07,-5.787997417831245810e+07
9.294636471716836240e+03,-5.166995379255124865e-01,5.452387608380603323e-01,-6.215409445429030806e+07,-5.923587940321017802e+07
9.322887646402905375e+03,-5.283168694433052481e-01,5.339255970819273278e-01,-6.086750327193111181e+07,-6.056452153325749189e+07
9.351138821088974510e+03,-5.396885084052921444e-01,5.223641311980664614e-01,-5.955234013287839293e+07,-6.186526671562319994e+07
9.379389995775045463e+03,-5.508091156216166073e-01,5.105596906423466308e-01,-5.820920997271674871e+07,-6.313749390868084878e+07
9.407641170461114598e+03,-5.616734674535428518e-01,4.985177189259294428e-01,-5.683873148069675267e+07,-6.438059520234562457e+07
9.435892345147183732e+03,-5.722764583841454256e-01,4.862437731054692347e-01,-5.544153681403477490e+07,-6.559397613236878067e+07
9.464143519833252867e+03,-5.826131035343200537e-01,4.737435212145487129e-01,-5.401827130466599762e+07,-6.677705598839025199e+07
9.492394694519322002e+03,-5.926785411227134537e-01,4.610227396375347064e-01,-5.256959315858644247e+07,-6.792926811555594206e+07
9.520645869205391136e+03,-6.024680348681805686e-01,4.480873104270930996e-01,-5.109617314792723209e+07,-6.905006020950748026e+07
9.548897043891460271e+03,-6.119769763334134138e-01,4.349432185666313178e-01,-4.959869429590910673e+07,-7.013889460455594957e+07
9.577148218577531225e+03,-6.212008872084097133e-01,4.215965491789722686e-01,-4.807785155483056605e+07,-7.119524855485454202e+07
9.605399393263600359e+03,-6.301354215324778130e-01,4.080534846826047723e-01,-4.653435147724901885e+07,-7.221861450838810205e+07
9.633650567949669494e+03,-6.387763678535168799e-01,3.943203018968702289e-01,-4.496891188051741570e+07,-7.320850037360273302e+07
9.661901742635738628e+03,-6.471196513233207215e-01,3.804033690975103243e-01,-4.338226150484749675e+07,-7.416442977849999070e+07
9.690152917321807763e+03,-6.551613357277087379e-01,3.663091430240010271e-01,-4.177513966507219523e+07,-7.508594232202686369e+07
9.718404092007876898e+03,-6.628976254503063936e-01,3.520441658401499696e-01,-4.014829589628697932e+07,-7.597259381759521365e+07
9.746655266693947851e+03,-6.703248673688376735e-01,3.376150620494556276e-01,-3.850248959355361015e+07,-7.682395652856954932e+07
9.774906441380016986e+03,-6.774395526828235203e-01,3.230285353667676773e-01,-3.683848964585564286e+07,-7.763961939556580782e+07
9.803157616066086121e+03,-6.842383186716257670e-01,3.082913655477935722e-01,-3.515707406449713558e+07,-7.841918825540980697e+07
9.831408790752155255e+03,-6.907179503817951760e-01,2.934104051780606071e-01,-3.345902960614426062e+07,-7.916228605160690844e+07
9.859659965438224390e+03,-6.968753822427390388e-01,2.783925764229353006e-01,-3.174515139071018621e+07,-7.986855303618122637e+07
9.887911140124293524e+03,-7.027076996097506578e-01,2.632448677403499970e-01,-3.001624251428990439e+07,-8.053764696274675429e+07
9.916162314810362659e+03,-7.082121402334856652e-01,2.479743305579021895e-01,-2.827311365735508502e+07,-8.116924327067837119e+07
9.944413489496433613e+03,-7.133860956550109877e-01,2.325880759160207645e-01,-2.651658268842285126e+07,-8.176303526025617123e+07
9.972664664182502747e+03,-7.182271125255892397e-01,2.170932710789200970e-01,-2.474747426341697574e+07,-8.231873425866144896e+07
1.000091583886857188e+04,-7.227328938504125055e-01,2.014971361150663665e-01,-2.296661942094120011e+07,-8.283606977670960128e+07
1.002916701355464102e+04,-7.269013001555253428e-01,1.858069404489356147e-01,-2.117485517369176447e+07,-8.331478965620917082e+07
1.005741818824071015e+04,-7.307303505772370089e-01,1.700299993858294945e-01,-1.937302409623558819e+07,-8.375466020784370601e+07
1.008566936292677929e+04,-7.342182238733552246e-01,1.541736706115532929e-01,-1.756197390938597918e+07,-8.415546633947820961e+07
1.011392053761285024e+04,-7.373632593556196380e-01,1.382453506687719436e-01,-1.574255706140980311e+07,-8.451701167479826510e+07
1.014217171229891937e+04,-7.401639577427617800e-01,1.222524714118837369e-01,-1.391563030630378053e+07,-8.483911866219601035e+07
1.017042288698498851e+04,-7.426189819336592723e-01,1.062024964422464829e-01,-1.208205427937759273e+07,-8.512162867382378876e+07
1.019867406167105764e+04,-7.447271577000964538e-01,9.010291752564020262e-02,-1.024269307038810477e+07,-8.536440209474179149e+07
1.022692523635712678e+04,-7.464874742986961076e-01,7.396125099382853951e-02,-8.398413794467037544e+06,-8.556731840209345520e+07
1.025517641104319591e+04,-7.478990850016242753e-01,5.778503413211415890e-02,-6.550086161088949069e+06,-8.573027623424814641e+07
1.028342758572926505e+04,-7.489613075457249858e-01,4.158182155478699210e-02,-4.698582041327387094e+06,-8.585319344985762239e+07
1.031167876041533600e+04,-7.496736244997825871e-01,2.535918157037401338e-02,-2.844775033648725133e+06,-8.593600717677915096e+07
1.033992993510140514e+04,-7.500356835496616581e-01,9.124692538614356460e-03,-9.895400284954567906e+05,-8.597867385082507133e+07
1.036818110978747427e+04,-7.500472977011164444e-01,-7.114060778931069993e-03,8.662472280905181542e+05,-8.598116924430516362e+07
1.039643228447354340e+04,-7.497084454001156084e-01,-2.334949087268423096e-02,2.721710571548874490e+06,-8.594348848433513939e+07
1.042468345915961254e+04,-7.490192705705717158e-01,-3.957401114134962566e-02,4.575973856333685108e+06,-8.586564606089110672e+07
1.045293463384568167e+04,-7.479800825694135069e-01,-5.578003954876480097e-02,6.428161393642527983e+06,-8.574767582459709048e+07
1.048118580853175263e+04,-7.465913560589899634e-01,-7.196000227936399929e-02,8.277398389086826704e+06,-8.558963097423915565e+07
1.050943698321782176e+04,-7.448537307968394749e-01,-8.810633739030830636e-02,1.012281138004718907e+07,-8.539158403400702775e+07
1.053768815790389090e+04,-7.427680113429087072e-01,-1.042114984583584480e-01,1.196352867245999351e+07,-8.515362682047048211e+07
1.056593933258996003e+04,-7.403351666843523970e-01,-1.202679582195319702e-01,1.379868077677745931e+07,-8.487587039930509031e+07
1.059419050727602917e+04,-7.375563297780951544e-01,-1.362682121996261486e-01,1.562740084284802526e+07,-8.455844503178863227e+07
1.062244168196209830e+04,-7.344327970113810888e-01,-1.522047823336711292e-01,1.744882509346191958e+07,-8.420150011109638214e+07
1.065069285664816744e+04,-7.309660275805899277e-01,-1.680702205723908493e-01,1.926209325630844012e+07,-8.380520408843034506e+07
1.067894403133423839e+04,-7.271576427886412564e-01,-1.838571124737566065e-01,2.106634899409250170e+07,-8.336974438902428746e+07
1.070719520602030752e+04,-7.230094252613603611e-01,-1.995580807777195820e-01,2.286074033255833015e+07,-8.289532731807354093e+07
1.073544638070637666e+04,-7.185233180832224509e-01,-2.151657889622395625e-01,2.464442008617209643e+07,-8.238217795664456487e+07
1.076369755539244579e+04,-7.137014238529419963e-01,-2.306729447787032317e-01,2.641654628121278808e+07,-8.183054004762715101e+07
1.079194873007851493e+04,-7.085460036594208866e-01,-2.460723037648729905e-01,2.817628257602650672e+07,-8.124067587179763615e+07
1.082019990476458406e+04,-7.030594759786126247e-01,-2.613566727334991624e-01,2.992279867819896340e+07,-8.061286611406879127e+07
1.084845107945065320e+04,-6.972444154919078541e-01,-2.765189132347513068e-01,3.165527075840391591e+07,-7.994740972000855207e+07
1.087670225413672415e+04,-6.911035518266925859e-01,-2.915519449906398552e-01,3.337288186068772525e+07,-7.924462374271585047e+07
1.090495342882279328e+04,-6.846397682197756795e-01,-3.064487492996097462e-01,3.507482230895202607e+07,-7.850484318014891446e+07
1.093320460350886242e+04,-6.778561001044203227e-01,-3.212023724095268706e-01,3.676029010940156877e+07,-7.772842080300651491e+07
1.096145577819493155e+04,-6.707557336217718769e-01,-3.358059288572641243e-01,3.842849134872339666e+07,-7.691572697327055037e+07
1.098970695288100069e+04,-6.633420040575033205e-01,-3.502526047731482906e-01,4.007864058777052909e+07,-7.606714945352275670e+07
1.101795812756706982e+04,-6.556183942045512580e-01,-3.645356611485301990e-01,4.170996125052440166e+07,-7.518309320715564489e+07
1.104620930225314078e+04,-6.475885326528546537e-01,-3.786484370647729691e-01,4.332168600811447948e+07,-7.426398018960285187e+07
1.107446047693920991e+04,-6.392561920070528592e-01,-3.925843528819684680e-01,4.491305715767657012e+07,-7.331024913072066009e+07
1.110271165162527905e+04,-6.306252870331313654e-01,-4.063369133857369642e-01,4.648332699583710730e+07,-7.232235530845689774e+07
1.113096282631134818e+04,-6.216998727350585563e-01,-4.198997108904609088e-01,4.803175818661123514e+07,-7.130077031395079195e+07
1.115921400099741732e+04,-6.124841423624833858e-01,-4.332664282973602843e-01,4.955762412351018935e+07,-7.024598180821099877e+07
1.118746517568348645e+04,-6.029824253506063103e-01,-4.464308421058291731e-01,5.106020928565563262e+07,-6.915849327052542567e+07
1.121571635036955558e+04,-5.931991851933762216e-01,-4.593868253764873399e-01,5.253880958770380914e+07,-6.803882373876111209e+07
1.124396752505562654e+04,-5.831390172511992098e-01,-4.721283506444313161e-01,5.399273272338692099e+07,-6.688750754171774536e+07
1.127221869974169567e+04,-5.728066464943863956e-01,-4.846494927811946796e-01,5.542129850248323381e+07,-6.570509402370337397e+07
1.130046987442776481e+04,-5.622069251835890569e-01,-4.969444318039786257e-01,5.682383918103422970e+07,-6.449214726150432974e+07
1.132872104911383394e+04,-5.513448304885272266e-01,-5.090074556307142561e-01,5.819969978462887555e+07,-6.324924577392839640e+07
1.135697222379990308e+04,-5.402254620463280421e-01,-5.208329627795863503e-01,5.954823842458342016e+07,-6.197698222410205007e+07
1.138522339848597221e+04,-5.288540394608335360e-01,-5.324154650116591503e-01,6.086882660684846342e+07,-6.067596311470847577e+07
1.141347457317204316e+04,-5.172358997442680906e-01,-5.437495899152947620e-01,6.216084953348102421e+07,-5.934680847635639459e+07
1.144172574785811230e+04,-5.053764947026875287e-01,-5.548300834310759821e-01,6.342370639652420580e+07,-5.799015154927442223e+07
1.146997692254418143e+04,-4.932813882666471361e-01,-5.656518123160070299e-01,6.465681066414425522e+07,-5.660663845852755755e+07
1.149822809723025057e+04,-4.809562537685805328e-01,-5.762097665457691642e-01,6.585959035887762159e+07,-5.519692788295891881e+07
1.152647927191631970e+04,-4.684068711683804787e-01,-5.864990616538801049e-01,6.703148832784915715e+07,-5.376169071806024015e+07
1.155473044660238884e+04,-4.556391242287164411e-01,-5.965149410066221680e-01,6.817196250482678413e+07,-5.230160973297967017e+07
1.158298162128845797e+04,-4.426589976416416272e-01,-6.062527780126563126e-01,6.928048616398420930e+07,-5.081737922187773138e+07
1.161123279597452893e+04,-4.294725741080662740e-01,-6.157080782662716079e-01,7.035654816524949670e+07,-4.930970464984522015e+07
1.163948397066059806e+04,-4.160860313717025805e-01,-6.248764816232627028e-01,7.139965319112245739e+07,-4.777930229360003024e+07
1.166773514534666720e+04,-4.025056392090909374e-01,-6.337537642084782874e-01,7.240932197485169768e+07,-4.622689887718043476e+07
1.169598632003273633e+04,-3.887377563773654621e-01,-6.423358403541030714e-01,7.338509151986551285e+07,-4.465323120285788924e+07
1.172423749471880546e+04,-3.747888275214073528e-01,-6.506187644678023130e-01,7.432651531035965681e+07,-4.305904577749121934e+07
1.175248866940487460e+04,-3.606653800420709377e-01,-6.585987328298846810e-01,7.523316351294963062e+07,-4.144509843454789370e+07
1.178073984409094555e+04,-3.463740209271756743e-01,-6.662720853186876457e-01,7.610462316930176318e+07,-3.981215395201905817e+07
1.180899101877701469e+04,-3.319214335469810595e-01,-6.736353070634285567e-01,7.694049837966349721e+07,-3.816098566645735502e+07
1.183724219346308382e+04,-3.173143744158568591e-01,-6.806850300238186380e-01,7.774041047722025216e+07,-3.649237508336566389e+07
1.186549336814915296e+04,-3.025596699219061936e-01,-6.874180344957618871e-01,7.850399819321092963e+07,-3.480711148416966945e+07
1.189374454283522209e+04,-2.876642130262779817e-01,-6.938312505425243693e-01,7.923091781274208426e+07,-3.310599153000453487e+07
1.192199571752129123e+04,-2.726349599339370489e-01,-6.999217593507893742e-01,7.992084332124617696e+07,-3.138981886254884303e+07
1.195024689220736036e+04,-2.574789267376626500e-01,-7.056867945110649742e-01,8.057346654153555632e+07,-2.965940370213888586e+07
1.197849806689343131e+04,-2.422031860370538470e-01,-7.111237432219513765e-01,8.118849726141048968e+07,-2.791556244339672104e+07
1.200674924157950045e+04,-2.268148635343361919e-01,-7.162301474178205396e-01,8.176566335178518295e+07,-2.615911724860641360e+07
1.203500041626556958e+04,-2.113211346087475184e-01,-7.210037048195073739e-01,8.230471087530292571e+07,-2.439089563907064497e+07
1.206325159095163872e+04,-1.957292208713221904e-01,-7.254422699076491510e-01,8.280540418541622162e+07,-2.261173008468353003e+07
1.209150276563770785e+04,-1.800463867018608222e-01,-7.295438548183605931e-01,8.326752601591539383e+07,-2.082245759195133671e+07
1.211975394032377699e+04,-1.642799357698967455e-01,-7.333066301609746374e-01,8.369087756089416146e+07,-1.902391929069462791e+07
1.214800511500984794e+04,-1.484372075414640002e-01,-7.367289257576190575e-01,8.407527854514734447e+07,-1.721696001966376975e+07
1.217625628969591708e+04,-1.325255737734798434e-01,-7.398092313044476453e-01,8.442056728500141203e+07,-1.540242791129985638e+07
1.220450746438198621e+04,-1.165524349975327889e-01,-7.425461969543867280e-01,8.472660073958507180e+07,-1.358117397586967424e+07
1.223275863906805534e+04,-1.005252169949011759e-01,-7.449386338212981018e-01,8.499325455255229771e+07,-1.175405168520619906e+07
1.226100981375412448e+04,-8.445136726458840615e-02,-7.469855144055080887e-01,8.522042308427652717e+07,-9.921916556280758232e+06
1.228926098844019361e+04,-6.833835148617826982e-02,-7.486859729406906139e-01,8.540801943454024196e+07,-8.085625734833935276e+06
1.231751216312626275e+04,-5.219364997930200228e-02,-7.500393056621380561e-01,8.555597545574989915e+07,-6.246037579289851710e+06
1.234576333781233370e+04,-3.602475416150178328e-02,-7.510449709964928111e-01,8.566424175671167672e+07,-4.404011245176680386e+06
1.237401451249840284e+04,-1.983916300627620519e-02,-7.517025896730586965e-01,8.573278769700908661e+07,-2.560406270275137387e+06
1.240226568718447197e+04,-3.644379503062491945e-03,-7.520119447568474058e-01,8.576160137202875316e+07,-7.160821607121410780e+05
1.243051686187054111e+04,1.255209287906213292e-02,-7.519729816035615189e-01,8.575068958868613839e+07,1.128102021781229880e+06
1.245876803655661024e+04,2.874275372222449138e-02,-7.515858077367532086e-01,8.570007783190806210e+07,2.971288071234849282e+06
1.248701921124267938e+04,4.492010918339876813e-02,-7.508506926474386445e-01,8.560981022193410993e+07,4.812619047215068713e+06
1.251527038592874851e+04,6.107667550912232457e-02,-7.497680675164892783e-01,8.547994946250391006e+07,6.651239682801442221e+06
1.254352156061481946e+04,7.720498253957060186e-02,-7.483385248601577278e-01,8.531057678000214696e+07,8.486296790558150038e+06
1.257177273530088860e+04,9.329757720028421242e-02,-7.465628180991377150e-01,8.510179185363818705e+07,1.031693966629562899e+07
1.260002390998695773e+04,1.093470269798782202e-01,-7.444418610515937118e-01,8.485371273674146831e+07,1.214232049042336829e+07
1.262827508467302687e+04,1.253459233920430627e-01,-7.419767273506346905e-01,8.456647576925888658e+07,1.396159472669372521e+07
1.265652625935909600e+04,1.412868854201995428e-01,-7.391686497867420158e-01,8.424023548154433072e+07,1.577392151814395189e+07
1.268477743404516514e+04,1.571625629431658011e-01,-7.360190195757001508e-01,8.387516448953528702e+07,1.757846408004437387e+07
1.271302860873123609e+04,1.729656401402213384e-01,-7.325293855526125997e-01,8.347145338141523302e+07,1.937439008966497332e+07
1.274127978341730523e+04,1.886888388739633438e-01,-7.287014532926228139e-01,8.302931059586516023e+07,2.116087207267516851e+07
1.276953095810337436e+04,2.043249220493920937e-01,-7.245370841589895416e-01,8.254896229201063514e+07,2.293708778599749878e+07
1.279778213278944349e+04,2.198666969476476274e-01,-7.200382942792082908e-01,8.203065221117582917e+07,2.470222059693554416e+07
1.282603330747551263e+04,2.353070185328756392e-01,-7.152072534498957745e-01,8.147464153055854142e+07,2.645545985840409622e+07
1.285428448216158176e+04,2.506387927307024976e-01,-7.100462839711899621e-01,8.088120870894448459e+07,2.819600128009096533e+07
1.288253565684765090e+04,2.658549796768278073e-01,-7.045578594114504378e-01,8.025064932458223403e+07,2.992304729538442940e+07
1.291078683153372185e+04,2.809485969342672140e-01,-6.987446033030744186e-01,7.958327590534360707e+07,3.163580742390420288e+07
1.293903800621979099e+04,2.959127226777941710e-01,-6.926092877702744177e-01,7.887941775129781663e+07,3.333349862947698683e+07
1.296728918090586012e+04,3.107404988441752614e-01,-6.861548320896886377e-01,7.813942074982963502e+07,3.501534567340400815e+07
1.299554035559192926e+04,3.254251342467843200e-01,-6.793843011847339186e-01,7.736364718343642354e+07,3.668058146286807209e+07
1.302379153027799839e+04,3.399599076532390796e-01,-6.723009040546281678e-01,7.655247553034012020e+07,3.832844739433562011e+07
1.305204270496406752e+04,3.543381708247124728e-01,-6.649079921390429471e-01,7.570630025805376470e+07,3.995819369181119651e+07
1.308029387965013848e+04,3.685533515156010909e-01,-6.572090576193706513e-01,7.482553161004431546e+07,4.156907973980658501e+07
1.310854505433620761e+04,3.825989564322574976e-01,-6.492077316576202461e-01,7.391059538563641906e+07,4.316037441089037061e+07
1.313679622902227675e+04,3.964685741495351246e-01,-6.409077825739705192e-01,7.296193271330273151e+07,4.473135638769002259e+07
1.316504740370834588e+04,4.101558779838941349e-01,-6.323131139640492115e-01,7.197999981749053299e+07,4.628131447921922803e+07
1.319329857839441502e+04,4.236546288218747680e-01,-6.234277627570149471e-01,7.096526777913445234e+07,4.780954793141102046e+07
1.322154975308048415e+04,4.369586779027546664e-01,-6.142558972155500729e-01,6.991822229000808299e+07,4.931536673173942417e+07
1.324980092776655329e+04,4.500619695542424359e-01,-6.048018148788908421e-01,6.883936340106859803e+07,5.079809190781728923e+07
1.327805210245262424e+04,4.629585438800878916e-01,-5.950699404500422451e-01,6.772920526495015621e+07,5.225705581986225396e+07
1.330630327713869337e+04,4.756425393985146410e-01,-5.850648236283503278e-01,6.658827587276383489e+07,5.369160244692640752e+07
1.333455445182476251e+04,4.881081956304263447e-01,-5.747911368886075012e-01,6.541711678536150604e+07,5.510108766679146886e+07
1.336280562651083164e+04,5.003498556363404903e-01,-5.642536732079118655e-01,6.421628285922516137e+07,5.648487952943229675e+07
1.339105680119690078e+04,5.123619685010615266e-01,-5.534573437414915809e-01,6.298634196714144200e+07,5.784235852395905554e+07
1.341930797588296991e+04,5.241390917651195247e-01,-5.424071754487410635e-01,6.172787471382386982e+07,5.917291783895066381e+07
1.344755915056904087e+04,5.356758938020363958e-01,-5.311083086707201195e-01,6.044147414664541185e+07,6.047596361609710008e+07
1.347581032525511000e+04,5.469671561405085036e-01,-5.195659946603944368e-01,5.912774546164551377e+07,6.175091519707169384e+07
1.350406149994117914e+04,5.580077757306384223e-01,-5.077855930668916384e-01,5.778730570497465134e+07,6.299720536356041580e+07
1.353231267462724827e+04,5.687927671533559160e-01,-4.957725693750848484e-01,5.642078346994274855e+07,6.421428057037645578e+07
1.356056384931331741e+04,5.793172647722240054e-01,-4.835324923018073928e-01,5.502881858983556926e+07,6.540160117159543931e+07
1.358881502399938654e+04,5.895765248268434178e-01,-4.710710311500255765e-01,5.361206182666499168e+07,6.655864163964886218e+07
1.361706619868545567e+04,5.995659274671020222e-01,-4.583939531223041874e-01,5.217117455601891875e+07,6.768489077731814981e+07
1.364531737337152663e+04,6.092809787275500488e-01,-4.455071205949114321e-01,5.070682844817657769e+07,6.877985192257550359e+07
1.367356854805759576e+04,6.187173124412086445e-01,-4.324164883539219351e-01,4.921970514565565437e+07,6.984304314622147381e+07
1.370181972274366490e+04,6.278706920921605095e-01,-4.191281007946713877e-01,4.771049593735563755e+07,7.087399744227430224e+07
1.373007089742973403e+04,6.367370126062854574e-01,-4.056480890859525124e-01,4.617990142946491390e+07,7.187226291106775403e+07
1.375832207211580317e+04,6.453123020795535902e-01,-3.919826683003196366e-01,4.462863121329552680e+07,7.283740293502026796e+07
1.378657324680187230e+04,6.535927234433077659e-01,-3.781381345118952075e-01,4.305740353021121770e+07,7.376899634704072773e+07
1.381482442148794144e+04,6.615745760660025621e-01,-3.641208618630710214e-01,4.146694493381314725e+07,7.466663759154026210e+07
1.384307559617401239e+04,6.692542972908985810e-01,-3.499372996015012172e-01,3.985798994954732060e+07,7.552993687802316248e+07
1.387132677086008152e+04,6.766284639092368103e-01,-3.355939690887975724e-01,3.823128073189770430e+07,7.635852032723341882e+07
1.389957794554615066e+04,6.836937935684603840e-01,-3.210974607823206539e-01,3.658756671932626516e+07,7.715203010983774066e+07
1.392782912023221979e+04,6.904471461150638589e-01,-3.064544311914959018e-01,3.492760428712398559e+07,7.791012457762795687e+07
1.395608029491828893e+04,6.968855248716975259e-01,-2.916715998100558038e-01,3.325215639833249524e+07,7.863247838723072410e+07
1.398433146960435806e+04,7.030060778481759254e-01,-2.767557460256290791e-01,3.156199225289718807e+07,7.931878261631479859e+07
1.401258264429042902e+04,7.088060988860701572e-01,-2.617137060080925726e-01,2.985788693521090969e+07,7.996874487229010463e+07
1.404083381897649815e+04,7.142830287365962150e-01,-2.465523695781098867e-01,2.814062106020721048e+07,8.058208939349533617e+07
1.406908499366256729e+04,7.194344560715427717e-01,-2.312786770572615447e-01,2.641098041815862060e+07,8.115855714287525415e+07
1.409733616834863642e+04,7.242581184270024952e-01,-2.158996161012028681e-01,2.466975561833829805e+07,8.169790589415043592e+07
1.412558734303470555e+04,7.287519030797132702e-01,-2.004222185172535309e-01,2.291774173169815540e+07,8.219991031048668921e+07
1.415383851772077469e+04,7.329138478558349101e-01,-1.848535570678395690e-01,2.115573793271778524e+07,8.266436201567348838e+07
1.418208969240684382e+04,7.367421418720192516e-01,-1.692007422612006318e-01,1.938454714057634026e+07,8.309106965782409906e+07
1.421034086709291478e+04,7.402351262086611650e-01,-1.534709191307724041e-01,1.760497565979823470e+07,8.347985896561288834e+07
1.423859204177898391e+04,7.433912945152444385e-01,-1.376712640046578451e-01,1.581783282052286342e+07,8.383057279706795514e+07
1.426684321646505305e+04,7.462092935477275812e-01,-1.218089812665763827e-01,1.402393061854480207e+07,8.414307118094037473e+07
1.429509439115112218e+04,7.486879236379357927e-01,-1.058913001097107759e-01,1.222408335527340509e+07,8.441723135067331791e+07
1.432334556583719132e+04,7.508261390949627634e-01,-8.992547128483158181e-02,1.041910727775523812e+07,8.465294777099774778e+07
1.435159674052326045e+04,7.526230485386038449e-01,-7.391876384409543088e-02,8.609820218903653324e+06,8.485013215718331933e+07
1.437984791520933140e+04,7.540779151648761003e-01,-5.787846188189896962e-02,6.797041238077310845e+06,8.500871348697586358e+07
1.440809908989540054e+04,7.551901569437017292e-01,-4.181186127417260701e-02,4.981590262148795649e+06,8.512863800525510311e+07
1.443635026458146967e+04,7.559593467488636698e-01,-2.572626641747044821e-02,3.164287727200403344e+06,8.520986922144886851e+07
1.446460143926753881e+04,7.563852124203612748e-01,-9.628986969240976510e-03,1.345954220986592351e+06,8.525238789974194765e+07
1.449285261395360794e+04,7.564676367593274886e-01,6.472665409379722672e-03,-4.725898737031319179e+05,8.525619204212026298e+07
1.452110378863967708e+04,7.562066574556873810e-01,2.257138030689709654e-02,-2.290524734646378085e+06,8.522129686429311335e+07
1.454935496332574621e+04,7.556024669487673151e-01,3.865985180956975353e-02,-4.107031454623084981e+06,8.514773476453818381e+07
1.457760613801181717e+04,7.546554122210872295e-01,5.473078174297249521e-02,-5.921292394553501159e+06,8.503555528551636636e+07
1.460585731269788630e+04,7.533659945255939405e-01,7.077688290568140417e-02,-7.732491535209558904e+06,8.488482506910496950e+07
1.463410848738395543e+04,7.517348690466152394e-01,8.679088229378290054e-02,-9.539814827374463901e+06,8.469562780430020392e+07
1.466235966207002457e+04,7.497628444948415405e-01,1.027655243148818676e-01,-1.134245054032298550e+07,8.446806416824141145e+07
1.469061083675609370e+04,7.474508826366633718e-01,1.186935739903308001e-01,-1.313958960850075819e+07,8.420225176041153073e+07
1.471886201144216284e+04,7.448000977582155402e-01,1.345678201443901156e-01,-1.493042597628023848e+07,8.389832503006964922e+07
1.474711318612823379e+04,7.418117560645037800e-01,1.503810785790490878e-01,-1.671415694067363441e+07,8.355643519697365165e+07
1.477536436081430293e+04,7.384872750140112352e-01,1.661261952332396263e-01,-1.848998349188396335e+07,8.317675016545227170e+07
1.480361553550037206e+04,7.348282225892007746e-01,1.817960493252080700e-01,-2.025711065157958493e+07,8.275945443188729882e+07
1.483186671018644120e+04,7.308363165033594511e-01,1.973835564767858486e-01,-2.201474780877529830e+07,8.230474898566873372e+07
1.486011788487251033e+04,7.265134233442432921e-01,2.128816718183475787e-01,-2.376210905320882797e+07,8.181285120368669927e+07
1.488836905955857947e+04,7.218615576550078128e-01,2.282833930732365013e-01,-2.549841350610092655e+07,8.128399473842532933e+07
1.491662023424464860e+04,7.168828809529284030e-01,2.435817636204555270e-01,-2.722288564818979800e+07,8.071842939972548187e+07
1.494487140893071955e+04,7.115797006864361673e-01,2.587698755344365331e-01,-2.893475564493235573e+07,8.011642103028434515e+07
1.497312258361678869e+04,7.059544691310144504e-01,2.738408726007048322e-01,-3.063325966876572371e+07,7.947825137496130168e+07
1.500137375830285782e+04,7.000097822245172630e-01,2.887879533062913118e-01,-3.231764021832644939e+07,7.880421794396014512e+07
1.502962493298892696e+04,6.937483783425014705e-01,3.036043738037220718e-01,-3.398714643452274054e+07,7.809463386996014416e+07
1.505787610767499609e+04,6.871731370141697104e-01,3.182834508474653989e-01,-3.564103441336059570e+07,7.734982775926823914e+07
1.508612728236106523e+04,6.802870775795496483e-01,3.328185647017071758e-01,-3.727856751542408764e+07,7.657014353706665337e+07
1.511437845704713618e+04,6.730933577885493957e-01,3.472031620183489986e-01,-3.889901667191255093e+07,7.575594028683081269e+07
1.514262963173320531e+04,6.655952723425526685e-01,3.614307586841293829e-01,-4.050166068713826686e+07,7.490759208399409056e+07
1.517088080641927445e+04,6.577962513792207089e-01,3.754949426358035192e-01,-4.208578653739213198e+07,7.402548782393568754e+07
1.519913198110534358e+04,6.496998589012095149e-01,3.893893766422975022e-01,-4.365068966608264297e+07,7.311003104437072575e+07
1.522738315579141272e+04,6.413097911495038161e-01,4.031078010528011402e-01,-4.519567427505891025e+07,7.216163974222089350e+07
1.525563433047748185e+04,6.326298749221022089e-01,4.166440365097602849e-01,-4.672005361202773452e+07,7.118074618504582345e+07
1.528388550516355099e+04,6.236640658387978542e-01,4.299919866257478906e-01,-4.822315025397714972e+07,7.016779671711592376e+07
1.531213667984962194e+04,6.144164465528166863e-01,4.431456406232127665e-01,-4.970429638652035594e+07,6.912325156020845473e+07
1.534038785453569108e+04,6.048912249100953931e-01,4.560990759361102098e-01,-5.116283407907480001e+07,6.804758460920955241e+07
1.536863902922176021e+04,5.950927320569848744e-01,4.688464607724555089e-01,-5.259811555579474568e+07,6.694128322260461003e+07
1.539689020390782935e+04,5.850254204971998551e-01,4.813820566368249843e-01,-5.400950346217388660e+07,6.580484800794243813e+07
1.542514137859389848e+04,5.746938620988321089e-01,4.937002208118771995e-01,-5.539637112723923475e+07,6.463879260235710442e+07
1.545339255327996761e+04,5.641027460522702874e-01,5.057954087979628088e-01,-5.675810282125712931e+07,6.344364344823337346e+07
1.548164372796603675e+04,5.532568767798807796e-01,5.176621767099155447e-01,-5.809409400887428969e+07,6.221993956410210580e+07
1.550989490265210770e+04,5.421611717983189083e-01,5.292951836301326152e-01,-5.940375159761820734e+07,6.096823231085254997e+07
1.553814607733817684e+04,5.308206595343559764e-01,5.406891939170634931e-01,-6.068649418168210983e+07,5.968908515334977955e+07
1.556639725202424597e+04,5.192404770951123405e-01,5.518390794682591638e-01,-6.194175228092280030e+07,5.838307341754449904e+07
1.559464842671031511e+04,5.074258679936177741e-01,5.627398219371234633e-01,-6.316896857499820739e+07,5.705078404316595942e+07
1.562289960139638424e+04,4.953821798306167201e-01,5.733865149025537677e-01,-6.436759813257569075e+07,5.569281533208649606e+07
1.565115077608245338e+04,4.831148619335569050e-01,5.837743659906549087e-01,-6.553710863554185629e+07,5.430977669244872779e+07
1.567940195076852433e+04,4.706294629537121632e-01,5.938986989477388345e-01,-6.667698059814660251e+07,5.290228837864618748e+07
1.570765312545459346e+04,4.579316284224064781e-01,6.037549556638294179e-01,-6.778670758101479709e+07,5.147098122724974155e+07
1.573590430014066260e+04,4.450270982673031894e-01,6.133386981459276743e-01,-6.886579639996184409e+07,5.001649638897078484e+07
1.576415547482673173e+04,4.319217042897614545e-01,6.226456104402817715e-01,-6.991376732954832911e+07,4.853948505675598979e+07
1.579240664951280087e+04,4.186213676042489507e-01,6.316715005029522878e-01,-7.093015430131243169e+07,4.704060819010587782e+07
1.582065782419887000e+04,4.051320960408254512e-01,6.404123020179642856e-01,-7.191450509661889076e+07,4.552053623571202159e+07
1.584890899888493914e+04,3.914599815117193460e-01,6.488640761623580833e-01,-7.286638153406485915e+07,4.397994884450764954e+07
1.587716017357101009e+04,3.776111973430291147e-01,6.570230133174749243e-01,-7.378535965138439834e+07,4.241953458522702008e+07
1.590541134825707923e+04,3.635919955726002462e-01,6.648854347258209563e-01,-7.467102988179397583e+07,4.083999065457036346e+07
1.593366252294314836e+04,3.494087042151184930e-01,6.724477940928864639e-01,-7.552299722472412884e+07,3.924202258406956494e+07
1.596191369762921749e+04,3.350677244955035938e-01,6.797066791332965208e-01,-7.634088141088131070e+07,3.762634394375400245e+07
1.599016487231528663e+04,3.205755280516648931e-01,6.866588130607055307e-01,-7.712431706158748269e+07,3.599367604271309078e+07
1.601841604700135576e+04,3.059386541077108168e-01,6.933010560208553441e-01,-7.787295384234483540e+07,3.434474762665475905e+07
1.604666722168742672e+04,2.911637066187047207e-01,6.996304064672400624e-01,-7.858645661057487130e+07,3.268029457255893573e+07
1.607491839637349585e+04,2.762573513880789977e-01,7.056440024788368515e-01,-7.926450555748173594e+07,3.100105958052666858e+07
1.610316957105956499e+04,2.612263131588060117e-01,7.113391230193875092e-01,-7.990679634399206936e+07,2.930779186292387918e+07
1.613142074574563412e+04,2.460773726794692196e-01,7.167131891377215291e-01,-8.051304023072306812e+07,2.760124683092311770e+07
1.615967192043170326e+04,2.308173637463516170e-01,7.217637651086455941e-01,-8.108296420193348825e+07,2.588218577854370698e+07
1.618792309511777239e+04,2.154531702226880896e-01,7.264885595139342067e-01,-8.161631108341243863e+07,2.415137556429346651e+07
1.621617426980384153e+04,1.999917230362297238e-01,7.308854262629774778e-01,-8.211283965426242352e+07,2.240958829051523656e+07
1.624442544448991248e+04,1.844399971562761531e-01,7.349523655526647437e-01,-8.257232475253428519e+07,2.065760098054205254e+07
1.627267661917598161e+04,1.688050085513466414e-01,7.386875247660963373e-01,-8.299455737467280030e+07,1.889619525376635045e+07
1.630092779386205075e+04,1.530938111286480885e-01,7.420891993097448180e-01,-8.337934476873351634e+07,1.712615699872685596e+07
1.632917896854811988e+04,1.373134936565394426e-01,7.451558333886957319e-01,-8.372651052133163810e+07,1.534827604432155006e+07
1.635743014323418902e+04,1.214711766711649987e-01,7.478860207196279530e-01,-8.403589463828611374e+07,1.356334582925180718e+07
1.638568131792025815e+04,1.055740093684567199e-01,7.502785051812076444e-01,-8.430735361892265081e+07,1.177216306980596296e+07
1.641393249260632729e+04,8.962916648270524700e-02,7.523321814015936360e-01,-8.454076052400116622e+07,9.975527426090462133e+06
1.644218366729239642e+04,7.364384515290678390e-02,7.540460952827708896e-01,-8.473600503723397851e+07,8.174241166817629710e+06
1.647043484197846556e+04,5.762526177809965122e-02,7.554194444614490411e-01,-8.489299352036298811e+07,6.369108832759846002e+06
1.649868601666453469e+04,4.158064886290931128e-02,7.564515787062862096e-01,-8.501164906176486611e+07,4.560936898980670609e+06
1.652693719135060746e+04,2.551725185452526079e-02,7.571420002512161407e-01,-8.509191151855508983e+07,2.750533435953993350e+06
1.655518836603667660e+04,9.442325972352349356e-03,7.574903640646796221e-01,-8.513373755216272175e+07,9.387077696846830659e+05
1.658343954072274573e+04,-6.636866968458722017e-03,7.574964780545827558e-01,-8.513710065734960139e+07,-8.737298590599012095e+05
1.661169071540881487e+04,-2.271306173832010611e-02,7.571603032088243257e-01,-8.510199118464855850e+07,-2.685968636289227754e+06
1.663994189009488400e+04,-3.877899287814048218e-02,7.564819536712574788e-01,-8.502841635619728267e+07,-4.497197516988831572e+06
1.666819306478095314e+04,-5.482739788662210206e-02,7.554616967529724780e-01,-8.491640027494551241e+07,-6.306605567862842232e+06
1.669644423946702227e+04,-7.085102040866968209e-02,7.540999528788080442e-01,-8.476598392721495032e+07,-8.113382310504044406e+06
1.672469541415309141e+04,-8.684261342365405534e-02,7.523972954690217874e-01,-8.457722517859283090e+07,-9.916718064874663949e+06
1.675294658883916054e+04,-1.027949424322699284e-01,7.503544507560734322e-01,-8.435019876314155757e+07,-1.171580429298029467e+07
1.678119776352522967e+04,-1.187007886407239615e-01,7.479722975364924142e-01,-8.408499626590850949e+07,-1.350983394261858054e+07
1.680944893821129881e+04,-1.345529521409864482e-01,7.452518668578308469e-01,-8.378172609872172773e+07,-1.529800179108347744e+07
1.683770011289736794e+04,-1.503442550858373750e-01,7.421943416407180694e-01,-8.344051346925881505e+07,-1.707950478870511800e+07
1.686595128758343708e+04,-1.660675448574356616e-01,7.388010562360621813e-01,-8.306150034337814152e+07,-1.885354240210454911e+07
1.689420246226950985e+04,-1.817156972281399052e-01,7.350734959174599625e-01,-8.264484540070304275e+07,-2.061931695704202354e+07
1.692245363695557899e+04,-1.972816195122939764e-01,7.310132963089102098e-01,-8.219072398345206678e+07,-2.237603398073516786e+07
1.695070481164164812e+04,-2.127582537077312708e-01,7.266222427479315238e-01,-8.169932803850862384e+07,-2.412290254352739453e+07
1.697895598632771726e+04,-2.281385796256804599e-01,7.219022695842310933e-01,-8.117086605272750556e+07,-2.585913559977814928e+07
1.700720716101378639e+04,-2.434156180078254628e-01,7.168554594140740255e-01,-8.060556298147553205e+07,-2.758395032785383612e+07
1.703545833569985552e+04,-2.585824336292295023e-01,7.114840422505391837e-01,-8.000366017040659487e+07,-2.929656846909276769e+07
1.706370951038592466e+04,-2.736321383858481560e-01,7.057903946298657027e-01,-7.936541527047324181e+07,-3.099621666561831906e+07
1.709196068507199379e+04,-2.885578943653540063e-01,6.997770386541203314e-01,-7.869110214617852867e+07,-3.268212679687354341e+07
1.712021185975806293e+04,-3.033529168999971604e-01,6.934466409704382883e-01,-7.798101077707447112e+07,-3.435353631474984437e+07
1.714846303444413206e+04,-3.180104776002266043e-01,6.868020116871158542e-01,-7.723544715251499414e+07,-3.600968857718162239e+07
1.717671420913020120e+04,-3.325239073677998536e-01,6.798461032268565685e-01,-7.645473315967386961e+07,-3.764983318007810414e+07
1.720496538381627033e+04,-3.468865993871095288e-01,6.725820091174965487e-01,-7.563920646483981609e+07,-3.927322628746309131e+07
1.723321655850233947e+04,-3.610920120934594246e-01,6.650129627205597638e-01,-7.478922038800372183e+07,-4.087913095969254524e+07
1.726146773318841224e+04,-3.751336721170254740e-01,6.571423358980188478e-01,-7.390514377075457573e+07,-4.246681747961978614e+07
1.728971890787448137e+04,-3.890051772012300124e-01,6.489736376176652444e-01,-7.298736083750408888e+07,-4.403556367657592893e+07
1.731797008256055051e+04,-4.027001990942975507e-01,6.405105124975000175e-01,-7.203627105005995929e+07,-4.558465524803705513e+07
1.734622125724661964e+04,-4.162124864127028090e-01,6.317567392896151768e-01,-7.105228895557385683e+07,-4.711338607884194702e+07
1.737447243193268878e+04,-4.295358674752886019e-01,6.227162293040233720e-01,-7.003584402788904309e+07,-4.862105855783092976e+07
1.740272360661875791e+04,-4.426642531067996877e-01,6.133930247729443286e-01,-6.898738050231699646e+07,-5.010698389177165926e+07
1.743097478130482705e+04,-4.555916394095952948e-01,6.037912971560694952e-01,-6.790735720387454331e+07,-5.157048241643878818e+07
1.745922595599089618e+04,-4.683121105023099751e-01,5.939153453873565747e-01,-6.679624736901532859e+07,-5.301088390471380204e+07
1.748747713067696532e+04,-4.808198412242357112e-01,5.837695940639282544e-01,-6.565453846089239419e+07,-5.442752787157115340e+07
1.751572830536303445e+04,-4.931090998042089169e-01,5.733585915776768793e-01,-6.448273197819095850e+07,-5.581976387581656873e+07
1.754397948004910359e+04,-5.051742504927908550e-01,5.626870081902000109e-01,-6.328134325757353753e+07,-5.718695181844308227e+07
1.757223065473517272e+04,-5.170097561565396571e-01,5.517596340517187947e-01,-6.205090126978199184e+07,-5.852846223747037351e+07
1.760048182942124186e+04,-5.286101808331804541e-01,5.405813771646561516e-01,-6.079194840944404155e+07,-5.984367659913276881e+07
1.762873300410731463e+04,-5.399701922464913428e-01,5.291572612925754537e-01,-5.950504027863445878e+07,-6.113198758528151363e+07
1.765698417879338376e+04,-5.510845642797200794e-01,5.174924238152155409e-01,-5.819074546424500644e+07,-6.239279937686564028e+07
1.768523535347945290e+04,-5.619481794063918567e-01,5.055921135303538261e-01,-5.684964530921682715e+07,-6.362552793335942179e+07
1.771348652816552203e+04,-5.725560310773240014e-01,4.934616884033056206e-01,-5.548233367769755423e+07,-6.482960126799874753e+07
1.774173770285159117e+04,-5.829032260627272644e-01,4.811066132648405547e-01,-5.408941671418271214e+07,-6.600445971869467944e+07
1.776998887753766030e+04,-5.929849867482565040e-01,4.685324574583545343e-01,-5.267151259670743346e+07,-6.714955621448929608e+07
1.779824005222372944e+04,-6.027966533838940988e-01,4.557448924371502175e-01,-5.122925128415629268e+07,-6.826435653742045164e+07
1.782649122690979857e+04,-6.123336862845616402e-01,4.427496893127059185e-01,-4.976327425776256621e+07,-6.934833957966220379e+07
1.785474240159586770e+04,-6.215916679813698886e-01,4.295527163548369942e-01,-4.827423425687099248e+07,-7.040099759580838680e+07
1.788299357628193684e+04,-6.305663053224309644e-01,4.161599364446795790e-01,-4.676279500904159993e+07,-7.142183645016698539e+07
1.791124475096800597e+04,-6.392534315221708452e-01,4.025774044814517949e-01,-4.522963095457503200e+07,-7.241037585893401504e+07
1.793949592565407511e+04,-6.476490081580974500e-01,3.888112647439713188e-01,-4.367542696554318070e+07,-7.336614962711597979e+07
1.796774710034014424e+04,-6.557491271139942457e-01,3.748677482079335044e-01,-4.210087805941212177e+07,-7.428870588007102907e+07
1.799599827502621702e+04,-6.635500124685271839e-01,3.607531698199765158e-01,-4.050668910734728724e+07,-7.517760728953970969e+07
1.802424944971228615e+04,-6.710480223282639933e-01,3.464739257295976205e-01,-3.889357453729561716e+07,-7.603243129403653741e+07
1.805250062439835528e+04,-6.782396506041428186e-01,3.320364904799695260e-01,-3.726225803193837404e+07,-7.685277031347690523e+07
1.808075179908442442e+04,-6.851215287304119883e-01,3.174474141587949605e-01,-3.561347222161868215e+07,-7.763823195791116357e+07
1.810900297377049355e+04,-6.916904273251154311e-01,3.027133195102951757e-01,-3.394795837234409153e+07,-7.838843923024274409e+07
1.813725414845656269e+04,-6.979432577911970359e-01,2.878408990094932229e-01,-3.226646606897204369e+07,-7.910303072280623019e+07
1.816550532314263182e+04,-7.038770738573282282e-01,2.728369118999589560e-01,-3.056975289368795604e+07,-7.978166080768345296e+07
1.819375649782870096e+04,-7.094890730575770244e-01,2.577081811962119717e-01,-2.885858409988924116e+07,-8.042399982063706219e+07
1.822200767251477009e+04,-7.147765981490639131e-01,2.424615906519969888e-01,-2.713373228159185126e+07,-8.102973423854264617e+07
1.825025884720083923e+04,-7.197371384667694549e-01,2.271040816956729769e-01,-2.539597703847927600e+07,-8.159856685020215809e+07
1.827851002188690836e+04,-7.243683312146826925e-01,2.116426503339743359e-01,-2.364610463671726361e+07,-8.213021692042328417e+07
1.830676119657297750e+04,-7.286679626925018916e-01,1.960843440254287640e-01,-2.188490766566078365e+07,-8.262442034725104272e+07
1.833501237125904663e+04,-7.326339694571238903e-01,1.804362585247344386e-01,-2.011318469058313221e+07,-8.308092981224028766e+07
1.836326354594511940e+04,-7.362644394181854235e-01,1.647055346994193703e-01,-1.833173990156008303e+07,-8.349951492365954816e+07
1.839151472063118854e+04,-7.395576128669377747e-01,1.488993553201405640e-01,-1.654138275864689797e+07,-8.387996235251873732e+07
1.841976589531725767e+04,-7.425118834377759658e-01,1.330249418259571159e-01,-1.474292763348438218e+07,-8.422207596131664515e+07
1.844801707000332681e+04,-7.451257990017533528e-01,1.170895510660030225e-01,-1.293719344748151489e+07,-8.452567692540450394e+07
1.847626824468939594e+04,-7.473980624914529081e-01,1.011004720189330047e-01,-1.112500330671729334e+07,-8.479060384686657786e+07
1.850451941937546508e+04,-7.493275326566095629e-01,8.506502249157590900e-02,-9.307184133712416515e+06,-8.501671286081995070e+07
1.853277059406153421e+04,-7.509132247499050727e-01,6.899054579823447886e-02,-7.484566296222994104e+06,-8.520387773403914273e+07
1.856102176874760335e+04,-7.521543111423900640e-01,5.288440742208957990e-02,-5.657983233211755753e+06,-8.535198995581348240e+07
1.858927294343367248e+04,-7.530501218680113462e-01,3.675399166018428199e-02,-3.828271078155322000e+06,-8.546095882094863057e+07
1.861752411811974162e+04,-7.536001450967610982e-01,2.060669825347962586e-02,-1.996268279849061975e+06,-8.553071150482638180e+07
1.864577529280581075e+04,-7.538040275359865205e-01,4.449939003489664265e-03,-1.628152208740809001e+05,-8.556119313044001162e+07
1.867402646749187988e+04,-7.536615747594370696e-01,-1.170886562298109439e-02,1.671246166106283898e+06,-8.555236682732592523e+07
1.870227764217794902e+04,-7.531727514636535892e-01,-2.786228989946019918e-02,3.505072784050178714e+06,-8.550421378231559694e+07
1.873052881686402179e+04,-7.523376816513394072e-01,-4.400290625424006091e-02,5.337820759068359621e+06,-8.541673328203518689e+07
1.875877999155009093e+04,-7.511566487413833260e-01,-6.012328869204353055e-02,7.168645829605550505e+06,-8.528994274708408117e+07
1.878703116623616006e+04,-7.496300956052395215e-01,-7.621601622137572085e-02,8.996703737097153440e+06,-8.512387775782674551e+07
1.881528234092222920e+04,-7.477586245294046696e-01,-9.227367628593055593e-02,1.082115061791560613e+07,-8.491859207173688710e+07
1.884353351560829833e+04,-7.455429971037634829e-01,-1.082888681984826157e-01,1.264114339642642066e+07,-8.467415763223598897e+07
1.887178469029436746e+04,-7.429841340356125867e-01,-1.242542065756399444e-01,1.445584017896660045e+07,-8.439066456897276640e+07
1.890003586498043660e+04,-7.400831148892044187e-01,-1.401623247718390419e-01,1.626440064855739102e+07,-8.406822118949398398e+07
1.892828703966650573e+04,-7.368411777506922444e-01,-1.560058783109515013e-01,1.806598646016090736e+07,-8.370695396226145327e+07
1.895653821435257487e+04,-7.332597188183895831e-01,-1.717775483138644088e-01,1.985976163628797978e+07,-8.330700749097393453e+07
1.898478938903864400e+04,-7.293402919182985222e-01,-1.874700449203883512e-01,2.164489296276251227e+07,-8.286854448015746474e+07
1.901304056372471314e+04,-7.250846079448931558e-01,-2.030761107038412117e-01,2.342055038444571570e+07,-8.239174569199182093e+07
1.904129173841078227e+04,-7.204945342271863451e-01,-2.185885240766498872e-01,2.518590740072170645e+07,-8.187680989434550703e+07
1.906954291309685141e+04,-7.155720938201426407e-01,-2.340001026853068267e-01,2.694014146054423228e+07,-8.132395379999619722e+07
1.909779408778292054e+04,-7.103194647215408386e-01,-2.493037067930158335e-01,2.868243435684263334e+07,-8.073341199701833725e+07
1.912604526246899331e+04,-7.047389790144221733e-01,-2.644922426483583555e-01,3.041197262008391693e+07,-8.010543687032438815e+07
1.915429643715506245e+04,-6.988331219353113299e-01,-2.795586658382980261e-01,3.212794791078476980e+07,-7.944029851435154676e+07
1.918254761184113158e+04,-6.926045308684145585e-01,-2.944959846238790480e-01,3.382955741077086329e+07,-7.873828463688905537e+07
1.921079878652720072e+04,-6.860559942660655608e-01,-3.092972632569070957e-01,3.551600421297172457e+07,-7.799970045404908061e+07
1.923904996121326985e+04,-6.791904504957051447e-01,-3.239556252759690502e-01,3.718649770954639465e+07,-7.722486857638646662e+07
1.926730113589933899e+04,-6.720109866137340404e-01,-3.384642567801103286e-01,3.884025397812935710e+07,-7.641412888617941737e+07
1.929555231058540812e+04,-6.645208370666123576e-01,-3.528164096785021409e-01,4.047649616598715633e+07,-7.556783840588790178e+07
1.932380348527147726e+04,-6.567233823196201303e-01,-3.670054049144367281e-01,4.209445487187530100e+07,-7.468637115781185031e+07
1.935205465995754639e+04,-6.486221474137335852e-01,-3.810246356619890196e-01,4.369336852538446337e+07,-7.377011801497665048e+07
1.938030583464361553e+04,-6.402208004511108497e-01,-3.948675704936918662e-01,4.527248376356480271e+07,-7.281948654327875376e+07
1.940855700932968466e+04,-6.315231510097212286e-01,-4.085277565175779446e-01,4.683105580461701006e+07,-7.183490083492965996e+07
1.943680818401575380e+04,-6.225331484876912569e-01,-4.219988224819483102e-01,4.836834881843861938e+07,-7.081680133324193954e+07
1.946505935870182293e+04,-6.132548803779831470e-01,-4.352744818462369047e-01,4.988363629381436110e+07,-6.976564464880666137e+07
1.949331053338789570e+04,-6.036925704740563337e-01,-4.483485358163529222e-01,5.137620140203964710e+07,-6.868190336711663008e+07
1.952156170807396484e+04,-5.938505770072128875e-01,-4.612148763428798315e-01,5.284533735676562041e+07,-6.756606584769682586e+07
1.954981288276003397e+04,-5.837333907163438917e-01,-4.738674890805589235e-01,5.429034776985858381e+07,-6.641863601480567455e+07
1.957806405744610311e+04,-5.733456328508713673e-01,-4.863004563074387332e-01,5.571054700306082517e+07,-6.524013313978146762e+07
1.960631523213217224e+04,-5.626920531076811116e-01,-4.985079598021439073e-01,5.710526051524747163e+07,-6.403109161510904133e+07
1.963456640681824138e+04,-5.517775275029050963e-01,-5.104842836776983805e-01,5.847382520507106185e+07,-6.279206072029013932e+07
1.966281758150431051e+04,-5.406070561794427132e-01,-5.222238171703644793e-01,5.981558974878810346e+07,-6.152360437960577011e+07
1.969106875619037964e+04,-5.291857611511493475e-01,-5.337210573819742843e-01,6.112991493306316435e+07,-6.022630091186446697e+07
1.971931993087644878e+04,-5.175188839846616151e-01,-5.449706119742515620e-01,6.241617398254758120e+07,-5.890074277223595977e+07
1.974757110556251791e+04,-5.056117834198627925e-01,-5.559672018136364580e-01,6.367375288203173876e+07,-5.754753628627552092e+07
1.977582228024858705e+04,-4.934699329300342718e-01,-5.667056635651495089e-01,6.490205069297161698e+07,-5.616730137624960393e+07
1.980407345493465618e+04,-4.810989182227735639e-01,-5.771809522338539056e-01,6.610047986419263482e+07,-5.476067127987905592e+07
1.983232462962072532e+04,-4.685044346827954564e-01,-5.873881436524902577e-01,6.726846653657592833e+07,-5.332829226162171364e+07
1.986057580430679809e+04,-4.556922847577718483e-01,-5.973224369138941947e-01,6.840545084153479338e+07,-5.187082331662138551e+07
1.988882697899286723e+04,-4.426683752884087442e-01,-6.069791567468116877e-01,6.951088719309078157e+07,-5.038893586745703220e+07
1.991707815367893636e+04,-4.294387147839636154e-01,-6.163537558337864875e-01,7.058424457336446643e+07,-4.888331345382740349e+07
1.994532932836500549e+04,-4.160094106444960360e-01,-6.254418170697733093e-01,7.162500681129416823e+07,-4.735465141531825066e+07
1.997358050305107463e+04,-4.023866663311240210e-01,-6.342390557602027856e-01,7.263267285440367460e+07,-4.580365656739789993e+07
2.000183167773714376e+04,-3.885767784856249962e-01,-6.427413217572264248e-01,7.360675703344063461e+07,-4.423104687079626322e+07
2.003008285242321290e+04,-3.745861340007425877e-01,-6.509446015329080071e-01,7.454678931971146166e+07,-4.263755109442593157e+07
2.005833402710928203e+04,-3.604212070425951153e-01,-6.588450201881572710e-01,7.545231557494227588e+07,-4.102390847200945020e+07
2.008658520179535117e+04,-3.460885560266129812e-01,-6.664388433962322722e-01,7.632289779349900782e+07,-3.939086835258177668e+07
2.011483637648142030e+04,-3.315948205484633982e-01,-6.737224792796717709e-01,7.715811433680383861e+07,-3.773918984504166991e+07
2.014308755116748944e+04,-3.169467182714514886e-01,-6.806924802195479796e-01,7.795756015978921950e+07,-3.606964145693077892e+07
2.017133872585355857e+04,-3.021510417719159292e-01,-6.873455445959693044e-01,7.872084702923496068e+07,-3.438300072762362659e+07
2.019958990053962771e+04,-2.872146553441666250e-01,-6.936785184587926922e-01,7.944760373383815587e+07,-3.268005385611646250e+07
2.022784107522570048e+04,-2.721444917665378216e-01,-6.996883971275464909e-01,8.013747628587064147e+07,-3.096159532360706106e+07
2.025609224991176961e+04,-2.569475490301697529e-01,-7.053723267195922686e-01,8.079012811428245902e+07,-2.922842751106349751e+07
2.028434342459783875e+04,-2.416308870321189628e-01,-7.107276056056103242e-01,8.140524024911662936e+07,-2.748136031197949126e+07
2.031259459928390788e+04,-2.262016242344894734e-01,-7.157516857915038333e-01,8.198251149710249901e+07,-2.572121074052575976e+07
2.034084577396997702e+04,-2.106669342912327880e-01,-7.204421742258825256e-01,8.252165860830295086e+07,-2.394880253530298918e+07
2.036909694865604615e+04,-1.950340426443307462e-01,-7.247968340323123204e-01,8.302241643369439244e+07,-2.216496575891058519e+07
2.039734812334211529e+04,-1.793102230910818273e-01,-7.288135856655584277e-01,8.348453807356417179e+07,-2.037053639354740456e+07
2.042559929802818442e+04,-1.635027943242360060e-01,-7.324905079910976058e-01,8.390779501661573350e+07,-1.856635593286448717e+07
2.045385047271425356e+04,-1.476191164467428596e-01,-7.358258392872089049e-01,8.429197726967735589e+07,-1.675327097029315121e+07
2.048210164740032269e+04,-1.316665874628972221e-01,-7.388179781690007442e-01,8.463689347791594267e+07,-1.493213278407505527e+07
2.051035282208639182e+04,-1.156526397476841939e-01,-7.414654844337721373e-01,8.494237103546337783e+07,-1.310379691922387667e+07
2.053860399677246096e+04,-9.958473649614260625e-02,-7.437670798271510675e-01,8.520825618636879325e+07,-1.126912276665116474e+07
2.056685517145853009e+04,-8.347036815458191983e-02,-7.457216487294956453e-01,8.543441411579623818e+07,-9.428973139691658318e+06
2.059510634614460287e+04,-6.731704883549961826e-02,-7.473282387620907574e-01,8.562072903139320016e+07,-7.584213848265639506e+06
2.062335752083067200e+04,-5.113231271807464062e-02,-7.485860613127137686e-01,8.576710423476190865e+07,-5.735713270919993520e+06
2.065160869551674114e+04,-3.492371043608085562e-02,-7.494944919801961314e-01,8.587346218297173083e+07,-3.884341924986793660e+06
2.067985987020281027e+04,-1.869880545514834846e-02,-7.500530709376435068e-01,8.593974454005680978e+07,-2.030972035108599113e+06
2.070811104488887941e+04,-2.465170441237512708e-03,-7.502615032140320661e-01,8.596591221845033765e+07,-1.764771003731465898e+05
2.073636221957494854e+04,1.376961637775686413e-02,-7.501196588939406107e-01,8.595194541031296551e+07,1.678268539693241008e+06
2.076461339426101767e+04,2.999797485536144503e-02,-7.496275732352271071e-01,8.589784360871934891e+07,3.532390140024443157e+06
2.079286456894708681e+04,4.621232657292181911e-02,-7.487854467045039764e-01,8.580362561867395043e+07,5.385012985554921441e+06
2.082111574363315594e+04,6.240509848711846275e-02,-7.475936449303155484e-01,8.566932955793336034e+07,7.235262827150062658e+06
2.084936691831922508e+04,7.856872657667444970e-02,-7.460526985739673878e-01,8.549501284761957824e+07,9.082266317673964426e+06
2.087761809300529421e+04,9.469565948632566177e-02,-7.441633031180052704e-01,8.528075219261530042e+07,1.092515144794150814e+07
2.090586926769136335e+04,1.107783621661237033e-01,-7.419263185723894427e-01,8.502664355173900723e+07,1.276304798230110109e+07
2.093412044237743248e+04,1.268093195041411492e-01,-7.393427690984593070e-01,8.473280209770461917e+07,1.459508789359419607e+07
2.096237161706350525e+04,1.427810399506531380e-01,-7.364138425508278685e-01,8.439936216687722504e+07,1.642040579723791592e+07
2.099062279174957439e+04,1.586860591318574598e-01,-7.331408899373987875e-01,8.402647719884340465e+07,1.823813938417558372e+07
2.101887396643564352e+04,1.745169434512423567e-01,-7.295254247977380757e-01,8.361431966582091153e+07,2.004742985244527087e+07
2.104712514112171266e+04,1.902662936766448543e-01,-7.255691225000934219e-01,8.316308099194054306e+07,2.184742233710879460e+07
2.107537631580778179e+04,2.059267485111215545e-01,-7.212738194573871109e-01,8.267297146243855357e+07,2.363726633829260990e+07
2.110362749049385093e+04,2.214909881457178542e-01,-7.166415122625671152e-01,8.214422012280547619e+07,2.541611614708807319e+07
2.113187866517992006e+04,2.369517377922456813e-01,-7.116743567437436857e-01,8.157707466794402897e+07,2.718313126906134561e+07
2.116012983986598920e+04,2.523017711941885066e-01,-7.063746669395846167e-01,8.097180132139514387e+07,2.893747684512438625e+07
2.118838101455205833e+04,2.675339141138635135e-01,-7.007449139954931017e-01,8.032868470469835401e+07,3.067832406952003762e+07
2.121663218923812747e+04,2.826410477939853005e-01,-6.947877249811347244e-01,7.964802769695897400e+07,3.240485060467600822e+07
2.124488336392419660e+04,2.976161123917874796e-01,-6.885058816299293172e-01,7.893015128470149636e+07,3.411624099268450588e+07
2.127313453861026574e+04,3.124521103838770464e-01,-6.819023190011676006e-01,7.817539440209500492e+07,3.581168706316649169e+07
2.130138571329633487e+04,3.271421099400108057e-01,-6.749801240654559331e-01,7.738411376164282858e+07,3.749038833728188276e+07
2.132963688798240764e+04,3.416792482640040873e-01,-6.677425342142414566e-01,7.655668367543520033e+07,3.915155242764975876e+07
2.135788806266847678e+04,3.560567348999886250e-01,-6.601929356942166649e-01,7.569349586707054079e+07,4.079439543394400924e+07
2.138613923735454591e+04,3.702678550022948101e-01,-6.523348619674267379e-01,7.479495927435506880e+07,4.241814233393715322e+07
2.141439041204061505e+04,3.843059725671908455e-01,-6.441719919979810305e-01,7.386149984290042520e+07,4.402202736976078898e+07
2.144264158672668418e+04,3.981645336247994771e-01,-6.357081484662789883e-01,7.289356031074123085e+07,4.560529442916195840e+07
2.147089276141275332e+04,4.118370693894965462e-01,-6.269472959117214916e-01,7.189159998410260677e+07,4.716719742153358459e+07
2.149914393609882245e+04,4.253171993671350237e-01,-6.178935388049157096e-01,7.085609450445306301e+07,4.870700064850241691e+07
2.152739511078489159e+04,4.385986344174618856e-01,-6.085511195504189619e-01,6.978753560698369145e+07,5.022397916886150837e+07
2.155564628547096072e+04,4.516751797701216153e-01,-5.989244164211122712e-01,6.868643087066037953e+07,5.171741915763822943e+07
2.158389746015702985e+04,4.645407379926703162e-01,-5.890179414253292611e-01,6.755330346000128984e+07,5.318661825909297168e+07
2.161214863484309899e+04,4.771893119090511726e-01,-5.788363381079052461e-01,6.638869185873702168e+07,5.463088593344809860e+07
2.164039980952916812e+04,4.896150074670139740e-01,-5.683843792863507716e-01,6.519314959551627189e+07,5.604954379715105146e+07
2.166865098421523726e+04,5.018120365529925575e-01,-5.576669647233871707e-01,6.396724496182473749e+07,5.744192595648023486e+07
2.169690215890130639e+04,5.137747197529848320e-01,-5.466891187371208938e-01,6.271156072229006141e+07,5.880737933430707455e+07
2.172515333358737917e+04,5.254974890580166313e-01,-5.354559877501637866e-01,6.142669381755016744e+07,6.014526398983263224e+07
2.175340450827344830e+04,5.369748905127922356e-01,-5.239728377790515701e-01,6.011325505986808240e+07,6.145495343112108111e+07
2.178165568295951743e+04,5.482015868062019015e-01,-5.122450518653163254e-01,5.877186882167743891e+07,6.273583492026109993e+07
2.180990685764558657e+04,5.591723598023395914e-01,-5.002781274496507224e-01,5.740317271725282073e+07,6.398730977098543942e+07
2.183815803233165570e+04,5.698821130107725175e-01,-4.880776736905783619e-01,5.600781727769754082e+07,6.520879363859050721e+07
2.186640920701772484e+04,5.803258739948108369e-01,-4.756494087291135986e-01,5.458646561944887042e+07,6.639971680199950933e+07
2.189466038170379397e+04,5.904987967165737928e-01,-4.629991569009022090e-01,5.313979310650335997e+07,6.755952443781967461e+07
2.192291155638986311e+04,6.003961638176851245e-01,-4.501328458973715141e-01,5.166848700656867027e+07,6.868767688624955714e+07
2.195116273107593224e+04,6.100133888344712041e-01,-4.370565038774421596e-01,5.017324614135176688e+07,6.978364990869818628e+07
2.197941390576200138e+04,6.193460183465732127e-01,-4.237762565313781260e-01,4.865478053119663149e+07,7.084693493698391318e+07
2.200766508044807051e+04,6.283897340579289725e-01,-4.102983240983788527e-01,4.711381103428767622e+07,7.187703931398645043e+07
2.203591625513413965e+04,6.371403548091162383e-01,-3.966290183395381752e-01,4.555106898063791543e+07,7.287348652563205361e+07
2.206416742982020878e+04,6.455938385200946650e-01,-3.827747394678182036e-01,4.396729580108376592e+07,7.383581642409747839e+07
2.209241860450628155e+04,6.537462840624252980e-01,-3.687419730367051951e-01,4.236324265151046962e+07,7.476358544212511182e+07
2.212066977919235069e+04,6.615939330600831836e-01,-3.545372867892463975e-01,4.073967003253608197e+07,7.565636679834662378e+07
2.214892095387841982e+04,6.691331716180392020e-01,-3.401673274691484616e-01,3.909734740487966686e+07,7.651375069352158904e+07
2.217717212856448896e+04,6.763605319778017710e-01,-3.256388175956976827e-01,3.743705280064846575e+07,7.733534449759948254e+07
2.220542330325055809e+04,6.832726940991807885e-01,-3.109585522042163097e-01,3.575957243077348918e+07,7.812077292752420902e+07
2.223367447793662723e+04,6.898664871675651566e-01,-2.961333955538210105e-01,3.406570028882871568e+07,7.886967821570385993e+07
2.226192565262269636e+04,6.961388910260531970e-01,-2.811702778042520778e-01,3.235623775146903098e+07,7.958172026907600462e+07
2.229017682730876550e+04,7.020870375318191137e-01,-2.660761916635551727e-01,3.063199317572348192e+07,8.025657681870484352e+07
2.231842800199483463e+04,7.077082118361452956e-01,-2.508581890084093380e-01,2.889378149338133633e+07,8.089394355985322595e+07
2.234667917668090377e+04,7.129998535875925469e-01,-2.355233774789055878e-01,2.714242380270922929e+07,8.149353428247864544e+07
2.237493035136697290e+04,7.179595580578281844e-01,-2.200789170495884295e-01,2.537874695773830265e+07,8.205508099210920930e+07
2.240318152605304203e+04,7.225850771896745739e-01,-2.045320165785808886e-01,2.360358315536060929e+07,8.257833402106146514e+07
2.243143270073911117e+04,7.268743205669873086e-01,-1.888899303366208537e-01,2.181776952047428489e+07,8.306306212996889651e+07
2.245968387542518394e+04,7.308253563060181923e-01,-1.731599545178382771e-01,2.002214768941679969e+07,8.350905259959599376e+07
2.248793505011125308e+04,7.344364118679584941e-01,-1.573494237341225843e-01,1.821756339192704111e+07,8.391611131291879714e+07
2.251618622479732221e+04,7.377058747924156723e-01,-1.414657074948893201e-01,1.640486603187178820e+07,8.428406282746058702e+07
2.254443739948339135e+04,7.406322933516019669e-01,-1.255162066741274396e-01,1.458490826697971672e+07,8.461275043787531555e+07
2.257268857416946048e+04,7.432143771250777631e-01,-1.095083499665393117e-01,1.275854558781726472e+07,8.490203622877986729e+07
2.260093974885552961e+04,7.454509974949263817e-01,-9.344959033462620079e-02,1.092663589624467306e+07,8.515180111784122884e+07
2.262919092354159875e+04,7.473411880612839120e-01,-7.734740144855700716e-02,9.090039083587847650e+06,8.536194488913094997e+07
2.265744209822766788e+04,7.488841449781944437e-01,-6.120927412065654133e-02,7.249616608760681003e+06,8.553238621676555276e+07
2.268569327291373702e+04,7.500792272098005808e-01,-4.504271273634585793e-02,5.406231076571093872e+06,8.566306267885738611e+07
2.271394444759980615e+04,7.509259567069295205e-01,-2.885523168336185523e-02,3.560745816442490555e+06,8.575393076180648804e+07
2.274219562228587529e+04,7.514240185041715092e-01,-1.265435178107697338e-02,1.714024461780611193e+06,8.580496585496960580e+07
2.277044679697194442e+04,7.515732607375965602e-01,3.552403288267445922e-03,-1.330694697861324530e+05,8.581616223574875295e+07
2.279869797165801356e+04,7.513736945832950598e-01,1.975751054460915188e-02,-1.979672995066753123e+06,8.578753304514686763e+07
2.282694914634408633e+04,7.508254941169700825e-01,3.595345126960099169e-02,-3.824924082644582260e+06,8.571911025384408236e+07
2.285520032103015546e+04,7.499289960948551936e-01,5.213271455883757705e-02,-5.667962068667978048e+06,8.561094461885350943e+07
2.288345149571622460e+04,7.486846996562664946e-01,6.828780086503072333e-02,-7.507928070879321545e+06,8.546310563082078099e+07
2.291170267040229373e+04,7.470932659481461791e-01,8.441122553033134079e-02,-9.343965400661088526e+06,8.527568145203702152e+07
2.293995384508836287e+04,7.451555176719896201e-01,1.004955223060822606e-01,-1.117521997288881987e+07,8.504877884524001181e+07
2.296820501977443200e+04,7.428724385535914188e-01,1.165332468582571529e-01,-1.300084071337871999e+07,8.478252309328348935e+07
2.299645619446050114e+04,7.402451727360842559e-01,1.325169802568707256e-01,-1.481997996372226998e+07,8.447705790975932777e+07
2.302470736914657027e+04,7.372750240967831381e-01,1.484393324476603326e-01,-1.663179388330311701e+07,8.413254534066249430e+07
2.305295854383263941e+04,7.339634554883868178e-01,1.642929457043558472e-01,-1.843544284829475358e+07,8.374916565719312429e+07
2.308120971851870854e+04,7.303120879051252512e-01,1.800704980598732130e-01,-2.023009184744082764e+07,8.332711723979476094e+07
2.310946089320477768e+04,7.263226995744787029e-01,1.957647067147866016e-01,-2.201491087442341819e+07,8.286661645353248715e+07
2.313771206789084681e+04,7.219972249751321902e-01,2.113683314214531983e-01,-2.378907531662811339e+07,8.236789751491871476e+07
2.316596324257691595e+04,7.173377537818621530e-01,2.268741778421866917e-01,-2.555176634011843801e+07,8.183121235029888153e+07
2.319421441726298872e+04,7.123465297380898731e-01,2.422751008798973982e-01,-2.730217127063611895e+07,8.125683044591328502e+07
2.322246559194905785e+04,7.070259494568711389e-01,2.575640079796275295e-01,-2.903948397044593841e+07,8.064503868975567818e+07
2.325071676663512699e+04,7.013785611511158535e-01,2.727338623994725597e-01,-3.076290521085257083e+07,7.999614120535169542e+07
2.327896794132119612e+04,6.954070632938824659e-01,2.877776864493359898e-01,-3.247164304021293297e+07,7.931045917758622766e+07
2.330721911600726526e+04,6.891143032096067600e-01,3.026885646960574827e-01,-3.416491314727947116e+07,7.858833067071016133e+07
2.333547029069333439e+04,6.825032755971629506e-01,3.174596471334383274e-01,-3.584193921970929950e+07,7.783011043866162002e+07
2.336372146537940353e+04,6.755771209856876736e-01,3.320841523157277986e-01,-3.750195329757978022e+07,7.703616972783967853e+07
2.339197264006547266e+04,6.683391241241229963e-01,3.465553704531577073e-01,-3.914419612175526470e+07,7.620689607247187197e+07
2.342022381475154179e+04,6.607927123054655461e-01,3.608666664681410841e-01,-4.076791747695391625e+07,7.534269308271953464e+07
2.344847498943761093e+04,6.529414536267372782e-01,3.750114830107765251e-01,-4.237237652936798334e+07,7.444398022566829622e+07
2.347672616412368006e+04,6.447890551857191621e-01,3.889833434323286543e-01,-4.395684215869524330e+07,7.351119259935334325e+07
2.350497733880974920e+04,6.363393612155172629e-01,4.027758547153837410e-01,-4.552059328444379568e+07,7.254478069997200370e+07
2.353322851349581833e+04,6.275963511580551213e-01,4.163827103594091583e-01,-4.706291918637678772e+07,7.154521018243832886e+07
2.356147968818189111e+04,6.185641376776098710e-01,4.297976932204742306e-01,-4.858311981896848977e+07,7.051296161443687975e+07
2.358973086286796024e+04,6.092469646155431739e-01,4.430146783039110581e-01,-5.008050611974613369e+07,6.944853022413571179e+07
2.361798203755402938e+04,5.996492048873740544e-01,4.560276355087579669e-01,-5.155440031140067428e+07,6.835242564171788096e+07
2.364623321224009851e+04,5.897753583234061070e-01,4.688306323227992567e-01,-5.300413619754733145e+07,6.722517163489742577e+07
2.367448438692616764e+04,5.796300494541005710e-01,4.814178364671067856e-01,-5.442905945202814043e+07,6.606730583858277649e+07
2.370273556161223678e+04,5.692180252414330566e-01,4.937835184889833307e-01,-5.582852790164929628e+07,6.487937947885495424e+07
2.373098673629830591e+04,5.585441527574808163e-01,5.059220543022517891e-01,-5.720191180225190520e+07,6.366195709142852575e+07
2.375923791098437505e+04,5.476134168115104339e-01,5.178279276738639858e-01,-5.854859410801924020e+07,6.241561623476468027e+07
2.378748908567044418e+04,5.364309175268512364e-01,5.294957326558353827e-01,-5.986797073392809182e+07,6.114094719800709933e+07
2.381574026035651332e+04,5.250018678688584961e-01,5.409201759615442917e-01,-6.115945081125641614e+07,5.983855270391225070e+07
2.384399143504258245e+04,5.133315911252837038e-01,5.520960792854665566e-01,-6.242245693606399745e+07,5.850904760694684833e+07
2.387224260972865159e+04,5.014255183403897309e-01,5.630183815654490331e-01,-6.365642541056738794e+07,5.715305858672587574e+07
2.390049378441472072e+04,4.892891857041575254e-01,5.736821411866586118e-01,-6.486080647733484954e+07,5.577122383696541190e+07
2.392874495910079349e+04,4.769282318979455870e-01,5.840825381263778926e-01,-6.603506454623170197e+07,5.436419275012478232e+07
2.395699613378686263e+04,4.643483953979892775e-01,5.942148760388418216e-01,-6.717867841404989362e+07,5.293262559791444242e+07
2.398524730847293176e+04,4.515555117381008787e-01,6.040745842793706633e-01,-6.829114147676311433e+07,5.147719320784228295e+07
2.401349848315900090e+04,4.385555107330021407e-01,6.136572198670413592e-01,-6.937196193434791267e+07,4.999857663597790897e+07
2.404174965784507003e+04,4.253544136636742135e-01,6.229584693852204813e-01,-7.042066298812100291e+07,4.849746683610795438e+07
2.407000083253113917e+04,4.119583304261518197e-01,6.319741508192845414e-01,-7.143678303054392338e+07,4.697456432545951009e+07
2.409825200721720830e+04,3.983734566451876957e-01,6.407002153308981596e-01,-7.241987582745160162e+07,4.543057884716715664e+07
2.412650318190327744e+04,3.846060707542213741e-01,6.491327489682520158e-01,-7.336951069266551733e+07,4.386622902965928614e+07
2.415475435658934657e+04,3.706625310430942122e-01,6.572679743116945916e-01,-7.428527265495617688e+07,4.228224204313884676e+07
2.418300553127541571e+04,3.565492726749586172e-01,6.651022520542269056e-01,-7.516676261732383072e+07,4.067935325333345681e+07
2.421125670596148484e+04,3.422728046738344743e-01,6.726320825163587536e-01,-7.601359750857035816e+07,3.905830587268911302e+07
2.423950788064755397e+04,3.278397068842718309e-01,6.798541070948628251e-01,-7.682541042713941634e+07,3.741985060918126255e+07
2.426775905533362311e+04,3.132566269045807261e-01,6.867651096449910453e-01,-7.760185077720551193e+07,3.576474531291621178e+07
2.429601023001969588e+04,2.985302769950923807e-01,6.933620177957542374e-01,-7.834258439699718356e+07,3.409375462069491297e+07
2.432426140470576502e+04,2.836674309629310109e-01,6.996419041978905184e-01,-7.904729367934213579e+07,3.240764959871172532e+07
2.435251257939183415e+04,2.686749210247370012e-01,7.056019877042004618e-01,-7.971567768442817032e+07,3.070720738355536014e+07
2.438076375407790329e+04,2.535596346488505071e-01,7.112396344819252869e-01,-8.034745224477416277e+07,2.899321082168560475e+07
2.440901492876397242e+04,2.383285113783976672e-01,7.165523590569112811e-01,-8.094235006241214275e+07,2.726644810755090415e+07
2.443726610345004156e+04,2.229885396367625450e-01,7.215378252893132061e-01,-8.150012079828321934e+07,2.552771242051509395e+07
2.446551727813611069e+04,2.075467535169115696e-01,7.261938472806281908e-01,-8.202053115385413170e+07,2.377780156075890735e+07
2.449376845282217982e+04,1.920102295560397743e-01,7.305183902118832506e-01,-8.250336494496467710e+07,2.201751758432071283e+07
2.452201962750824896e+04,1.763860834970043256e-01,7.345095711128281080e-01,-8.294842316791947186e+07,2.024766643743956834e+07
2.455027080219431809e+04,1.606814670380088683e-01,7.381656595620172956e-01,-8.335552405784091353e+07,1.846905759036224335e+07
2.457852197688038723e+04,1.449035645719979337e-01,7.414850783176961668e-01,-8.372450313930334151e+07,1.668250367077434249e+07
2.460677315156645636e+04,1.290595899172175265e-01,7.444664038794340799e-01,-8.405521326927143335e+07,1.488882009701409191e+07
2.463502432625252550e+04,1.131567830403925196e-01,7.471083669804787775e-01,-8.434752467236916721e+07,1.308882471122577041e+07
2.466327550093859463e+04,9.720240677396671525e-02,7.494098530108356249e-01,-8.460132496850849688e+07,1.128333741260805354e+07
2.469152667562466740e+04,8.120374352884338065e-02,7.513699023711036817e-01,-8.481651919290973246e+07,9.473179790910657495e+06
2.471977785031073654e+04,6.516809200407230884e-02,7.529877107571303352e-01,-8.499302980854859948e+07,7.659174760332501493e+06
2.474802902499680567e+04,4.910276389487914367e-02,7.542626293755749778e-01,-8.513079671106787026e+07,5.842146193967949599e+06
2.477628019968287481e+04,3.301508060049767462e-02,7.551941650904984149e-01,-8.522977722619353235e+07,4.022918558953993954e+06
2.480453137436894394e+04,1.691236993318558784e-02,7.557819805011242176e-01,-8.528994609969873726e+07,2.202316552461263258e+06
2.483278254905501308e+04,8.019628298392238435e-04,7.560258939509467702e-01,-8.531129547996106744e+07,3.811647386746939737e+05
2.486103372374108221e+04,-1.530880993240040823e-02,7.559258794683836324e-01,-8.529383489316095412e+07,-1.439712813093826175e+06
2.488928489842715135e+04,-3.141262101516534982e-02,7.554820666392026984e-01,-8.523759121117170155e+07,-3.259492889020256698e+06
2.491753607311322048e+04,-4.750214979112685199e-02,7.546947404109749513e-01,-8.514260861219383776e+07,-5.077353489972044714e+06
2.494578724779928962e+04,-6.357008560814483844e-02,7.535643408298331458e-01,-8.500894853418856859e+07,-6.892474189163984731e+06
2.497403842248535875e+04,-7.960913104394619355e-02,7.520914627098420624e-01,-8.483668962116765976e+07,-8.704036488131709397e+06
2.500228959717142789e+04,-9.561200514998824396e-02,7.502768552353102915e-01,-8.462592766239874065e+07,-1.051122417089023814e+07
2.503054077185749702e+04,-1.115714466831752849e-01,7.481214214963987086e-01,-8.437677552458742261e+07,-1.231322365614706650e+07
2.505879194654356979e+04,-1.274802173241098013e-01,7.456262179584041139e-01,-8.408936307709930837e+07,-1.410922434744156897e+07
2.508704312122963893e+04,-1.433311048805577526e-01,7.427924538651252684e-01,-8.376383711028724909e+07,-1.589841898108292557e+07
2.511529429591570806e+04,-1.591169264748628354e-01,7.396214905767333203e-01,-8.340036124699021876e+07,-1.768000397176572680e+07
2.514354547060177720e+04,-1.748305317139857151e-01,7.361148408426019252e-01,-8.299911584727320075e+07,-1.945317975573637709e+07
2.517179664528784633e+04,-1.904648058409289524e-01,7.322741680095687933e-01,-8.256029790647798777e+07,-2.121715113139362261e+07
2.520004781997391547e+04,-2.060126728662792228e-01,7.281012851661239349e-01,-8.208412094665704668e+07,-2.297112759720374271e+07
2.522829899465998460e+04,-2.214670986786257123e-01,7.235981542230444097e-01,-8.157081490146413445e+07,-2.471432368681462109e+07
2.525655016934605374e+04,-2.368210941326263641e-01,7.187668849310135943e-01,-8.102062599457658827e+07,-2.644595930125482380e+07
2.528480134403212287e+04,-2.520677181135075884e-01,7.136097338357884068e-01,-8.043381661172607541e+07,-2.816526003810582682e+07
2.531305251871819200e+04,-2.672000805767977827e-01,7.081291031714928019e-01,-7.981066516641551256e+07,-2.987145751753764227e+07
2.534130369340426114e+04,-2.822113455621093059e-01,7.023275396926456082e-01,-7.915146595940171182e+07,-3.156378970510016382e+07
2.536955486809033027e+04,-2.970947341798000907e-01,6.962077334455394340e-01,-7.845652903202405572e+07,-3.324150123116455972e+07
2.539780604277639941e+04,-3.118435275693591802e-01,6.897725164796183472e-01,-7.772618001346123219e+07,-3.490384370691116154e+07
2.542605721746247218e+04,-3.264510698283803469e-01,6.830248614995113599e-01,-7.696075996199873090e+07,-3.655007603676247597e+07
2.545430839214854132e+04,-3.409107709109885920e-01,6.759678804584104972e-01,-7.616062520039199293e+07,-3.817946472716051340e+07
2.548255956683461045e+04,-3.552161094946412745e-01,6.686048230934784620e-01,-7.532614714540873468e+07,-3.979128419159411639e+07
2.551081074152067958e+04,-3.693606358141744428e-01,6.609390754040210814e-01,-7.445771213163876534e+07,-4.138481705177647620e+07
2.553906191620674872e+04,-3.833379744620488694e-01,6.529741580731479589e-01,-7.355572122965694964e+07,-4.295935443488247693e+07
2.556731309089281785e+04,-3.971418271537264233e-01,6.447137248336782811e-01,-7.262059005862809718e+07,-4.451419626675301790e+07
2.559556426557888699e+04,-4.107659754571363897e-01,6.361615607790619409e-01,-7.165274859344270825e+07,-4.604865156097683311e+07
2.562381544026495612e+04,-4.242042834852089994e-01,6.273215806201026812e-01,-7.065264096647350490e+07,-4.756203870376214385e+07
2.565206661495102526e+04,-4.374507005504674195e-01,6.181978268882860617e-01,-6.962072526404339075e+07,-4.905368573451223969e+07
2.568031778963709439e+04,-4.504992637806888300e-01,6.087944680865324809e-01,-6.855747331769651175e+07,-5.052293062202112377e+07
2.570856896432316353e+04,-4.633441006946616980e-01,5.991157967882090318e-01,-6.746337049036447704e+07,-5.196912153620710969e+07
2.573682013900923266e+04,-4.759794317370840133e-01,5.891662276852517310e-01,-6.633891545752091706e+07,-5.339161711530417204e+07
2.576507131369530180e+04,-4.883995727716646806e-01,5.789502955862622091e-01,-6.518461998341781646e+07,-5.478978672843261808e+07
2.579332248838137457e+04,-5.005989375315100798e-01,5.684726533654584912e-01,-6.400100869249796867e+07,-5.616301073347267509e+07
2.582157366306744370e+04,-5.125720400258840792e-01,5.577380698633815914e-01,-6.278861883607932180e+07,-5.751068073016513884e+07
2.584982483775351284e+04,-5.243134969024809688e-01,5.467514277402452105e-01,-6.154800005440440029e+07,-5.883219980836859345e+07
2.587807601243958197e+04,-5.358180297643143630e-01,5.355177212828791111e-01,-6.027971413415404409e+07,-6.012698279139845073e+07
2.590632718712565111e+04,-5.470804674403977330e-01,5.240420541661791054e-01,-5.898433476151977479e+07,-6.139445647438076138e+07
2.593457836181172024e+04,-5.580957482093769073e-01,5.123296371700210017e-01,-5.766244727093288302e+07,-6.263405985755185783e+07
2.596282953649778938e+04,-5.688589219753071857e-01,5.003857858525980751e-01,-5.631464838954775035e+07,-6.384524437443779409e+07
2.599108071118385851e+04,-5.793651523947794812e-01,4.882159181811535631e-01,-5.494154597757756710e+07,-6.502747411484891921e+07
2.601933188586992765e+04,-5.896097189546243289e-01,4.758255521210955075e-01,-5.354375876458109170e+07,-6.618022604262665659e+07
2.604758306055599678e+04,-5.995880189994375886e-01,4.632203031844890906e-01,-5.212191608179950714e+07,-6.730299020808114111e+07
2.607583423524206592e+04,-6.092955697081893218e-01,4.504058819389361590e-01,-5.067665759064289927e+07,-6.839526995505994558e+07
2.610408540992813505e+04,-6.187280100192020793e-01,4.373880914778600637e-01,-4.920863300742629170e+07,-6.945658212258958817e+07
2.613233658461420418e+04,-6.278811025027960513e-01,4.241728248532271595e-01,-4.771850182445558161e+07,-7.048645724103339016e+07
2.616058775930027696e+04,-6.367507351809243987e-01,4.107660624717435760e-01,-4.620693302756394446e+07,-7.148443972271035612e+07
2.618883893398634609e+04,-6.453329232931308557e-01,3.971738694555891902e-01,-4.467460481020102650e+07,-7.245008804692105949e+07
2.621709010867241523e+04,-6.536238110082052133e-01,3.834023929687232490e-01,-4.312220428417348117e+07,-7.338297493932996690e+07
2.624534128335848436e+04,-6.616196730808904247e-01,3.694578595098678697e-01,-4.155042718714271486e+07,-7.428268754565121233e+07
2.627359245804455350e+04,-6.693169164530566873e-01,3.553465721732232407e-01,-3.995997758697913587e+07,-7.514882759959052503e+07
2.630184363273062263e+04,-6.767120817987518633e-01,3.410749078780145882e-01,-3.835156758307676017e+07,-7.598101158499459922e+07
2.633009480741669176e+04,-6.838018450125633585e-01,3.266493145679666976e-01,-3.672591700473096222e+07,-7.677887089216199517e+07
2.635834598210276090e+04,-6.905830186407485582e-01,3.120763083818145489e-01,-3.508375310668271780e+07,-7.754205196827036142e+07
2.638659715678883003e+04,-6.970525532546080205e-01,2.973624707959631186e-01,-3.342581026193311065e+07,-7.827021646187666059e+07
2.641484833147489917e+04,-7.032075387655937204e-01,2.825144457404217269e-01,-3.175282965193215758e+07,-7.896304136144816875e+07
2.644309950616096830e+04,-7.090452056816706206e-01,2.675389366891426923e-01,-3.006555895424639061e+07,-7.962021912788353860e+07
2.647135068084703744e+04,-7.145629263044600554e-01,2.524427037259038276e-01,-2.836475202781002596e+07,-8.024145782098449767e+07
2.649960185553310657e+04,-7.197582158667238383e-01,2.372325605868801646e-01,-2.665116859586485848e+07,-8.082648121984019876e+07
2.652785303021917935e+04,-7.246287336097577692e-01,2.219153716810569332e-01,-2.492557392669421807e+07,-8.137502893708758056e+07
2.655610420490524848e+04,-7.291722838002899776e-01,2.064980490896544951e-01,-2.318873851225821301e+07,-8.188685652701199055e+07
2.658435537959131761e+04,-7.333868166865014082e-01,1.909875495457027950e-01,-2.144143774483320862e+07,-8.236173558745512366e+07
2.661260655427738675e+04,-7.372704293927940800e-01,1.753908713949772769e-01,-1.968445159176661819e+07,-8.279945385549619794e+07
2.664085772896345588e+04,-7.408213667529669477e-01,1.597150515394455128e-01,-1.791856426845074818e+07,-8.319981529687613249e+07
2.666910890364952502e+04,-7.440380220814715173e-01,1.439671623644207255e-01,-1.614456390962440148e+07,-8.356264018913421035e+07
2.669736007833559415e+04,-7.469189378824421244e-01,1.281543086506108931e-01,-1.436324223910987936e+07,-8.388776519842873514e+07
2.672561125302166329e+04,-7.494628064962145508e-01,1.122836244722580229e-01,-1.257539423809356987e+07,-8.417504345001426339e+07
2.675386242770773242e+04,-7.516684706830683016e-01,9.636227008256890991e-02,-1.078181781205875613e+07,-8.442434459234939516e+07
2.678211360239380156e+04,-7.535349241439498469e-01,8.039742878764181977e-02,-8.983313456479664892e+06,-8.463555485481047630e+07
2.681036477707987069e+04,-7.550613119779514548e-01,6.439630381009950333e-02,-7.180683921386216767e+06,-8.480857709898783267e+07
2.683861595176593983e+04,-7.562469310763435537e-01,4.836611514364212716e-02,-5.374733874909343198e+06,-8.494333086354260147e+07
2.686686712645200896e+04,-7.570912304529779924e-01,3.231409639973839565e-02,-3.566269565917189233e+06,-8.503975240260341763e+07
2.689511830113808173e+04,-7.575938115109017712e-01,1.624749164767466322e-02,-1.756098485852697631e+06,-8.509779471768382192e+07
2.692336947582415087e+04,-7.577544282450399127e-01,1.735522491996747247e-04,5.497097011483320966e+04,-8.511742758310224116e+07
2.695162065051022000e+04,-7.575729873808298986e-01,-1.590046631103743391e-02,1.866129842516080011e+06,-8.509863756488834321e+07
2.697987182519628914e+04,-7.570495484487064219e-01,-3.196730759798286498e-02,3.676568947469161823e+06,-8.504142803316029906e+07
2.700812299988235827e+04,-7.561843237943637330e-01,-4.801971740040437281e-02,5.485479216919187456e+06,-8.494581916795945168e+07
2.703637417456842741e+04,-7.549776785247359623e-01,-6.405044690559878739e-02,7.292052039115475491e+06,-8.481184795852996409e+07
2.706462534925449654e+04,-7.534301303896645541e-01,-8.005225587334392767e-02,9.095479599213186651e+06,-8.463956819603267312e+07
2.709287652394056568e+04,-7.515423495992369363e-01,-9.601791580785400126e-02,1.089495521988542005e+07,-8.442905045968370140e+07
2.712112769862663481e+04,-7.493151585768079714e-01,-1.119402131264959493e-01,1.268967370183132961e+07,-8.418038209630984068e+07
2.714937887331270394e+04,-7.467495316477328338e-01,-1.278119523240230648e-01,1.447883166406536847e+07,-8.389366719331443310e+07
2.717763004799877308e+04,-7.438465946638646020e-01,-1.436259591310805883e-01,1.626162788387224078e+07,-8.356902654504869878e+07
2.720588122268484221e+04,-7.406076245638898436e-01,-1.593750836657378267e-01,1.803726363631170988e+07,-8.320659761258515716e+07
2.723413239737091135e+04,-7.370340488695984460e-01,-1.750522035768005691e-01,1.980494303315690905e+07,-8.280653447689141333e+07
2.726238357205698412e+04,-7.331274451182052676e-01,-1.906502271776591984e-01,2.156387336114953086e+07,-8.236900778540395200e+07
2.729063474674305326e+04,-7.288895402308670501e-01,-2.061620965694142271e-01,2.331326541945325583e+07,-8.189420469200378656e+07
2.731888592142912239e+04,-7.243222098175485790e-01,-2.215807907520637443e-01,2.505233385619099066e+07,-8.138232879039597511e+07
2.734713709611519153e+04,-7.194274774184331589e-01,-2.368993287224670230e-01,2.678029750394316390e+07,-8.083360004089905322e+07
2.737538827080126066e+04,-7.142075136820771331e-01,-2.521107725578707326e-01,2.849637971409174055e+07,-8.024825469064985216e+07
2.740363944548732979e+04,-7.086646354805398174e-01,-2.672082304837427036e-01,3.019980868988941982e+07,-7.962654518723210692e+07
2.743189062017339893e+04,-7.028013049617423125e-01,-2.821848599246740141e-01,3.188981781813459843e+07,-7.896874008573891222e+07
2.746014179485946806e+04,-6.966201285393268661e-01,-2.970338705371113885e-01,3.356564599933205545e+07,-7.827512394928051531e+07
2.748839296954553720e+04,-6.901238558203177664e-01,-3.117485272226820925e-01,3.522653797621881962e+07,-7.754599724295106530e+07
2.751664414423160633e+04,-6.833153784709005141e-01,-3.263221531208777559e-01,3.687174466053431481e+07,-7.678167622126975656e+07
2.754489531891767547e+04,-6.761977290206636626e-01,-3.407481325798672467e-01,3.850052345791348815e+07,-7.598249280911348760e+07
2.757314649360374460e+04,-6.687740796056703685e-01,-3.550199141042100770e-01,4.011213859078110009e+07,-7.514879447616039217e+07
2.760139766828981374e+04,-6.610477406507464515e-01,-3.691310132782472109e-01,4.170586141912524402e+07,-7.428094410486531258e+07
2.762964884297588287e+04,-6.530221594913989680e-01,-3.830750156639500248e-01,4.328097075902748108e+07,-7.337931985199046135e+07
2.765790001766195564e+04,-6.447009189357978398e-01,-3.968455796720146145e-01,4.483675319882714748e+07,-7.244431500371624529e+07
2.768615119234802478e+04,-6.360877357672866106e-01,-4.104364394049802023e-01,4.637250341279543936e+07,-7.147633782436032593e+07
2.771440236703409391e+04,-6.271864591878876238e-01,-4.238414074711944757e-01,4.788752447219900042e+07,-7.047581139873254299e+07
2.774265354172016305e+04,-6.180010692033277575e-01,-4.370543777683915665e-01,4.938112815362522006e+07,-6.944317346815946698e+07
2.777090471640623218e+04,-6.085356749500970830e-01,-4.500693282357161040e-01,5.085263524444852024e+07,-6.837887626021061838e+07
2.779915589109230132e+04,-5.987945129650987797e-01,-4.628803235729974097e-01,5.230137584531223029e+07,-6.728338631216304004e+07
2.782740706577837045e+04,-5.887819453984659557e-01,-4.754815179260964975e-01,5.372668966950202733e+07,-6.615718428824214637e+07
2.785565824046443959e+04,-5.785024581701405655e-01,-4.878671575371530955e-01,5.512792633908652514e+07,-6.500076479067951441e+07
2.788390941515050872e+04,-5.679606590708404790e-01,-5.000315833585713410e-01,5.650444567770050466e+07,-6.381463616463030130e+07
2.791216058983657786e+04,-5.571612758080591865e-01,-5.119692336295864621e-01,5.785561799984619021e+07,-6.259932029699558765e+07
2.794041176452264699e+04,-5.461091539977651621e-01,-5.236746464142664204e-01,5.918082439658796787e+07,-6.135535240919716656e+07
2.796866293920871612e+04,-5.348092551024982155e-01,-5.351424620998126436e-01,6.047945701751589775e+07,-6.008328084395492822e+07
2.799691411389478526e+04,-5.232666543165752637e-01,-5.463674258540293094e-01,6.175091934885351360e+07,-5.878366684611931443e+07
2.802516528858085803e+04,-5.114865383991454850e-01,-5.573443900408473484e-01,6.299462648758559674e+07,-5.745708433761372417e+07
2.805341646326692717e+04,-4.994742034558677934e-01,-5.680683165927867817e-01,6.421000541148061305e+07,-5.610411968654558063e+07
2.808166763795299630e+04,-4.872350526699738560e-01,-5.785342793392828087e-01,6.539649524488615245e+07,-5.472537147054358572e+07
2.810991881263906544e+04,-4.747745939835574802e-01,-5.887374662897633115e-01,6.655354752017024159e+07,-5.332145023438753188e+07
2.813816998732513457e+04,-4.620984377299018342e-01,-5.986731818704265073e-01,6.768062643468740582e+07,-5.189297824199346453e+07
2.816642116201120371e+04,-4.492122942177091960e-01,-6.083368491136517120e-01,6.877720910314524174e+07,-5.044058922282348573e+07
2.819467233669727284e+04,-4.361219712681136951e-01,-6.177240117989967194e-01,6.984278580524890125e+07,-4.896492811279089004e+07
2.822292351138334197e+04,-4.228333717053786578e-01,-6.268303365447511766e-01,7.087686022850118577e+07,-4.746665078973422945e+07
