time,x,y,vx,vy
0.000000000000000000e+00,0.000000000000000000e+00,3.000000000000000444e-01,-1.585635250531241298e+08,0.000000000000000000e+00
2.825117468606941173e+01,-2.994388933900236568e-02,2.983842260987545902e-01,-1.577176776512804031e+08,-1.703042047244022042e+07
5.650234937213882347e+01,-5.956651901491927248e-02,2.935585515519791855e-01,-1.551676091639583111e+08,-3.392880161463025957e+07
8.475352405820822810e+01,-8.854634247068582376e-02,2.855606096811549310e-01,-1.509181644429928958e+08,-5.056005122783537209e+07
1.130046987442776469e+02,-1.165630656909419638e-01,2.744537165776441690e-01,-1.449779785929235816e+08,-6.678669652141812444e+07
1.412558734303470658e+02,-1.432983997353852179e-01,2.603274320895646587e-01,-1.373599688252393007e+08,-8.246770235041804612e+07
1.695070481164164562e+02,-1.684369258899072186e-01,2.432983459301943374e-01,-1.280820461584793776e+08,-9.745726625029505789e+07
1.977582228024858750e+02,-1.916671171215182379e-01,2.235110939460307200e-01,-1.171680743539261520e+08,-1.116035844131732583e+08
2.260093974885552939e+02,-2.126825655781129365e-01,2.011396105406940138e-01,-1.046491135704379827e+08,-1.247475847618380487e+08
2.542605721746247127e+02,-2.311834739947487838e-01,1.763886237535333412e-01,-9.056499829472424090e+07,-1.367216262725742757e+08
2.825117468606941316e+02,-2.468784794897848911e-01,1.494953993213921362e-01,-7.496631389102645218e+07,-1.473481680979019105e+08
3.107629215467635504e+02,-2.594868919498753979e-01,1.207317388958341481e-01,-5.791685458428443968e+07,-1.564384184663408101e+08
3.390140962328329124e+02,-2.687414468147415469e-01,9.040623499397701379e-02,-3.949666914633871615e+07,-1.637909827035798430e+08
3.672652709189023312e+02,-2.743916946679944013e-01,5.886678057051064616e-02,-1.980583078708773106e+07,-1.691905433864851296e+08
3.955164456049717501e+02,-2.762081791013254461e-01,2.650332334570121642e-02,1.030892726609956473e+06,-1.724066256483613253e+08
4.237676202910411689e+02,-2.739875918871063076e-01,-6.249157220641049677e-03,2.285824030350647494e+07,-1.731925301078329384e+08
4.520187949771105878e+02,-2.675591434149187098e-01,-3.890749129728490047e-02,4.548323118844971061e+07,-1.712845596065662503e+08
4.802699696631800066e+02,-2.567924506499815185e-01,-7.093704814219978227e-02,6.866611574891251326e+07,-1.664017315101488531e+08
5.085211443492494254e+02,-2.416073303599285682e-01,-1.017484670711553130e-01,9.210897403117235005e+07,-1.582462670122984052e+08
5.367723190353187874e+02,-2.219860005566359207e-01,-1.306945698151693869e-01,1.154412426653270721e+08,-1.465053029650539756e+08
5.650234937213882631e+02,-1.979883508097389222e-01,-1.570677361238126402e-01,1.382011754375442863e+08,-1.308545147221962959e+08
5.932746684074576251e+02,-1.697711619827281249e-01,-1.800981829487901809e-01,1.598118346972565055e+08,-1.109647308171146512e+08
6.215258430935271008e+02,-1.376124690662606787e-01,-1.989538382231706981e-01,1.795495895762386024e+08,-8.651327184197592735e+07
6.497770177795964628e+02,-1.019427175344630732e-01,-2.127429059379545573e-01,1.965021239650132358e+08,-5.720286405717642605e+07
6.780281924656658248e+02,-6.338504840223314896e-02,-2.205208946966550065e-01,2.095113841152066290e+08,-2.279297230958616734e+07
7.062793671517353005e+02,-2.280810595037539856e-02,-2.213050463949794155e-01,2.170942634607943594e+08,1.684788403518866748e+07
7.345305418378046625e+02,1.860354314489889166e-02,-2.141011952893108194e-01,2.173292512363968790e+08,6.165295744339109957e+07
7.627817165238741381e+02,5.925347196127315336e-02,-1.979520474541134889e-01,2.076890199371368289e+08,1.112000732014236301e+08
7.910328912099435001e+02,9.699914375237340958e-02,-1.720238323958697413e-01,1.847834613576238751e+08,1.644207790360202789e+08
8.192840658960129758e+02,1.289577215025808354e-01,-1.357655263885191865e-01,1.439479041027742922e+08,2.190252116571108699e+08
8.475352405820823378e+02,1.512137301936750666e-01,-8.921582430189954616e-02,7.855493885839590430e+07,2.702572399453467131e+08
8.757864152681518135e+02,1.583590960911438195e-01,-3.364247735084076318e-02,-2.115393758479863405e+07,3.078443217716305256e+08
9.040375899542211755e+02,1.427457470380058269e-01,2.696059846085839193e-02,-1.697541630731686354e+08,3.070988439736008048e+08
9.322887646402905375e+02,9.336626669928593802e-02,8.168291528749162256e-02,-3.843391067312363386e+08,1.954799198603685498e+08
9.605399393263600132e+02,-3.738565213092559340e-03,9.714271521785319830e-02,-5.849658702724404335e+08,-3.218793190533549190e+08
9.887911140124293752e+02,-1.100608059450335907e-01,-7.135881706575968042e-02,1.712975534840685844e+09,-1.616835118385933876e+09
1.017042288698498851e+03,8.908581328042002312e-01,6.252922014127333672e-02,2.171325637159549713e+09,6.231388518165044785e+09
1.045293463384568213e+03,1.179506633945122784e+00,1.230773534535552827e+00,1.482324078846432209e+09,6.142282790837874413e+09
1.073544638070637575e+03,1.453068637386445205e+00,2.384067533789790527e+00,1.445031388622824430e+09,6.101242422880154610e+09
1.101795812756707164e+03,1.725286309066725643e+00,3.535157631306787174e+00,1.440725335342904806e+09,6.093865645381384850e+09
1.130046987442776526e+03,1.997215554706405438e+00,4.685656759007327032e+00,1.439716530838470221e+09,6.091725692316887856e+09
1.158298162128845888e+03,2.269052131051557453e+00,5.835938476763881333e+00,1.439370581070221663e+09,6.090891338384397507e+09
1.186549336814915250e+03,2.540850711760621827e+00,6.986122470897104364e+00,1.439221468122341871e+09,6.090499210582302094e+09
1.214800511500984612e+03,2.812630969434869677e+00,8.136256085472892252e+00,1.439146699656658173e+09,6.090289872469302177e+09
1.243051686187054202e+03,3.084401310844188338e+00,9.286361014712696260e+00,1.439104958572417498e+09,6.090167298433493614e+09
1.271302860873123564e+03,3.356165803343147402e+00,1.043644833434662544e+01,1.439079708975975275e+09,6.090090312748896599e+09
1.299554035559192926e+03,3.627926608243735807e+00,1.158652418689829844e+01,1.439063453926297903e+09,6.090039219751485825e+09
1.327805210245262288e+03,3.899684961380799564e+00,1.273659220924272972e+01,1.439052455434120178e+09,6.090003767727700233e+09
1.356056384931331650e+03,4.171441612266292509e+00,1.388665467193702874e+01,1.439044704570725441e+09,6.089978248847666740e+09
1.384307559617401239e+03,4.443197037983612319e+00,1.503671305606835595e+01,1.439039054063375235e+09,6.089959305494421959e+09
1.412558734303470601e+03,4.714951554731800165e+00,1.618676836405701280e+01,1.439034814973229408e+09,6.089944869986094475e+09
1.440809908989539963e+03,4.986705379389276160e+00,1.733682129604839872e+01,1.439031555736235619e+09,6.089933618672995567e+09
1.469061083675609325e+03,5.258458665157871970e+00,1.848687235453423128e+01,1.439028996086004972e+09,6.089924675549522400e+09
1.497312258361678914e+03,5.530211523062333434e+00,1.963692190880178501e+01,1.439026948252946377e+09,6.089917443888607025e+09
1.525563433047748276e+03,5.801964035385884344e+00,2.078697023596521731e+01,1.439025282970188379e+09,6.089911506791918755e+09
1.553814607733817638e+03,6.073716264330530024e+00,2.193701754785368152e+01,1.439023909089626551e+09,6.089906566411494255e+09
1.582065782419887000e+03,6.345468257753816843e+00,2.308706400908729606e+01,1.439022760960905075e+09,6.089902405674255371e+09
1.610316957105956362e+03,6.617220053062298213e+00,2.423710974950898844e+01,1.439021790392121553e+09,6.089898863527491570e+09
1.638568131792025952e+03,6.888971679911947810e+00,2.538715487291097261e+01,1.439020961397872210e+09,6.089895818543399811e+09
1.666819306478095314e+03,7.160723162118005192e+00,2.653719946327414547e+01,1.439020246689515114e+09,6.089893177825052261e+09
1.695070481164164676e+03,7.432474519029810267e+00,2.768724358930452212e+01,1.439019625281207800e+09,6.089890869352824211e+09
1.723321655850234038e+03,7.704225766536473508e+00,2.883728730778197047e+01,1.439019080826402903e+09,6.089888836610565186e+09
1.751572830536303627e+03,7.975976917813417444e+00,2.998733066606694564e+01,1.439018600442196131e+09,6.089887034751311302e+09
1.779824005222372989e+03,8.247727983884010072e+00,3.113737370400107451e+01,1.439018173865486383e+09,6.089885427820852280e+09
1.808075179908442351e+03,8.519478974047405728e+00,3.228741645536527471e+01,1.439017792838619471e+09,6.089883986719844818e+09
1.836326354594511713e+03,8.791229896208152539e+00,3.343745894901068283e+01,1.439017450656198502e+09,6.089882687689147949e+09
1.864577529280581075e+03,9.062980757132841347e+00,3.458750120974463016e+01,1.439017141826701880e+09,6.089881511170903206e+09
1.892828703966650664e+03,9.334731562651930048e+00,3.573754325903145457e+01,1.439016861816962242e+09,6.089880440942866325e+09
1.921079878652720026e+03,9.606482317819880379e+00,3.688758511555150932e+01,1.439016606857184649e+09,6.089879463453782082e+09
1.949331053338789388e+03,9.878233027043336278e+00,3.803762679565095794e+01,1.439016373790699720e+09,6.089878567308304787e+09
1.977582228024858750e+03,1.014998369418452207e+01,3.918766831370627557e+01,1.439016159957127094e+09,6.089877742864296913e+09
2.005833402710928340e+03,1.042173432264528365e+01,4.033770968242188815e+01,1.439015963100737095e+09,6.089876981915373802e+09
2.034084577396997702e+03,1.069348491543587620e+01,4.148775091307479101e+01,1.439015781297998667e+09,6.089876277438718796e+09
2.062335752083066836e+03,1.096523547523164765e+01,4.263779201571694699e+01,1.439015612899859428e+09,6.089875623393267632e+09
2.090586926769136426e+03,1.123698600442003404e+01,4.378783299934374895e+01,1.439015456485436678e+09,6.089875014557099342e+09
2.118838101455206015e+03,1.150873650513972457e+01,4.493787387203489914e+01,1.439015310824610233e+09,6.089874446395554543e+09
2.147089276141275150e+03,1.178048697931354205e+01,4.608791464107303426e+01,1.439015174847615004e+09,6.089873914953622818e+09
2.175340450827344739e+03,1.205223742867615044e+01,4.723795531304414652e+01,1.439015047620173454e+09,6.089873416767611504e+09
2.203591625513414328e+03,1.232398785479750281e+01,4.838799589392267819e+01,1.439014928323043108e+09,6.089872948792247772e+09
2.231842800199483463e+03,1.259573825910283418e+01,4.953803638914439489e+01,1.439014816235102892e+09,6.089872508340194702e+09
2.260093974885553052e+03,1.286748864288974836e+01,5.068807680366880675e+01,1.439014710719295502e+09,6.089872093031619072e+09
2.288345149571622187e+03,1.313923900734286576e+01,5.183811714203282861e+01,1.439014611210884094e+09,6.089871700751938820e+09
2.316596324257691776e+03,1.341098935354649768e+01,5.298815740839732769e+01,1.439014517207597733e+09,6.089871329616262436e+09
2.344847498943761366e+03,1.368273968249556560e+01,5.413819760658731894e+01,1.439014428261324644e+09,6.089870977939330101e+09
2.373098673629830500e+03,1.395448999510512067e+01,5.528823774012711567e+01,1.439014343971080780e+09,6.089870644210002899e+09
2.401349848315900090e+03,1.422624029221864816e+01,5.643827781227104623e+01,1.439014263977032661e+09,6.089870327069522858e+09
2.429601023001969224e+03,1.449799057461528839e+01,5.758831782603020599e+01,1.439014187955397606e+09,6.089870025292917252e+09
2.457852197688038814e+03,1.476974084301624401e+01,5.873835778419628184e+01,1.439014115614075422e+09,6.089869737773036957e+09
2.486103372374108403e+03,1.504149109809033114e+01,5.988839768936222896e+01,1.439014046688895226e+09,6.089869463506801605e+09
2.514354547060177538e+03,1.531324134045896557e+01,6.103843754394080889e+01,1.439013980940376520e+09,6.089869201583316803e+09
2.542605721746247127e+03,1.558499157070052732e+01,6.218847735018100309e+01,1.439013918150928497e+09,6.089868951173566818e+09
2.570856896432316262e+03,1.585674178935424550e+01,6.333851711018245112e+01,1.439013858122417688e+09,6.089868711521450043e+09
2.599108071118385851e+03,1.612849199692367108e+01,6.448855682590856020e+01,1.439013800674050808e+09,6.089868481935959816e+09
2.627359245804455441e+03,1.640024219387974824e+01,6.563859649919798755e+01,1.439013745640526295e+09,6.089868261784342766e+09
2.655610420490524575e+03,1.667199238066358191e+01,6.678863613177512093e+01,1.439013692870415688e+09,6.089868050486100197e+09
2.683861595176594165e+03,1.694374255768894244e+01,6.793867572525942933e+01,1.439013642224741697e+09,6.089867847507705688e+09
2.712112769862663299e+03,1.721549272534443631e+01,6.908871528117374794e+01,1.439013593575727940e+09,6.089867652357955933e+09
2.740363944548732889e+03,1.748724288399557736e+01,7.023875480095203727e+01,1.439013546805694580e+09,6.089867464583852768e+09
2.768615119234802478e+03,1.775899303398652762e+01,7.138879428594607646e+01,1.439013501806081533e+09,6.089867283766960144e+09
2.796866293920871612e+03,1.803074317564178131e+01,7.253883373743170182e+01,1.439013458476582527e+09,6.089867109520166397e+09
2.825117468606941202e+03,1.830249330926763562e+01,7.368887315661454807e+01,1.439013416724376202e+09,6.089866941484803200e+09
2.853368643293010791e+03,1.857424343515352305e+01,7.483891254463502207e+01,1.439013376463440180e+09,6.089866779328075409e+09
2.881619817979079926e+03,1.884599355357324413e+01,7.598895190257294985e+01,1.439013337613939285e+09,6.089866622740764618e+09
2.909870992665149515e+03,1.911774366478607945e+01,7.713899123145203873e+01,1.439013300101679087e+09,6.089866471435173988e+09
2.938122167351218650e+03,1.938949376903780930e+01,7.828903053224344433e+01,1.439013263857615471e+09,6.089866325143280029e+09
2.966373342037288239e+03,1.966124386656164447e+01,7.943906980586960742e+01,1.439013228817414522e+09,6.089866183615075111e+09
2.994624516723357829e+03,1.993299395757906112e+01,8.058910905320730933e+01,1.439013194921057463e+09,6.089866046617074013e+09
3.022875691409426963e+03,2.020474404230059307e+01,8.173914827509075565e+01,1.439013162112483025e+09,6.089865913930963516e+09
3.051126866095496553e+03,2.047649412092656007e+01,8.288918747231430473e+01,1.439013130339266300e+09,6.089865785352387428e+09
3.079378040781565687e+03,2.074824419364768247e+01,8.403922664563496880e+01,1.439013099552327871e+09,6.089865660689841270e+09
3.107629215467635277e+03,2.101999426064574195e+01,8.518926579577480140e+01,1.439013069705669641e+09,6.089865539763674736e+09
3.135880390153704866e+03,2.129174432209410028e+01,8.633930492342292951e+01,1.439013040756136894e+09,6.089865422405183792e+09
3.164131564839774001e+03,2.156349437815822156e+01,8.748934402923767095e+01,1.439013012663200140e+09,6.089865308455782890e+09
3.192382739525843590e+03,2.183524442899616957e+01,8.863938311384831081e+01,1.439012985388758183e+09,6.089865197766257286e+09
3.220633914211912725e+03,2.210699447475902346e+01,8.978942217785677826e+01,1.439012958896958113e+09,6.089865090196072578e+09
3.248885088897982314e+03,2.237874451559129696e+01,9.093946122183928082e+01,1.439012933154031515e+09,6.089864985612751961e+09
3.277136263584051903e+03,2.265049455163131853e+01,9.208950024634773968e+01,1.439012908128143787e+09,6.089864883891303062e+09
3.305387438270121038e+03,2.292224458301157597e+01,9.323953925191111125e+01,1.439012883789257288e+09,6.089864784913692474e+09
3.333638612956190627e+03,2.319399460985905748e+01,9.438957823903676569e+01,1.439012860109006166e+09,6.089864688568366051e+09
3.361889787642260217e+03,2.346574463229553587e+01,9.553961720821153847e+01,1.439012837060580015e+09,6.089864594749805450e+09
3.390140962328329351e+03,2.373749465043786344e+01,9.668965615990288143e+01,1.439012814618619204e+09,6.089864503358125687e+09
3.418392137014398941e+03,2.400924466439824911e+01,9.783969509455997127e+01,1.439012792759117126e+09,6.089864414298699379e+09
3.446643311700468075e+03,2.428099467428447156e+01,9.898973401261450533e+01,1.439012771459330082e+09,6.089864327481813431e+09
3.474894486386537665e+03,2.455274468020015277e+01,1.001397729144817816e+02,1.439012750697695971e+09,6.089864242822352409e+09
3.503145661072607254e+03,2.482449468224492861e+01,1.012898118005613526e+02,1.439012730453757048e+09,6.089864160239503860e+09
3.531396835758676389e+03,2.509624468051467971e+01,1.024398506712379202e+02,1.439012710708090305e+09,6.089864079656491280e+09
3.559648010444745978e+03,2.536799467510172690e+01,1.035898895268821320e+02,1.439012691442242384e+09,6.089864001000319481e+09
3.587899185130815113e+03,2.563974466609496972e+01,1.047399283678510926e+02,1.439012672638669252e+09,6.089863924201545715e+09
3.616150359816884702e+03,2.591149465358010318e+01,1.058899671944892162e+02,1.439012654280680656e+09,6.089863849194063187e+09
3.644401534502954291e+03,2.618324463763973142e+01,1.070400060071286532e+02,1.439012636352388620e+09,6.089863775914902687e+09
3.672652709189023426e+03,2.645499461835353117e+01,1.081900448060899862e+02,1.439012618838659048e+09,6.089863704304044724e+09
3.700903883875093015e+03,2.672674459579840800e+01,1.093400835916827702e+02,1.439012601725067854e+09,6.089863634304251671e+09
3.729155058561162150e+03,2.699849457004858522e+01,1.104901223642059165e+02,1.439012584997859240e+09,6.089863565860903740e+09
3.757406233247231739e+03,2.727024454117577079e+01,1.116401611239483600e+02,1.439012568643907070e+09,6.089863498921850204e+09
3.785657407933301329e+03,2.754199450924923909e+01,1.127901998711893441e+02,1.439012552650679111e+09,6.089863433437272072e+09
3.813908582619370463e+03,2.781374447433594455e+01,1.139402386061989318e+02,1.439012537006203651e+09,6.089863369359550476e+09
3.842159757305440053e+03,2.808549443650065669e+01,1.150902773292384182e+02,1.439012521699038267e+09,6.089863306643147469e+09
3.870410931991509187e+03,2.835724439580600631e+01,1.162403160405606855e+02,1.439012506718240738e+09,6.089863245244490623e+09
3.898662106677578777e+03,2.862899435231262757e+01,1.173903547404105581e+02,1.439012492053341866e+09,6.089863185121869087e+09
3.926913281363648366e+03,2.890074430607920775e+01,1.185403934290251584e+02,1.439012477694319725e+09,6.089863126235332489e+09
3.955164456049717501e+03,2.917249425716256894e+01,1.196904321066342050e+02,1.439012463631576061e+09,6.089863068546599388e+09
3.983415630735787090e+03,2.944424420561779954e+01,1.208404707734603676e+02,1.439012449855914354e+09,6.089863012018971443e+09
4.011666805421856679e+03,2.971599415149824708e+01,1.219905094297195376e+02,1.439012436358518124e+09,6.089862956617249489e+09
4.039917980107925814e+03,2.998774409485564263e+01,1.231405480756210267e+02,1.439012423130932093e+09,6.089862902307659149e+09
4.068169154793995403e+03,3.025949403574017182e+01,1.242905867113680216e+02,1.439012410165043116e+09,6.089862849057778358e+09
4.096420329480064538e+03,3.053124397420048552e+01,1.254406253371575986e+02,1.439012397453063250e+09,6.089862796836467743e+09
4.124671504166133673e+03,3.080299391028382416e+01,1.265906639531811351e+02,1.439012384987513781e+09,6.089862745613811493e+09
4.152922678852203717e+03,3.107474384403604262e+01,1.277407025596244949e+02,1.439012372761209488e+09,6.089862695361053467e+09
4.181173853538272851e+03,3.134649377550163862e+01,1.288907411566680992e+02,1.439012360767244339e+09,6.089862646050542831e+09
4.209425028224341986e+03,3.161824370472385226e+01,1.300407797444873665e+02,1.439012348998978138e+09,6.089862597655680656e+09
4.237676202910412030e+03,3.188999363174470503e+01,1.311908183232527563e+02,1.439012337450023651e+09,6.089862550150871277e+09
4.265927377596481165e+03,3.216174355660500339e+01,1.323408568931299669e+02,1.439012326114234924e+09,6.089862503511472702e+09
4.294178552282550299e+03,3.243349347934443472e+01,1.334908954542801212e+02,1.439012314985695124e+09,6.089862457713753700e+09
4.322429726968620344e+03,3.270524340000161345e+01,1.346409340068600216e+02,1.439012304058706760e+09,6.089862412734851837e+09
4.350680901654689478e+03,3.297699331861403493e+01,1.357909725510220937e+02,1.439012293327780962e+09,6.089862368552734375e+09
4.378932076340758613e+03,3.324874323521824238e+01,1.369410110869148411e+02,1.439012282787628412e+09,6.089862325146158218e+09
4.407183251026828657e+03,3.352049314984977713e+01,1.380910496146827597e+02,1.439012272433149815e+09,6.089862282494636536e+09
4.435434425712897792e+03,3.379224306254319998e+01,1.392410881344664801e+02,1.439012262259427547e+09,6.089862240578406334e+09
4.463685600398966926e+03,3.406399297333221199e+01,1.403911266464030518e+02,1.439012252261718035e+09,6.089862199378393173e+09
4.491936775085036061e+03,3.433574288224961180e+01,1.415411651506259716e+02,1.439012242435443401e+09,6.089862158876183510e+09
4.520187949771106105e+03,3.460749278932735251e+01,1.426912036472653256e+02,1.439012232776184559e+09,6.089862119053997040e+09
4.548439124457175240e+03,3.487924269459654880e+01,1.438412421364477893e+02,1.439012223279674530e+09,6.089862079894656181e+09
4.576690299143244374e+03,3.515099259808754795e+01,1.449912806182970257e+02,1.439012213941791534e+09,6.089862041381563187e+09
4.604941473829314418e+03,3.542274249982993695e+01,1.461413190929335428e+02,1.439012204758552790e+09,6.089862003498674393e+09
4.633192648515383553e+03,3.569449239985252120e+01,1.472913575604748075e+02,1.439012195726109266e+09,6.089861966230479240e+09
4.661443823201452687e+03,3.596624229818344531e+01,1.484413960210355015e+02,1.439012186840739250e+09,6.089861929561975479e+09
4.689694997887522732e+03,3.623799219485012912e+01,1.495914344747274640e+02,1.439012178098843813e+09,6.089861893478650093e+09
4.717946172573591866e+03,3.650974208987932457e+01,1.507414729216598630e+02,1.439012169496941566e+09,6.089861857966458321e+09
4.746197347259661001e+03,3.678149198329715830e+01,1.518915113619392230e+02,1.439012161031663418e+09,6.089861823011805534e+09
4.774448521945730135e+03,3.705324187512911038e+01,1.530415497956696242e+02,1.439012152699748516e+09,6.089861788601528168e+09
4.802699696631800180e+03,3.732499176540007113e+01,1.541915882229526460e+02,1.439012144498039961e+09,6.089861754722879410e+09
4.830950871317869314e+03,3.759674165413431979e+01,1.553416266438874231e+02,1.439012136423480272e+09,6.089861721363508224e+09
4.859202046003938449e+03,3.786849154135559559e+01,1.564916650585709021e+02,1.439012128473107815e+09,6.089861688511447906e+09
4.887453220690008493e+03,3.814024142708708354e+01,1.576417034670978410e+02,1.439012120644052982e+09,6.089861656155099869e+09
4.915704395376077628e+03,3.841199131135140021e+01,1.587917418695606671e+02,1.439012112933534622e+09,6.089861624283219337e+09
4.943955570062146762e+03,3.868374119417070034e+01,1.599417802660499035e+02,1.439012105338856459e+09,6.089861592884901047e+09
4.972206744748216806e+03,3.895549107556659862e+01,1.610918186566539703e+02,1.439012097857403994e+09,6.089861561949568748e+09
5.000457919434285941e+03,3.922724095556023372e+01,1.622418570414592409e+02,1.439012090486641407e+09,6.089861531466959953e+09
5.028709094120355076e+03,3.949899083417226819e+01,1.633918954205502985e+02,1.439012083224108696e+09,6.089861501427116394e+09
5.056960268806425120e+03,3.977074071142292411e+01,1.645419337940098501e+02,1.439012076067418814e+09,6.089861471820371628e+09
5.085211443492494254e+03,4.004249058733194744e+01,1.656919721619187555e+02,1.439012069014254808e+09,6.089861442637341499e+09
5.113462618178563389e+03,4.031424046191869337e+01,1.668420105243561693e+02,1.439012062062367439e+09,6.089861413868912697e+09
5.141713792864632524e+03,4.058599033520206234e+01,1.679920488813995405e+02,1.439012055209572554e+09,6.089861385506233215e+09
5.169964967550702568e+03,4.085774020720058530e+01,1.691420872331247267e+02,1.439012048453748703e+09,6.089861357540703773e+09
5.198216142236771702e+03,4.112949007793235268e+01,1.702921255796057949e+02,1.439012041792835236e+09,6.089861329963968277e+09
5.226467316922840837e+03,4.140123994741510671e+01,1.714421639209154762e+02,1.439012035224829912e+09,6.089861302767904282e+09
5.254718491608910881e+03,4.167298981566622018e+01,1.725922022571249386e+02,1.439012028747786283e+09,6.089861275944617271e+09
5.282969666294980016e+03,4.194473968270266084e+01,1.737422405883037584e+02,1.439012022359812975e+09,6.089861249486429214e+09
5.311220840981049150e+03,4.221648954854109803e+01,1.748922789145202046e+02,1.439012016059070587e+09,6.089861223385874748e+09
5.339472015667119194e+03,4.248823941319782449e+01,1.760423172358411534e+02,1.439012009843770504e+09,6.089861197635691643e+09
5.367723190353188329e+03,4.275998927668879901e+01,1.771923555523320033e+02,1.439012003712172985e+09,6.089861172228813171e+09
5.395974365039257464e+03,4.303173913902967485e+01,1.783423938640569872e+02,1.439011997662585735e+09,6.089861147158365250e+09
5.424225539725326598e+03,4.330348900023579262e+01,1.794924321710790025e+02,1.439011991693361521e+09,6.089861122417654991e+09
5.452476714411396642e+03,4.357523886032216609e+01,1.806424704734597242e+02,1.439011985802897930e+09,6.089861098000167847e+09
5.480727889097465777e+03,4.384698871930351061e+01,1.817925087712594916e+02,1.439011979989634514e+09,6.089861073899561882e+09
5.508979063783534912e+03,4.411873857719427150e+01,1.829425470645376492e+02,1.439011974252052546e+09,6.089861050109660149e+09
5.537230238469604956e+03,4.439048843400860278e+01,1.840925853533522627e+02,1.439011968588672876e+09,6.089861026624446869e+09
5.565481413155674090e+03,4.466223828976036003e+01,1.852426236377603175e+02,1.439011962998054981e+09,6.089861003438061714e+09
5.593732587841743225e+03,4.493398814446315725e+01,1.863926619178176338e+02,1.439011957478795290e+09,6.089860980544794083e+09
5.621983762527813269e+03,4.520573799813035976e+01,1.875427001935791509e+02,1.439011952029526949e+09,6.089860957939078331e+09
5.650234937213882404e+03,4.547748785077502731e+01,1.886927384650985573e+02,1.439011946648917437e+09,6.089860935615491867e+09
5.678486111899951538e+03,4.574923770241002074e+01,1.898427767324286322e+02,1.439011941335668325e+09,6.089860913568746567e+09
5.706737286586021582e+03,4.602098755304794508e+01,1.909928149956212451e+02,1.439011936088514090e+09,6.089860891793687820e+09
5.734988461272090717e+03,4.629273740270114246e+01,1.921428532547271004e+02,1.439011930906220436e+09,6.089860870285287857e+09
5.763239635958159852e+03,4.656448725138175604e+01,1.932928915097961635e+02,1.439011925787584066e+09,6.089860849038643837e+09
5.791490810644228986e+03,4.683623709910170163e+01,1.944429297608774050e+02,1.439011920731431484e+09,6.089860828048973083e+09
5.819741985330299030e+03,4.710798694587266766e+01,1.955929680080189712e+02,1.439011915736618042e+09,6.089860807311609268e+09
5.847993160016368165e+03,4.737973679170611518e+01,1.967430062512679001e+02,1.439011910802026987e+09,6.089860786821998596e+09
5.876244334702437300e+03,4.765148663661334183e+01,1.978930444906706896e+02,1.439011905926568508e+09,6.089860766575697899e+09
5.904495509388507344e+03,4.792323648060538943e+01,1.990430827262728712e+02,1.439011901109179258e+09,6.089860746568368912e+09
5.932746684074576478e+03,4.819498632369312929e+01,2.001931209581190956e+02,1.439011896348821402e+09,6.089860726795778275e+09
5.960997858760645613e+03,4.846673616588723377e+01,2.013431591862533310e+02,1.439011891644481897e+09,6.089860707253790855e+09
5.989249033446715657e+03,4.873848600719820467e+01,2.024931974107187784e+02,1.439011886995171309e+09,6.089860687938369751e+09
6.017500208132784792e+03,4.901023584763632357e+01,2.036432356315577863e+02,1.439011882399924040e+09,6.089860668845572472e+09
6.045751382818853926e+03,4.928198568721170858e+01,2.047932738488120776e+02,1.439011877857796431e+09,6.089860649971547127e+09
6.074002557504923971e+03,4.955373552593431441e+01,2.059433120625225797e+02,1.439011873367867470e+09,6.089860631312531471e+09
6.102253732190993105e+03,4.982548536381390392e+01,2.070933502727295377e+02,1.439011868929236889e+09,6.089860612864848137e+09
6.130504906877062240e+03,5.009723520086007653e+01,2.082433884794725429e+02,1.439011864541025400e+09,6.089860594624905586e+09
6.158756081563131374e+03,5.036898503708227537e+01,2.093934266827904764e+02,1.439011860202373743e+09,6.089860576589192390e+09
6.187007256249201419e+03,5.064073487248979433e+01,2.105434648827216222e+02,1.439011855912442207e+09,6.089860558754277229e+09
6.215258430935270553e+03,5.091248470709173546e+01,2.116935030793034969e+02,1.439011851670409918e+09,6.089860541116804123e+09
6.243509605621339688e+03,5.118423454089707292e+01,2.128435412725731055e+02,1.439011847475474596e+09,6.089860523673493385e+09
6.271760780307409732e+03,5.145598437391463875e+01,2.139935794625668848e+02,1.439011843326851606e+09,6.089860506421137810e+09
6.300011954993478867e+03,5.172773420615308737e+01,2.151436176493204471e+02,1.439011839223774195e+09,6.089860489356599808e+09
6.328263129679548001e+03,5.199948403762095239e+01,2.162936558328690637e+02,1.439011835165492058e+09,6.089860472476811409e+09
6.356514304365618045e+03,5.227123386832663954e+01,2.174436940132473524e+02,1.439011831151271582e+09,6.089860455778770447e+09
6.384765479051687180e+03,5.254298369827837689e+01,2.185937321904893054e+02,1.439011827180395126e+09,6.089860439259541512e+09
6.413016653737756315e+03,5.281473352748429306e+01,2.197437703646284035e+02,1.439011823252160788e+09,6.089860422916250229e+09
6.441267828423825449e+03,5.308648335595238166e+01,2.208938085356976728e+02,1.439011819365881443e+09,6.089860406746086121e+09
6.469519003109895493e+03,5.335823318369050838e+01,2.220438467037295425e+02,1.439011815520885229e+09,6.089860390746296883e+09
6.497770177795964628e+03,5.362998301070637552e+01,2.231938848687558163e+02,1.439011811716514111e+09,6.089860374914188385e+09
6.526021352482033762e+03,5.390173283700762141e+01,2.243439230308080141e+02,1.439011807952124357e+09,6.089860359247124672e+09
6.554272527168103807e+03,5.417348266260172807e+01,2.254939611899170586e+02,1.439011804227085590e+09,6.089860343742525101e+09
6.582523701854172941e+03,5.444523248749606381e+01,2.266439993461133326e+02,1.439011800540781021e+09,6.089860328397861481e+09
6.610774876540242076e+03,5.471698231169789040e+01,2.277940374994268211e+02,1.439011796892606497e+09,6.089860313210658073e+09
6.639026051226312120e+03,5.498873213521435588e+01,2.289440756498870826e+02,1.439011793281970501e+09,6.089860298178491592e+09
6.667277225912381255e+03,5.526048195805247332e+01,2.300941137975231072e+02,1.439011789708293438e+09,6.089860283298987389e+09
6.695528400598450389e+03,5.553223178021919182e+01,2.312441519423634873e+02,1.439011786171008348e+09,6.089860268569819450e+09
6.723779575284520433e+03,5.580398160172132549e+01,2.323941900844364739e+02,1.439011782669559002e+09,6.089860253988708496e+09
6.752030749970589568e+03,5.607573142256558185e+01,2.335442282237697214e+02,1.439011779203401327e+09,6.089860239553422928e+09
6.780281924656658703e+03,5.634748124275858316e+01,2.346942663603905999e+02,1.439011775772001505e+09,6.089860225261775017e+09
6.808533099342727837e+03,5.661923106230683089e+01,2.358443044943260816e+02,1.439011772374836922e+09,6.089860211111619949e+09
6.836784274028797881e+03,5.689098088121676255e+01,2.369943426256026555e+02,1.439011769011395454e+09,6.089860197100856781e+09
6.865035448714867016e+03,5.716273069949467356e+01,2.381443807542463844e+02,1.439011765681174994e+09,6.089860183227426529e+09
6.893286623400936151e+03,5.743448051714680247e+01,2.392944188802830467e+02,1.439011762383683443e+09,6.089860169489309311e+09
6.921537798087006195e+03,5.770623033417930259e+01,2.404444570037380799e+02,1.439011759118438721e+09,6.089860155884525299e+09
6.949788972773075329e+03,5.797798015059819221e+01,2.415944951246363814e+02,1.439011755884967566e+09,6.089860142411133766e+09
6.978040147459144464e+03,5.824972996640942569e+01,2.427445332430025928e+02,1.439011752682806492e+09,6.089860129067232132e+09
7.006291322145214508e+03,5.852147978161890052e+01,2.438945713588610715e+02,1.439011749511500835e+09,6.089860115850953102e+09
7.034542496831283643e+03,5.879322959623236500e+01,2.450446094722356634e+02,1.439011746370604753e+09,6.089860102760465622e+09
7.062793671517352777e+03,5.906497941025555320e+01,2.461946475831499583e+02,1.439011743259681225e+09,6.089860089793974876e+09
7.091044846203421912e+03,5.933672922369405711e+01,2.473446856916272623e+02,1.439011740178301096e+09,6.089860076949718475e+09
7.119296020889491956e+03,5.960847903655344027e+01,2.484947237976904546e+02,1.439011737126043797e+09,6.089860064225968361e+09
7.147547195575561091e+03,5.988022884883914543e+01,2.496447619013621306e+02,1.439011734102496624e+09,6.089860051621028900e+09
7.175798370261630225e+03,6.015197866055656561e+01,2.507948000026645445e+02,1.439011731107254505e+09,6.089860039133236885e+09
7.204049544947700269e+03,6.042372847171099437e+01,2.519448381016197231e+02,1.439011728139920235e+09,6.089860026760958672e+09
7.232300719633769404e+03,6.069547828230767550e+01,2.530948761982492954e+02,1.439011725200103998e+09,6.089860014502592087e+09
7.260551894319838539e+03,6.096722809235176754e+01,2.542449142925745775e+02,1.439011722287423134e+09,6.089860002356564522e+09
7.288803069005908583e+03,6.123897790184836509e+01,2.553949523846167438e+02,1.439011719401502132e+09,6.089859990321331978e+09
7.317054243691977717e+03,6.151072771080247747e+01,2.565449904743964566e+02,1.439011716541972160e+09,6.089859978395379066e+09
7.345305418378046852e+03,6.178247751921905007e+01,2.576950285619342935e+02,1.439011713708471537e+09,6.089859966577217102e+09
7.373556593064116896e+03,6.205422732710299272e+01,2.588450666472504054e+02,1.439011710900645018e+09,6.089859954865386009e+09
7.401807767750186031e+03,6.232597713445908028e+01,2.599951047303648011e+02,1.439011708118144035e+09,6.089859943258450508e+09
7.430058942436255165e+03,6.259772694129208048e+01,2.611451428112970348e+02,1.439011705360625744e+09,6.089859931755002022e+09
7.458310117122324300e+03,6.286947674760667581e+01,2.622951808900666606e+02,1.439011702627754211e+09,6.089859920353656769e+09
7.486561291808394344e+03,6.314122655340751322e+01,2.634452189666928348e+02,1.439011699919198990e+09,6.089859909053055763e+09
7.514812466494463479e+03,6.341297635869911886e+01,2.645952570411943725e+02,1.439011697234635592e+09,6.089859897851864815e+09
7.543063641180532613e+03,6.368472616348601179e+01,2.657452951135899184e+02,1.439011694573745489e+09,6.089859886748771667e+09
7.571314815866602657e+03,6.395647596777263999e+01,2.668953331838979466e+02,1.439011691936215878e+09,6.089859875742488861e+09
7.599565990552671792e+03,6.422822577156337331e+01,2.680453712521365333e+02,1.439011689321739197e+09,6.089859864831750870e+09
7.627817165238740927e+03,6.449997557486253186e+01,2.691954093183236409e+02,1.439011686730013371e+09,6.089859854015313148e+09
7.656068339924810971e+03,6.477172537767441440e+01,2.703454473824770048e+02,1.439011684160741568e+09,6.089859843291954041e+09
7.684319514610880105e+03,6.504347518000318473e+01,2.714954854446140189e+02,1.439011681613632202e+09,6.089859832660472870e+09
7.712570689296949240e+03,6.531522498185302084e+01,2.726455235047519636e+02,1.439011679088398695e+09,6.089859822119688988e+09
7.740821863983018375e+03,6.558697478322804386e+01,2.737955615629077784e+02,1.439011676584759474e+09,6.089859811668442726e+09
7.769073038669088419e+03,6.585872458413230390e+01,2.749455996190984592e+02,1.439011674102437496e+09,6.089859801305593491e+09
7.797324213355157553e+03,6.613047438456978000e+01,2.760956376733404340e+02,1.439011671641160965e+09,6.089859791030020714e+09
7.825575388041226688e+03,6.640222418454442277e+01,2.772456757256500737e+02,1.439011669200662136e+09,6.089859780840621948e+09
7.853826562727296732e+03,6.667397398406015441e+01,2.783957137760436353e+02,1.439011666780678272e+09,6.089859770736313820e+09
7.882077737413365867e+03,6.694572378312079763e+01,2.795457518245369215e+02,1.439011664380950689e+09,6.089859760716030121e+09
7.910328912099435001e+03,6.721747358173017517e+01,2.806957898711458483e+02,1.439011662001225471e+09,6.089859750778724670e+09
7.938580086785505046e+03,6.748922337989202447e+01,2.818458279158859909e+02,1.439011659641252518e+09,6.089859740923366547e+09
7.966831261471574180e+03,6.776097317761005456e+01,2.829958659587726970e+02,1.439011657300786018e+09,6.089859731148941994e+09
7.995082436157643315e+03,6.803272297488794607e+01,2.841459039998211438e+02,1.439011654979584455e+09,6.089859721454455376e+09
8.023333610843713359e+03,6.830447277172929432e+01,2.852959420390463379e+02,1.439011652677410126e+09,6.089859711838927269e+09
8.051584785529782494e+03,6.857622256813768047e+01,2.864459800764631154e+02,1.439011650394029140e+09,6.089859702301392555e+09
8.079835960215851628e+03,6.884797236411660037e+01,2.875960181120860852e+02,1.439011648129211664e+09,6.089859692840903282e+09
8.108087134901920763e+03,6.911972215966957833e+01,2.887460561459297423e+02,1.439011645882731438e+09,6.089859683456525803e+09
8.136338309587990807e+03,6.939147195480003916e+01,2.898960941780083544e+02,1.439011643654365778e+09,6.089859674147342682e+09
8.164589484274059942e+03,6.966322174951137924e+01,2.910461322083359619e+02,1.439011641443895817e+09,6.089859664912450790e+09
8.192840658960129076e+03,6.993497154380696657e+01,2.921961702369266618e+02,1.439011639251106262e+09,6.089859655750961304e+09
8.221091833646198211e+03,7.020672133769011225e+01,2.933462082637940966e+02,1.439011637075785160e+09,6.089859646661998749e+09
8.249343008332267345e+03,7.047847113116411322e+01,2.944962462889519657e+02,1.439011634917723656e+09,6.089859637644703865e+09
8.277594183018338299e+03,7.075022092423219533e+01,2.956462843124137407e+02,1.439011632776716709e+09,6.089859628698227882e+09
8.305845357704407434e+03,7.102197071689755603e+01,2.967963223341926096e+02,1.439011630652562380e+09,6.089859619821738243e+09
8.334096532390476568e+03,7.129372050916336434e+01,2.979463603543017598e+02,1.439011628545061588e+09,6.089859611014413834e+09
8.362347707076545703e+03,7.156547030103274665e+01,2.990963983727541518e+02,1.439011626454018831e+09,6.089859602275446892e+09
8.390598881762614837e+03,7.183722009250877250e+01,3.002464363895626889e+02,1.439011624379241467e+09,6.089859593604042053e+09
8.418850056448683972e+03,7.210896988359453985e+01,3.013964744047400472e+02,1.439011622320539951e+09,6.089859584999416351e+09
8.447101231134754926e+03,7.238071967429303299e+01,3.025465124182987324e+02,1.439011620277727365e+09,6.089859576460799217e+09
8.475352405820824060e+03,7.265246946460725042e+01,3.036965504302511363e+02,1.439011618250620127e+09,6.089859567987431526e+09
8.503603580506893195e+03,7.292421925454011955e+01,3.048465884406094801e+02,1.439011616239037037e+09,6.089859559578565598e+09
8.531854755192962330e+03,7.319596904409456783e+01,3.059966264493859285e+02,1.439011614242799997e+09,6.089859551233465195e+09
8.560105929879031464e+03,7.346771883327348007e+01,3.071466644565924184e+02,1.439011612261733770e+09,6.089859542951405525e+09
8.588357104565100599e+03,7.373946862207969843e+01,3.082967024622408303e+02,1.439011610295665264e+09,6.089859534731673241e+09
8.616608279251169733e+03,7.401121841051605088e+01,3.094467404663428169e+02,1.439011608344424486e+09,6.089859526573565483e+09
8.644859453937240687e+03,7.428296819858532274e+01,3.105967784689100313e+02,1.439011606407843828e+09,6.089859518476388931e+09
8.673110628623309822e+03,7.455471798629025670e+01,3.117468164699537851e+02,1.439011604485758066e+09,6.089859510439461708e+09
8.701361803309378956e+03,7.482646777363355284e+01,3.128968544694855041e+02,1.439011602578004599e+09,6.089859502462112427e+09
8.729612977995448091e+03,7.509821756061793963e+01,3.140468924675162725e+02,1.439011600684423447e+09,6.089859494543678284e+09
8.757864152681517226e+03,7.536996734724606029e+01,3.151969304640572886e+02,1.439011598804856777e+09,6.089859486683507919e+09
8.786115327367586360e+03,7.564171713352054383e+01,3.163469684591193527e+02,1.439011596939149141e+09,6.089859478880958557e+09
8.814366502053657314e+03,7.591346691944401925e+01,3.174970064527134923e+02,1.439011595087147236e+09,6.089859471135396957e+09
8.842617676739726448e+03,7.618521670501903031e+01,3.186470444448501667e+02,1.439011593248700380e+09,6.089859463446198463e+09
8.870868851425795583e+03,7.645696649024813496e+01,3.197970824355400623e+02,1.439011591423659801e+09,6.089859455812748909e+09
8.899120026111864718e+03,7.672871627513384851e+01,3.209471204247936953e+02,1.439011589611878872e+09,6.089859448234442711e+09
8.927371200797933852e+03,7.700046605967865787e+01,3.220971584126213543e+02,1.439011587813213348e+09,6.089859440710682869e+09
8.955622375484002987e+03,7.727221584388503572e+01,3.232471963990333279e+02,1.439011586027520895e+09,6.089859433240880966e+09
8.983873550170072122e+03,7.754396562775541213e+01,3.243972343840397343e+02,1.439011584254661322e+09,6.089859425824457169e+09
9.012124724856143075e+03,7.781571541129220293e+01,3.255472723676506348e+02,1.439011582494496346e+09,6.089859418460839272e+09
9.040375899542212210e+03,7.808746519449778134e+01,3.266973103498759201e+02,1.439011580746889830e+09,6.089859411149463654e+09
9.068627074228281344e+03,7.835921497737452057e+01,3.278473483307253673e+02,1.439011579011707544e+09,6.089859403889775276e+09
9.096878248914350479e+03,7.863096475992475121e+01,3.289973863102086966e+02,1.439011577288817167e+09,6.089859396681225777e+09
9.125129423600419614e+03,7.890271454215076119e+01,3.301474242883355146e+02,1.439011575578088045e+09,6.089859389523276329e+09
9.153380598286488748e+03,7.917446432405485268e+01,3.312974622651153709e+02,1.439011573879391432e+09,6.089859382415393829e+09
9.181631772972559702e+03,7.944621410563929942e+01,3.324475002405577015e+02,1.439011572192600727e+09,6.089859375357053757e+09
9.209882947658628837e+03,7.971796388690630408e+01,3.335975382146716584e+02,1.439011570517590761e+09,6.089859368347738266e+09
9.238134122344697971e+03,7.998971366785809778e+01,3.347475761874665636e+02,1.439011568854238272e+09,6.089859361386937141e+09
9.266385297030767106e+03,8.026146344849688319e+01,3.358976141589515123e+02,1.439011567202421665e+09,6.089859354474147797e+09
9.294636471716836240e+03,8.053321322882482036e+01,3.370476521291355425e+02,1.439011565562021255e+09,6.089859347608873367e+09
9.322887646402905375e+03,8.080496300884404093e+01,3.381976900980275786e+02,1.439011563932918549e+09,6.089859340790623665e+09
9.351138821088974510e+03,8.107671278855667651e+01,3.393477280656364314e+02,1.439011562314996958e+09,6.089859334018917084e+09
9.379389995775045463e+03,8.134846256796483033e+01,3.404977660319709116e+02,1.439011560708141565e+09,6.089859327293276787e+09
9.407641170461114598e+03,8.162021234707057715e+01,3.416478039970396026e+02,1.439011559112238884e+09,6.089859320613233566e+09
9.435892345147183732e+03,8.189196212587596335e+01,3.427978419608510876e+02,1.439011557527177095e+09,6.089859313978323936e+09
9.464143519833252867e+03,8.216371190438303529e+01,3.439478799234137796e+02,1.439011555952845812e+09,6.089859307388091087e+09
9.492394694519322002e+03,8.243546168259382512e+01,3.450979178847361482e+02,1.439011554389136314e+09,6.089859300842083931e+09
9.520645869205391136e+03,8.270721146051032235e+01,3.462479558448264925e+02,1.439011552835941076e+09,6.089859294339857101e+09
9.548897043891460271e+03,8.297896123813447389e+01,3.473979938036930548e+02,1.439011551293154001e+09,6.089859287880972862e+09
9.577148218577531225e+03,8.325071101546828345e+01,3.485480317613440775e+02,1.439011549760670900e+09,6.089859281464997292e+09
9.605399393263600359e+03,8.352246079251362687e+01,3.496980697177874049e+02,1.439011548238388300e+09,6.089859275091504097e+09
9.633650567949669494e+03,8.379421056927246525e+01,3.508481076730311088e+02,1.439011546726204634e+09,6.089859268760070801e+09
9.661901742635738628e+03,8.406596034574667442e+01,3.519981456270830904e+02,1.439011545224019527e+09,6.089859262470282555e+09
9.690152917321807763e+03,8.433771012193814443e+01,3.531481835799512510e+02,1.439011543731734037e+09,6.089859256221727371e+09
9.718404092007876898e+03,8.460945989784873689e+01,3.542982215316432075e+02,1.439011542249250174e+09,6.089859250014001846e+09
9.746655266693947851e+03,8.488120967348032764e+01,3.554482594821667476e+02,1.439011540776471615e+09,6.089859243846704483e+09
9.774906441380016986e+03,8.515295944883466461e+01,3.565982974315294314e+02,1.439011539313303232e+09,6.089859237719442368e+09
9.803157616066086121e+03,8.542470922391359522e+01,3.577483353797387622e+02,1.439011537859650850e+09,6.089859231631824493e+09
9.831408790752155255e+03,8.569645899871891004e+01,3.588983733268021865e+02,1.439011536415421724e+09,6.089859225583467484e+09
9.859659965438224390e+03,8.596820877325238541e+01,3.600484112727270940e+02,1.439011534980524540e+09,6.089859219573991776e+09
9.887911140124293524e+03,8.623995854751575507e+01,3.611984492175208175e+02,1.439011533554868698e+09,6.089859213603022575e+09
9.916162314810362659e+03,8.651170832151076695e+01,3.623484871611905760e+02,1.439011532138365269e+09,6.089859207670189857e+09
9.944413489496433613e+03,8.678345809523916898e+01,3.634985251037435887e+02,1.439011530730926037e+09,6.089859201775129318e+09
9.972664664182502747e+03,8.705520786870260963e+01,3.646485630451867905e+02,1.439011529332463980e+09,6.089859195917479515e+09
1.000091583886857188e+04,8.732695764190279419e+01,3.657986009855274006e+02,1.439011527942893505e+09,6.089859190096885681e+09
1.002916701355464102e+04,8.759870741484139955e+01,3.669486389247722400e+02,1.439011526562129736e+09,6.089859184312995911e+09
1.005741818824071015e+04,8.787045718752008838e+01,3.680986768629283574e+02,1.439011525190089226e+09,6.089859178565464020e+09
1.008566936292677929e+04,8.814220695994049493e+01,3.692487148000024035e+02,1.439011523826689243e+09,6.089859172853946686e+09
1.011392053761285024e+04,8.841395673210425343e+01,3.703987527360013701e+02,1.439011522471848249e+09,6.089859167178106308e+09
1.014217171229891937e+04,8.868570650401295552e+01,3.715487906709317372e+02,1.439011521125485897e+09,6.089859161537609100e+09
1.017042288698498851e+04,8.895745627566819280e+01,3.726988286048003260e+02,1.439011519787522554e+09,6.089859155932125092e+09
1.019867406167105764e+04,8.922920604707155690e+01,3.738488665376135600e+02,1.439011518457879782e+09,6.089859150361328125e+09
1.022692523635712678e+04,8.950095581822459678e+01,3.749989044693780329e+02,1.439011517136479855e+09,6.089859144824896812e+09
1.025517641104319591e+04,8.977270558912888987e+01,3.761489424001002249e+02,1.439011515823246479e+09,6.089859139322513580e+09
1.028342758572926505e+04,9.004445535978594251e+01,3.772989803297865024e+02,1.439011514518103838e+09,6.089859133853864670e+09
1.031167876041533600e+04,9.031620513019730367e+01,3.784490182584433455e+02,1.439011513220977306e+09,6.089859128418640137e+09
1.033992993510140514e+04,9.058795490036443709e+01,3.795990561860768366e+02,1.439011511931793213e+09,6.089859123016533852e+09
1.036818110978747427e+04,9.085970467028886333e+01,3.807490941126932853e+02,1.439011510650478363e+09,6.089859117647243500e+09
1.039643228447354340e+04,9.113145443997207451e+01,3.818991320382987738e+02,1.439011509376960993e+09,6.089859112310469627e+09
1.042468345915961254e+04,9.140320420941550594e+01,3.830491699628995548e+02,1.439011508111170053e+09,6.089859107005917549e+09
1.045293463384568167e+04,9.167495397862063555e+01,3.841992078865015969e+02,1.439011506853035212e+09,6.089859101733296394e+09
1.048118580853175263e+04,9.194670374758889864e+01,3.853492458091110393e+02,1.439011505602487326e+09,6.089859096492318153e+09
1.050943698321782176e+04,9.221845351632170207e+01,3.864992837307336799e+02,1.439011504359457493e+09,6.089859091282697678e+09
1.053768815790389090e+04,9.249020328482046693e+01,3.876493216513754305e+02,1.439011503123878241e+09,6.089859086104153633e+09
1.056593933258996003e+04,9.276195305308661432e+01,3.887993595710421459e+02,1.439011501895682573e+09,6.089859080956408501e+09
1.059419050727602917e+04,9.303370282112152267e+01,3.899493974897396811e+02,1.439011500674804211e+09,6.089859075839187622e+09
1.062244168196209830e+04,9.330545258892655625e+01,3.910994354074736634e+02,1.439011499461178064e+09,6.089859070752220154e+09
1.065069285664816744e+04,9.357720235650306506e+01,3.922494733242498910e+02,1.439011498254739523e+09,6.089859065695238113e+09
1.067894403133423839e+04,9.384895212385245600e+01,3.933995112400739913e+02,1.439011497055424690e+09,6.089859060667976379e+09
1.070719520602030752e+04,9.412070189097600803e+01,3.945495491549514213e+02,1.439011495863170624e+09,6.089859055670172691e+09
1.073544638070637666e+04,9.439245165787507119e+01,3.956995870688878654e+02,1.439011494677915096e+09,6.089859050701569557e+09
1.076369755539244579e+04,9.466420142455098130e+01,3.968496249818887236e+02,1.439011493499596596e+09,6.089859045761910439e+09
1.079194873007851493e+04,9.493595119100501734e+01,3.979996628939595098e+02,1.439011492328154087e+09,6.089859040850943565e+09
1.082019990476458406e+04,9.520770095723847248e+01,3.991497008051055673e+02,1.439011491163527489e+09,6.089859035968418121e+09
1.084845107945065320e+04,9.547945072325262572e+01,4.002997387153322393e+02,1.439011490005657673e+09,6.089859031114088058e+09
1.087670225413672415e+04,9.575120048904879866e+01,4.014497766246449260e+02,1.439011488854485512e+09,6.089859026287709236e+09
1.090495342882279328e+04,9.602295025462815659e+01,4.025998145330487432e+02,1.439011487709953070e+09,6.089859021489040375e+09
1.093320460350886242e+04,9.629470001999202111e+01,4.037498524405489775e+02,1.439011486572003126e+09,6.089859016717843056e+09
1.096145577819493155e+04,9.656644978514160016e+01,4.048998903471507447e+02,1.439011485440578938e+09,6.089859011973881721e+09
1.098970695288100069e+04,9.683819955007814428e+01,4.060499282528591607e+02,1.439011484315624237e+09,6.089859007256922722e+09
1.101795812756706982e+04,9.710994931480283299e+01,4.071999661576794551e+02,1.439011483197083712e+09,6.089859002566736221e+09
1.104620930225314078e+04,9.738169907931693103e+01,4.083500040616165734e+02,1.439011482084902525e+09,6.089858997903095245e+09
1.107446047693920991e+04,9.765344884362157529e+01,4.095000419646754040e+02,1.439011480979026556e+09,6.089858993265773773e+09
1.110271165162527905e+04,9.792519860771795948e+01,4.106500798668609491e+02,1.439011479879402161e+09,6.089858988654549599e+09
1.113096282631134818e+04,9.819694837160729151e+01,4.118001177681781542e+02,1.439011478785976410e+09,6.089858984069202423e+09
1.115921400099741732e+04,9.846869813529070825e+01,4.129501556686318509e+02,1.439011477698697090e+09,6.089858979509514809e+09
1.118746517568348645e+04,9.874044789876937500e+01,4.141001935682269277e+02,1.439011476617512226e+09,6.089858974975272179e+09
1.121571635036955558e+04,9.901219766204444284e+01,4.152502314669681027e+02,1.439011475542370796e+09,6.089858970466260910e+09
1.124396752505562654e+04,9.928394742511706283e+01,4.164002693648602644e+02,1.439011474473222256e+09,6.089858965982271194e+09
1.127221869974169567e+04,9.955569718798831502e+01,4.175503072619079035e+02,1.439011473410016298e+09,6.089858961523094177e+09
1.130046987442776481e+04,9.982744695065936469e+01,4.187003451581157378e+02,1.439011472352703571e+09,6.089858957088524818e+09
1.132872104911383394e+04,1.000991967131312919e+02,4.198503830534885424e+02,1.439011471301235199e+09,6.089858952678359032e+09
1.135697222379990308e+04,1.003709464754052050e+02,4.210004209480307509e+02,1.439011470255562782e+09,6.089858948292396545e+09
1.138522339848597221e+04,1.006426962374821983e+02,4.221504588417469677e+02,1.439011469215638161e+09,6.089858943930438042e+09
1.141347457317204316e+04,1.009144459993633518e+02,4.233004967346417402e+02,1.439011468181414366e+09,6.089858939592286110e+09
1.144172574785811230e+04,1.011861957610497313e+02,4.244505346267195023e+02,1.439011467152844429e+09,6.089858935277746201e+09
1.146997692254418143e+04,1.014579455225423885e+02,4.256005725179846877e+02,1.439011466129881859e+09,6.089858930986625671e+09
1.149822809723025057e+04,1.017296952838423891e+02,4.267506104084417302e+02,1.439011465112481117e+09,6.089858926718734741e+09
1.152647927191631970e+04,1.020014450449507990e+02,4.279006482980949500e+02,1.439011464100596905e+09,6.089858922473884583e+09
1.155473044660238884e+04,1.022731948058686129e+02,4.290506861869487807e+02,1.439011463094184160e+09,6.089858918251888275e+09
1.158298162128845797e+04,1.025449445665968966e+02,4.302007240750074288e+02,1.439011462093198776e+09,6.089858914052562714e+09
1.161123279597452893e+04,1.028166943271366875e+02,4.313507619622752145e+02,1.439011461097596645e+09,6.089858909875724792e+09
1.163948397066059806e+04,1.030884440874889378e+02,4.325007998487563441e+02,1.439011460107334614e+09,6.089858905721193314e+09
1.166773514534666720e+04,1.033601938476546991e+02,4.336508377344549672e+02,1.439011459122369766e+09,6.089858901588790894e+09
1.169598632003273633e+04,1.036319436076349376e+02,4.348008756193752333e+02,1.439011458142659664e+09,6.089858897478340149e+09
1.172423749471880546e+04,1.039036933674306766e+02,4.359509135035214058e+02,1.439011457168162107e+09,6.089858893389666557e+09
1.175248866940487460e+04,1.041754431270428682e+02,4.371009513868975205e+02,1.439011456198835611e+09,6.089858889322597504e+09
1.178073984409094555e+04,1.044471928864725072e+02,4.382509892695076701e+02,1.439011455234639168e+09,6.089858885276962280e+09
1.180899101877701469e+04,1.047189426457205315e+02,4.394010271513557768e+02,1.439011454275532007e+09,6.089858881252591133e+09
1.183724219346308382e+04,1.049906924047879073e+02,4.405510650324458197e+02,1.439011453321474075e+09,6.089858877249316216e+09
1.186549336814915296e+04,1.052624421636756011e+02,4.417011029127819484e+02,1.439011452372425318e+09,6.089858873266972542e+09
1.189374454283522209e+04,1.055341919223845366e+02,4.428511407923679712e+02,1.439011451428346395e+09,6.089858869305396080e+09
1.192199571752129123e+04,1.058059416809156517e+02,4.440011786712078106e+02,1.439011450489198446e+09,6.089858865364423752e+09
1.195024689220736036e+04,1.060776914392698842e+02,4.451512165493053317e+02,1.439011449554942608e+09,6.089858861443895340e+09
1.197849806689343131e+04,1.063494411974481721e+02,4.463012544266645136e+02,1.439011448625540972e+09,6.089858857543652534e+09
1.200674924157950045e+04,1.066211909554513682e+02,4.474512923032889944e+02,1.439011447700955629e+09,6.089858853663537979e+09
1.203500041626556958e+04,1.068929407132804243e+02,4.486013301791826393e+02,1.439011446781149149e+09,6.089858849803395271e+09
1.206325159095163872e+04,1.071646904709362360e+02,4.497513680543491432e+02,1.439011445866084576e+09,6.089858845963070869e+09
1.209150276563770785e+04,1.074364402284196842e+02,4.509014059287923146e+02,1.439011444955725193e+09,6.089858842142412186e+09
1.211975394032377699e+04,1.077081899857316500e+02,4.520514438025158483e+02,1.439011444050034761e+09,6.089858838341268539e+09
1.214800511500984794e+04,1.079799397428730430e+02,4.532014816755234392e+02,1.439011443148977518e+09,6.089858834559490204e+09
1.217625628969591708e+04,1.082516894998446872e+02,4.543515195478186115e+02,1.439011442252517939e+09,6.089858830796929359e+09
1.220450746438198621e+04,1.085234392566474781e+02,4.555015574194050032e+02,1.439011441360620737e+09,6.089858827053440094e+09
1.223275863906805534e+04,1.087951890132822683e+02,4.566515952902863091e+02,1.439011440473251343e+09,6.089858823328877449e+09
1.226100981375412448e+04,1.090669387697499104e+02,4.578016331604660536e+02,1.439011439590375185e+09,6.089858819623098373e+09
1.228926098844019361e+04,1.093386885260512429e+02,4.589516710299476472e+02,1.439011438711958170e+09,6.089858815935959816e+09
1.231751216312626275e+04,1.096104382821871042e+02,4.601017088987347847e+02,1.439011437837966442e+09,6.089858812267322540e+09
1.234576333781233370e+04,1.098821880381583753e+02,4.612517467668309337e+02,1.439011436968366861e+09,6.089858808617046356e+09
1.237401451249840284e+04,1.101539377939658095e+02,4.624017846342393909e+02,1.439011436103126049e+09,6.089858804984994888e+09
1.240226568718447197e+04,1.104256875496102595e+02,4.635518225009636808e+02,1.439011435242211580e+09,6.089858801371030807e+09
1.243051686187054111e+04,1.106974373050925351e+02,4.647018603670071570e+02,1.439011434385590792e+09,6.089858797775019646e+09
1.245876803655661024e+04,1.109691870604134465e+02,4.658518982323732303e+02,1.439011433533231735e+09,6.089858794196826935e+09
1.248701921124267938e+04,1.112409368155737894e+02,4.670019360970653111e+02,1.439011432685102701e+09,6.089858790636321068e+09
1.251527038592874851e+04,1.115126865705743739e+02,4.681519739610866395e+02,1.439011431841172218e+09,6.089858787093371391e+09
1.254352156061481946e+04,1.117844363254159958e+02,4.693020118244406262e+02,1.439011431001409054e+09,6.089858783567847252e+09
1.257177273530088860e+04,1.120561860800994083e+02,4.704520496871303408e+02,1.439011430165782213e+09,6.089858780059620857e+09
1.260002390998695773e+04,1.123279358346254071e+02,4.716020875491591937e+02,1.439011429334261417e+09,6.089858776568564415e+09
1.262827508467302687e+04,1.125996855889947739e+02,4.727521254105304820e+02,1.439011428506816387e+09,6.089858773094552994e+09
1.265652625935909600e+04,1.128714353432082476e+02,4.739021632712472751e+02,1.439011427683417320e+09,6.089858769637461662e+09
1.268477743404516514e+04,1.131431850972666098e+02,4.750522011313127564e+02,1.439011426864034414e+09,6.089858766197166443e+09
1.271302860873123609e+04,1.134149348511706279e+02,4.762022389907302795e+02,1.439011426048638344e+09,6.089858762773545265e+09
1.274127978341730523e+04,1.136866846049210409e+02,4.773522768495027435e+02,1.439011425237200022e+09,6.089858759366477013e+09
1.276953095810337436e+04,1.139584343585185735e+02,4.785023147076333885e+02,1.439011424429690599e+09,6.089858755975841522e+09
1.279778213278944349e+04,1.142301841119639931e+02,4.796523525651252271e+02,1.439011423626081705e+09,6.089858752601520538e+09
1.282603330747551263e+04,1.145019338652580103e+02,4.808023904219814426e+02,1.439011422826344967e+09,6.089858749243396759e+09
1.285428448216158176e+04,1.147736836184013640e+02,4.819524282782049909e+02,1.439011422030452490e+09,6.089858745901352882e+09
1.288253565684765090e+04,1.150454333713947932e+02,4.831024661337988846e+02,1.439011421238376617e+09,6.089858742575273514e+09
1.291078683153372185e+04,1.153171831242389942e+02,4.842525039887663070e+02,1.439011420450089931e+09,6.089858739265045166e+09
1.293903800621979099e+04,1.155889328769346918e+02,4.854025418431099865e+02,1.439011419665565491e+09,6.089858735970554352e+09
1.296728918090586012e+04,1.158606826294825822e+02,4.865525796968329928e+02,1.439011418884776115e+09,6.089858732691688538e+09
1.299554035559192926e+04,1.161324323818833761e+02,4.877026175499382816e+02,1.439011418107695103e+09,6.089858729428337097e+09
1.302379153027799839e+04,1.164041821341377840e+02,4.888526554024287520e+02,1.439011417334296227e+09,6.089858726180389404e+09
1.305204270496406752e+04,1.166759318862464738e+02,4.900026932543073031e+02,1.439011416564553261e+09,6.089858722947737694e+09
1.308029387965013848e+04,1.169476816382101561e+02,4.911527311055769474e+02,1.439011415798440456e+09,6.089858719730273247e+09
1.310854505433620761e+04,1.172194313900295128e+02,4.923027689562402998e+02,1.439011415035932064e+09,6.089858716527889252e+09
1.313679622902227675e+04,1.174911811417051837e+02,4.934528068063003161e+02,1.439011414277002573e+09,6.089858713340479851e+09
1.316504740370834588e+04,1.177629308932378791e+02,4.946028446557598386e+02,1.439011413521626949e+09,6.089858710167940140e+09
1.319329857839441502e+04,1.180346806446282528e+02,4.957528825046215957e+02,1.439011412769780397e+09,6.089858707010166168e+09
1.322154975308048415e+04,1.183064303958770012e+02,4.969029203528884295e+02,1.439011412021437883e+09,6.089858703867054939e+09
1.324980092776655329e+04,1.185781801469847494e+02,4.980529582005630687e+02,1.439011411276575089e+09,6.089858700738504410e+09
1.327805210245262424e+04,1.188499298979521654e+02,4.992029960476484121e+02,1.439011410535167933e+09,6.089858697624413490e+09
1.330630327713869337e+04,1.191216796487799030e+02,5.003530338941469040e+02,1.439011409797192097e+09,6.089858694524682045e+09
1.333455445182476251e+04,1.193934293994685873e+02,5.015030717400613867e+02,1.439011409062623978e+09,6.089858691439210892e+09
1.336280562651083164e+04,1.196651791500188722e+02,5.026531095853945885e+02,1.439011408331439972e+09,6.089858688367901802e+09
1.339105680119690078e+04,1.199369289004314112e+02,5.038031474301490675e+02,1.439011407603616714e+09,6.089858685310657501e+09
1.341930797588296991e+04,1.202086786507068012e+02,5.049531852743274953e+02,1.439011406879131079e+09,6.089858682267380714e+09
1.344755915056904087e+04,1.204804284008457245e+02,5.061032231179326004e+02,1.439011406157959938e+09,6.089858679237977028e+09
1.347581032525511000e+04,1.207521781508487209e+02,5.072532609609669407e+02,1.439011405440080881e+09,6.089858676222351074e+09
1.350406149994117914e+04,1.210239279007164725e+02,5.084032988034331311e+02,1.439011404725471258e+09,6.089858673220408440e+09
1.353231267462724827e+04,1.212956776504495906e+02,5.095533366453336157e+02,1.439011404014108658e+09,6.089858670232056618e+09
1.356056384931331741e+04,1.215674274000486719e+02,5.107033744866710094e+02,1.439011403305971146e+09,6.089858667257203102e+09
1.358881502399938654e+04,1.218391771495143274e+02,5.118534123274479839e+02,1.439011402601036787e+09,6.089858664295757294e+09
1.361706619868545567e+04,1.221109268988471541e+02,5.130034501676668697e+02,1.439011401899283648e+09,6.089858661347628593e+09
1.364531737337152663e+04,1.223826766480477914e+02,5.141534880073303384e+02,1.439011401200690508e+09,6.089858658412726402e+09
1.367356854805759576e+04,1.226544263971167652e+02,5.153035258464408344e+02,1.439011400505235910e+09,6.089858655490962029e+09
1.370181972274366490e+04,1.229261761460547149e+02,5.164535636850007450e+02,1.439011399812898636e+09,6.089858652582247734e+09
1.373007089742973403e+04,1.231979258948622089e+02,5.176036015230125713e+02,1.439011399123657942e+09,6.089858649686495781e+09
1.375832207211580317e+04,1.234696756435398299e+02,5.187536393604789282e+02,1.439011398437493086e+09,6.089858646803620338e+09
1.378657324680187230e+04,1.237414253920881748e+02,5.199036771974019757e+02,1.439011397754383326e+09,6.089858643933535576e+09
1.381482442148794144e+04,1.240131751405077836e+02,5.210537150337841013e+02,1.439011397074308395e+09,6.089858641076155663e+09
1.384307559617401239e+04,1.242849248887992957e+02,5.222037528696280333e+02,1.439011396397248030e+09,6.089858638231396675e+09
1.387132677086008152e+04,1.245566746369632085e+02,5.233537907049358182e+02,1.439011395723182201e+09,6.089858635399175644e+09
1.389957794554615066e+04,1.248284243850001047e+02,5.245038285397099571e+02,1.439011395052091122e+09,6.089858632579408646e+09
1.392782912023221979e+04,1.251001741329105528e+02,5.256538663739527237e+02,1.439011394383955240e+09,6.089858629772014618e+09
1.395608029491828893e+04,1.253719238806950784e+02,5.268039042076665055e+02,1.439011393718754768e+09,6.089858626976911545e+09
1.398433146960435806e+04,1.256436736283542785e+02,5.279539420408535761e+02,1.439011393056470633e+09,6.089858624194019318e+09
1.401258264429042902e+04,1.259154233758886932e+02,5.291039798735164368e+02,1.439011392397083521e+09,6.089858621423257828e+09
1.404083381897649815e+04,1.261871731232988481e+02,5.302540177056570201e+02,1.439011391740574598e+09,6.089858618664547920e+09
1.406908499366256729e+04,1.264589228705853117e+02,5.314040555372778272e+02,1.439011391086925030e+09,6.089858615917810440e+09
1.409733616834863642e+04,1.267306726177486098e+02,5.325540933683811318e+02,1.439011390436115980e+09,6.089858613182968140e+09
1.412558734303470555e+04,1.270024223647892541e+02,5.337041311989689802e+02,1.439011389788129091e+09,6.089858610459943771e+09
1.415383851772077469e+04,1.272741721117078129e+02,5.348541690290437600e+02,1.439011389142946005e+09,6.089858607748661041e+09
1.418208969240684382e+04,1.275459218585047836e+02,5.360042068586076311e+02,1.439011388500548363e+09,6.089858605049043655e+09
1.421034086709291478e+04,1.278176716051807205e+02,5.371542446876628674e+02,1.439011387860918522e+09,6.089858602361016273e+09
1.423859204177898391e+04,1.280894213517361209e+02,5.383042825162115150e+02,1.439011387224038363e+09,6.089858599684504509e+09
1.426684321646505305e+04,1.283611710981714680e+02,5.394543203442557342e+02,1.439011386589890242e+09,6.089858597019434929e+09
1.429509439115112218e+04,1.286329208444873586e+02,5.406043581717977986e+02,1.439011385958456516e+09,6.089858594365734100e+09
1.432334556583719132e+04,1.289046705906842476e+02,5.417543959988398683e+02,1.439011385329719782e+09,6.089858591723328590e+09
1.435159674052326045e+04,1.291764203367626465e+02,5.429044338253838760e+02,1.439011384703662872e+09,6.089858589092146873e+09
1.437984791520933140e+04,1.294481700827230952e+02,5.440544716514322090e+02,1.439011384080268621e+09,6.089858586472118378e+09
1.440809908989540054e+04,1.297199198285660486e+02,5.452045094769866864e+02,1.439011383459520102e+09,6.089858583863170624e+09
1.443635026458146967e+04,1.299916695742920183e+02,5.463545473020495820e+02,1.439011382841400385e+09,6.089858581265234947e+09
1.446460143926753881e+04,1.302634193199015158e+02,5.475045851266227146e+02,1.439011382225893021e+09,6.089858578678240776e+09
1.449285261395360794e+04,1.305351690653950243e+02,5.486546229507085854e+02,1.439011381612981319e+09,6.089858576102119446e+09
1.452110378863967708e+04,1.308069188107730270e+02,5.498046607743088998e+02,1.439011381002648830e+09,6.089858573536802292e+09
1.454935496332574621e+04,1.310786685560360070e+02,5.509546985974257041e+02,1.439011380394879341e+09,6.089858570982221603e+09
1.457760613801181717e+04,1.313504183011844759e+02,5.521047364200612719e+02,1.439011379789656639e+09,6.089858568438309669e+09
1.460585731269788630e+04,1.316221680462188885e+02,5.532547742422174224e+02,1.439011379186964750e+09,6.089858565904999733e+09
1.463410848738395543e+04,1.318939177911397280e+02,5.544048120638959745e+02,1.439011378586787939e+09,6.089858563382225990e+09
1.466235966207002457e+04,1.321656675359474775e+02,5.555548498850992019e+02,1.439011377989110470e+09,6.089858560869922638e+09
1.469061083675609370e+04,1.324374172806425634e+02,5.567048877058290373e+02,1.439011377393916607e+09,6.089858558368023872e+09
1.471886201144216284e+04,1.327091670252254971e+02,5.578549255260872997e+02,1.439011376801191092e+09,6.089858555876465797e+09
1.474711318612823379e+04,1.329809167696967336e+02,5.590049633458760354e+02,1.439011376210918427e+09,6.089858553395184517e+09
1.477536436081430293e+04,1.332526665140567275e+02,5.601550011651971772e+02,1.439011375623083591e+09,6.089858550924116135e+09
1.480361553550037206e+04,1.335244162583059619e+02,5.613050389840526577e+02,1.439011375037671328e+09,6.089858548463198662e+09
1.483186671018644120e+04,1.337961660024448349e+02,5.624550768024442959e+02,1.439011374454666615e+09,6.089858546012368202e+09
1.486011788487251033e+04,1.340679157464738580e+02,5.636051146203741382e+02,1.439011373874054670e+09,6.089858543571563721e+09
1.488836905955857947e+04,1.343396654903934575e+02,5.647551524378438899e+02,1.439011373295820951e+09,6.089858541140723228e+09
1.491662023424464860e+04,1.346114152342040882e+02,5.659051902548557109e+02,1.439011372719950676e+09,6.089858538719786644e+09
1.494487140893071955e+04,1.348831649779061763e+02,5.670552280714111930e+02,1.439011372146429539e+09,6.089858536308691978e+09
1.497312258361678869e+04,1.351549147215002051e+02,5.682052658875122688e+02,1.439011371575242996e+09,6.089858533907381058e+09
1.500137375830285782e+04,1.354266644649865441e+02,5.693553037031607573e+02,1.439011371006376982e+09,6.089858531515792847e+09
1.502962493298892696e+04,1.356984142083657332e+02,5.705053415183585912e+02,1.439011370439817190e+09,6.089858529133869171e+09
1.505787610767499609e+04,1.359701639516380851e+02,5.716553793331074758e+02,1.439011369875549793e+09,6.089858526761551857e+09
1.508612728236106523e+04,1.362419136948041398e+02,5.728054171474092300e+02,1.439011369313560724e+09,6.089858524398781776e+09
1.511437845704713618e+04,1.365136634378642668e+02,5.739554549612657866e+02,1.439011368753836155e+09,6.089858522045502663e+09
1.514262963173320531e+04,1.367854131808188924e+02,5.751054927746787371e+02,1.439011368196362734e+09,6.089858519701656342e+09
1.517088080641927445e+04,1.370571629236684714e+02,5.762555305876500142e+02,1.439011367641126633e+09,6.089858517367186546e+09
1.519913198110534358e+04,1.373289126664134017e+02,5.774055684001812097e+02,1.439011367088114500e+09,6.089858515042037010e+09
1.522738315579141272e+04,1.376006624090541095e+02,5.785556062122742560e+02,1.439011366537312746e+09,6.089858512726151466e+09
1.525563433047748185e+04,1.378724121515910213e+02,5.797056440239308586e+02,1.439011365988708496e+09,6.089858510419475555e+09
1.528388550516355099e+04,1.381441618940245064e+02,5.808556818351527227e+02,1.439011365442288399e+09,6.089858508121953964e+09
1.531213667984962194e+04,1.384159116363550481e+02,5.820057196459415536e+02,1.439011364898039579e+09,6.089858505833532333e+09
1.534038785453569108e+04,1.386876613785829875e+02,5.831557574562990567e+02,1.439011364355948925e+09,6.089858503554156303e+09
1.536863902922176021e+04,1.389594111207087792e+02,5.843057952662270509e+02,1.439011363816003561e+09,6.089858501283772469e+09
1.539689020390782935e+04,1.392311608627327928e+02,5.854558330757270141e+02,1.439011363278191090e+09,6.089858499022328377e+09
1.542514137859389848e+04,1.395029106046554261e+02,5.866058708848008791e+02,1.439011362742498636e+09,6.089858496769770622e+09
1.545339255327996761e+04,1.397746603464771056e+02,5.877559086934500101e+02,1.439011362208913803e+09,6.089858494526046753e+09
1.548164372796603675e+04,1.400464100881982290e+02,5.889059465016764534e+02,1.439011361677423954e+09,6.089858492291105270e+09
1.550989490265210770e+04,1.403181598298191943e+02,5.900559843094816870e+02,1.439011361148016930e+09,6.089858490064894676e+09
1.553814607733817684e+04,1.405899095713403710e+02,5.912060221168671887e+02,1.439011360620680571e+09,6.089858487847363472e+09
1.556639725202424597e+04,1.408616593127621570e+02,5.923560599238347777e+02,1.439011360095402718e+09,6.089858485638461113e+09
1.559464842671031511e+04,1.411334090540849218e+02,5.935060977303861591e+02,1.439011359572171211e+09,6.089858483438137054e+09
1.562289960139638424e+04,1.414051587953090916e+02,5.946561355365226973e+02,1.439011359050974131e+09,6.089858481246341705e+09
1.565115077608245338e+04,1.416769085364350076e+02,5.958061733422462112e+02,1.439011358531799793e+09,6.089858479063025475e+09
1.567940195076852433e+04,1.419486582774630961e+02,5.969562111475581787e+02,1.439011358014636278e+09,6.089858476888139725e+09
1.570765312545459346e+04,1.422204080183936981e+02,5.981062489524601915e+02,1.439011357499471903e+09,6.089858474721634865e+09
1.573590430014066260e+04,1.424921577592272115e+02,5.992562867569538412e+02,1.439011356986294985e+09,6.089858472563463211e+09
1.576415547482673173e+04,1.427639074999640059e+02,6.004063245610408330e+02,1.439011356475094318e+09,6.089858470413576126e+09
1.579240664951280087e+04,1.430356572406044222e+02,6.015563623647225313e+02,1.439011355965858221e+09,6.089858468271925926e+09
1.582065782419887000e+04,1.433074069811488584e+02,6.027064001680005276e+02,1.439011355458575726e+09,6.089858466138465881e+09
1.584890899888493914e+04,1.435791567215976841e+02,6.038564379708764136e+02,1.439011354953235388e+09,6.089858464013148308e+09
1.587716017357101009e+04,1.438509064619512969e+02,6.050064757733517808e+02,1.439011354449826002e+09,6.089858461895927429e+09
1.590541134825707923e+04,1.441226562022100097e+02,6.061565135754279936e+02,1.439011353948336601e+09,6.089858459786756516e+09
1.593366252294314836e+04,1.443944059423741919e+02,6.073065513771067572e+02,1.439011353448756218e+09,6.089858457685589790e+09
1.596191369762921749e+04,1.446661556824442130e+02,6.084565891783894358e+02,1.439011352951073885e+09,6.089858455592381477e+09
1.599016487231528663e+04,1.449379054224204140e+02,6.096066269792775074e+02,1.439011352455278873e+09,6.089858453507086754e+09
1.601841604700135576e+04,1.452096551623031644e+02,6.107566647797726773e+02,1.439011351961360455e+09,6.089858451429660797e+09
1.604666722168742672e+04,1.454814049020928337e+02,6.119067025798761961e+02,1.439011351469307899e+09,6.089858449360059738e+09
1.607491839637349585e+04,1.457531546417897630e+02,6.130567403795896553e+02,1.439011350979110718e+09,6.089858447298238754e+09
1.610316957105956499e+04,1.460249043813942933e+02,6.142067781789144192e+02,1.439011350490758419e+09,6.089858445244153976e+09
1.613142074574563412e+04,1.462966541209067657e+02,6.153568159778519657e+02,1.439011350004240751e+09,6.089858443197761536e+09
1.615967192043170326e+04,1.465684038603275496e+02,6.165068537764038865e+02,1.439011349519547224e+09,6.089858441159019470e+09
1.618792309511777239e+04,1.468401535996569578e+02,6.176568915745714321e+02,1.439011349036667585e+09,6.089858439127883911e+09
1.621617426980384153e+04,1.471119033388953312e+02,6.188069293723561941e+02,1.439011348555591583e+09,6.089858437104312897e+09
1.624442544448991248e+04,1.473836530780430678e+02,6.199569671697595368e+02,1.439011348076309204e+09,6.089858435088263512e+09
1.627267661917598161e+04,1.476554028171004234e+02,6.211070049667828243e+02,1.439011347598810434e+09,6.089858433079693794e+09
1.630092779386205075e+04,1.479271525560677674e+02,6.222570427634275347e+02,1.439011347123085499e+09,6.089858431078562737e+09
1.632917896854811988e+04,1.481989022949454409e+02,6.234070805596950322e+02,1.439011346649124384e+09,6.089858429084829330e+09
1.635743014323418902e+04,1.484706520337338134e+02,6.245571183555866810e+02,1.439011346176917315e+09,6.089858427098452568e+09
1.638568131792025815e+04,1.487424017724331691e+02,6.257071561511038453e+02,1.439011345706454515e+09,6.089858425119391441e+09
1.641393249260632729e+04,1.490141515110438206e+02,6.268571939462481168e+02,1.439011345237726212e+09,6.089858423147604942e+09
1.644218366729239642e+04,1.492859012495661375e+02,6.280072317410206324e+02,1.439011344770723104e+09,6.089858421183053970e+09
1.647043484197846556e+04,1.495576509880004323e+02,6.291572695354228699e+02,1.439011344305435419e+09,6.089858419225698471e+09
1.649868601666453469e+04,1.498294007263469894e+02,6.303073073294561937e+02,1.439011343841853857e+09,6.089858417275498390e+09
1.652693719135060746e+04,1.501011504646062349e+02,6.314573451231219678e+02,1.439011343379968882e+09,6.089858415332415581e+09
1.655518836603667660e+04,1.503729002027783679e+02,6.326073829164214430e+02,1.439011342919771433e+09,6.089858413396409988e+09
1.658343954072274573e+04,1.506446499408637578e+02,6.337574207093558698e+02,1.439011342461252213e+09,6.089858411467443466e+09
1.661169071540881487e+04,1.509163996788627173e+02,6.349074585019267261e+02,1.439011342004401922e+09,6.089858409545477867e+09
1.663994189009488400e+04,1.511881494167755307e+02,6.360574962941351487e+02,1.439011341549211502e+09,6.089858407630475044e+09
1.666819306478095314e+04,1.514598991546025673e+02,6.372075340859827293e+02,1.439011341095672131e+09,6.089858405722397804e+09
1.669644423946702227e+04,1.517316488923440829e+02,6.383575718774706047e+02,1.439011340643774509e+09,6.089858403821208000e+09
1.672469541415309141e+04,1.520033986300004472e+02,6.395076096686001392e+02,1.439011340193509817e+09,6.089858401926868439e+09
1.675294658883916054e+04,1.522751483675719157e+02,6.406576474593724697e+02,1.439011339744869471e+09,6.089858400039341927e+09
1.678119776352522967e+04,1.525468981050588013e+02,6.418076852497890741e+02,1.439011339297844410e+09,6.089858398158591270e+09
1.680944893821129881e+04,1.528186478424614450e+02,6.429577230398512029e+02,1.439011338852426052e+09,6.089858396284581184e+09
1.683770011289736794e+04,1.530903975797801309e+02,6.441077608295599930e+02,1.439011338408605576e+09,6.089858394417274475e+09
1.686595128758343708e+04,1.533621473170151432e+02,6.452577986189168087e+02,1.439011337966374636e+09,6.089858392556635857e+09
1.689420246226950985e+04,1.536338970541668232e+02,6.464078364079230141e+02,1.439011337525724411e+09,6.089858390702629089e+09
1.692245363695557899e+04,1.539056467912353980e+02,6.475578741965795189e+02,1.439011337086646795e+09,6.089858388855219841e+09
1.695070481164164812e+04,1.541773965282212089e+02,6.487079119848878008e+02,1.439011336649132967e+09,6.089858387014371872e+09
1.697895598632771726e+04,1.544491462651245399e+02,6.498579497728491106e+02,1.439011336213174820e+09,6.089858385180050850e+09
1.700720716101378639e+04,1.547208960019457038e+02,6.510079875604646986e+02,1.439011335778764248e+09,6.089858383352221489e+09
1.703545833569985552e+04,1.549926457386849847e+02,6.521580253477355882e+02,1.439011335345892668e+09,6.089858381530849457e+09
1.706370951038592466e+04,1.552643954753426669e+02,6.533080631346632572e+02,1.439011334914552212e+09,6.089858379715901375e+09
1.709196068507199379e+04,1.555361452119190346e+02,6.544581009212487288e+02,1.439011334484734535e+09,6.089858377907342911e+09
1.712021185975806293e+04,1.558078949484143436e+02,6.556081387074933673e+02,1.439011334056431532e+09,6.089858376105139732e+09
1.714846303444413206e+04,1.560796446848289065e+02,6.567581764933980821e+02,1.439011333629635334e+09,6.089858374309259415e+09
1.717671420913020120e+04,1.563513944211630360e+02,6.579082142789643513e+02,1.439011333204338074e+09,6.089858372519667625e+09
1.720496538381627033e+04,1.566231441574170162e+02,6.590582520641931978e+02,1.439011332780531883e+09,6.089858370736331940e+09
1.723321655850233947e+04,1.568948938935910746e+02,6.602082898490858724e+02,1.439011332358208656e+09,6.089858368959219933e+09
1.726146773318841224e+04,1.571666436296855807e+02,6.613583276336436256e+02,1.439011331937361002e+09,6.089858367188298225e+09
1.728971890787448137e+04,1.574383933657006764e+02,6.625083654178675943e+02,1.439011331517980814e+09,6.089858365423535347e+09
1.731797008256055051e+04,1.577101431016367314e+02,6.636584032017586878e+02,1.439011331100060701e+09,6.089858363664898872e+09
1.734622125724661964e+04,1.579818928374940015e+02,6.648084409853182706e+02,1.439011330683592796e+09,6.089858361912356377e+09
1.737447243193268878e+04,1.582536425732727707e+02,6.659584787685474794e+02,1.439011330268569708e+09,6.089858360165876389e+09
1.740272360661875791e+04,1.585253923089732666e+02,6.671085165514474511e+02,1.439011329854984045e+09,6.089858358425428391e+09
1.743097478130482705e+04,1.587971420445958302e+02,6.682585543340193226e+02,1.439011329442828178e+09,6.089858356690979958e+09
1.745922595599089618e+04,1.590688917801406888e+02,6.694085921162643444e+02,1.439011329032094717e+09,6.089858354962501526e+09
1.748747713067696532e+04,1.593406415156080982e+02,6.705586298981834261e+02,1.439011328622776270e+09,6.089858353239961624e+09
1.751572830536303445e+04,1.596123912509983711e+02,6.717086676797777045e+02,1.439011328214865685e+09,6.089858351523328781e+09
1.754397948004910359e+04,1.598841409863117349e+02,6.728587054610484302e+02,1.439011327808355570e+09,6.089858349812573433e+09
1.757223065473517272e+04,1.601558907215484453e+02,6.740087432419966262e+02,1.439011327403238773e+09,6.089858348107666016e+09
1.760048182942124186e+04,1.604276404567088150e+02,6.751587810226233159e+02,1.439011326999508142e+09,6.089858346408576012e+09
1.762873300410731463e+04,1.606993901917930714e+02,6.763088188029299772e+02,1.439011326597156525e+09,6.089858344715272903e+09
1.765698417879338376e+04,1.609711399268014418e+02,6.774588565829172921e+02,1.439011326196176767e+09,6.089858343027728081e+09
1.768523535347945290e+04,1.612428896617342389e+02,6.786088943625863976e+02,1.439011325796561956e+09,6.089858341345911980e+09
1.771348652816552203e+04,1.615146393965916900e+02,6.797589321419384305e+02,1.439011325398305178e+09,6.089858339669795990e+09
1.774173770285159117e+04,1.617863891313740510e+02,6.809089699209745277e+02,1.439011325001399517e+09,6.089858337999350548e+09
1.776998887753766030e+04,1.620581388660816060e+02,6.820590076996955986e+02,1.439011324605838060e+09,6.089858336334547043e+09
1.779824005222372944e+04,1.623298886007145825e+02,6.832090454781027802e+02,1.439011324211613894e+09,6.089858334675356865e+09
1.782649122690979857e+04,1.626016383352732646e+02,6.843590832561972093e+02,1.439011323818720579e+09,6.089858333021751404e+09
1.785474240159586770e+04,1.628733880697578513e+02,6.855091210339800227e+02,1.439011323427150965e+09,6.089858331373703003e+09
1.788299357628193684e+04,1.631451378041686269e+02,6.866591588114520164e+02,1.439011323036898613e+09,6.089858329731183052e+09
1.791124475096800597e+04,1.634168875385058186e+02,6.878091965886143271e+02,1.439011322647956848e+09,6.089858328094164848e+09
1.793949592565407511e+04,1.636886372727696823e+02,6.889592343654679780e+02,1.439011322260318995e+09,6.089858326462619781e+09
1.796774710034014424e+04,1.639603870069604739e+02,6.901092721420141061e+02,1.439011321873978615e+09,6.089858324836520195e+09
1.799599827502621702e+04,1.642321367410784489e+02,6.912593099182537344e+02,1.439011321488929272e+09,6.089858323215839386e+09
1.802424944971228615e+04,1.645038864751238066e+02,6.924093476941878862e+02,1.439011321105164289e+09,6.089858321600550652e+09
1.805250062439835528e+04,1.647756362090967741e+02,6.935593854698173573e+02,1.439011320722677231e+09,6.089858319990626335e+09
1.808075179908442442e+04,1.650473859429976926e+02,6.947094232451432845e+02,1.439011320341461897e+09,6.089858318386040688e+09
1.810900297377049355e+04,1.653191356768267042e+02,6.958594610201666910e+02,1.439011319961511850e+09,6.089858316786767006e+09
1.813725414845656269e+04,1.655908854105840931e+02,6.970094987948887137e+02,1.439011319582820892e+09,6.089858315192778587e+09
1.816550532314263182e+04,1.658626351442700866e+02,6.981595365693100348e+02,1.439011319205382824e+09,6.089858313604048729e+09
1.819375649782870096e+04,1.661343848778849406e+02,6.993095743434320184e+02,1.439011318829191208e+09,6.089858312020551682e+09
1.822200767251477009e+04,1.664061346114288256e+02,7.004596121172552330e+02,1.439011318454240084e+09,6.089858310442262650e+09
1.825025884720083923e+04,1.666778843449020542e+02,7.016096498907810428e+02,1.439011318080523252e+09,6.089858308869154930e+09
1.827851002188690836e+04,1.669496340783048254e+02,7.027596876640102437e+02,1.439011317708034515e+09,6.089858307301203728e+09
1.830676119657297750e+04,1.672213838116373665e+02,7.039097254369438588e+02,1.439011317336767912e+09,6.089858305738383293e+09
1.833501237125904663e+04,1.674931335448998766e+02,7.050597632095827976e+02,1.439011316966717482e+09,6.089858304180667877e+09
1.836326354594511940e+04,1.677648832780926966e+02,7.062098009819281970e+02,1.439011316597877026e+09,6.089858302628033638e+09
1.839151472063118854e+04,1.680366330112159119e+02,7.073598387539807391e+02,1.439011316230240822e+09,6.089858301080454826e+09
1.841976589531725767e+04,1.683083827442698635e+02,7.085098765257414470e+02,1.439011315863802910e+09,6.089858299537907600e+09
1.844801707000332681e+04,1.685801324772546934e+02,7.096599142972114578e+02,1.439011315498557568e+09,6.089858298000366211e+09
1.847626824468939594e+04,1.688518822101706576e+02,7.108099520683914534e+02,1.439011315134498835e+09,6.089858296467807770e+09
1.850451941937546508e+04,1.691236319430179833e+02,7.119599898392825708e+02,1.439011314771620989e+09,6.089858294940207481e+09
1.853277059406153421e+04,1.693953816757969264e+02,7.131100276098856057e+02,1.439011314409918308e+09,6.089858293417540550e+09
1.856102176874760335e+04,1.696671314085076290e+02,7.142600653802015813e+02,1.439011314049385071e+09,6.089858291899784088e+09
1.858927294343367248e+04,1.699388811411503752e+02,7.154101031502314072e+02,1.439011313690015554e+09,6.089858290386914253e+09
1.861752411811974162e+04,1.702106308737253642e+02,7.165601409199761065e+02,1.439011313331804276e+09,6.089858288878907204e+09
1.864577529280581075e+04,1.704823806062328231e+02,7.177101786894363613e+02,1.439011312974745512e+09,6.089858287375740051e+09
1.867402646749187988e+04,1.707541303386729510e+02,7.188602164586131948e+02,1.439011312618833780e+09,6.089858285877388954e+09
1.870227764217794902e+04,1.710258800710459752e+02,7.200102542275075166e+02,1.439011312264063597e+09,6.089858284383831024e+09
1.873052881686402179e+04,1.712976298033521516e+02,7.211602919961203497e+02,1.439011311910429478e+09,6.089858282895042419e+09
1.875877999155009093e+04,1.715693795355915938e+02,7.223103297644523764e+02,1.439011311557925701e+09,6.089858281411001205e+09
1.878703116623616006e+04,1.718411292677646145e+02,7.234603675325047334e+02,1.439011311206547260e+09,6.089858279931684494e+09
1.881528234092222920e+04,1.721128789998713842e+02,7.246104053002779892e+02,1.439011310856288433e+09,6.089858278457070351e+09
1.884353351560829833e+04,1.723846287319120734e+02,7.257604430677732807e+02,1.439011310507143974e+09,6.089858276987135887e+09
1.887178469029436746e+04,1.726563784638869663e+02,7.269104808349915174e+02,1.439011310159108639e+09,6.089858275521858215e+09
1.890003586498043660e+04,1.729281281957962051e+02,7.280605186019333814e+02,1.439011309812177181e+09,6.089858274061216354e+09
1.892828703966650573e+04,1.731998779276400739e+02,7.292105563685998959e+02,1.439011309466344118e+09,6.089858272605187416e+09
1.895653821435257487e+04,1.734716276594187150e+02,7.303605941349918567e+02,1.439011309121604443e+09,6.089858271153750420e+09
1.898478938903864400e+04,1.737433773911323556e+02,7.315106319011101732e+02,1.439011308777952909e+09,6.089858269706882477e+09
1.901304056372471314e+04,1.740151271227812231e+02,7.326606696669556413e+02,1.439011308435384512e+09,6.089858268264563560e+09
1.904129173841078227e+04,1.742868768543654596e+02,7.338107074325291705e+02,1.439011308093894005e+09,6.089858266826770782e+09
1.906954291309685141e+04,1.745586265858853494e+02,7.349607451978315567e+02,1.439011307753476381e+09,6.089858265393484116e+09
1.909779408778292054e+04,1.748303763173410346e+02,7.361107829628638228e+02,1.439011307414126396e+09,6.089858263964681625e+09
1.912604526246899331e+04,1.751021260487327709e+02,7.372608207276266512e+02,1.439011307075839281e+09,6.089858262540342331e+09
1.915429643715506245e+04,1.753738757800606720e+02,7.384108584921209513e+02,1.439011306738609791e+09,6.089858261120445251e+09
1.918254761184113158e+04,1.756456255113250222e+02,7.395608962563475188e+02,1.439011306402433157e+09,6.089858259704969406e+09
1.921079878652720072e+04,1.759173752425259920e+02,7.407109340203071497e+02,1.439011306067304373e+09,6.089858258293894768e+09
1.923904996121326985e+04,1.761891249736637519e+02,7.418609717840007534e+02,1.439011305733218670e+09,6.089858256887201309e+09
1.926730113589933899e+04,1.764608747047385293e+02,7.430110095474291256e+02,1.439011305400171041e+09,6.089858255484868050e+09
1.929555231058540812e+04,1.767326244357504947e+02,7.441610473105930623e+02,1.439011305068156719e+09,6.089858254086874008e+09
1.932380348527147726e+04,1.770043741666998756e+02,7.453110850734933592e+02,1.439011304737170935e+09,6.089858252693200111e+09
1.935205465995754639e+04,1.772761238975868423e+02,7.464611228361309259e+02,1.439011304407208920e+09,6.089858251303825378e+09
1.938030583464361553e+04,1.775478736284115939e+02,7.476111605985065580e+02,1.439011304078265905e+09,6.089858249918730736e+09
1.940855700932968466e+04,1.778196233591743294e+02,7.487611983606209378e+02,1.439011303750337124e+09,6.089858248537896156e+09
1.943680818401575380e+04,1.780913730898752476e+02,7.499112361224750885e+02,1.439011303423417807e+09,6.089858247161302567e+09
1.946505935870182293e+04,1.783631228205144907e+02,7.510612738840694647e+02,1.439011303097503424e+09,6.089858245788929939e+09
1.949331053338789570e+04,1.786348725510923430e+02,7.522113116454053170e+02,1.439011302772589445e+09,6.089858244420758247e+09
1.952156170807396484e+04,1.789066222816088612e+02,7.533613494064831002e+02,1.439011302448671103e+09,6.089858243056769371e+09
1.954981288276003397e+04,1.791783720120643295e+02,7.545113871673036101e+02,1.439011302125743866e+09,6.089858241696943283e+09
1.957806405744610311e+04,1.794501217424588901e+02,7.556614249278678699e+02,1.439011301803803205e+09,6.089858240341261864e+09
1.960631523213217224e+04,1.797218714727927704e+02,7.568114626881763343e+02,1.439011301482844591e+09,6.089858238989705086e+09
1.963456640681824138e+04,1.799936212030661125e+02,7.579615004482300264e+02,1.439011301162863493e+09,6.089858237642254829e+09
1.966281758150431051e+04,1.802653709332791436e+02,7.591115382080297422e+02,1.439011300843855619e+09,6.089858236298892021e+09
1.969106875619037964e+04,1.805371206634319776e+02,7.602615759675760501e+02,1.439011300525816202e+09,6.089858234959598541e+09
1.971931993087644878e+04,1.808088703935248986e+02,7.614116137268697457e+02,1.439011300208741188e+09,6.089858233624355316e+09
1.974757110556251791e+04,1.810806201235579920e+02,7.625616514859118524e+02,1.439011299892626047e+09,6.089858232293145180e+09
1.977582228024858705e+04,1.813523698535315134e+02,7.637116892447028249e+02,1.439011299577466488e+09,6.089858230965949059e+09
1.980407345493465618e+04,1.816241195834455766e+02,7.648617270032436863e+02,1.439011299263257980e+09,6.089858229642748833e+09
1.983232462962072532e+04,1.818958693133003806e+02,7.660117647615348915e+02,1.439011298949996471e+09,6.089858228323526382e+09
1.986057580430679809e+04,1.821676190430961810e+02,7.671618025195774635e+02,1.439011298637677431e+09,6.089858227008263588e+09
1.988882697899286723e+04,1.824393687728330633e+02,7.683118402773720845e+02,1.439011298326296806e+09,6.089858225696943283e+09
1.991707815367893636e+04,1.827111185025111979e+02,7.694618780349192093e+02,1.439011298015850306e+09,6.089858224389547348e+09
1.994532932836500549e+04,1.829828682321308122e+02,7.706119157922199747e+02,1.439011297706333876e+09,6.089858223086057663e+09
1.997358050305107463e+04,1.832546179616920767e+02,7.717619535492748355e+02,1.439011297397743225e+09,6.089858221786457062e+09
2.000183167773714376e+04,1.835263676911951052e+02,7.729119913060847011e+02,1.439011297090074062e+09,6.089858220490728378e+09
2.003008285242321290e+04,1.837981174206401818e+02,7.740620290626501401e+02,1.439011296783322334e+09,6.089858219198854446e+09
2.005833402710928203e+04,1.840698671500273633e+02,7.752120668189721755e+02,1.439011296477483988e+09,6.089858217910818100e+09
2.008658520179535117e+04,1.843416168793569057e+02,7.763621045750511485e+02,1.439011296172554970e+09,6.089858216626602173e+09
2.011483637648142030e+04,1.846133666086289509e+02,7.775121423308880821e+02,1.439011295868531227e+09,6.089858215346189499e+09
2.014308755116748944e+04,1.848851163378436411e+02,7.786621800864835450e+02,1.439011295565408707e+09,6.089858214069563866e+09
2.017133872585355857e+04,1.851568660670012036e+02,7.798122178418382191e+02,1.439011295263183594e+09,6.089858212796708107e+09
2.019958990053962771e+04,1.854286157961017523e+02,7.809622555969529003e+02,1.439011294961851597e+09,6.089858211527605057e+09
2.022784107522570048e+04,1.857003655251455427e+02,7.821122933518283844e+02,1.439011294661408901e+09,6.089858210262238503e+09
2.025609224991176961e+04,1.859721152541326319e+02,7.832623311064651261e+02,1.439011294361851692e+09,6.089858209000592232e+09
2.028434342459783875e+04,1.862438649830632471e+02,7.844123688608640350e+02,1.439011294063175917e+09,6.089858207742649078e+09
2.031259459928390788e+04,1.865156147119375305e+02,7.855624066150257931e+02,1.439011293765377760e+09,6.089858206488393784e+09
2.034084577396997702e+04,1.867873644407556526e+02,7.867124443689509690e+02,1.439011293468453169e+09,6.089858205237809181e+09
2.036909694865604615e+04,1.870591141695178123e+02,7.878624821226402446e+02,1.439011293172398567e+09,6.089858203990880013e+09
2.039734812334211529e+04,1.873308638982241234e+02,7.890125198760945295e+02,1.439011292877209902e+09,6.089858202747589111e+09
2.042559929802818442e+04,1.876026136268747564e+02,7.901625576293141648e+02,1.439011292582883596e+09,6.089858201507921219e+09
2.045385047271425356e+04,1.878743633554699102e+02,7.913125953823001737e+02,1.439011292289415598e+09,6.089858200271861076e+09
2.048210164740032269e+04,1.881461130840096985e+02,7.924626331350531245e+02,1.439011291996802330e+09,6.089858199039392471e+09
2.051035282208639182e+04,1.884178628124943202e+02,7.936126708875735858e+02,1.439011291705040216e+09,6.089858197810499191e+09
2.053860399677246096e+04,1.886896125409239460e+02,7.947627086398624670e+02,1.439011291414125204e+09,6.089858196585166931e+09
2.056685517145853009e+04,1.889613622692986894e+02,7.959127463919201091e+02,1.439011291124053955e+09,6.089858195363379478e+09
2.059510634614460287e+04,1.892331119976187779e+02,7.970627841437476491e+02,1.439011290834822655e+09,6.089858194145121574e+09
2.062335752083067200e+04,1.895048617258842967e+02,7.982128218953452006e+02,1.439011290546427488e+09,6.089858192930377960e+09
2.065160869551674114e+04,1.897766114540954163e+02,7.993628596467137868e+02,1.439011290258865118e+09,6.089858191719133377e+09
2.067985987020281027e+04,1.900483611822523358e+02,8.005128973978538625e+02,1.439011289972131729e+09,6.089858190511372566e+09
2.070811104488887941e+04,1.903201109103551687e+02,8.016629351487662234e+02,1.439011289686223745e+09,6.089858189307080269e+09
2.073636221957494854e+04,1.905918606384040856e+02,8.028129728994514380e+02,1.439011289401137829e+09,6.089858188106242180e+09
2.076461339426101767e+04,1.908636103663992287e+02,8.039630106499103022e+02,1.439011289116870165e+09,6.089858186908843040e+09
2.079286456894708681e+04,1.911353600943407685e+02,8.051130484001432706e+02,1.439011288833417416e+09,6.089858185714868546e+09
2.082111574363315594e+04,1.914071098222288470e+02,8.062630861501511390e+02,1.439011288550776005e+09,6.089858184524303436e+09
2.084936691831922508e+04,1.916788595500636632e+02,8.074131238999344760e+02,1.439011288268942595e+09,6.089858183337133408e+09
2.087761809300529421e+04,1.919506092778453308e+02,8.085631616494939635e+02,1.439011287987913609e+09,6.089858182153344154e+09
2.090586926769136335e+04,1.922223590055739919e+02,8.097131993988301701e+02,1.439011287707685471e+09,6.089858180972921371e+09
2.093412044237743248e+04,1.924941087332497887e+02,8.108632371479438916e+02,1.439011287428254843e+09,6.089858179795850754e+09
2.096237161706350525e+04,1.927658584608729484e+02,8.120132748968356964e+02,1.439011287149618387e+09,6.089858178622117043e+09
2.099062279174957439e+04,1.930376081884435280e+02,8.131633126455060392e+02,1.439011286871772766e+09,6.089858177451706886e+09
2.101887396643564352e+04,1.933093579159616979e+02,8.143133503939556022e+02,1.439011286594714642e+09,6.089858176284605980e+09
2.104712514112171266e+04,1.935811076434276572e+02,8.154633881421851811e+02,1.439011286318440437e+09,6.089858175120800972e+09
2.107537631580778179e+04,1.938528573708414910e+02,8.166134258901953444e+02,1.439011286042947054e+09,6.089858173960276604e+09
2.110362749049385093e+04,1.941246070982033984e+02,8.177634636379865469e+02,1.439011285768231153e+09,6.089858172803020477e+09
2.113187866517992006e+04,1.943963568255134646e+02,8.189135013855594707e+02,1.439011285494289398e+09,6.089858171649017334e+09
2.116012983986598920e+04,1.946681065527718886e+02,8.200635391329149115e+02,1.439011285221118450e+09,6.089858170498254776e+09
2.118838101455205833e+04,1.949398562799787840e+02,8.212135768800532105e+02,1.439011284948715210e+09,6.089858169350718498e+09
2.121663218923812747e+04,1.952116060071343497e+02,8.223636146269752771e+02,1.439011284677076340e+09,6.089858168206395149e+09
2.124488336392419660e+04,1.954833557342386428e+02,8.235136523736814524e+02,1.439011284406198502e+09,6.089858167065270424e+09
2.127313453861026574e+04,1.957551054612918904e+02,8.246636901201724186e+02,1.439011284136078596e+09,6.089858165927331924e+09
2.130138571329633487e+04,1.960268551882941779e+02,8.258137278664488576e+02,1.439011283866713524e+09,6.089858164792566299e+09
2.132963688798240764e+04,1.962986049152457042e+02,8.269637656125113381e+02,1.439011283598100185e+09,6.089858163660959244e+09
2.135788806266847678e+04,1.965703546421465546e+02,8.281138033583603146e+02,1.439011283330235243e+09,6.089858162532498360e+09
2.138613923735454591e+04,1.968421043689968712e+02,8.292638411039964694e+02,1.439011283063115835e+09,6.089858161407171249e+09
2.141439041204061505e+04,1.971138540957968246e+02,8.304138788494204846e+02,1.439011282796738625e+09,6.089858160284963608e+09
2.144264158672668418e+04,1.973856038225465568e+02,8.315639165946328148e+02,1.439011282531100512e+09,6.089858159165863037e+09
2.147089276141275332e+04,1.976573535492461531e+02,8.327139543396340287e+02,1.439011282266198635e+09,6.089858158049857140e+09
2.149914393609882245e+04,1.979291032758958124e+02,8.338639920844248081e+02,1.439011282002029657e+09,6.089858156936932564e+09
2.152739511078489159e+04,1.982008530024956769e+02,8.350140298290058354e+02,1.439011281738590717e+09,6.089858155827075958e+09
2.155564628547096072e+04,1.984726027290458319e+02,8.361640675733774515e+02,1.439011281475878716e+09,6.089858154720274925e+09
2.158389746015702985e+04,1.987443524555464478e+02,8.373141053175403385e+02,1.439011281213890791e+09,6.089858153616518021e+09
2.161214863484309899e+04,1.990161021819976668e+02,8.384641430614951787e+02,1.439011280952623844e+09,6.089858152515791893e+09
2.164039980952916812e+04,1.992878519083996025e+02,8.396141808052423130e+02,1.439011280692074776e+09,6.089858151418083191e+09
2.166865098421523726e+04,1.995596016347524255e+02,8.407642185487825373e+02,1.439011280432240963e+09,6.089858150323380470e+09
2.169690215890130639e+04,1.998313513610562211e+02,8.419142562921161925e+02,1.439011280173119068e+09,6.089858149231671333e+09
2.172515333358737917e+04,2.001031010873112166e+02,8.430642940352441883e+02,1.439011279914706469e+09,6.089858148142943382e+09
2.175340450827344830e+04,2.003748508135174404e+02,8.442143317781666383e+02,1.439011279657000065e+09,6.089858147057185173e+09
2.178165568295951743e+04,2.006466005396750347e+02,8.453643695208844520e+02,1.439011279399997234e+09,6.089858145974383354e+09
2.180990685764558657e+04,2.009183502657841984e+02,8.465144072633979704e+02,1.439011279143694878e+09,6.089858144894526482e+09
2.183815803233165570e+04,2.011900999918449884e+02,8.476644450057078757e+02,1.439011278888090134e+09,6.089858143817602158e+09
2.186640920701772484e+04,2.014618497178576035e+02,8.488144827478148500e+02,1.439011278633180141e+09,6.089858142743598938e+09
2.189466038170379397e+04,2.017335994438221292e+02,8.499645204897190069e+02,1.439011278378962040e+09,6.089858141672505379e+09
2.192291155638986311e+04,2.020053491697387074e+02,8.511145582314212561e+02,1.439011278125433207e+09,6.089858140604309082e+09
2.195116273107593224e+04,2.022770988956074802e+02,8.522645959729221659e+02,1.439011277872590780e+09,6.089858139538997650e+09
2.197941390576200138e+04,2.025488486214285615e+02,8.534146337142220773e+02,1.439011277620431900e+09,6.089858138476560593e+09
2.200766508044807051e+04,2.028205983472021217e+02,8.545646714553216725e+02,1.439011277368953705e+09,6.089858137416985512e+09
2.203591625513413965e+04,2.030923480729282176e+02,8.557147091962214063e+02,1.439011277118153572e+09,6.089858136360260963e+09
2.206416742982020878e+04,2.033640977986070482e+02,8.568647469369218470e+02,1.439011276868028879e+09,6.089858135306375504e+09
2.209241860450628155e+04,2.036358475242387271e+02,8.580147846774236768e+02,1.439011276618576765e+09,6.089858134255317688e+09
2.212066977919235069e+04,2.039075972498233398e+02,8.591648224177271231e+02,1.439011276369794369e+09,6.089858133207076073e+09
2.214892095387841982e+04,2.041793469753610282e+02,8.603148601578329817e+02,1.439011276121679306e+09,6.089858132161640167e+09
2.217717212856448896e+04,2.044510967008519060e+02,8.614648978977415936e+02,1.439011275874228716e+09,6.089858131118997574e+09
2.220542330325055809e+04,2.047228464262961438e+02,8.626149356374535273e+02,1.439011275627439976e+09,6.089858130079137802e+09
2.223367447793662723e+04,2.049945961516938269e+02,8.637649733769694649e+02,1.439011275381310463e+09,6.089858129042049408e+09
2.226192565262269636e+04,2.052663458770450688e+02,8.649150111162896337e+02,1.439011275135837317e+09,6.089858128007720947e+09
2.229017682730876550e+04,2.055380956023500119e+02,8.660650488554149433e+02,1.439011274891018152e+09,6.089858126976141930e+09
2.231842800199483463e+04,2.058098453276087980e+02,8.672150865943456211e+02,1.439011274646850348e+09,6.089858125947301865e+09
2.234667917668090377e+04,2.060815950528215694e+02,8.683651243330822354e+02,1.439011274403331280e+09,6.089858124921189308e+09
2.237493035136697290e+04,2.063533447779883829e+02,8.695151620716253547e+02,1.439011274160458326e+09,6.089858123897793770e+09
2.240318152605304203e+04,2.066250945031094091e+02,8.706651998099754337e+02,1.439011273918228865e+09,6.089858122877103806e+09
2.243143270073911117e+04,2.068968442281847331e+02,8.718152375481330409e+02,1.439011273676640272e+09,6.089858121859108925e+09
2.245968387542518394e+04,2.071685939532145255e+02,8.729652752860988585e+02,1.439011273435690165e+09,6.089858120843798637e+09
2.248793505011125308e+04,2.074403436781988717e+02,8.741153130238730000e+02,1.439011273195376158e+09,6.089858119831162453e+09
2.251618622479732221e+04,2.077120934031378852e+02,8.752653507614561477e+02,1.439011272955695391e+09,6.089858118821189880e+09
2.254443739948339135e+04,2.079838431280316797e+02,8.764153884988488699e+02,1.439011272716645718e+09,6.089858117813869476e+09
2.257268857416946048e+04,2.082555928528803975e+02,8.775654262360516213e+02,1.439011272478224277e+09,6.089858116809191704e+09
2.260093974885552961e+04,2.085273425776841236e+02,8.787154639730648569e+02,1.439011272240428925e+09,6.089858115807146072e+09
2.262919092354159875e+04,2.087990923024430572e+02,8.798655017098890312e+02,1.439011272003257036e+09,6.089858114807722092e+09
2.265744209822766788e+04,2.090708420271572265e+02,8.810155394465248264e+02,1.439011271766706228e+09,6.089858113810909271e+09
2.268569327291373702e+04,2.093425917518268022e+02,8.821655771829724699e+02,1.439011271530773878e+09,6.089858112816698074e+09
2.271394444759980615e+04,2.096143414764518695e+02,8.833156149192327575e+02,1.439011271295457840e+09,6.089858111825078011e+09
2.274219562228587529e+04,2.098860912010325421e+02,8.844656526553060303e+02,1.439011271060755491e+09,6.089858110836038589e+09
2.277044679697194442e+04,2.101578409255689621e+02,8.856156903911927429e+02,1.439011270826664448e+09,6.089858109849570274e+09
2.279869797165801356e+04,2.104295906500612432e+02,8.867657281268933502e+02,1.439011270593182325e+09,6.089858108865662575e+09
2.282694914634408633e+04,2.107013403745094990e+02,8.879157658624086480e+02,1.439011270360306978e+09,6.089858107884305954e+09
2.285520032103015546e+04,2.109730900989138149e+02,8.890658035977386362e+02,1.439011270128035784e+09,6.089858106905489922e+09
2.288345149571622460e+04,2.112448398232743330e+02,8.902158413328839970e+02,1.439011269896366596e+09,6.089858105929204941e+09
2.291170267040229373e+04,2.115165895475911668e+02,8.913658790678452988e+02,1.439011269665296793e+09,6.089858104955441475e+09
2.293995384508836287e+04,2.117883392718644018e+02,8.925159168026228826e+02,1.439011269434824228e+09,6.089858103984189987e+09
2.296820501977443200e+04,2.120600889960941799e+02,8.936659545372173170e+02,1.439011269204946756e+09,6.089858103015439987e+09
2.299645619446050114e+04,2.123318387202805866e+02,8.948159922716291703e+02,1.439011268975661755e+09,6.089858102049181938e+09
2.302470736914657027e+04,2.126035884444237638e+02,8.959660300058586699e+02,1.439011268746967077e+09,6.089858101085406303e+09
2.305295854383263941e+04,2.128753381685238253e+02,8.971160677399063843e+02,1.439011268518860579e+09,6.089858100124103546e+09
2.308120971851870854e+04,2.131470878925808279e+02,8.982661054737728819e+02,1.439011268291339636e+09,6.089858099165265083e+09
2.310946089320477768e+04,2.134188376165949705e+02,8.994161432074583900e+02,1.439011268064402342e+09,6.089858098208880424e+09
2.313771206789084681e+04,2.136905873405662817e+02,9.005661809409635907e+02,1.439011267838046312e+09,6.089858097254940033e+09
2.316596324257691595e+04,2.139623370644949034e+02,9.017162186742889389e+02,1.439011267612269402e+09,6.089858096303435326e+09
2.319421441726298872e+04,2.142340867883809779e+02,9.028662564074348893e+02,1.439011267387069225e+09,6.089858095354356766e+09
2.322246559194905785e+04,2.145058365122245334e+02,9.040162941404017829e+02,1.439011267162443638e+09,6.089858094407694817e+09
2.325071676663512699e+04,2.147775862360257406e+02,9.051663318731900745e+02,1.439011266938390493e+09,6.089858093463439941e+09
2.327896794132119612e+04,2.150493359597846563e+02,9.063163696058002188e+02,1.439011266714907646e+09,6.089858092521583557e+09
2.330721911600726526e+04,2.153210856835014511e+02,9.074664073382327842e+02,1.439011266491992950e+09,6.089858091582116127e+09
2.333547029069333439e+04,2.155928354071761817e+02,9.086164450704882256e+02,1.439011266269644022e+09,6.089858090645029068e+09
2.336372146537940353e+04,2.158645851308090187e+02,9.097664828025668839e+02,1.439011266047858953e+09,6.089858089710312843e+09
2.339197264006547266e+04,2.161363348543999905e+02,9.109165205344692140e+02,1.439011265826635361e+09,6.089858088777958870e+09
2.342022381475154179e+04,2.164080845779492392e+02,9.120665582661956705e+02,1.439011265605971336e+09,6.089858087847957611e+09
2.344847498943761093e+04,2.166798343014568786e+02,9.132165959977468219e+02,1.439011265385864735e+09,6.089858086920300484e+09
2.347672616412368006e+04,2.169515840249229939e+02,9.143666337291230093e+02,1.439011265166313171e+09,6.089858085994978905e+09
2.350497733880974920e+04,2.172233337483476987e+02,9.155166714603245737e+02,1.439011264947314739e+09,6.089858085071983337e+09
2.353322851349581833e+04,2.174950834717311352e+02,9.166667091913521972e+02,1.439011264728867531e+09,6.089858084151306152e+09
2.356147968818189111e+04,2.177668331950733602e+02,9.178167469222062209e+02,1.439011264510969162e+09,6.089858083232937813e+09
2.358973086286796024e+04,2.180385829183744875e+02,9.189667846528868722e+02,1.439011264293617725e+09,6.089858082316869736e+09
2.361798203755402938e+04,2.183103326416346306e+02,9.201168223833948332e+02,1.439011264076811314e+09,6.089858081403093338e+09
2.364623321224009851e+04,2.185820823648538465e+02,9.212668601137303312e+02,1.439011263860547543e+09,6.089858080491600037e+09
2.367448438692616764e+04,2.188538320880323056e+02,9.224168978438940485e+02,1.439011263644824505e+09,6.089858079582381248e+09
2.370273556161223678e+04,2.191255818111700364e+02,9.235669355738862123e+02,1.439011263429640293e+09,6.089858078675428391e+09
2.373098673629830591e+04,2.193973315342672095e+02,9.247169733037072774e+02,1.439011263214992762e+09,6.089858077770733833e+09
2.375923791098437505e+04,2.196690812573239100e+02,9.258670110333576986e+02,1.439011263000880003e+09,6.089858076868288040e+09
2.378748908567044418e+04,2.199408309803401949e+02,9.270170487628379306e+02,1.439011262787299871e+09,6.089858075968083382e+09
2.381574026035651332e+04,2.202125807033162062e+02,9.281670864921484281e+02,1.439011262574250460e+09,6.089858075070111275e+09
2.384399143504258245e+04,2.204843304262520292e+02,9.293171242212895322e+02,1.439011262361729860e+09,6.089858074174363136e+09
2.387224260972865159e+04,2.207560801491477775e+02,9.304671619502615840e+02,1.439011262149736166e+09,6.089858073280830383e+09
2.390049378441472072e+04,2.210278298720035366e+02,9.316171996790652656e+02,1.439011261938267231e+09,6.089858072389505386e+09
2.392874495910079349e+04,2.212995795948194768e+02,9.327672374077008044e+02,1.439011261727321148e+09,6.089858071500380516e+09
2.395699613378686263e+04,2.215713293175955698e+02,9.339172751361686551e+02,1.439011261516896009e+09,6.089858070613446236e+09
2.398524730847293176e+04,2.218430790403319861e+02,9.350673128644691587e+02,1.439011261306989908e+09,6.089858069728695869e+09
2.401349848315900090e+04,2.221148287630287825e+02,9.362173505926027701e+02,1.439011261097600937e+09,6.089858068846120834e+09
2.404174965784507003e+04,2.223865784856861012e+02,9.373673883205699440e+02,1.439011260888727188e+09,6.089858067965712547e+09
2.407000083253113917e+04,2.226583282083040274e+02,9.385174260483710214e+02,1.439011260680366755e+09,6.089858067087463379e+09
2.409825200721720830e+04,2.229300779308826463e+02,9.396674637760065707e+02,1.439011260472517729e+09,6.089858066211365700e+09
2.412650318190327744e+04,2.232018276534220718e+02,9.408175015034768194e+02,1.439011260265178204e+09,6.089858065337411880e+09
2.415475435658934657e+04,2.234735773759223889e+02,9.419675392307821085e+02,1.439011260058346272e+09,6.089858064465593338e+09
2.418300553127541571e+04,2.237453270983836831e+02,9.431175769579230064e+02,1.439011259852020264e+09,6.089858063595902443e+09
2.421125670596148484e+04,2.240170768208060679e+02,9.442676146848999679e+02,1.439011259646198034e+09,6.089858062728331566e+09
2.423950788064755397e+04,2.242888265431896571e+02,9.454176524117131066e+02,1.439011259440877914e+09,6.089858061862873077e+09
2.426775905533362311e+04,2.245605762655345075e+02,9.465676901383631048e+02,1.439011259236058235e+09,6.089858060999519348e+09
2.429601023001969588e+04,2.248323259878407612e+02,9.477177278648504171e+02,1.439011259031736851e+09,6.089858060138261795e+09
2.432426140470576502e+04,2.251040757101084182e+02,9.488677655911752709e+02,1.439011258827912092e+09,6.089858059279093742e+09
2.435251257939183415e+04,2.253758254323376491e+02,9.500178033173378935e+02,1.439011258624582052e+09,6.089858058422007561e+09
2.438076375407790329e+04,2.256475751545285107e+02,9.511678410433388535e+02,1.439011258421745062e+09,6.089858057566994667e+09
2.440901492876397242e+04,2.259193248766811166e+02,9.523178787691786056e+02,1.439011258219399452e+09,6.089858056714048386e+09
2.443726610345004156e+04,2.261910745987955522e+02,9.534679164948574908e+02,1.439011258017543077e+09,6.089858055863161087e+09
2.446551727813611069e+04,2.264628243208719311e+02,9.546179542203759638e+02,1.439011257816174507e+09,6.089858055014326096e+09
2.449376845282217982e+04,2.267345740429103387e+02,9.557679919457342521e+02,1.439011257615291834e+09,6.089858054167534828e+09
2.452201962750824896e+04,2.270063237649108601e+02,9.569180296709329241e+02,1.439011257414893150e+09,6.089858053322780609e+09
2.455027080219431809e+04,2.272780734868735522e+02,9.580680673959722071e+02,1.439011257214977026e+09,6.089858052480055809e+09
2.457852197688038723e+04,2.275498232087985571e+02,9.592181051208524423e+02,1.439011257015541553e+09,6.089858051639352798e+09
2.460677315156645636e+04,2.278215729306859316e+02,9.603681428455741980e+02,1.439011256816584826e+09,6.089858050800664902e+09
2.463502432625252550e+04,2.280933226525357895e+02,9.615181805701377016e+02,1.439011256618105412e+09,6.089858049963984489e+09
2.466327550093859463e+04,2.283650723743482160e+02,9.626682182945434079e+02,1.439011256420101404e+09,6.089858049129304886e+09
2.469152667562466740e+04,2.286368220961232964e+02,9.638182560187917716e+02,1.439011256222571135e+09,6.089858048296618462e+09
2.471977785031073654e+04,2.289085718178611160e+02,9.649682937428829064e+02,1.439011256025512934e+09,6.089858047465917587e+09
2.474802902499680567e+04,2.291803215395617883e+02,9.661183314668173807e+02,1.439011255828925133e+09,6.089858046637196541e+09
2.477628019968287481e+04,2.294520712612253135e+02,9.672683691905955357e+02,1.439011255632806063e+09,6.089858045810446739e+09
2.480453137436894394e+04,2.297238209828518904e+02,9.684184069142177123e+02,1.439011255437154055e+09,6.089858044985662460e+09
2.483278254905501308e+04,2.299955707044415476e+02,9.695684446376844789e+02,1.439011255241967201e+09,6.089858044162836075e+09
2.486103372374108221e+04,2.302673204259943986e+02,9.707184823609959494e+02,1.439011255047244072e+09,6.089858043341960907e+09
2.488928489842715135e+04,2.305390701475105288e+02,9.718685200841526921e+02,1.439011254852982998e+09,6.089858042523029327e+09
2.491753607311322048e+04,2.308108198689900235e+02,9.730185578071549344e+02,1.439011254659182310e+09,6.089858041706034660e+09
2.494578724779928962e+04,2.310825695904329393e+02,9.741685955300029036e+02,1.439011254465840578e+09,6.089858040890970230e+09
2.497403842248535875e+04,2.313543193118394186e+02,9.753186332526971682e+02,1.439011254272955894e+09,6.089858040077829361e+09
2.500228959717142789e+04,2.316260690332094896e+02,9.764686709752381830e+02,1.439011254080526590e+09,6.089858039266605377e+09
2.503054077185749702e+04,2.318978187545432945e+02,9.776187086976261753e+02,1.439011253888551235e+09,6.089858038457291603e+09
2.505879194654356979e+04,2.321695684758408902e+02,9.787687464198617135e+02,1.439011253697028160e+09,6.089858037649880409e+09
2.508704312122963893e+04,2.324413181971023334e+02,9.799187841419447977e+02,1.439011253505955935e+09,6.089858036844366074e+09
2.511529429591570806e+04,2.327130679183277380e+02,9.810688218638757689e+02,1.439011253315332651e+09,6.089858036040740967e+09
2.514354547060177720e+04,2.329848176395171890e+02,9.822188595856553093e+02,1.439011253125157118e+09,6.089858035238999367e+09
2.517179664528784633e+04,2.332565673606707435e+02,9.833688973072836461e+02,1.439011252935427427e+09,6.089858034439133644e+09
2.520004781997391547e+04,2.335283170817885434e+02,9.845189350287611205e+02,1.439011252746142149e+09,6.089858033641138077e+09
2.522829899465998460e+04,2.338000668028706173e+02,9.856689727500879599e+02,1.439011252557299614e+09,6.089858032845005989e+09
2.525655016934605374e+04,2.340718165239170787e+02,9.868190104712646189e+02,1.439011252368898392e+09,6.089858032050730705e+09
2.528480134403212287e+04,2.343435662449280130e+02,9.879690481922915524e+02,1.439011252180937052e+09,6.089858031258305550e+09
2.531305251871819200e+04,2.346153159659034770e+02,9.891190859131688740e+02,1.439011251993413687e+09,6.089858030467724800e+09
2.534130369340426114e+04,2.348870656868435844e+02,9.902691236338970384e+02,1.439011251806327105e+09,6.089858029678980827e+09
2.536955486809033027e+04,2.351588154077483921e+02,9.914191613544765005e+02,1.439011251619675636e+09,6.089858028892067909e+09
2.539780604277639941e+04,2.354305651286179852e+02,9.925691990749077149e+02,1.439011251433457851e+09,6.089858028106980324e+09
2.542605721746247218e+04,2.357023148494525060e+02,9.937192367951906817e+02,1.439011251247672081e+09,6.089858027323710442e+09
2.545430839214854132e+04,2.359740645702519259e+02,9.948692745153258556e+02,1.439011251062316895e+09,6.089858026542252541e+09
2.548255956683461045e+04,2.362458142910164156e+02,9.960193122353138051e+02,1.439011250877390862e+09,6.089858025762600899e+09
2.551081074152067958e+04,2.365175640117460034e+02,9.971693499551545301e+02,1.439011250692892551e+09,6.089858024984748840e+09
2.553906191620674872e+04,2.367893137324407746e+02,9.983193876748485991e+02,1.439011250508820295e+09,6.089858024208689690e+09
2.556731309089281785e+04,2.370610634531008714e+02,9.994694253943963531e+02,1.439011250325172663e+09,6.089858023434417725e+09
2.559556426557888699e+04,2.373328131737262936e+02,1.000619463113797792e+03,1.439011250141948223e+09,6.089858022661926270e+09
2.562381544026495612e+04,2.376045628943171266e+02,1.001769500833053712e+03,1.439011249959145546e+09,6.089858021891209602e+09
2.565206661495102526e+04,2.378763126148735125e+02,1.002919538552164340e+03,1.439011249776763201e+09,6.089858021122262001e+09
2.568031778963709439e+04,2.381480623353954797e+02,1.004069576271129904e+03,1.439011249594799757e+09,6.089858020355076790e+09
2.570856896432316353e+04,2.384198120558831420e+02,1.005219613989950744e+03,1.439011249413253546e+09,6.089858019589648247e+09
2.573682013900923266e+04,2.386915617763365276e+02,1.006369651708627202e+03,1.439011249232123375e+09,6.089858018825969696e+09
2.576507131369530180e+04,2.389633114967557788e+02,1.007519689427159506e+03,1.439011249051407814e+09,6.089858018064036369e+09
2.579332248838137457e+04,2.392350612171409807e+02,1.008669727145548336e+03,1.439011248871105194e+09,6.089858017303841591e+09
2.582157366306744370e+04,2.395068109374921050e+02,1.009819764863793466e+03,1.439011248691214323e+09,6.089858016545378685e+09
2.584982483775351284e+04,2.397785606578093223e+02,1.010969802581895692e+03,1.439011248511733770e+09,6.089858015788642883e+09
2.587807601243958197e+04,2.400503103780926608e+02,1.012119840299855014e+03,1.439011248332662106e+09,6.089858015033627510e+09
2.590632718712565111e+04,2.403220600983422344e+02,1.013269878017671886e+03,1.439011248153997898e+09,6.089858014280326843e+09
2.593457836181172024e+04,2.405938098185581282e+02,1.014419915735346763e+03,1.439011247975739717e+09,6.089858013528735161e+09
2.596282953649778938e+04,2.408655595387403991e+02,1.015569953452879986e+03,1.439011247797886372e+09,6.089858012778846741e+09
2.599108071118385851e+04,2.411373092588891325e+02,1.016719991170271555e+03,1.439011247620436192e+09,6.089858012030655861e+09
2.601933188586992765e+04,2.414090589790043850e+02,1.017870028887522153e+03,1.439011247443387985e+09,6.089858011284156799e+09
2.604758306055599678e+04,2.416808086990862137e+02,1.019020066604631893e+03,1.439011247266740561e+09,6.089858010539343834e+09
2.607583423524206592e+04,2.419525584191347320e+02,1.020170104321601116e+03,1.439011247090492249e+09,6.089858009796211243e+09
2.610408540992813505e+04,2.422243081391499686e+02,1.021320142038430163e+03,1.439011246914641857e+09,6.089858009054753304e+09
2.613233658461420418e+04,2.424960578591320655e+02,1.022470179755119261e+03,1.439011246739187956e+09,6.089858008314964294e+09
2.616058775930027696e+04,2.427678075790810794e+02,1.023620217471668980e+03,1.439011246564129353e+09,6.089858007576838493e+09
2.618883893398634609e+04,2.430395572989970674e+02,1.024770255188079545e+03,1.439011246389464617e+09,6.089858006840370178e+09
2.621709010867241523e+04,2.433113070188800862e+02,1.025920292904351072e+03,1.439011246215192318e+09,6.089858006105554581e+09
2.624534128335848436e+04,2.435830567387302494e+02,1.027070330620483901e+03,1.439011246041311264e+09,6.089858005372385025e+09
2.627359245804455350e+04,2.438548064585476425e+02,1.028220368336478259e+03,1.439011245867820263e+09,6.089858004640856743e+09
2.630184363273062263e+04,2.441265561783322653e+02,1.029370406052335056e+03,1.439011245694717646e+09,6.089858003910964012e+09
2.633009480741669176e+04,2.443983058980842600e+02,1.030520443768053838e+03,1.439011245522002459e+09,6.089858003182701111e+09
2.635834598210276090e+04,2.446700556178036834e+02,1.031670481483635285e+03,1.439011245349673271e+09,6.089858002456062317e+09
2.638659715678883003e+04,2.449418053374905355e+02,1.032820519199079854e+03,1.439011245177728653e+09,6.089858001731042862e+09
2.641484833147489917e+04,2.452135550571449869e+02,1.033970556914387544e+03,1.439011245006167412e+09,6.089858001007637024e+09
2.644309950616096830e+04,2.454853047767670944e+02,1.035120594629558809e+03,1.439011244834988356e+09,6.089858000285840034e+09
2.647135068084703744e+04,2.457570544963568864e+02,1.036270632344593878e+03,1.439011244664190292e+09,6.089857999565646172e+09
2.649960185553310657e+04,2.460288042159144766e+02,1.037420670059493204e+03,1.439011244493771791e+09,6.089857998847049713e+09
2.652785303021917935e+04,2.463005539354399787e+02,1.038570707774257016e+03,1.439011244323731422e+09,6.089857998130045891e+09
2.655610420490524848e+04,2.465723036549333642e+02,1.039720745488885314e+03,1.439011244154068232e+09,6.089857997414628983e+09
2.658435537959131761e+04,2.468440533743947469e+02,1.040870783203378778e+03,1.439011243984780788e+09,6.089857996700794220e+09
2.661260655427738675e+04,2.471158030938241552e+02,1.042020820917737410e+03,1.439011243815867901e+09,6.089857995988535881e+09
2.664085772896345588e+04,2.473875528132217028e+02,1.043170858631961892e+03,1.439011243647328377e+09,6.089857995277848244e+09
2.666910890364952502e+04,2.476593025325874748e+02,1.044320896346052223e+03,1.439011243479161024e+09,6.089857994568727493e+09
2.669736007833559415e+04,2.479310522519215283e+02,1.045470934060008858e+03,1.439011243311364412e+09,6.089857993861166954e+09
2.672561125302166329e+04,2.482028019712239484e+02,1.046620971773831798e+03,1.439011243143937349e+09,6.089857993155162811e+09
2.675386242770773242e+04,2.484745516904947635e+02,1.047771009487521951e+03,1.439011242976878643e+09,6.089857992450709343e+09
2.678211360239380156e+04,2.487463014097340874e+02,1.048921047201078864e+03,1.439011242810187340e+09,6.089857991747800827e+09
2.681036477707987069e+04,2.490180511289419201e+02,1.050071084914503444e+03,1.439011242643862009e+09,6.089857991046433449e+09
2.683861595176593983e+04,2.492898008481184320e+02,1.051221122627795467e+03,1.439011242477901459e+09,6.089857990346601486e+09
2.686686712645200896e+04,2.495615505672635948e+02,1.052371160340955612e+03,1.439011242312304258e+09,6.089857989648300171e+09
2.689511830113808173e+04,2.498333002863775789e+02,1.053521198053984108e+03,1.439011242147069454e+09,6.089857988951523781e+09
2.692336947582415087e+04,2.501050500054603560e+02,1.054671235766881182e+03,1.439011241982195854e+09,6.089857988256267548e+09
2.695162065051022000e+04,2.503767997245120398e+02,1.055821273479647289e+03,1.439011241817682266e+09,6.089857987562526703e+09
2.697987182519628914e+04,2.506485494435326586e+02,1.056971311192282201e+03,1.439011241653527498e+09,6.089857986870296478e+09
2.700812299988235827e+04,2.509202991625222978e+02,1.058121348904786601e+03,1.439011241489730358e+09,6.089857986179572105e+09
2.703637417456842741e+04,2.511920488814810710e+02,1.059271386617160488e+03,1.439011241326289892e+09,6.089857985490347862e+09
2.706462534925449654e+04,2.514637986004090067e+02,1.060421424329404772e+03,1.439011241163204670e+09,6.089857984802619934e+09
2.709287652394056568e+04,2.517355483193061616e+02,1.061571462041518998e+03,1.439011241000473738e+09,6.089857984116382599e+09
2.712112769862663481e+04,2.520072980381726211e+02,1.062721499753503849e+03,1.439011240838095665e+09,6.089857983431631088e+09
2.714937887331270394e+04,2.522790477570084704e+02,1.063871537465359779e+03,1.439011240676069498e+09,6.089857982748361588e+09
2.717763004799877308e+04,2.525507974758137948e+02,1.065021575177086561e+03,1.439011240514394045e+09,6.089857982066568375e+09
2.720588122268484221e+04,2.528225471945885943e+02,1.066171612888684876e+03,1.439011240353068113e+09,6.089857981386246681e+09
2.723413239737091135e+04,2.530942969133329541e+02,1.067321650600154726e+03,1.439011240192090750e+09,6.089857980707391739e+09
2.726238357205698412e+04,2.533660466320469595e+02,1.068471688311496791e+03,1.439011240031460762e+09,6.089857980029998779e+09
2.729063474674305326e+04,2.536377963507306390e+02,1.069621726022710845e+03,1.439011239871176958e+09,6.089857979354063034e+09
2.731888592142912239e+04,2.539095460693840778e+02,1.070771763733797115e+03,1.439011239711238146e+09,6.089857978679580688e+09
2.734713709611519153e+04,2.541812957880073327e+02,1.071921801444756511e+03,1.439011239551643372e+09,6.089857978006546021e+09
2.737538827080126066e+04,2.544530455066005175e+02,1.073071839155588805e+03,1.439011239392391443e+09,6.089857977334954262e+09
2.740363944548732979e+04,2.547247952251636605e+02,1.074221876866294451e+03,1.439011239233481169e+09,6.089857976664801598e+09
2.743189062017339893e+04,2.549965449436968470e+02,1.075371914576873678e+03,1.439011239074911594e+09,6.089857975996083260e+09
2.746014179485946806e+04,2.552682946622000770e+02,1.076521952287326940e+03,1.439011238916681528e+09,6.089857975328794479e+09
2.748839296954553720e+04,2.555400443806734643e+02,1.077671989997654009e+03,1.439011238758790016e+09,6.089857974662930489e+09
2.751664414423160633e+04,2.558117940991170656e+02,1.078822027707855568e+03,1.439011238601235867e+09,6.089857973998486519e+09
2.754489531891767547e+04,2.560835438175309946e+02,1.079972065417931844e+03,1.439011238444018126e+09,6.089857973335458755e+09
2.757314649360374460e+04,2.563552935359152229e+02,1.081122103127882838e+03,1.439011238287135601e+09,6.089857972673842430e+09
2.760139766828981374e+04,2.566270432542698359e+02,1.082272140837709230e+03,1.439011238130587101e+09,6.089857972013632774e+09
2.762964884297588287e+04,2.568987929725949471e+02,1.083422178547411249e+03,1.439011237974371910e+09,6.089857971354825020e+09
2.765790001766195564e+04,2.571705426908906134e+02,1.084572216256988895e+03,1.439011237818488598e+09,6.089857970697415352e+09
2.768615119234802478e+04,2.574422924091568348e+02,1.085722253966442395e+03,1.439011237662936211e+09,6.089857970041399002e+09
2.771440236703409391e+04,2.577140421273936681e+02,1.086872291675771976e+03,1.439011237507713795e+09,6.089857969386772156e+09
2.774265354172016305e+04,2.579857918456012840e+02,1.088022329384978320e+03,1.439011237352820396e+09,6.089857968733530045e+09
2.777090471640623218e+04,2.582575415637796823e+02,1.089172367094061201e+03,1.439011237198254824e+09,6.089857968081667900e+09
2.779915589109230132e+04,2.585292912819289199e+02,1.090322404803021300e+03,1.439011237044015884e+09,6.089857967431180954e+09
2.782740706577837045e+04,2.588010410000490538e+02,1.091472442511858617e+03,1.439011236890102863e+09,6.089857966782066345e+09
2.785565824046443959e+04,2.590727907181401406e+02,1.092622480220573607e+03,1.439011236736514330e+09,6.089857966134318352e+09
2.788390941515050872e+04,2.593445404362022941e+02,1.093772517929166270e+03,1.439011236583249569e+09,6.089857965487933159e+09
2.791216058983657786e+04,2.596162901542354575e+02,1.094922555637637060e+03,1.439011236430307627e+09,6.089857964842906952e+09
2.794041176452264699e+04,2.598880398722398013e+02,1.096072593345986206e+03,1.439011236277687311e+09,6.089857964199234962e+09
2.796866293920871612e+04,2.601597895902153823e+02,1.097222631054213707e+03,1.439011236125387669e+09,6.089857963556912422e+09
2.799691411389478526e+04,2.604315393081622005e+02,1.098372668762320245e+03,1.439011235973407507e+09,6.089857962915935516e+09
2.802516528858085803e+04,2.607032890260803697e+02,1.099522706470305820e+03,1.439011235821746111e+09,6.089857962276300430e+09
2.805341646326692717e+04,2.609750387439698898e+02,1.100672744178170660e+03,1.439011235670402288e+09,6.089857961638002396e+09
2.808166763795299630e+04,2.612467884618309313e+02,1.101822781885915219e+03,1.439011235519375086e+09,6.089857961001037598e+09
2.810991881263906544e+04,2.615185381796634374e+02,1.102972819593539498e+03,1.439011235368663549e+09,6.089857960365402222e+09
2.813816998732513457e+04,2.617902878974675218e+02,1.104122857301043723e+03,1.439011235218266487e+09,6.089857959731091499e+09
2.816642116201120371e+04,2.620620376152431845e+02,1.105272895008428577e+03,1.439011235068183184e+09,6.089857959098101616e+09
2.819467233669727284e+04,2.623337873329905960e+02,1.106422932715693833e+03,1.439011234918412447e+09,6.089857958466427803e+09
2.822292351138334197e+04,2.626055370507096995e+02,1.107572970422840172e+03,1.439011234768953562e+09,6.089857957836066246e+09
