time,x,y,vx,vy
0.000000000000000000e+00,0.000000000000000000e+00,9.832899999999999974e-01,-3.029090109819997087e+04,0.000000000000000000e+00
6.317154704227247566e+04,-1.279092970372835980e-02,9.832081732081429104e-01,-3.028838100925060280e+04,-3.875078385353484691e+02
1.263430940845449513e+05,-2.557973082738180040e-02,9.829627207493456531e-01,-3.028082038634946002e+04,-7.749479426751058782e+02
1.895146411268174415e+05,-3.836427511013063701e-02,9.825536855296219674e-01,-3.026822067805899860e+04,-1.162252582352099353e+03
2.526861881690899027e+05,-5.114243510675005322e-02,9.819811390505271964e-01,-3.025058429840787721e+04,-1.549354057891002867e+03
3.158577352113623638e+05,-6.391208459519104323e-02,9.812451813931160061e-01,-3.022791462620316088e+04,-1.936184715195124909e+03
3.790292822536348831e+05,-7.667109898380281008e-02,9.803459411954916769e-01,-3.020021600406773723e+04,-2.322676960915592645e+03
4.422008292959073442e+05,-8.941735571809067418e-02,9.792835756239518519e-01,-3.016749373720350195e+04,-2.708763277597081924e+03
5.053723763381798053e+05,-1.021487346868940466e-01,9.780582703377466158e-01,-3.012975409188093545e+04,-3.094376238794262463e+03
5.685439233804523246e+05,-1.148631186278686878e-01,9.766702394474588989e-01,-3.008700429365590389e+04,-3.479448524153135168e+03
6.317154704227247275e+05,-1.275583935321585594e-01,9.751197254670248560e-01,-3.003925252531461229e+04,-3.863912934451478122e+03
6.948870174649972469e+05,-1.402324490481426378e-01,9.734069992594122089e-01,-2.998650792454780094e+04,-4.247702406592643456e+03
7.580585645072697662e+05,-1.528831788841424899e-01,9.715323599759778661e-01,-2.992878058135543688e+04,-4.630750028546965041e+03
8.212301115495421691e+05,-1.655084812099771874e-01,9.694961349895273583e-01,-2.986608153518323525e+04,-5.012989054235099502e+03
8.844016585918146884e+05,-1.781062590572526361e-01,9.672986798211035131e-01,-2.979842277179257508e+04,-5.394352918347652121e+03
9.475732056340870913e+05,-1.906744207182728690e-01,9.649403780605300129e-01,-2.972581721986542834e+04,-5.774775251095463318e+03
1.010744752676359611e+06,-2.032108801434621415e-01,9.624216412807418131e-01,-2.964827874734610305e+04,-6.154189892885030531e+03
1.073916299718632130e+06,-2.157135573371867787e-01,9.597429089459360574e-01,-2.956582215752171760e+04,-6.532530908913532585e+03
1.137087846760904649e+06,-2.281803787518669191e-01,9.569046483135765779e-01,-2.947846318484348740e+04,-6.909732603678030500e+03
1.200259393803176936e+06,-2.406092776802692956e-01,9.539073543302897251e-01,-2.938621849049099546e+04,-7.285729535393452352e+03
1.263430940845449455e+06,-2.529981946458729203e-01,9.507515495216928292e-01,-2.928910565768178276e+04,-7.660456530314037991e+03
1.326602487887721974e+06,-2.653450777912005343e-01,9.474377838761962600e-01,-2.918714318672869558e+04,-8.033848696952980390e+03
1.389774034929994494e+06,-2.776478832640098537e-01,9.439666347228218291e-01,-2.908035048984757304e+04,-8.405841440195101313e+03
1.452945581972267013e+06,-2.899045756012401664e-01,9.403387066030859387e-01,-2.896874788571798490e+04,-8.776370475297429948e+03
1.516117129014539532e+06,-3.021131281106098077e-01,9.365546311369942201e-01,-2.885235659379981735e+04,-9.145371841772655898e+03
1.579288676056811819e+06,-3.142715232497628186e-01,9.326150668831995061e-01,-2.873119872840867538e+04,-9.512781917150516165e+03
1.642460223099084338e+06,-3.263777530028630913e-01,9.285206991933753207e-01,-2.860529729255312850e+04,-9.878537430612237586e+03
1.705631770141356857e+06,-3.384298192545358019e-01,9.242722400608578415e-01,-2.847467617153698666e+04,-1.024257547649324806e+04
1.768803317183629377e+06,-3.504257341610587106e-01,9.198704279636158443e-01,-2.833936012632988786e+04,-1.060483352764949086e+04
1.831974864225901896e+06,-3.623635205187051844e-01,9.153160277016051394e-01,-2.819937478670958444e+04,-1.096524944868271086e+04
1.895146411268174183e+06,-3.742412121291432969e-01,9.106098302285686730e-01,-2.805474664417940585e+04,-1.132376150902023801e+04
1.958317958310446702e+06,-3.860568541617974692e-01,9.057526524783449107e-01,-2.790550304466450325e+04,-1.168030839584485511e+04
2.021489505352719221e+06,-3.978085035130795588e-01,9.007453371857475632e-01,-2.775167218099060119e+04,-1.203482922687043538e+04
2.084661052394991741e+06,-4.094942291623981379e-01,8.955887527020852668e-01,-2.759328308514897071e+04,-1.238726356295917140e+04
2.147832599437264260e+06,-4.211121125248571961e-01,8.902837928053852767e-01,-2.743036562035159659e+04,-1.273755142057629200e+04
2.211004146479536779e+06,-4.326602478005556751e-01,8.848313765053938962e-01,-2.726295047288043497e+04,-1.308563328407827612e+04
2.274175693521809299e+06,-4.441367423204025666e-01,8.792324478434234702e-01,-2.709106914373486143e+04,-1.343145011783070004e+04
2.337347240564081818e+06,-4.555397168883624781e-01,8.734879756871181122e-01,-2.691475394008143485e+04,-1.377494337815195104e+04
2.400518787606353872e+06,-4.668673061200492858e-01,8.675989535202143221e-01,-2.673403796651020457e+04,-1.411605502507915116e+04
2.463690334648626391e+06,-4.781176587775878839e-01,8.615663992273692173e-01,-2.654895511610183530e+04,-1.445472753395278050e+04
2.526861881690898910e+06,-4.892889381006634286e-01,8.553913548741375328e-01,-2.635954006130994821e+04,-1.479090390681654935e+04
2.590033428733171429e+06,-5.003793221336825248e-01,8.490748864821732189e-01,-2.616582824466308011e+04,-1.512452768362926327e+04
2.653204975775443949e+06,-5.113870040489701951e-01,8.426180837997365725e-01,-2.596785586929078272e+04,-1.545554295328548505e+04
2.716376522817716468e+06,-5.223101924659300233e-01,8.360220600675889457e-01,-2.576565988927840954e+04,-1.578389436444193780e+04
2.779548069859988987e+06,-5.331471117660956383e-01,8.292879517803564138e-01,-2.555927799985522506e+04,-1.610952713614673303e+04
2.842719616902261507e+06,-5.438960024040033758e-01,8.224169184434473312e-01,-2.534874862742048572e+04,-1.643238706826861016e+04
2.905891163944534026e+06,-5.545551212138212227e-01,8.154101423256088221e-01,-2.513411091941223276e+04,-1.675242055172351320e+04
2.969062710986806545e+06,-5.651227417116656548e-01,8.082688282072071351e-01,-2.491540473402356656e+04,-1.706957457849594357e+04
3.032234258029079065e+06,-5.755971543935440859e-01,8.009942031243209026e-01,-2.469267062977119713e+04,-1.738379675145266810e+04
3.095405805071351118e+06,-5.859766670288628632e-01,7.935875161087334595e-01,-2.446594985492114211e+04,-1.769503529394648649e+04
3.158577352113623638e+06,-5.962596049494397477e-01,7.860500379239151458e-01,-2.423528433677643261e+04,-1.800323905920788457e+04
3.221748899155896157e+06,-6.064443113339642588e-01,7.783830607970841919e-01,-2.400071667083178545e+04,-1.830835753952252344e+04
3.284920446198168676e+06,-6.165291474878505928e-01,7.705878981474379996e-01,-2.376229010980012754e+04,-1.861034087519266541e+04
3.348091993240441196e+06,-6.265124931184312684e-01,7.626658843106461916e-01,-2.352004855251601111e+04,-1.890913986328073952e+04
3.411263540282713715e+06,-6.363927466054380977e-01,7.546183742596975774e-01,-2.327403653272083466e+04,-1.920470596613339876e+04
3.474435087324986234e+06,-6.461683252667242972e-01,7.464467433221941839e-01,-2.302429920773494814e+04,-1.949699131968453730e+04
3.537606634367258754e+06,-6.558376656191788889e-01,7.381523868941854971e-01,-2.277088234702160844e+04,-1.978594874153587443e+04
3.600778181409531273e+06,-6.653992236347907596e-01,7.297367201506389511e-01,-2.251383232064784534e+04,-2.007153173881382099e+04
3.663949728451803792e+06,-6.748514749918175237e-01,7.212011777526384781e-01,-2.225319608764724035e+04,-2.035369451580151508e+04
3.727121275494075846e+06,-6.841929153210211112e-01,7.125472135514092642e-01,-2.198902118428970425e+04,-2.063239198134497201e+04
3.790292822536348365e+06,-6.934220604469313320e-01,7.037763002892616360e-01,-2.172135571226323736e+04,-2.090757975603250452e+04
3.853464369578620885e+06,-7.025374466240991156e-01,6.948899292975525555e-01,-2.145024832677274389e+04,-2.117921417914660924e+04
3.916635916620893404e+06,-7.115376307683091150e-01,6.858896101917585364e-01,-2.117574822456089532e+04,-2.144725231538771186e+04
3.979807463663165923e+06,-7.204211906827172607e-01,6.767768705637582372e-01,-2.089790513185606687e+04,-2.171165196136924715e+04
4.042979010705438443e+06,-7.291867252788839515e-01,6.675532556714204313e-01,-2.061676929225235290e+04,-2.197237165188368817e+04
4.106150557747710962e+06,-7.378328547926757963e-01,6.582203281255947225e-01,-2.033239145452661251e+04,-2.222937066593924101e+04
4.169322104789983481e+06,-7.463582209950103685e-01,6.487796675746010377e-01,-2.004482286039753672e+04,-2.248260903256708843e+04
4.232493651832255535e+06,-7.547614873974194394e-01,6.392328703863158212e-01,-1.975411523223164477e+04,-2.273204753639912815e+04
4.295665198874528520e+06,-7.630413394524114823e-01,6.295815493279512953e-01,-1.946032076070111361e+04,-2.297764772301631820e+04
4.358836745916800573e+06,-7.711964847486107999e-01,6.198273332436250449e-01,-1.916349209239835182e+04,-2.321937190406780064e+04
4.422008292959073558e+06,-7.792256532006609504e-01,6.099718667298147379e-01,-1.886368231741208365e+04,-2.345718316216118910e+04
4.485179840001345612e+06,-7.871275972338704907e-01,6.000168098087991231e-01,-1.856094495686985101e+04,-2.369104535552438392e+04
4.548351387043618597e+06,-7.949010919635958183e-01,5.899638376001747897e-01,-1.825533395045158250e+04,-2.392092312243952620e+04
4.611522934085890651e+06,-8.025449353693423493e-01,5.798146399905527160e-01,-1.794690364387907539e+04,-2.414678188544968361e+04
4.674694481128163636e+06,-8.100579484635804794e-01,5.695709213015227590e-01,-1.763570877638592719e+04,-2.436858785533913033e+04
4.737866028170435689e+06,-8.174389754552656706e-01,5.592343999559881151e-01,-1.732180446817269694e+04,-2.458630803488795209e+04
4.801037575212707743e+06,-8.246868839080592206e-01,5.488068081429590128e-01,-1.700524620785173829e+04,-2.479991022240212260e+04
4.864209122254980728e+06,-8.318005648932454976e-01,5.382898914809060020e-01,-1.668608983988634282e+04,-2.500936301501996786e+04
4.927380669297252782e+06,-8.387789331373438628e-01,5.276854086797617693e-01,-1.636439155202859911e+04,-2.521463581179629909e+04
4.990552216339525767e+06,-8.456209271644176129e-01,5.169951312016685119e-01,-1.604020786276038234e+04,-2.541569881656547659e+04
5.053723763381797820e+06,-8.523255094330784987e-01,5.062208429205632410e-01,-1.571359560874189810e+04,-2.561252304058472873e+04
5.116895310424070805e+06,-8.588916664681957025e-01,4.953643397806914983e-01,-1.538461193227196054e+04,-2.580508030495925050e+04
5.180066857466342859e+06,-8.653184089873106055e-01,4.844274294541454640e-01,-1.505331426876437035e+04,-2.599334324285058028e+04
5.243238404508615844e+06,-8.716047720217682260e-01,4.734119309975122203e-01,-1.471976033424441448e+04,-2.617728530146996491e+04
5.306409951550887898e+06,-8.777498150325728776e-01,4.623196745077283176e-01,-1.438400811286973294e+04,-2.635688074385836808e+04
5.369581498593160883e+06,-8.837526220209804828e-01,4.511525007772250739e-01,-1.404611584447942914e+04,-2.653210465045501041e+04
5.432753045635432936e+06,-8.896123016338385314e-01,4.399122609484583113e-01,-1.370614201217552727e+04,-2.670293292045627823e+04
5.495924592677704990e+06,-8.953279872636906722e-01,4.286008161679061290e-01,-1.336414532994052388e+04,-2.686934227296702011e+04
5.559096139719977975e+06,-9.008988371436595921e-01,4.172200372396254742e-01,-1.302018473029495181e+04,-2.703131024794624682e+04
5.622267686762250029e+06,-9.063240344371275015e-01,4.057718042784530521e-01,-1.267431935199865256e+04,-2.718881520694936989e+04
5.685439233804523014e+06,-9.116027873222323219e-01,3.942580063629333997e-01,-1.232660852779935703e+04,-2.734183633366921276e+04
5.748610780846795067e+06,-9.167343290712012260e-01,3.826805411880634389e-01,-1.197711177223227605e+04,-2.749035363427797347e+04
5.811782327889068052e+06,-9.217179181245435116e-01,3.710413147179318361e-01,-1.162588876947405879e+04,-2.763434793757257648e+04
5.874953874931340106e+06,-9.265528381601260133e-01,3.593422408383409317e-01,-1.127299936125468230e+04,-2.777380089492570914e+04
5.938125421973613091e+06,-9.312383981571574765e-01,3.475852410094872336e-01,-1.091850353483045183e+04,-2.790869498004506386e+04
6.001296969015885144e+06,-9.357739324551060944e-01,3.357722439187865726e-01,-1.056246141102153342e+04,-2.803901348854325988e+04
6.064468516058158129e+06,-9.401588008075816294e-01,3.239051851339181942e-01,-1.020493323231702561e+04,-2.816474053732104949e+04
6.127640063100430183e+06,-9.443923884312069861e-01,3.119860067561707195e-01,-9.845979351050813420e+03,-2.828586106376637690e+04
6.190811610142702237e+06,-9.484741060495142095e-01,3.000166570741623628e-01,-9.485660217651055063e+03,-2.840236082477202217e+04
6.253983157184975222e+06,-9.524033899318929963e-01,2.879990902180164514e-01,-9.124036368966340888e+03,-2.851422639557450020e+04
6.317154704227247275e+06,-9.561797019276266907e-01,2.759352658140634684e-01,-8.761168416671307568e+03,-2.862144516841699442e+04
6.380326251269520260e+06,-9.598025294950497388e-01,2.638271486401440602e-01,-8.397117035754394237e+03,-2.872400535103914081e+04
6.443497798311792314e+06,-9.632713857258605739e-01,2.516767082815877243e-01,-8.031942953090530864e+03,-2.882189596499649633e+04
6.506669345354065299e+06,-9.665858093646286786e-01,2.394859187879344598e-01,-7.665706936101165411e+03,-2.891510684381257670e+04
6.569840892396337353e+06,-9.697453648235302426e-01,2.272567583304745953e-01,-7.298469781504279126e+03,-2.900362863096637739e+04
6.633012439438610338e+06,-9.727496421923540471e-01,2.149912088606697746e-01,-6.930292304156618229e+03,-2.908745277771833935e+04
6.696183986480882391e+06,-9.755982572438138822e-01,2.026912557695288719e-01,-6.561235325990614001e+03,-2.916657154077770974e+04
6.759355533523154445e+06,-9.782908514342116835e-01,1.903588875479992060e-01,-6.191359665048049465e+03,-2.924097797981435360e+04
6.822527080565427430e+06,-9.808270918994884680e-01,1.779960954484431090e-01,-5.820726124612738204e+03,-2.931066595481797776e+04
6.885698627607699484e+06,-9.832066714467088131e-01,1.656048731472609392e-01,-5.449395482444206209e+03,-2.937563012330787751e+04
6.948870174649972469e+06,-9.854293085410200659e-01,1.531872164087222932e-01,-5.077428480114276681e+03,-2.943586593739625459e+04
7.012041721692244522e+06,-9.874947472881304700e-01,1.407451227500703672e-01,-4.704885812448570505e+03,-2.949136964070818794e+04
7.075213268734517507e+06,-9.894027574123519519e-01,1.282805911079540062e-01,-4.331828117074529473e+03,-2.954213826516136396e+04
7.138384815776789561e+06,-9.911531342302507541e-01,1.157956215062516808e-01,-3.958315964077845365e+03,-2.958816962760869865e+04
7.201556362819062546e+06,-9.927456986199550970e-01,1.032922147253390321e-01,-3.584409845768723699e+03,-2.962946232634694752e+04
7.264727909861334600e+06,-9.941802969861622818e-01,9.077237197286151804e-02,-3.210170166559689278e+03,-2.966601573749446470e+04
7.327899456903607585e+06,-9.954568012208981909e-01,7.823809455606101082e-02,-2.835657232956197731e+03,-2.969783001124123257e+04
7.391071003945879638e+06,-9.965751086600714848e-01,6.569138355571546573e-02,-2.460931243661593271e+03,-2.972490606797430155e+04
7.454242550988151692e+06,-9.975351420358755661e-01,5.313423950173794957e-02,-2.086052279797510892e+03,-2.974724559428180510e+04
7.517414098030424677e+06,-9.983368494250841607e-01,4.056866205049013824e-02,-1.711080295241062004e+03,-2.976485103883867851e+04
7.580585645072696730e+06,-9.989802041932921428e-01,2.799664966385785256e-02,-1.336075107079852387e+03,-2.977772560817720660e+04
7.643757192114969715e+06,-9.994652049351505640e-01,1.542019929013469653e-02,-9.610963861858149357e+02,-2.978587326234555439e+04
7.706928739157241769e+06,-9.997918754106464023e-01,2.841306046765022884e-03,-5.862036479089422301e+02,-2.978929871045742038e+04
7.770100286199514754e+06,-9.999602644774781002e-01,-9.738037095014121305e-03,-2.114562428916222530e+02,-2.978800740613589369e+04
7.833271833241786808e+06,-9.999704460195774081e-01,-2.231583962358215864e-02,1.630866519954525415e+02,-2.978200554285464750e+04
7.896443380284059793e+06,-9.998225188718303791e-01,-3.489011379835850468e-02,5.373660425952625701e+02,-2.977130004917957558e+04
7.959614927326331846e+06,-9.995166067410475863e-01,-4.745887495919309806e-02,9.113231262835060988e+02,-2.975589858391391681e+04
8.022786474368604831e+06,-9.990528581232365202e-01,-6.002014183368978989e-02,1.284899300664320890e+03,-2.973580953114996737e+04
8.085958021410876885e+06,-9.984314462172276805e-01,-7.257193684241784737e-02,1.658036172142016085e+03,-2.971104199523041461e+04
8.149129568453148939e+06,-9.976525688347085419e-01,-8.511228640197980588e-02,2.030675564368561254e+03,-2.968160579562230123e+04
8.212301115495421924e+06,-9.967164483067156855e-01,-9.763922122589478725e-02,2.402759526566346722e+03,-2.964751146170666470e+04
8.275472662537693977e+06,-9.956233313866386103e-01,-1.101507766232640573e-01,2.774230341725993185e+03,-2.960877022748680611e+04
8.338644209579966962e+06,-9.943734891497894024e-01,-1.226449927951871882e-01,3.145030534679052380e+03,-2.956539402621814588e+04
8.401815756622239947e+06,-9.929672168895891105e-01,-1.351199151288916267e-01,3.515102880045325492e+03,-2.951739548496262432e+04
8.464987303664511070e+06,-9.914048340104246737e-01,-1.475735944895487928e-01,3.884390410054849326e+03,-2.946478791907053164e+04
8.528158850706784055e+06,-9.896866839172295816e-01,-1.600040875097459847e-01,4.252836422244516143e+03,-2.940758532659264165e+04
8.591330397749057040e+06,-9.878131339018414447e-01,-1.724094568765807134e-01,4.620384487029248703e+03,-2.934580238262553394e+04
8.654501944791330025e+06,-9.857845750261877704e-01,-1.847877716163571216e-01,4.986978455148056128e+03,-2.927945443359287310e+04
8.717673491833601147e+06,-9.836014220023554522e-01,-1.971371073768523052e-01,5.352562464984973303e+03,-2.920855749146546077e+04
8.780845038875874132e+06,-9.812641130695930469e-01,-2.094555467071311794e-01,5.717080949765247169e+03,-2.913312822792279985e+04
8.844016585918147117e+06,-9.787731098683035702e-01,-2.217411793348804672e-01,6.080478644626888126e+03,-2.905318396845890675e+04
8.907188132960418239e+06,-9.761288973110752165e-01,-2.339921024412455475e-01,6.442700593568145450e+03,-2.896874268643501273e+04
8.970359680002691224e+06,-9.733319834508042945e-01,-2.462064209331448206e-01,6.803692156271206841e+03,-2.887982299708184655e+04
9.033531227044964209e+06,-9.703828993459652219e-01,-2.583822477130379713e-01,7.163399014802488637e+03,-2.878644415145408129e+04
9.096702774087237194e+06,-9.672821989230748763e-01,-2.705177039461352795e-01,7.521767180190232466e+03,-2.868862603033950290e+04
9.159874321129508317e+06,-9.640304588364061456e-01,-2.826109193250229690e-01,7.878742998879789411e+03,-2.858638913812547253e+04
9.223045868171781301e+06,-9.606282783250013058e-01,-2.946600323316926895e-01,8.234273159067337474e+03,-2.847975459662509456e+04
9.286217415214054286e+06,-9.570762790670368503e-01,-3.066631904969515099e-01,8.588304696912520740e+03,-2.836874413886565526e+04
9.349388962256327271e+06,-9.533751050315893982e-01,-3.186185506572053461e-01,8.940785002630917006e+03,-2.825338010284161282e+04
9.412560509298598394e+06,-9.495254223278555283e-01,-3.305242792085945069e-01,9.291661826466932325e+03,-2.813368542523460201e+04
9.475732056340871379e+06,-9.455279190518735000e-01,-3.423785523584734203e-01,9.640883284548017400e+03,-2.800968363510270137e+04
9.538903603383144364e+06,-9.413833051307983757e-01,-3.541795563742153319e-01,9.988397864620899782e+03,-2.788139884754130617e+04
9.602075150425415486e+06,-9.370923121647800613e-01,-3.659254878293377033e-01,1.033415443167087869e+04,-2.774885575731779318e+04
9.665246697467688471e+06,-9.326556932664922250e-01,-3.776145538469345975e-01,1.067810223342502650e+04,-2.761207963248217493e+04
9.728418244509961456e+06,-9.280742228983627218e-01,-3.892449723404027284e-01,1.102019090574013717e+04,-2.747109630795592238e+04
9.791589791552234441e+06,-9.233486967075523744e-01,-4.008149722514596225e-01,1.136037047787662050e+04,-2.732593217910099702e+04
9.854761338594505563e+06,-9.184799313587311831e-01,-4.123227937854399006e-01,1.169859137765918604e+04,-2.717661419527119506e+04
9.917932885636778548e+06,-9.134687643646987043e-01,-4.237666886438674063e-01,1.203480443652550821e+04,-2.702316985334776109e+04
9.981104432679051533e+06,-9.083160539148965595e-01,-4.351449202542908012e-01,1.236896089446378573e+04,-2.686562719126131560e+04
1.004427597972132452e+07,-9.030226787018592605e-01,-4.464557639973841807e-01,1.270101240484052687e+04,-2.670401478150189359e+04
1.010744752676359564e+07,-8.975895377456486468e-01,-4.576975074313035519e-01,1.303091103911953178e+04,-2.653836172461905153e+04
1.017061907380586863e+07,-8.920175502163194547e-01,-4.688684505132980074e-01,1.335860929147338538e+04,-2.636869764271379609e+04
1.023379062084814161e+07,-8.863076552544599807e-01,-4.799669058185680459e-01,1.368406008328847929e+04,-2.619505267292420467e+04
1.029696216789041273e+07,-8.804608117898528041e-01,-4.909911987563750357e-01,1.400721676756499619e+04,-2.601745746090631656e+04
1.036013371493268572e+07,-8.744779983582983141e-01,-5.019396677833973808e-01,1.432803313321300448e+04,-2.583594315431208088e+04
1.042330526197495870e+07,-8.683602129166483330e-01,-5.128106646143280045e-01,1.464646340924584547e+04,-2.565054139626598408e+04
1.048647680901723169e+07,-8.621084726560885869e-01,-5.236025544297221446e-01,1.496246226887229568e+04,-2.546128431884185920e+04
1.054964835605950281e+07,-8.557238138137149841e-01,-5.343137160810871311e-01,1.527598483348865557e+04,-2.526820453654148514e+04
1.061281990310177580e+07,-8.492072914824448926e-01,-5.449425422932221430e-01,1.558698667657220358e+04,-2.507133513977641996e+04
1.067599145014404878e+07,-8.425599794193066039e-01,-5.554874398638024457e-01,1.589542382747722331e+04,-2.487070968835455278e+04
1.073916299718632177e+07,-8.357829698521435091e-01,-5.659468298602176040e-01,1.620125277513512992e+04,-2.466636220497268732e+04
1.080233454422859289e+07,-8.288773732847788400e-01,-5.763191478136616697e-01,1.650443047165994358e+04,-2.445832716871657976e+04
1.086550609127086587e+07,-8.218443183006745034e-01,-5.866028439104820080e-01,1.680491433586059429e+04,-2.424663950856962765e+04
1.092867763831313886e+07,-8.146849513651299723e-01,-5.967963831807856501e-01,1.710266225666131140e+04,-2.403133459693161058e+04
1.099184918535540998e+07,-8.074004366260539856e-01,-6.068982456843147189e-01,1.739763259643170022e+04,-2.381244824314851212e+04
1.105502073239768296e+07,-7.999919557133476911e-01,-6.169069266935905960e-01,1.768978419422780644e+04,-2.359001668705466000e+04
1.111819227943995595e+07,-7.924607075369416442e-01,-6.268209368743332677e-01,1.797907636894553798e+04,-2.336407659252834492e+04
1.118136382648222893e+07,-7.848079080835159704e-01,-6.366388024631627340e-01,1.826546892238807413e+04,-2.313466504106185675e+04
1.124453537352450006e+07,-7.770347902119453254e-01,-6.463590654425893645e-01,1.854892214224848794e+04,-2.290181952534705852e+04
1.130770692056677304e+07,-7.691426034475000728e-01,-6.559802837132984177e-01,1.882939680500921168e+04,-2.266557794287738216e+04
1.137087846760904603e+07,-7.611326137748442022e-01,-6.655010312637353875e-01,1.910685417875960775e+04,-2.242597858956728669e+04
1.143405001465131901e+07,-7.530061034298562994e-01,-6.749198983370023885e-01,1.938125602593327494e+04,-2.218306015338992074e+04
1.149722156169359013e+07,-7.447643706903146477e-01,-6.842354915950710215e-01,1.965256460596641409e+04,-2.193686170803393179e+04
1.156039310873586312e+07,-7.364087296654736603e-01,-6.934464342803217107e-01,1.992074267787881763e+04,-2.168742270658013149e+04
1.162356465577813610e+07,-7.279405100845699472e-01,-7.025513663744150650e-01,2.018575350277877078e+04,-2.143478297519887201e+04
1.168673620282040723e+07,-7.193610570842835505e-01,-7.115489447545086943e-01,2.044756084629350880e+04,-2.117898270686872274e+04
1.174990774986268021e+07,-7.106717309951888772e-01,-7.204378433468258125e-01,2.070612898092656906e+04,-2.092006245511714224e+04
1.181307929690495320e+07,-7.018739071272274144e-01,-7.292167532775829519e-01,2.096142268834345305e+04,-2.065806312778385836e+04
1.187625084394722618e+07,-6.929689755542285390e-01,-7.378843830212925559e-01,2.121340726158715916e+04,-2.039302598080737152e+04
1.193942239098949730e+07,-6.839583408975100642e-01,-7.464394585464437792e-01,2.146204850722489209e+04,-2.012499261203526839e+04
1.200259393803177029e+07,-6.748434221085850560e-01,-7.548807234585775960e-01,2.170731274742751339e+04,-1.985400495505869912e+04
1.206576548507404327e+07,-6.656256522510083373e-01,-7.632069391407599879e-01,2.194916682198297349e+04,-1.958010527307165830e+04
1.212893703211631626e+07,-6.563064782813824438e-01,-7.714168848914700893e-01,2.218757809024535163e+04,-1.930333615275526608e+04
1.219210857915858738e+07,-6.468873608295574451e-01,-7.795093580599105065e-01,2.242251443302074404e+04,-1.902374049818761341e+04
1.225528012620086037e+07,-6.373697739780433968e-01,-7.874831741787514661e-01,2.265394425439150655e+04,-1.874136152477935320e+04
1.231845167324313335e+07,-6.277552050406709494e-01,-7.953371670943183425e-01,2.288183648348012866e+04,-1.845624275323551774e+04
1.238162322028540447e+07,-6.180451543405153236e-01,-8.030701890942367749e-01,2.310616057615423779e+04,-1.816842800354362407e+04
1.244479476732767746e+07,-6.082411349871128525e-01,-8.106811110325442549e-01,2.332688651667402155e+04,-1.787796138898839854e+04
1.250796631436995044e+07,-5.983446726529970672e-01,-8.181688224522791764e-01,2.354398481928340334e+04,-1.758488731019337501e+04
1.257113786141222343e+07,-5.883573053495716465e-01,-8.255322317055596715e-01,2.375742652974637531e+04,-1.728925044918933781e+04
1.263430940845449455e+07,-5.782805832023468762e-01,-8.327702660711647775e-01,2.396718322682977305e+04,-1.699109576350989664e+04
1.269748095549676754e+07,-5.681160682255607108e-01,-8.398818718696267061e-01,2.417322702373381617e+04,-1.669046848031414629e+04
1.276065250253904052e+07,-5.578653340962085316e-01,-8.468660145758468705e-01,2.437553056947165169e+04,-1.638741409053660391e+04
1.282382404958131164e+07,-5.475299659274989184e-01,-8.537216789292483288e-01,2.457406705019928631e+04,-1.608197834306428558e+04
1.288699559662358463e+07,-5.371115600417580849e-01,-8.604478690414751885e-01,2.476881019049710449e+04,-1.577420723894096409e+04
1.295016714366585761e+07,-5.266117237428056264e-01,-8.670436085016489658e-01,2.495973425460416911e+04,-1.546414702559864600e+04
1.301333869070813060e+07,-5.160320750878163443e-01,-8.735079404791959989e-01,2.514681404760664736e+04,-1.515184419111602438e+04
1.307651023775040172e+07,-5.053742426586913528e-01,-8.798399278242561294e-01,2.533002491658147846e+04,-1.483734545850392169e+04
1.313968178479267471e+07,-4.946398653329537876e-01,-8.860386531656836429e-01,2.550934275169652756e+04,-1.452069778001748273e+04
1.320285333183494769e+07,-4.838305920541920435e-01,-8.921032190066514600e-01,2.568474398726833897e+04,-1.420194833149509577e+04
1.326602487887722068e+07,-4.729480816020620870e-01,-8.980327478178717904e-01,2.585620560277871118e+04,-1.388114450672364001e+04
1.332919642591949180e+07,-4.619940023618712144e-01,-9.038263821284413524e-01,2.602370512385115944e+04,-1.355833391182999185e+04
1.339236797296176478e+07,-4.509700320937555240e-01,-9.094832846143258154e-01,2.618722062318844837e+04,-1.323356435969841732e+04
1.345553952000403777e+07,-4.398778577014729740e-01,-9.150026381844902357e-01,2.634673072147217681e+04,-1.290688386441371222e+04
1.351871106704630889e+07,-4.287191750008216840e-01,-9.203836460646893647e-01,2.650221458822558998e+04,-1.257834063572960804e+04
1.358188261408858187e+07,-4.174956884877013552e-01,-9.256255318789281539e-01,2.665365194264063393e+04,-1.224798307356218538e+04
1.364505416113085486e+07,-4.062091111058360737e-01,-9.307275397286005614e-01,2.680102305437019459e+04,-1.191585976250801832e+04
1.370822570817312784e+07,-3.948611640141660994e-01,-9.356889342693204270e-01,2.694430874428664902e+04,-1.158201946638649679e+04
1.377139725521539897e+07,-3.834535763539289044e-01,-9.405090007854510770e-01,2.708349038520761314e+04,-1.124651112280605412e+04
1.383456880225767195e+07,-3.719880850154381746e-01,-9.451870452623475360e-01,2.721854990258988983e+04,-1.090938383775375587e+04
1.389774034929994494e+07,-3.604664344045798718e-01,-9.497223944563168985e-01,2.734946977519247230e+04,-1.057068688020796617e+04
1.396091189634221792e+07,-3.488903762090312388e-01,-9.541143959623096249e-01,2.747623303570961434e+04,-1.023046967677339126e+04
1.402408344338448904e+07,-3.372616691642211229e-01,-9.583624182793504254e-01,2.759882327137476022e+04,-9.888781806338194656e+03
1.408725499042676203e+07,-3.255820788190388337e-01,-9.624658508737168328e-01,2.771722462453622211e+04,-9.545672994752518207e+03
1.415042653746903501e+07,-3.138533773013096329e-01,-9.664241042398750148e-01,2.783142179320542709e+04,-9.201193109528045170e+03
1.421359808451130614e+07,-3.020773430830409056e-01,-9.702366099591829274e-01,2.794140003157853062e+04,-8.855392154557865069e+03
1.427676963155357912e+07,-2.902557607454538946e-01,-9.739028207563669159e-01,2.804714515053220384e+04,-8.508320264856138238e+03
1.433994117859585211e+07,-2.783904207438146483e-01,-9.774222105537814231e-01,2.814864351809429354e+04,-8.160027701317080755e+03
1.440311272563812509e+07,-2.664831191720676284e-01,-9.807942745234599080e-01,2.824588205989012204e+04,-7.810564845492448512e+03
1.446628427268039621e+07,-2.545356575272882393e-01,-9.840185291369638598e-01,2.833884825956510394e+04,-7.459982194387072923e+03
1.452945581972266920e+07,-2.425498424739598036e-01,-9.870945122130391214e-01,2.842753015918437086e+04,-7.108330355271676126e+03
1.459262736676494218e+07,-2.305274856080898327e-01,-9.900217829630824085e-01,2.851191635960999338e+04,-6.755660040512477281e+03
1.465579891380721517e+07,-2.184704032211684799e-01,-9.927999220344319031e-01,2.859199602085650258e+04,-6.402022062416714107e+03
1.471897046084948629e+07,-2.063804160639831353e-01,-9.954285315514816990e-01,2.866775886242520210e+04,-6.047467328093561264e+03
1.478214200789175928e+07,-1.942593491102945213e-01,-9.979072351546305342e-01,2.873919516361793285e+04,-5.692046834329621561e+03
1.484531355493403226e+07,-1.821090313203876931e-01,-1.000235678037069142e+00,2.880629576383070889e+04,-5.335811662478453400e+03
1.490848510197630338e+07,-1.699312954045004986e-01,-1.002413526979413216e+00,2.886905206282782819e+04,-4.978812973363207675e+03
1.497165664901857637e+07,-1.577279775861400446e-01,-1.004440470382185424e+00,2.892745602099689495e+04,-4.621102002191744759e+03
1.503482819606084935e+07,-1.455009173652987431e-01,-1.006316218296153586e+00,2.898150015958517179e+04,-4.262730053483574920e+03
1.509799974310312234e+07,-1.332519572815709374e-01,-1.008040502450529674e+00,2.903117756091773117e+04,-3.903748496007682661e+03
1.516117129014539346e+07,-1.209829426771832778e-01,-1.009613076279031851e+00,2.907648186859776615e+04,-3.544208757730629713e+03
1.522434283718766645e+07,-1.086957214599421490e-01,-1.011033714943816442e+00,2.911740728768942790e+04,-3.184162320774049931e+03
1.528751438422993943e+07,-9.639214386611107133e-02,-1.012302215357282487e+00,2.915394858488351383e+04,-2.823660716380925351e+03
1.535068593127221242e+07,-8.407406222321822664e-02,-1.013418396201751781e+00,2.918610108864633366e+04,-2.462755519889647530e+03
1.541385747831448354e+07,-7.174333071280668273e-02,-1.014382097947029271e+00,2.921386068935199364e+04,-2.101498345715245250e+03
1.547702902535675652e+07,-5.940180513313012695e-02,-1.015193182865844257e+00,2.923722383939837164e+04,-1.739940842336853166e+03
1.554020057239902951e+07,-4.705134266180670960e-02,-1.015851535047177734e+00,2.925618755330698332e+04,-1.378134687290790680e+03
1.560337211944130063e+07,-3.469380161843071964e-02,-1.016357060407474533e+00,2.927074940780692486e+04,-1.016131582168245814e+03
1.566654366648357362e+07,-2.233104122715225820e-02,-1.016709686699746262e+00,2.928090754190305597e+04,-6.539832476168467110e+02
1.572971521352584660e+07,-9.964921379234660884e-03,-1.016909363520563048e+00,2.928666065692854318e+04,-2.917414183454085901e+02
1.579288676056811959e+07,2.402697604410611483e-03,-1.016956062314936515e+00,2.928800801658186174e+04,7.054216186916619336e+01
1.585605830761039071e+07,1.476995521069925793e-02,-1.016849776379094905e+00,2.928494944694833248e+04,4.328157451734752499e+02
1.591922985465266369e+07,2.713499097185742559e-02,-1.016590520861150315e+00,2.927748533650621903e+04,7.950275846286421029e+02
1.598240140169493668e+07,3.949594470290067327e-02,-1.016178332759659853e+00,2.926561663611739641e+04,1.157125939201425126e+03
1.604557294873720966e+07,5.185095673910941616e-02,-1.015613270920077138e+00,2.924934485900257641e+04,1.519059078756440840e+03
1.610874449577948079e+07,6.419816817348840410e-02,-1.014895416029095276e+00,2.922867208070103879e+04,1.880775289050151059e+03
1.617191604282175377e+07,7.653572109420812841e-02,-1.014024870606884177e+00,2.920360093901477012e+04,2.242222876727556013e+03
1.623508758986402676e+07,8.886175882201577392e-02,-1.013001758997212010e+00,2.917413463393693382e+04,2.603350174322235944e+03
1.629825913690629788e+07,1.011744261476157231e-01,-1.011826227355458352e+00,2.914027692756450051e+04,2.964105545260757026e+03
1.636143068394857086e+07,1.134718695690100226e-01,-1.010498443634511467e+00,2.910203214399487842e+04,3.324437388872152496e+03
1.642460223099084385e+07,1.257522375287884464e-01,-1.009018597568550168e+00,2.905940516920635855e+04,3.684294145403186576e+03
1.648777377803311683e+07,1.380136806513681813e-01,-1.007386900654705375e+00,2.901240145092214152e+04,4.043624301040401861e+03
1.655094532507538795e+07,1.502543519801705918e-01,-1.005603586132599814e+00,2.896102699845766256e+04,4.402376392939577272e+03
1.661411687211766094e+07,1.624724072147320508e-01,-1.003668908961762529e+00,2.890528838255097071e+04,4.760499014263504250e+03
1.667728841915993392e+07,1.746660049477357923e-01,-1.001583145796915320e+00,2.884519273517582769e+04,5.117940819228701912e+03
1.674045996620220691e+07,1.868333069019650627e-01,-9.993465949611233246e-01,2.878074774933716617e+04,5.474650528162050250e+03
1.680363151324447989e+07,1.989724781671640963e-01,-9.969595764168109886e-01,2.871196167884856186e+04,5.830576932567948461e+03
1.686680306028674915e+07,2.110816874368009188e-01,-9.944224317346348485e-01,2.863884333809130476e+04,6.185668900206799663e+03
1.692997460732902214e+07,2.231591072447283164e-01,-9.917355240602083732e-01,2.856140210175461470e+04,6.539875380185689210e+03
1.699314615437129512e+07,2.352029142017236507e-01,-9.888992380786770786e-01,2.847964790455660841e+04,6.893145408061669514e+03
1.705631770141356811e+07,2.472112892319139610e-01,-9.859139799771338142e-01,2.839359124094545405e+04,7.245428110958805519e+03
1.711948924845584109e+07,2.591824178090672004e-01,-9.827801774048704475e-01,2.830324316478023320e+04,7.596672712699381918e+03
1.718266079549811408e+07,2.711144901927447504e-01,-9.794982794314601726e-01,2.820861528899098266e+04,7.946828538950099755e+03
1.724583234254038706e+07,2.830057016643066081e-01,-9.760687565026643364e-01,2.810971978521730125e+04,8.295845022383933610e+03
1.730900388958266005e+07,2.948542527627583953e-01,-9.724921003941545683e-01,2.800656938342495414e+04,8.643671707858326045e+03
1.737217543662492931e+07,3.066583495204318610e-01,-9.687688241630458830e-01,2.789917737149985624e+04,8.990258257610366854e+03
1.743534698366720229e+07,3.184162036984923283e-01,-9.648994620972316527e-01,2.778755759481870336e+04,9.335554456469719298e+03
1.749851853070947528e+07,3.301260330222527406e-01,-9.608845696625150090e-01,2.767172445579571286e+04,9.679510217089640719e+03
1.756169007775174826e+07,3.417860614162984700e-01,-9.567247234475249051e-01,2.755169291340461496e+04,1.002207558519710437e+04
1.762486162479402125e+07,3.533945192394009061e-01,-9.524205211064136201e-01,2.742747848267523659e+04,1.036320074486232443e+04
1.768803317183629423e+07,3.649496435192145505e-01,-9.479725812993232692e-01,2.729909723416390989e+04,1.070283602378839714e+04
1.775120471887856722e+07,3.764496781867440189e-01,-9.433815436306154378e-01,2.716656579339691962e+04,1.104093189862159670e+04
1.781437626592083648e+07,3.878928743105703458e-01,-9.386480685848533900e-01,2.702990134028614921e+04,1.137743900028286407e+04
1.787754781296310946e+07,3.992774903308272116e-01,-9.337728374605276382e-01,2.688912160851608132e+04,1.171230811932112010e+04
1.794071936000538245e+07,4.106017922929062758e-01,-9.287565523015191005e-01,2.674424488490138538e+04,1.204549021128862660e+04
1.800389090704765543e+07,4.218640540808906714e-01,-9.235999358262841907e-01,2.659529000871404423e+04,1.237693640213928302e+04
1.806706245408992842e+07,4.330625576506955121e-01,-9.183037313547582903e-01,2.644227637097922343e+04,1.270659799365002073e+04
1.813023400113220140e+07,4.441955932629040871e-01,-9.128687027329627224e-01,2.628522391373891151e+04,1.303442646886585499e+04
1.819340554817447439e+07,4.552614597152872533e-01,-9.072956342553094577e-01,2.612415312928235289e+04,1.336037349756901131e+04
1.825657709521674365e+07,4.662584645749888734e-01,-9.015853305845900056e-01,2.595908505934231289e+04,1.368439094177249353e+04
1.831974864225901663e+07,4.771849244103687493e-01,-8.957386166696387209e-01,2.579004129425611609e+04,1.400643086123859393e+04
1.838292018930128962e+07,4.880391650224769062e-01,-8.897563376606633101e-01,2.561704397209053423e+04,1.432644551902239618e+04
1.844609173634356260e+07,4.988195216761572848e-01,-8.836393588222256623e-01,2.544011577772932651e+04,1.464438738704099524e+04
1.850926328338583559e+07,5.095243393307542501e-01,-8.773885654438680071e-01,2.525927994192244660e+04,1.496020915166842860e+04
1.857243483042810857e+07,5.201519728704109280e-01,-8.710048627483695238e-01,2.507456024029580658e+04,1.527386371935673014e+04
1.863560637747038156e+07,5.307007873339403270e-01,-8.644891757976250757e-01,2.488598099232046661e+04,1.558530422228330463e+04
1.869877792451265454e+07,5.411691581442530374e-01,-8.578424493961323005e-01,2.469356706024010418e+04,1.589448402402486317e+04
1.876194947155492380e+07,5.515554713373215234e-01,-8.510656479920790662e-01,2.449734384795562437e+04,1.620135672525808332e+04
1.882512101859719679e+07,5.618581237906684622e-01,-8.441597555760143035e-01,2.429733729986567414e+04,1.650587616948726281e+04
1.888829256563946977e+07,5.720755234513493770e-01,-8.371257755771004394e-01,2.409357389966199844e+04,1.680799644879882180e+04
1.895146411268174276e+07,5.822060895634227906e-01,-8.299647307569244514e-01,2.388608066907823377e+04,1.710767190964311885e+04
1.901463565972401574e+07,5.922482528948793679e-01,-8.226776631008645424e-01,2.367488516659104789e+04,1.740485715864337908e+04
1.907780720676628873e+07,6.022004559640131705e-01,-8.152656337069980053e-01,2.346001548607231234e+04,1.769950706843187800e+04
1.914097875380856171e+07,6.120611532652125986e-01,-8.077297226725376200e-01,2.324150025539104536e+04,1.799157678351336654e+04
1.920415030085083097e+07,6.218288114941503686e-01,-8.000710289777888118e-01,2.301936863496387014e+04,1.828102172615569361e+04
1.926732184789310396e+07,6.315019097723530983e-01,-7.922906703676094731e-01,2.279365031625258052e+04,1.856779760230766624e+04
1.933049339493537694e+07,6.410789398711190801e-01,-7.843897832303703410e-01,2.256437552020771909e+04,1.885186040754378701e+04
1.939366494197764993e+07,6.505584064347732509e-01,-7.763695224743953904e-01,2.233157499565655598e+04,1.913316643303609089e+04
1.945683648901992291e+07,6.599388272032270519e-01,-7.682310614018766914e-01,2.209528001763433713e+04,1.941167227155265573e+04
1.952000803606219590e+07,6.692187332338213057e-01,-7.599755915802494100e-01,2.185552238565735752e+04,1.968733482348266625e+04
1.958317958310446888e+07,6.783966691224279089e-01,-7.516043227110186242e-01,2.161233442193649535e+04,1.996011130288781351e+04
1.964635113014673814e+07,6.874711932237841383e-01,-7.431184824960243018e-01,2.136574896952986455e+04,2.022995924357969488e+04
1.970952267718901113e+07,6.964408778710361458e-01,-7.345193165011328906e-01,2.111579939043307968e+04,2.049683650522302196e+04
1.977269422423128411e+07,7.053043095944573349e-01,-7.258080880173511940e-01,2.086251956360596523e+04,2.076070127946403954e+04
1.983586577127355710e+07,7.140600893393254101e-01,-7.169860779193415468e-01,2.060594388293400698e+04,2.102151209608407225e+04
1.989903731831583008e+07,7.227068326829224620e-01,-7.080545845213364053e-01,2.034610725512334102e+04,2.127922782917753284e+04
1.996220886535810307e+07,7.312431700506314414e-01,-6.990149234304384729e-01,2.008304509752776721e+04,2.153380770335402485e+04
2.002538041240037605e+07,7.396677469311013775e-01,-6.898684273972964798e-01,1.981679333590636452e+04,2.178521129996399759e+04
2.008855195944264904e+07,7.479792240904509226e-01,-6.806164461641471819e-01,1.954738840211028582e+04,2.203339856334740398e+04
2.015172350648491830e+07,7.561762777854791340e-01,-6.712603463102149171e-01,1.927486723169728793e+04,2.227832980710476477e+04
2.021489505352719128e+07,7.642575999758558503e-01,-6.618015110944551749e-01,1.899926726147244699e+04,2.251996572039006423e+04
2.027806660056946427e+07,7.722218985352535814e-01,-6.522413402956422912e-01,1.872062642695387694e+04,2.275826737422458973e+04
2.034123814761173725e+07,7.800678974613977079e-01,-6.425812500497806168e-01,1.843898315976165759e+04,2.299319622783130762e+04
2.040440969465401024e+07,7.877943370849952442e-01,-6.328226726848394934e-01,1.815437638492874976e+04,2.322471413498874244e+04
2.046758124169628322e+07,7.953999742775120785e-01,-6.229670565528016013e-01,1.786684551813236976e+04,2.345278335040368984e+04
2.053075278873855621e+07,8.028835826577642720e-01,-6.130158658590143528e-01,1.757643046284438606e+04,2.367736653610184658e+04
2.059392433578082547e+07,8.102439527972882249e-01,-6.029705804888417786e-01,1.728317160739927203e+04,2.389842676783547722e+04
2.065709588282309845e+07,8.174798924244573994e-01,-5.928326958316024742e-01,1.698710982197811609e+04,2.411592754150723704e+04
2.072026742986537144e+07,8.245902266273030801e-01,-5.826037226017990456e-01,1.668828645550744841e+04,2.432983277960898704e+04
2.078343897690764442e+07,8.315737980550119701e-01,-5.722851866576185165e-01,1.638674333247113827e+04,2.454010683767478258e+04
2.084661052394991741e+07,8.384294671180571035e-01,-5.618786288167082477e-01,1.608252274963419040e+04,2.474671451074681318e+04
2.090978207099219039e+07,8.451561121869265447e-01,-5.513856046692183766e-01,1.577566747267687970e+04,2.494962103985319845e+04
2.097295361803446338e+07,8.517526297894119081e-01,-5.408076843881070017e-01,1.546622073273785645e+04,2.514879211849649073e+04
2.103612516507673264e+07,8.582179348064171709e-01,-5.301464525367024505e-01,1.515422622286482510e+04,2.534419389915162537e+04
2.109929671211900562e+07,8.645509606662518109e-01,-5.194035078735189659e-01,1.483972809437128308e+04,2.553579299977211849e+04
2.116246825916127861e+07,8.707506595373603053e-01,-5.085804631543268117e-01,1.452277095309823017e+04,2.572355651030306035e+04
2.122563980620355159e+07,8.768160025194581264e-01,-4.976789449314676372e-01,1.420339985557908767e+04,2.590745199919972583e+04
2.128881135324582458e+07,8.827459798330243856e-01,-4.867005933504164883e-01,1.388166030510677592e+04,2.608744751995024853e+04
2.135198290028809756e+07,8.885396010071147099e-01,-4.756470619435905212e-01,1.355759824770147497e+04,2.626351161760096511e+04
2.141515444733037055e+07,8.941958950654492755e-01,-4.645200174214000888e-01,1.323126006797778427e+04,2.643561333528290561e+04
2.147832599437264353e+07,8.997139107107345879e-01,-4.533211394605451416e-01,1.290269258490996981e+04,2.660372222073788726e+04
2.154149754141491279e+07,9.050927165071753766e-01,-4.420521204895555556e-01,1.257194304749403636e+04,2.676780833284259279e+04
2.160466908845718578e+07,9.103314010611339713e-01,-4.307146654715747758e-01,1.223905913030524789e+04,2.692784224812904358e+04
2.166784063549945876e+07,9.154290731998884212e-01,-4.193104916843972130e-01,1.190408892895015197e+04,2.708379506729963396e+04
2.173101218254173175e+07,9.203848621484516102e-01,-4.078413284977493447e-01,1.156708095541149487e+04,2.723563842173517332e+04
2.179418372958400473e+07,9.251979177043988534e-01,-3.963089171478274553e-01,1.122808413328513416e+04,2.738334447999398981e+04
2.185735527662627771e+07,9.298674104106633420e-01,-3.847150105090925698e-01,1.088714779290767729e+04,2.752688595430033092e+04
2.192052682366855070e+07,9.343925317262498087e-01,-3.730613728633281334e-01,1.054432166637371120e+04,2.766623610702014776e+04
2.198369837071081996e+07,9.387724941948202284e-01,-3.613497796659664307e-01,1.019965588244156061e+04,2.780136875712234541e+04
2.204686991775309294e+07,9.430065316111071461e-01,-3.495820173096866323e-01,9.853200961326359902e+03,2.793225828662353524e+04
2.211004146479536593e+07,9.470938991851006739e-01,-3.377598828853018431e-01,9.505007809379705577e+03,2.805887964701417877e+04
2.217321301183763891e+07,9.510338737039681911e-01,-3.258851839399301564e-01,9.155127713654486797e+03,2.818120836566418075e+04
2.223638455887991190e+07,9.548257536916529009e-01,-3.139597382324682551e-01,8.803612336354206491e+03,2.829922055220571201e+04
2.229955610592218488e+07,9.584688595661038368e-01,-3.019853734863746642e-01,8.450513709165750697e+03,2.841289290489113046e+04
2.236272765296445787e+07,9.619625337940891363e-01,-2.899639271397737028e-01,8.095884227474714862e+03,2.852220271692380629e+04
2.242589920000672713e+07,9.653061410435408440e-01,-2.778972460928921251e-01,7.739776644462457625e+03,2.862712788275957428e+04
2.248907074704900011e+07,9.684990683333828398e-01,-2.657871864528384420e-01,7.382244065083942587e+03,2.872764690437654644e+04
2.255224229409127310e+07,9.715407251807889333e-01,-2.536356132757486836e-01,7.023339939925891485e+03,2.882373889751088063e+04
2.261541384113354608e+07,9.744305437458240515e-01,-2.414444003062986288e-01,6.663118058944118275e+03,2.891538359785621287e+04
2.267858538817581907e+07,9.771679789734141197e-01,-2.292154297146105912e-01,6.301632545079655756e+03,2.900256136722426527e+04
2.274175693521809205e+07,9.797525087325952287e-01,-2.169505918305659198e-01,5.938937847752924426e+03,2.908525319966417010e+04
2.280492848226036504e+07,9.821836339529885773e-01,-2.046517848755425861e-01,5.575088736235363285e+03,2.916344072753802175e+04
2.286810002930263802e+07,9.844608787584521181e-01,-1.923209146915969558e-01,5.210140292897991458e+03,2.923710622755010627e+04
2.293127157634490728e+07,9.865837905978540601e-01,-1.799598944681100321e-01,4.844147906336427695e+03,2.930623262672719284e+04
2.299444312338718027e+07,9.885519403729178256e-01,-1.675706444659157413e-01,4.477167264371804777e+03,2.937080350834732235e+04
2.305761467042945325e+07,9.903649225630849484e-01,-1.551550917389438733e-01,4.109254346927523329e+03,2.943080311781435012e+04
2.312078621747172624e+07,9.920223553473430655e-01,-1.427151698533868918e-01,3.740465418781082008e+03,2.948621636847563059e+04
2.318395776451399922e+07,9.935238807229685998e-01,-1.302528186044260572e-01,3.370857022191045417e+03,2.953702884738005378e+04
2.324712931155627221e+07,9.948691646211281769e-01,-1.177699837305382080e-01,3.000485969398806901e+03,2.958322682097369398e+04
2.331030085859854519e+07,9.960578970192875969e-01,-1.052686166254110239e-01,2.629409335005018875e+03,2.962479724073024045e+04
2.337347240564081445e+07,9.970897920503752898e-01,-9.275067404749541555e-02,2.257684448220626109e+03,2.966172774871343427e+04
2.343664395268308744e+07,9.979645881086476322e-01,-8.021811782722010342e-02,1.885368884992341464e+03,2.969400668306859370e+04
2.349981549972536042e+07,9.986820479522011684e-01,-6.767291457190990900e-02,1.512520460002933532e+03,2.972162308344035409e+04
2.356298704676763341e+07,9.992419588020818866e-01,-5.511703536842479934e-02,1.139197218545993564e+03,2.974456669631373006e+04
2.362615859380990639e+07,9.996441324379359283e-01,-4.255245548356383772e-02,7.654574282756775574e+02,2.976282798027551689e+04
2.368933014085217938e+07,9.998884052901507724e-01,-2.998115406226365895e-02,3.913595708315342563e+02,2.977639811119308433e+04
2.375250168789445236e+07,9.999746385284331573e-01,-1.740511382362797815e-02,1.696233333874835125e+01,2.978526898730755784e+04
2.381567323493672162e+07,9.999027181467716741e-01,-4.826320754825460212e-03,-3.576754002158005505e+02,2.978943323423837501e+04
2.387884478197899461e+07,9.996725550447310704e-01,7.753236197110322143e-03,-7.324945577313435479e+02,2.978888420989618317e+04
2.394201632902126759e+07,9.992840851050271977e-01,2.033156543552841131e-02,-1.107435887864038250e+03,2.978361600930102577e+04
2.400518787606354058e+07,9.987372692673298635e-01,3.290667302642966141e-02,-1.482439969020638955e+03,2.977362346930272179e+04
2.406835942310581356e+07,9.980320935982421870e-01,4.547656301270454338e-02,-1.857447218474014562e+03,2.975890217320038573e+04
2.413153097014808655e+07,9.971685693574046105e-01,5.803923773030069538e-02,-2.232397901599899342e+03,2.973944845525795972e+04
2.419470251719035953e+07,9.961467330596738279e-01,7.059269812627501361e-02,-2.607232141234026585e+03,2.971525940511265071e+04
2.425787406423263252e+07,9.949666465333241172e-01,8.313494407868438074e-02,-2.981889927148737115e+03,2.968633287207315152e+04
2.432104561127490178e+07,9.936283969742228939e-01,9.566397471826691701e-02,-3.356311125648061079e+03,2.965266746930453155e+04
2.438421715831717476e+07,9.921320969959289693e-01,1.081777887518700215e-01,-3.730435489280334423e+03,2.961426257789660303e+04
2.444738870535944775e+07,9.904778846756648880e-01,1.206743847875638154e-01,-4.104202666666876212e+03,2.957111835081270328e+04
2.451056025240172073e+07,9.886659235961149372e-01,1.331517616614040778e-01,-4.477552212445939404e+03,2.952323571671567333e+04
2.457373179944399372e+07,9.866964028829990907e-01,1.456079187657806639e-01,-4.850423597330292068e+03,2.947061638366792613e+04
2.463690334648626670e+07,9.845695372383768129e-01,1.580408563793021248e-01,-5.222756218277167136e+03,2.941326284270247197e+04
2.470007489352853969e+07,9.822855669696330949e-01,1.704485759981608783e-01,-5.594489408769080001e+03,2.935117837126173254e+04
2.476324644057080895e+07,9.798447580140984270e-01,1.828290806689213122e-01,-5.965562449203928736e+03,2.928436703650102936e+04
2.482641798761308193e+07,9.772474019592602978e-01,1.951803753226777904e-01,-6.335914577392859428e+03,2.921283369845362540e+04
2.488958953465535492e+07,9.744938160585181475e-01,2.075004671105120935e-01,-6.705484999163832981e+03,2.913658401305422012e+04
2.495276108169762790e+07,9.715843432424385862e-01,2.197873657402047431e-01,-7.074212899069513696e+03,2.905562443501776215e+04
2.501593262873990089e+07,9.685193521254681359e-01,2.320390838141276058e-01,-7.442037451197235896e+03,2.896996222057053456e+04
2.507910417578217387e+07,9.652992370080580864e-01,2.442536371682587359e-01,-7.808897830079191408e+03,2.887960543003044222e+04
2.514227572282444686e+07,9.619244178741630513e-01,2.564290452122546249e-01,-8.174733221700737886e+03,2.878456293023343096e+04
2.520544726986671612e+07,9.583953403840707042e-01,2.685633312705136833e-01,-8.539482834604625168e+03,2.868484439680306969e+04
2.526861881690898910e+07,9.547124758625197272e-01,2.806545229241683703e-01,-8.903085911089021465e+03,2.858046031626022523e+04
2.533179036395126209e+07,9.508763212820741106e-01,2.927006523539265048e-01,-9.265481738496673643e+03,2.847142198796995945e+04
2.539496191099353507e+07,9.468873992417069507e-01,3.046997566837074678e-01,-9.626609660593190711e+03,2.835774152592262544e+04
2.545813345803580806e+07,9.427462579405643250e-01,3.166498783249915294e-01,-9.986409089031614712e+03,2.823943186034629252e+04
2.552130500507808104e+07,9.384534711468677237e-01,3.285490653218149371e-01,-1.034481951490080610e+04,2.811650673914765139e+04
2.558447655212035403e+07,9.340096381619242827e-01,3.403953716963369902e-01,-1.070178052035491055e+04,2.798898072917854006e+04
2.564764809916262329e+07,9.294153837792079598e-01,3.521868577949036072e-01,-1.105723179032113148e+04,2.785686921732532574e+04
2.571081964620489627e+07,9.246713582384813446e-01,3.639215906345374396e-01,-1.141111312428304154e+04,2.772018841141834491e+04
2.577399119324716926e+07,9.197782371749272379e-01,3.755976442497664380e-01,-1.176336444813618618e+04,2.757895534095881885e+04
2.583716274028944224e+07,9.147367215632562498e-01,3.872131000397270872e-01,-1.211392582611334728e+04,2.743318785766044311e+04
2.590033428733171523e+07,9.095475376567668802e-01,3.987660471154543251e-01,-1.246273747277603616e+04,2.728290463580315190e+04
2.596350583437398821e+07,9.042114369213273273e-01,4.102545826472807078e-01,-1.280973976506912913e+04,2.712812517239650333e+04
2.602667738141626120e+07,8.987291959642536021e-01,4.216768122122648288e-01,-1.315487325443534974e+04,2.696886978715015357e+04
2.608984892845853418e+07,8.931016164580602990e-01,4.330308501415658373e-01,-1.349807867898620134e+04,2.680515962224903342e+04
2.615302047550080344e+07,8.873295250590611527e-01,4.443148198676810656e-01,-1.383929697572589976e+04,2.663701664193083343e+04
2.621619202254307643e+07,8.814137733207937364e-01,4.555268542714662749e-01,-1.417846929282488418e+04,2.646446363186347298e+04
2.627936356958534941e+07,8.753552376022569748e-01,4.666650960288444283e-01,-1.451553700193898476e+04,2.628752419832043597e+04
2.634253511662762240e+07,8.691548189709317196e-01,4.777276979571296600e-01,-1.485044171057097083e+04,2.610622276715161206e+04
2.640570666366989538e+07,8.628134431005763938e-01,4.887128233608696859e-01,-1.518312527447040702e+04,2.592058458254771540e+04
2.646887821071216837e+07,8.563320601637769425e-01,4.996186463771236652e-01,-1.551352981006809023e+04,2.573063570559618529e+04
2.653204975775444135e+07,8.497116447192406552e-01,5.104433523200860856e-01,-1.584159770694114195e+04,2.553640301262663706e+04
2.659522130479671061e+07,8.429531955938199816e-01,5.211851380249666876e-01,-1.616727164030474705e+04,2.533791419334402235e+04
2.665839285183898360e+07,8.360577357592539061e-01,5.318422121910395539e-01,-1.649049458352657894e+04,2.513519774874764335e+04
2.672156439888125658e+07,8.290263122036252152e-01,5.424127957237626640e-01,-1.681120982065953285e+04,2.492828298883450407e+04
2.678473594592352957e+07,8.218599957975178949e-01,5.528951220758883123e-01,-1.712936095898891654e+04,2.471720003008513959e+04
2.684790749296580255e+07,8.145598811548755425e-01,5.632874375874610262e-01,-1.744489194158957980e+04,2.450197979273061355e+04
2.691107904000807554e+07,8.071270864885548013e-01,5.735880018246179990e-01,-1.775774705988877759e+04,2.428265399779916697e+04
2.697425058705034852e+07,7.995627534605744824e-01,5.837950879170935581e-01,-1.806787096623033722e+04,2.405925516394118677e+04
2.703742213409261778e+07,7.918680470270582639e-01,5.939069828943375207e-01,-1.837520868643571521e+04,2.383181660403130081e+04
2.710059368113489076e+07,7.840441552778728562e-01,6.039219880201521784e-01,-1.867970563235752343e+04,2.360037242154635896e+04
2.716376522817716375e+07,7.760922892709721799e-01,6.138384191257486577e-01,-1.898130761442069343e+04,2.336495750671848509e+04
2.722693677521943673e+07,7.680136828614433364e-01,6.236546069411352811e-01,-1.927996085414709523e+04,2.312560753246197055e+04
2.729010832226170972e+07,7.598095925252713601e-01,6.333688974247366765e-01,-1.957561199665861568e+04,2.288235895007342333e+04
2.735327986930398270e+07,7.514812971778271899e-01,6.429796520911484903e-01,-1.986820812315415606e+04,2.263524898470432163e+04
2.741645141634625569e+07,7.430300979870948508e-01,6.524852483369336653e-01,-2.015769676335577969e+04,2.238431563060542976e+04
2.747962296338852867e+07,7.344573181816486107e-01,6.618840797643608109e-01,-2.044402590791921830e+04,2.212959764614252708e+04
2.754279451043079793e+07,7.257643028533991014e-01,6.711745565029900717e-01,-2.072714402080389846e+04,2.187113454858309342e+04
2.760596605747307092e+07,7.169524187551209460e-01,6.803551055290113503e-01,-2.100700005159775537e+04,2.160896660865360172e+04
2.766913760451534390e+07,7.080230540927936467e-01,6.894241709822306330e-01,-2.128354344779166422e+04,2.134313484486746893e+04
2.773230915155761689e+07,6.989776183127626163e-01,6.983802144806177115e-01,-2.155672416699892347e+04,2.107368101762331571e+04
2.779548069859988987e+07,6.898175418837571016e-01,7.072217154323117150e-01,-2.182649268911459149e+04,2.080064762307385536e+04
2.785865224564216286e+07,6.805442760737852037e-01,7.159471713449877539e-01,-2.209280002840982343e+04,2.052407788676550626e+04
2.792182379268443584e+07,6.711592927219361959e-01,7.245550981324917483e-01,-2.235559774555617332e+04,2.024401575704907737e+04
2.798499533972670510e+07,6.616640840051218886e-01,7.330440304186420786e-01,-2.261483795957485927e+04,1.996050589826196301e+04
2.804816688676897809e+07,6.520601621997844655e-01,7.414125218381077964e-01,-2.287047335970608765e+04,1.967359368368233481e+04
2.811133843381125107e+07,6.423490594386168651e-01,7.496591453342575928e-01,-2.312245721719313951e+04,1.938332518825624720e+04
2.817450998085352406e+07,6.325323274623187997e-01,7.577824934538959223e-01,-2.337074339697651521e+04,1.908974718109815512e+04
2.823768152789579704e+07,6.226115373664374841e-01,7.657811786387807018e-01,-2.361528636929286222e+04,1.879290711776604439e+04
2.830085307493807003e+07,6.125882793433302664e-01,7.736538335138331002e-01,-2.385604122117376028e+04,1.849285313231210603e+04
2.836402462198034301e+07,6.024641624192942357e-01,7.813991111719429394e-01,-2.409296366783927442e+04,1.818963402911021331e+04
2.842719616902261227e+07,5.922408141869068832e-01,7.890156854552754506e-01,-2.432601006398127720e+04,1.788329927446151123e+04
2.849036771606488526e+07,5.819198805326233348e-01,7.965022512329893445e-01,-2.455513741493159250e+04,1.757389898797947899e+04
2.855353926310715824e+07,5.715030253596891097e-01,8.038575246752652781e-01,-2.478030338770974413e+04,1.726148393375630258e+04
2.861671081014943123e+07,5.609919303064070384e-01,8.110802435235641150e-01,-2.500146632194562335e+04,1.694610551131193643e+04
2.867988235719170421e+07,5.503882944598212923e-01,8.181691673570136158e-01,-2.521858524067188046e+04,1.662781574632792399e+04
2.874305390423397720e+07,5.396938340648734789e-01,8.251230778548382938e-01,-2.543161986098123089e+04,1.630666728116787090e+04
2.880622545127625018e+07,5.289102822290849826e-01,8.319407790547422854e-01,-2.564053060454370643e+04,1.598271336518666794e+04
2.886939699831852317e+07,5.180393886228303879e-01,8.386210976071539758e-01,-2.584527860797902758e+04,1.565600784483069947e+04
2.893256854536079243e+07,5.070829191752613818e-01,8.451628830252475577e-01,-2.604582573307921484e+04,1.532660515353139090e+04
2.899574009240306541e+07,4.960426557659435853e-01,8.515650079306544828e-01,-2.624213457687673508e+04,1.499456030139448376e+04
2.905891163944533840e+07,4.849203959122813656e-01,8.578263682947753210e-01,-2.643416848155324988e+04,1.465992886468791767e+04
2.912208318648761138e+07,4.737179524527857510e-01,8.639458836756125359e-01,-2.662189154418449471e+04,1.432276697513067666e+04
2.918525473352988437e+07,4.624371532262662177e-01,8.699224974500388008e-01,-2.680526862631647964e+04,1.398313130898573218e+04
2.924842628057215735e+07,4.510798407470139604e-01,8.757551770414168102e-01,-2.698426536336845675e+04,1.364107907595996949e+04
2.931159782761443034e+07,4.396478718760516435e-01,8.814429141424932057e-01,-2.715884817385814313e+04,1.329666800791420064e+04
2.937476937465669960e+07,4.281431174885265145e-01,8.869847249334837924e-01,-2.732898426844468850e+04,1.294995634738652552e+04
2.943794092169897258e+07,4.165674621373202102e-01,8.923796502952757725e-01,-2.749464165878505082e+04,1.260100283593226050e+04
2.950111246874124557e+07,4.049228037129654068e-01,8.976267560176641735e-01,-2.765578916619929078e+04,1.224986670228419644e+04
2.956428401578351855e+07,3.932110530999378684e-01,9.027251330025543030e-01,-2.781239643014073590e+04,1.189660765033637108e+04
2.962745556282579154e+07,3.814341338294162109e-01,9.076738974620528477e-01,-2.796443391646664895e+04,1.154128584695536119e+04
2.969062710986806452e+07,3.695939817285915363e-01,9.124721911113743422e-01,-2.811187292550538405e+04,1.118396190962276341e+04
2.975379865691033751e+07,3.576925445666140346e-01,9.171191813564958384e-01,-2.825468559991599250e+04,1.082469689391282918e+04
2.981697020395260677e+07,3.457317816972649283e-01,9.216140614764886108e-01,-2.839284493233630928e+04,1.046355228080929555e+04
2.988014175099487975e+07,3.337136636984415761e-01,9.259560508004613943e-01,-2.852632477281576575e+04,1.010058996386541730e+04
2.994331329803715274e+07,3.216401720085556026e-01,9.301443948790472094e-01,-2.865509983602903958e+04,9.735872236211769632e+03
3.000648484507942572e+07,3.095132985599255426e-01,9.341783656503744870e-01,-2.877914570826702766e+04,9.369461777415750475e+03
3.006965639212169871e+07,2.973350454092678619e-01,9.380572616004572151e-01,-2.889843885420151491e+04,9.001421640197520901e+03
3.013282793916397169e+07,2.851074243653787255e-01,9.417804079179463717e-01,-2.901295662342009382e+04,8.631815237006832831e+03
3.019599948620624468e+07,2.728324566141056562e-01,9.453471566431832507e-01,-2.912267725672802771e+04,8.260706326465367965e+03
3.025917103324851766e+07,2.605121723407073375e-01,9.487568868115016096e-01,-2.922757989221376192e+04,7.888158999679351837e+03
3.032234258029078692e+07,2.481486103497030915e-01,9.520090045907213527e-01,-2.932764457107502676e+04,7.514237666427250588e+03
3.038551412733305991e+07,2.357438176823095366e-01,9.551029434127854545e-01,-2.942285224320251655e+04,7.139007041227347145e+03
3.044868567437533289e+07,2.232998492315782235e-01,9.580381640994870551e-01,-2.951318477251815784e+04,6.762532129290499142e+03
3.051185722141760588e+07,2.108187673553237329e-01,9.608141549822430960e-01,-2.959862494206535848e+04,6.384878212362709746e+03
3.057502876845987886e+07,1.983026414869588083e-01,9.634304320158653123e-01,-2.967915645884846163e+04,6.006110834462982893e+03
3.063820031550215185e+07,1.857535477443383876e-01,9.658865388862879486e-01,-2.975476395841892008e+04,5.626295787521543389e+03
3.070137186254442483e+07,1.731735685367206956e-01,9.681820471122101202e-01,-2.982543300920582988e+04,5.245499096923735124e+03
3.076454340958669409e+07,1.605647921699547287e-01,9.703165561406152939e-01,-2.989115011658848016e+04,4.863787006964959801e+03
3.082771495662896708e+07,1.479293124499990453e-01,9.722896934361298094e-01,-2.995190272670887862e+04,4.481225966221940325e+03
3.089088650367124006e+07,1.352692282848930172e-01,9.741011145641863544e-01,-3.000767923002214593e+04,4.097882612846115080e+03
3.095405805071351305e+07,1.225866432852773108e-01,9.757505032679631984e-01,-3.005846896458299670e+04,3.713823759784242611e+03
3.101722959775578603e+07,1.098836653635858890e-01,9.772375715390663187e-01,-3.010426221906653518e+04,3.329116379932121617e+03
3.108040114479805902e+07,9.716240633201814192e-02,9.785620596819298855e-01,-3.014505023552175044e+04,2.943827591226925506e+03
3.114357269184033200e+07,8.442498149940487473e-02,9.797237363719081271e-01,-3.018082521185631413e+04,2.558024641683835398e+03
3.120674423888260126e+07,7.167350926708260239e-02,9.807223987070385895e-01,-3.021158030405130557e+04,2.171774894382699586e+03
3.126991578592487425e+07,5.891011072388616793e-02,9.815578722534551437e-01,-3.023730962810474011e+04,1.785145812410331473e+03
3.133308733296714723e+07,4.613690924038545138e-02,9.822300110844339738e-01,-3.025800826170282016e+04,1.398204943764553263e+03
3.139625888000942022e+07,3.335603006246647129e-02,9.827386978130576711e-01,-3.027367224561808689e+04,1.011019906225334353e+03
3.145943042705169320e+07,2.056959990438362099e-02,9.830838436184843321e-01,-3.028429858483366479e+04,6.236583721991883067e+02
3.152260197409396619e+07,7.779746541394330119e-03,9.832653882658118905e-01,-3.028988524939305353e+04,2.361880535425360677e+02
3.158577352113623917e+07,-5.011401597907143464e-03,9.832833001195301348e-01,-3.029043117497497951e+04,-1.513233136300869432e+02
3.164894506817851216e+07,-1.780171583944053365e-02,9.831375761505549704e-01,-3.028593626319304167e+04,-5.388079841471100053e+02
3.171211661522078142e+07,-3.058906767155803591e-02,9.828282419368425948e-01,-3.027640138161995856e+04,-9.261982189843949982e+02
3.177528816226305440e+07,-4.337132915291863622e-02,9.823553516575826983e-01,-3.026182836353641324e+04,-1.313426300467352576e+03
3.183845970930532739e+07,-5.614637332019066507e-02,9.817189880809741309e-01,-3.024222000740466319e+04,-1.700424547464490388e+03
3.190163125634760037e+07,-6.891207459548157055e-02,9.809192625455868120e-01,-3.021758007606714455e+04,-2.087125330566978391e+03
3.196480280338987336e+07,-8.166630919336742567e-02,9.799563149353169855e-01,-3.018791329567054709e+04,-2.473461087248030708e+03
3.202797435043214634e+07,-9.440695552741094898e-02,9.788303136479464817e-01,-3.015322535431590586e+04,-2.859364336996397469e+03
3.209114589747441933e+07,-1.071318946160518121e-01,9.775414555573176401e-01,-3.011352290043544053e+04,-3.244767696418113246e+03
3.215431744451668859e+07,-1.198390104877530005e-01,9.760899659691391062e-01,-3.006881354089700835e+04,-3.629603894300680167e+03
3.221748899155896157e+07,-1.325261905852931910e-01,9.744760985704367107e-01,-3.001910583883716390e+04,-4.013805786634041397e+03
3.228066053860123456e+07,-1.451913261690793711e-01,9.727001353726743016e-01,-2.996440931122400434e+04,-4.397306371582259089e+03
3.234383208564350754e+07,-1.578323127193809738e-01,9.707623866485616260e-01,-2.990473442615106978e+04,-4.780038804400642221e+03
3.240700363268578053e+07,-1.704470503373606838e-01,9.686631908625754628e-01,-2.984009259986374673e+04,-5.161936412292300702e+03
3.247017517972805351e+07,-1.830334441447942773e-01,9.664029145952212074e-01,-2.977049619351973161e+04,-5.542932709198647899e+03
3.253334672677032650e+07,-1.955894046823664356e-01,9.639819524610627743e-01,-2.969595850968529339e+04,-5.922961410518229059e+03
3.259651827381259575e+07,-2.081128483064304258e-01,9.614007270205533473e-01,-2.961649378856916519e+04,-6.301956447748333630e+03
3.265968982085486874e+07,-2.206016975841265104e-01,9.586596886857000621e-01,-2.953211720399603291e+04,-6.679851983044033659e+03
3.272286136789714172e+07,-2.330538816867374352e-01,9.557593156195997031e-01,-2.944284485912180025e+04,-7.056582423688906601e+03
3.278603291493941471e+07,-2.454673367811879836e-01,9.527001136298812733e-01,-2.934869378189278723e+04,-7.432082436472519476e+03
3.284920446198168769e+07,-2.578400064195692232e-01,9.494826160560997375e-01,-2.924968192025130702e+04,-7.806286961969047297e+03
3.291237600902396068e+07,-2.701698419265861628e-01,9.461073836511200152e-01,-2.914582813709011680e+04,-8.179131228711943550e+03
3.297554755606623366e+07,-2.824548027848217679e-01,9.425750044565388563e-01,-2.903715220495833273e+04,-8.550550767259474014e+03
3.303871910310850292e+07,-2.946928570177123063e-01,9.388860936721914463e-01,-2.892367480052162136e+04,-8.920481424146028075e+03
3.310189065015077591e+07,-3.068819815701359643e-01,9.350412935197889297e-01,-2.880541749877945404e+04,-9.288859375714329872e+03
3.316506219719304889e+07,-3.190201626865009632e-01,9.310412731007444709e-01,-2.868240276704253847e+04,-9.655621141823316066e+03
3.322823374423532188e+07,-3.311053962862474664e-01,9.268867282482341485e-01,-2.855465395867339248e+04,-1.002070359942727919e+04
3.329140529127759486e+07,-3.431356883366533106e-01,9.225783813735535244e-01,-2.842219530659338125e+04,-1.038404399602120975e+04
3.335457683831986785e+07,-3.551090552228493014e-01,9.181169813068252861e-01,-2.828505191655949966e+04,-1.074557996294782242e+04
3.341774838536214083e+07,-3.670235241149475414e-01,9.135033031321159180e-01,-2.814324976021432667e+04,-1.110524952856167147e+04
3.348091993240441382e+07,-3.788771333321873103e-01,9.087381480170260151e-01,-2.799681566791271689e+04,-1.146299113124592077e+04
3.354409147944668308e+07,-3.906679327040045724e-01,9.038223430368148570e-01,-2.784577732132885649e+04,-1.181874363227736649e+04
3.360726302648895979e+07,-4.023939839279374042e-01,8.987567409931239704e-01,-2.769016324584735412e+04,-1.217244632853560870e+04
3.367043457353123277e+07,-4.140533609242635360e-01,8.935422202273705095e-01,-2.753000280274240140e+04,-1.252403896505178272e+04
3.373360612057349831e+07,-4.256441501873026723e-01,8.881796844288720738e-01,-2.736532618114860452e+04,-1.287346174739348680e+04
3.379677766761577129e+07,-4.371644511332820060e-01,8.826700624377773474e-01,-2.719616438982770342e+04,-1.322065535388148965e+04
3.385994921465804428e+07,-4.486123764446723894e-01,8.770143080428784987e-01,-2.702254924873538766e+04,-1.356556094763421061e+04
3.392312076170031726e+07,-4.599860524109346538e-01,8.712133997743686242e-01,-2.684451338039203983e+04,-1.390812018843693841e+04
3.398629230874259025e+07,-4.712836192655747714e-01,8.652683406916269471e-01,-2.666209020106193566e+04,-1.424827524443158291e+04
3.404946385578486323e+07,-4.825032315194348054e-01,8.591801581661067111e-01,-2.647531391174513192e+04,-1.458596880362374759e+04
3.411263540282713622e+07,-4.936430582901416009e-01,8.529499036594017092e-01,-2.628421948898642950e+04,-1.492114408520369398e+04
3.417580694986940920e+07,-5.047012836276357772e-01,8.465786524965727144e-01,-2.608884267550588993e+04,-1.525374485067796559e+04
3.423897849691168219e+07,-5.156761068357075262e-01,8.400675036348129732e-01,-2.588921997065543837e+04,-1.558371541480856104e+04
3.430215004395395517e+07,-5.265657427894657738e-01,8.334175794275364701e-01,-2.568538862070612231e+04,-1.591100065635662577e+04
3.436532159099622816e+07,-5.373684222486712070e-01,8.266300253839699019e-01,-2.547738660897066075e+04,-1.623554602862782485e+04
3.442849313803850114e+07,-5.480823921668634968e-01,8.197060099243345110e-01,-2.526525264576600603e+04,-1.655729756981661922e+04
3.449166468508077413e+07,-5.587059159962172172e-01,8.126467241307022693e-01,-2.504902615822063672e+04,-1.687620191314681870e+04
3.455483623212304711e+07,-5.692372739880608989e-01,8.054533814936138958e-01,-2.482874727993136912e+04,-1.719220629680594720e+04
3.461800777916532010e+07,-5.796747634889980461e-01,7.981272176545446406e-01,-2.460445684047452960e+04,-1.750525857367099889e+04
3.468117932620758563e+07,-5.900166992325663884e-01,7.906694901443089840e-01,-2.437619635477636257e+04,-1.781530722082334614e+04
3.474435087324985862e+07,-6.002614136263865197e-01,7.830814781174884054e-01,-2.414400801234742903e+04,-1.812230134885087682e+04
3.480752242029213160e+07,-6.104072570347239823e-01,7.753644820829839190e-01,-2.390793466638629616e+04,-1.842619071093485036e+04
3.487069396733440459e+07,-6.204525980564344900e-01,7.675198236307690935e-01,-2.366801982275698538e+04,-1.872692571172031967e+04
3.493386551437667757e+07,-6.303958237982232315e-01,7.595488451549473607e-01,-2.342430762884551223e+04,-1.902445741596785956e+04
3.499703706141895056e+07,-6.402353401431748470e-01,7.514529095732018771e-01,-2.317684286230037105e+04,-1.931873755698520472e+04
3.506020860846122354e+07,-6.499695720145044486e-01,7.432334000427309739e-01,-2.292567091966201406e+04,-1.960971854483731659e+04
3.512338015550349653e+07,-6.595969636344842790e-01,7.348917196727638990e-01,-2.267083780488632328e+04,-1.989735347433350398e+04
3.518655170254576951e+07,-6.691159787785029289e-01,7.264292912337518837e-01,-2.241239011776712141e+04,-2.018159613279039695e+04
3.524972324958804250e+07,-6.785251010242145941e-01,7.178475568633265746e-01,-2.215037504226275996e+04,-2.046240100756968604e+04
3.531289479663031548e+07,-6.878228339957388471e-01,7.091479777691258590e-01,-2.188484033473181626e+04,-2.073972329338967756e+04
3.537606634367258847e+07,-6.970077016028747297e-01,7.003320339285774576e-01,-2.161583431208291222e+04,-2.101351889940980618e+04
3.543923789071486145e+07,-7.060782482752929745e-01,6.914012237857413146e-01,-2.134340583984371915e+04,-2.128374445608740643e+04
3.550240943775713444e+07,-7.150330391916736028e-01,6.823570639453022668e-01,-2.106760432015413971e+04,-2.155035732180618288e+04
3.556558098479940742e+07,-7.238706605037578123e-01,6.732010888638149115e-01,-2.078847967968867670e+04,-2.181331558927586957e+04
3.562875253184167296e+07,-7.325897195552847352e-01,6.639348505382929311e-01,-2.050608235751301254e+04,-2.207257809170277324e+04
3.569192407888394594e+07,-7.411888450957916374e-01,6.545599181922366894e-01,-2.022046329287956178e+04,-2.232810440873110565e+04
3.575509562592621893e+07,-7.496666874892385923e-01,6.450778779592120094e-01,-1.993167391296746428e+04,-2.257985487215459216e+04
3.581826717296849191e+07,-7.580219189174546290e-01,6.354903325640538503e-01,-1.963976612057122838e+04,-2.282779057139898941e+04
3.588143872001076490e+07,-7.662532335783697190e-01,6.257989010018086828e-01,-1.934479228174347736e+04,-2.307187335877516307e+04
3.594461026705303788e+07,-7.743593478790211648e-01,6.160052182145066002e-01,-1.904680521339638290e+04,-2.331206585450320199e+04
3.600778181409531087e+07,-7.823390006233154059e-01,6.061109347658596436e-01,-1.874585817086671159e+04,-2.354833145150789642e+04
3.607095336113758385e+07,-7.901909531945322529e-01,5.961177165139835976e-01,-1.844200483544924282e+04,-2.378063431998605301e+04
3.613412490817985684e+07,-7.979139897325585595e-01,5.860272442822396233e-01,-1.813529930190327650e+04,-2.400893941174625434e+04
3.619729645522212982e+07,-8.055069173058408971e-01,5.758412135282904298e-01,-1.782579606593698918e+04,-2.423321246432176849e+04
3.626046800226440281e+07,-8.129685660780496814e-01,5.655613340114683529e-01,-1.751355001167424416e+04,-2.445342000485741301e+04
3.632363954930667579e+07,-8.202977894694466476e-01,5.551893294585494854e-01,-1.719861639910849044e+04,-2.466952935377128233e+04
3.638681109634894878e+07,-8.274934643129537859e-01,5.447269372280288957e-01,-1.688105085154830522e+04,-2.488150862819237955e+04
3.644998264339122176e+07,-8.345544910049174092e-01,5.341759079729915261e-01,-1.656090934305906922e+04,-2.508932674517526539e+04
3.651315419043348730e+07,-8.414797936505707954e-01,5.235380053026740255e-01,-1.623824818590526775e+04,-2.529295342469289244e+04
3.657632573747576028e+07,-8.482683202041962911e-01,5.128150054428025628e-01,-1.591312401799758482e+04,-2.549235919240913790e+04
3.663949728451803327e+07,-8.549190426039814383e-01,5.020086968948203054e-01,-1.558559379034967787e+04,-2.568751538223203897e+04
3.670266883156030625e+07,-8.614309569015887735e-01,4.911208800940682906e-01,-1.525571475454813844e+04,-2.587839413864973176e+04
3.676584037860257924e+07,-8.678030833864338600e-01,4.801533670670335985e-01,-1.492354445024042434e+04,-2.606496841885034883e+04
3.682901192564485222e+07,-8.740344667046843208e-01,4.691079810877456513e-01,-1.458914069264465070e+04,-2.624721199462764707e+04
3.689218347268712521e+07,-8.801241759729907521e-01,4.579865563334133416e-01,-1.425256156008535982e+04,-2.642509945407417035e+04
3.695535501972939819e+07,-8.860713048869589548e-01,4.467909375393915861e-01,-1.391386538155925882e+04,-2.659860620306374767e+04
3.701852656677167118e+07,-8.918749718243795810e-01,4.355229796535661779e-01,-1.357311072433484333e+04,-2.676770846652528417e+04
3.708169811381394416e+07,-8.975343199432280761e-01,4.241845474902446456e-01,-1.323035638158977963e+04,-2.693238328950983487e+04
3.714486966085621715e+07,-9.030485172744534550e-01,4.127775153836400479e-01,-1.288566136008979811e+04,-2.709260853805304578e+04
3.720804120789849013e+07,-9.084167568095724565e-01,4.013037668410335268e-01,-1.253908486791281030e+04,-2.724836289983513780e+04
3.727121275494076312e+07,-9.136382565830907243e-01,3.897651941957007149e-01,-1.219068630222187312e+04,-2.739962588464061992e+04
3.733438430198303610e+07,-9.187122597497713317e-01,3.781636982596857655e-01,-1.184052523709053457e+04,-2.754637782462007090e+04
3.739755584902530909e+07,-9.236380346567735211e-01,3.665011879765068259e-01,-1.148866141138403691e+04,-2.768859987435628864e+04
3.746072739606757462e+07,-9.284148749106860832e-01,3.547795800738760552e-01,-1.113515471669979524e+04,-2.782627401073726287e+04
3.752389894310984761e+07,-9.330420994394836853e-01,3.430007987165060723e-01,-1.078006518537019474e+04,-2.795938303263852504e+04
3.758707049015212059e+07,-9.375190525494245808e-01,3.311667751591056419e-01,-1.042345297853157172e+04,-2.808791056041715638e+04
3.765024203719439358e+07,-9.418451039769316635e-01,3.192794473996136140e-01,-1.006537837426164515e+04,-2.821184103522039004e+04
3.771341358423666656e+07,-9.460196489354742999e-01,3.073407598327709267e-01,-9.705901755789107483e+03,-2.833115971811119744e+04
3.777658513127893955e+07,-9.500421081574895732e-01,2.953526629040992280e-01,-9.345083599778070493e+03,-2.844585268901363088e+04
3.783975667832121253e+07,-9.539119279313706956e-01,2.833171127643621667e-01,-8.982984464690282039e+03,-2.855590684548066929e+04
3.790292822536348552e+07,-9.576285801335588932e-01,2.712360709245842383e-01,-8.619664979227920412e+03,-2.866130990128733538e+04
3.796609977240575850e+07,-9.611915622557725136e-01,2.591115039117003471e-01,-8.255185830859662019e+03,-2.876205038485189652e+04
3.802927131944803149e+07,-9.646003974274079962e-01,2.469453829249082244e-01,-7.889607754432644469e+03,-2.885811763748802696e+04
3.809244286649030447e+07,-9.678546344331508955e-01,2.347396834927940323e-01,-7.522991520872857109e+03,-2.894950181149082346e+04
3.815561441353257746e+07,-9.709538477258349287e-01,2.224963851313012386e-01,-7.155397925976397346e+03,-2.903619386805957765e+04
3.821878596057485044e+07,-9.738976374345866827e-01,2.102174710026104010e-01,-6.786887779293956555e+03,-2.911818557506032448e+04
3.828195750761712343e+07,-9.766856293682961709e-01,1.979049275749977521e-01,-6.417521893110802012e+03,-2.919546950463108078e+04
3.834512905465939641e+07,-9.793174750144552076e-01,1.855607442837375054e-01,-6.047361071524433100e+03,-2.926803903063285907e+04
3.840830060170166194e+07,-9.817928515334042316e-01,1.731869131931144945e-01,-5.676466099622057300e+03,-2.933588832594943597e+04
3.847147214874393493e+07,-9.841114617480305471e-01,1.607854286596013260e-01,-5.304897732759616702e+03,-2.939901235963900763e+04
3.853464369578620791e+07,-9.862730341289596137e-01,1.483582869962835615e-01,-4.932716685944958954e+03,-2.945740689394067886e+04
3.859781524282848090e+07,-9.882773227752876810e-01,1.359074861385652089e-01,-4.559983623326093948e+03,-2.951106848113904562e+04
3.866098678987075388e+07,-9.901241073908966239e-01,1.234350253112345974e-01,-4.186759147786953690e+03,-2.955999446028986495e+04
3.872415833691302687e+07,-9.918131932563981623e-01,1.109429046969409444e-01,-3.813103790652040516e+03,-2.960418295380994823e+04
3.878732988395529985e+07,-9.933444111967545398e-01,9.843312510613877464e-02,-3.439078001501594372e+03,-2.964363286393444287e+04
3.885050143099757284e+07,-9.947176175446217350e-01,8.590768764855639950e-02,-3.064742138098763462e+03,-2.967834386904459461e+04
3.891367297803984582e+07,-9.959326940994626121e-01,7.336859340624179993e-02,-2.690156456430188882e+03,-2.970831641986916293e+04
3.897684452508211881e+07,-9.969895480824785272e-01,6.081784310823903222e-02,-2.315381100861320192e+03,-2.973355173556260343e+04
3.904001607212439179e+07,-9.978881120874094623e-01,4.825743680694639243e-02,-1.940476094407712026e+03,-2.975405179966317883e+04
3.910318761916666478e+07,-9.986283440272490930e-01,3.568937355620625113e-02,-1.565501329123449068e+03,-2.976981935593413436e+04
3.916635916620893776e+07,-9.992102270769268602e-01,2.311565109117550559e-02,-1.190516556607785105e+03,-2.978085790409106266e+04
3.922953071325121075e+07,-9.996337696120056737e-01,1.053826551002390484e-02,-8.155813786309889792e+02,-2.978717169541860494e+04
3.929270226029347628e+07,-9.998990051434480941e-01,-2.040789042492202783e-03,-4.407552378803582087e+02,-2.978876572827960990e+04
3.935587380733574927e+07,-1.000005992248498066e+00,-1.461952068954476026e-02,-6.609740882697633424e+01,-2.978564574351983902e+04
3.941904535437802225e+07,-9.999548144977329356e-01,-2.719594013477193498e-02,3.083330112853639093e+02,-2.977781821977134678e+04
3.948221690142029524e+07,-9.997455803783361628e-01,-3.976806097282652858e-02,6.824771113292696327e+02,-2.976529036865762828e+04
3.954538844846256822e+07,-9.993784232136418977e-01,-5.233389999787189245e-02,1.056276175059617572e+03,-2.974807012990356816e+04
3.960855999550484121e+07,-9.988535010790042801e-01,-6.489147750999453568e-02,1.429671689755913803e+03,-2.972616616635329410e+04
3.967173154254711419e+07,-9.981709967140431905e-01,-7.743881761949389375e-02,1.802605354740637267e+03,-2.969958785889893988e+04
3.973490308958938718e+07,-9.973311174313197469e-01,-8.997394854901215322e-02,2.175019089773179530e+03,-2.966834530132334839e+04
3.979807463663166016e+07,-9.963340950214928382e-01,-1.024949029334683986e-01,2.546855043319056676e+03,-2.963244929505970504e+04
3.986124618367393315e+07,-9.951801856550108738e-01,-1.149997181177627309e-01,2.918055600694149234e+03,-2.959191134387107377e+04
3.992441773071620613e+07,-9.938696697803907076e-01,-1.274864364522171611e-01,3.288563392083784038e+03,-2.954674364845278978e+04
3.998758927775847912e+07,-9.924028520191365832e-01,-1.399531055857211603e-01,3.658321300436545698e+03,-2.949695910096063017e+04
4.005076082480075210e+07,-9.907800610573522793e-01,-1.523977787565513886e-01,4.027272469232771073e+03,-2.944257127946762193e+04
4.011393237184302509e+07,-9.890016495340991920e-01,-1.648185150808358368e-01,4.395360310127735829e+03,-2.938359444235241608e+04
4.017710391888529807e+07,-9.870679939265541991e-01,-1.772133798386342773e-01,4.762528510469618595e+03,-2.932004352262199609e+04
4.024027546592756361e+07,-9.849794944320182655e-01,-1.895804447576062701e-01,5.128721040692335009e+03,-2.925193412217158038e+04
4.030344701296983659e+07,-9.827365748468297468e-01,-2.019177882942496394e-01,5.493882161583703237e+03,-2.917928250598440354e+04
4.036661856001210958e+07,-9.803396824422359046e-01,-2.142234959126627925e-01,5.857956431428550786e+03,-2.910210559627425027e+04
4.042979010705438256e+07,-9.777892878372741459e-01,-2.264956603608363483e-01,6.220888713027942686e+03,-2.902042096657329967e+04
4.049296165409665555e+07,-9.750858848687138369e-01,-2.387323819444295281e-01,6.582624180594259087e+03,-2.893424683576801544e+04
4.055613320113892853e+07,-9.722299904581152008e-01,-2.509317687980191502e-01,6.943108326522803509e+03,-2.884360206208571617e+04
4.061930474818120152e+07,-9.692221444760527049e-01,-2.630919371537988605e-01,7.302286968040378270e+03,-2.874850613703439376e+04
4.068247629522347450e+07,-9.660629096035583396e-01,-2.752110116077101654e-01,7.660106253731367360e+03,-2.864897917929832329e+04
4.074564784226574749e+07,-9.627528711908331926e-01,-2.872871253829861748e-01,8.016512669941895183e+03,-2.854504192859201430e+04
4.080881938930802047e+07,-9.592926371132831642e-01,-2.993184205910919271e-01,8.371453047062701444e+03,-2.843671573947492288e+04
4.087199093635029346e+07,-9.556828376249242307e-01,-3.113030484900447536e-01,8.724874565691407042e+03,-2.832402257512939468e+04
4.093516248339256644e+07,-9.519241252092124350e-01,-3.232391697400994746e-01,9.076724762674890371e+03,-2.820698500110421810e+04
4.099833403043483943e+07,-9.480171744273484524e-01,-3.351249546567851567e-01,9.426951537032551641e+03,-2.808562617902611601e+04
4.106150557747711241e+07,-9.439626817641034728e-01,-3.469585834612794462e-01,9.775503155761261951e+03,-2.795996986028148604e+04
4.112467712451937795e+07,-9.397613654712217990e-01,-3.587382465281077071e-01,1.012232825952281564e+04,-2.783004037967068143e+04
4.118784867156165093e+07,-9.354139654084426825e-01,-3.704621446301638588e-01,1.046737586821502555e+04,-2.769586264903692791e+04
4.125102021860392392e+07,-9.309212428821992402e-01,-3.821284891810221018e-01,1.081059538642676853e+04,-2.755746215087228120e+04
4.131419176564619690e+07,-9.262839804820335310e-01,-3.937355024745573528e-01,1.115193660877878028e+04,-2.741486493190245892e+04
4.137736331268846989e+07,-9.215029819147828594e-01,-4.052814179218461876e-01,1.149134972515056143e+04,-2.726809759665283855e+04
4.144053485973074287e+07,-9.165790718365822709e-01,-4.167644802853483488e-01,1.182878532579471357e+04,-2.711718730099756067e+04
4.150370640677301586e+07,-9.115130956827310893e-01,-4.281829459103603797e-01,1.216419440633969862e+04,-2.696216174569375289e+04
4.156687795381528884e+07,-9.063059194954705688e-01,-4.395350829537369441e-01,1.249752837268214353e+04,-2.680304916990278798e+04
4.163004950085756183e+07,-9.009584297497185146e-01,-4.508191716098730595e-01,1.282873904576980931e+04,-2.663987834470049347e+04
4.169322104789983481e+07,-8.954715331768073883e-01,-4.620335043339439673e-01,1.315777866627638468e+04,-2.647267856657815719e+04
4.175639259494210780e+07,-8.898461565862709755e-01,-4.731763860623993123e-01,1.348459989916928862e+04,-2.630147965093608946e+04
4.181956414198438078e+07,-8.840832466857253547e-01,-4.842461344307077420e-01,1.380915583817169681e+04,-2.612631192557153918e+04
4.188273568902665377e+07,-8.781837698988864682e-01,-4.952410799883513182e-01,1.413140001012001630e+04,-2.594720622416263723e+04
4.194590723606892675e+07,-8.721487121817712573e-01,-5.061595664110674075e-01,1.445128637921807785e+04,-2.576419387975003337e+04
4.200907878311119974e+07,-8.659790788371226622e-01,-5.169999507103377745e-01,1.476876935118930669e+04,-2.557730671821781289e+04
4.207225033015346527e+07,-8.596758943271045617e-01,-5.277606034401233215e-01,1.508380377732815941e+04,-2.538657705177531534e+04
4.213542187719573826e+07,-8.532402020843021795e-01,-5.384399089008542472e-01,1.539634495845233687e+04,-2.519203767244119081e+04
4.219859342423801124e+07,-8.466730643210830243e-01,-5.490362653406548610e-01,1.570634864875657877e+04,-2.499372184553150510e+04
4.226176497128028423e+07,-8.399755618373430099e-01,-5.595480851538341405e-01,1.601377105957010644e+04,-2.479166330315288724e+04
4.232493651832255721e+07,-8.331487938266897153e-01,-5.699737950766217143e-01,1.631856886301855047e+04,-2.458589623770237813e+04
4.238810806536483020e+07,-8.261938776810990870e-01,-5.803118363801639257e-01,1.662069919559194386e+04,-2.437645529537520633e+04
4.245127961240710318e+07,-8.191119487940848876e-01,-5.905606650607778674e-01,1.692011966162014505e+04,-2.416337556968177159e+04
4.251445115944937617e+07,-8.119041603624197467e-01,-6.007187520274724912e-01,1.721678833665708953e+04,-2.394669259497505482e+04
4.257762270649164915e+07,-8.045716831864473395e-01,-6.107845832867363489e-01,1.751066377077529251e+04,-2.372644233998965865e+04
4.264079425353392214e+07,-7.971157054690202193e-01,-6.207566601246015114e-01,1.780170499177201054e+04,-2.350266120139358100e+04
4.270396580057619512e+07,-7.895374326131043841e-01,-6.306334992859863320e-01,1.808987150828849553e+04,-2.327538599735383468e+04
4.276713734761846811e+07,-7.818380870180834386e-01,-6.404136331513252678e-01,1.837512331284379979e+04,-2.304465396111694645e+04
4.283030889466074109e+07,-7.740189078748006546e-01,-6.500956099104894248e-01,1.865742088478452933e+04,-2.281050273460531389e+04
4.289348044170301408e+07,-7.660811509593714597e-01,-6.596779937340087052e-01,1.893672519315203317e+04,-2.257297036203040625e+04
4.295665198874528706e+07,-7.580260884258044340e-01,-6.691593649415986667e-01,1.921299769946845481e+04,-2.233209528352368216e+04
4.301982353578755260e+07,-7.498550085974624579e-01,-6.785383201680019738e-01,1.948620036044306835e+04,-2.208791632878611927e+04
4.308299508282982558e+07,-7.415692157573930965e-01,-6.878134725261575433e-01,1.975629563060055807e+04,-2.184047271075702156e+04
4.314616662987209857e+07,-7.331700299375756291e-01,-6.969834517676881669e-01,2.002324646483218021e+04,-2.158980401930327207e+04
4.320933817691437155e+07,-7.246587867070964917e-01,-7.060469044407409189e-01,2.028701632087193866e+04,-2.133595021492921660e+04
4.327250972395664454e+07,-7.160368369593007598e-01,-7.150024940451679134e-01,2.054756916169872784e+04,-2.107895162250828071e+04
4.333568127099891752e+07,-7.073055466979422112e-01,-7.238489011850680610e-01,2.080486945786606157e+04,-2.081884892503678930e+04
4.339885281804119051e+07,-6.984662968223667168e-01,-7.325848237186941558e-01,2.105888218976082499e+04,-2.055568315741062179e+04
4.346202436508346349e+07,-6.895204829117544953e-01,-7.412089769057386146e-01,2.130957284979249016e+04,-2.028949570022526677e+04
4.352519591212573647e+07,-6.804695150084543176e-01,-7.497200935520046405e-01,2.155690744451419960e+04,-2.002032827359978910e+04
4.358836745916800946e+07,-6.713148174004350821e-01,-7.581169241514756907e-01,2.180085249667717653e+04,-1.974822293102518233e+04
4.365153900621028244e+07,-6.620578284028845184e-01,-7.663982370257915733e-01,2.204137504721984806e+04,-1.947322205323755770e+04
4.371471055325255543e+07,-6.527000001389809958e-01,-7.745628184611437206e-01,2.227844265719312898e+04,-1.919536834211655150e+04
4.377788210029482841e+07,-6.432427983198664156e-01,-7.826094728425978531e-01,2.251202340962323797e+04,-1.891470481460933297e+04
4.384105364733710140e+07,-6.336877020238446123e-01,-7.905370227858583565e-01,2.274208591131344656e+04,-1.863127479668049637e+04
4.390422519437936693e+07,-6.240362034748334619e-01,-7.983443092664801455e-01,2.296859929458612532e+04,-1.834512191728819744e+04
4.396739674142163992e+07,-6.142898078200881296e-01,-8.060301917465491073e-01,2.319153321896660054e+04,-1.805629010238654155e+04
4.403056828846391290e+07,-6.044500329072364231e-01,-8.135935482988250200e-01,2.341085787280978911e+04,-1.776482356895495468e+04
4.409373983550618589e+07,-5.945184090606283611e-01,-8.210332757283784755e-01,2.362654397487149618e+04,-1.747076681905403530e+04
4.415691138254845887e+07,-5.844964788570387038e-01,-8.283482896917189198e-01,2.383856277582528492e+04,-1.717416463390852368e+04
4.422008292959073186e+07,-5.743857969007398756e-01,-8.355375248134306876e-01,2.404688605972643563e+04,-1.687506206801728331e+04
4.428325447663300484e+07,-5.641879295979678188e-01,-8.425999348003276879e-01,2.425148614542421274e+04,-1.657350444329042875e+04
4.434642602367527783e+07,-5.539044549308010934e-01,-8.495344925531380653e-01,2.445233588792377850e+04,-1.626953734321356751e+04
4.440959757071755081e+07,-5.435369622304768722e-01,-8.563401902757297179e-01,2.464940867969900864e+04,-1.596320660703923386e+04
4.447276911775982380e+07,-5.330870519501620386e-01,-8.630160395818899932e-01,2.484267845195743939e+04,-1.565455832400542749e+04
4.453594066480209678e+07,-5.225563354372002589e-01,-8.695610715996689999e-01,2.503211967585862294e+04,-1.534363882758120963e+04
4.459911221184436977e+07,-5.119464347048536812e-01,-8.759743370732984147e-01,2.521770736368707730e+04,-1.503049468973926923e+04
4.466228375888664275e+07,-5.012589822035603548e-01,-8.822549064626978854e-01,2.539941706998106019e+04,-1.471517271525532851e+04
4.472545530592891574e+07,-4.904956205917223588e-01,-8.884018700405805768e-01,2.557722489261830924e+04,-1.439771993603422379e+04
4.478862685297118872e+07,-4.796580025060455665e-01,-8.944143379871668520e-01,2.575110747385994910e+04,-1.407818360546248914e+04
4.485179840001345426e+07,-4.687477903314483108e-01,-9.002914404825191896e-01,2.592104200135367500e+04,-1.375661119278726255e+04
4.491496994705572724e+07,-4.577666559705486637e-01,-9.060323277965127708e-01,2.608700620909744248e+04,-1.343305037752104363e+04
4.497814149409800023e+07,-4.467162806127651375e-01,-9.116361703764402913e-01,2.624897837836446706e+04,-1.310754904387259921e+04
4.504131304114027321e+07,-4.355983545030230331e-01,-9.171021589322797540e-01,2.640693733859103304e+04,-1.278015527520298019e+04
4.510448458818254620e+07,-4.244145767100993005e-01,-9.224295045196206910e-01,2.656086246822784597e+04,-1.245091734850687317e+04
4.516765613522481918e+07,-4.131666548946145157e-01,-9.276174386202682420e-01,2.671073369555608951e+04,-1.211988372891872677e+04
4.523082768226709217e+07,-4.018563050766873479e-01,-9.326652132205308643e-01,2.685653149946917620e+04,-1.178710306424332157e+04
4.529399922930936515e+07,-3.904852514032665090e-01,-9.375721008872038853e-01,2.699823691022119965e+04,-1.145262417951037423e+04
4.535717077635163814e+07,-3.790552259151531156e-01,-9.423373948412602230e-01,2.713583151014302348e+04,-1.111649607155277226e+04
4.542034232339391112e+07,-3.675679683137276221e-01,-9.469604090292538245e-01,2.726929743432697433e+04,-1.077876790360798805e+04
4.548351387043618411e+07,-3.560252257273941456e-01,-9.514404781924505894e-01,2.739861737128103050e+04,-1.043948899994220665e+04
4.554668541747845709e+07,-3.444287524777547849e-01,-9.557769579336935495e-01,2.752377456355344111e+04,-1.009870884049669803e+04
4.560985696452073008e+07,-3.327803098455268116e-01,-9.599692247820110769e-01,2.764475280832858698e+04,-9.756477055555904371e+03
4.567302851156300306e+07,-3.210816658362131704e-01,-9.640166762549786661e-01,2.776153645799497826e+04,-9.412843420436738597e+03
4.573620005860527605e+07,-3.093345949455401644e-01,-9.679187309188432842e-01,2.787411042068616371e+04,-9.067857850198532105e+03
4.579937160564754158e+07,-2.975408779246728752e-01,-9.716748284464161722e-01,2.798246016079537367e+04,-8.721570394373122326e+03
4.586254315268981457e+07,-2.857023015452122561e-01,-9.752844296727487539e-01,2.808657169946468275e+04,-8.374031231714247042e+03
4.592571469973208755e+07,-2.738206583640045988e-01,-9.787470166485889855e-01,2.818643161504929958e+04,-8.025290664966252734e+03
4.598888624677436054e+07,-2.618977464877463857e-01,-9.820620926916381332e-01,2.828202704355790411e+04,-7.675399115650699059e+03
4.605205779381663352e+07,-2.499353693374148366e-01,-9.852291824356080863e-01,2.837334567906954908e+04,-7.324407118870823979e+03
4.611522934085890651e+07,-2.379353354125265108e-01,-9.882478318770878678e-01,2.846037577412786413e+04,-6.972365318132991888e+03
4.617840088790117949e+07,-2.258994580552335374e-01,-9.911176084202270031e-01,2.854310614011315920e+04,-6.619324460184494455e+03
4.624157243494345248e+07,-2.138295552142675804e-01,-9.938381009192430726e-01,2.862152614759305288e+04,-6.265335389867028425e+03
4.630474398198572546e+07,-2.017274492087401949e-01,-9.964089197187593339e-01,2.869562572665218249e+04,-5.910449044985166438e+03
4.636791552902799845e+07,-1.895949664918084310e-01,-9.988296966919777420e-01,2.876539536720156320e+04,-5.554716451189116924e+03
4.643108707607027143e+07,-1.774339374142138714e-01,-1.001100085276694474e+00,2.883082611926810205e+04,-5.198188716871054567e+03
4.649425862311254442e+07,-1.652461959877035425e-01,-1.003219760509163283e+00,2.889190959326476514e+04,-4.840917028074301925e+03
4.655743017015481740e+07,-1.530335796483409394e-01,-1.005188419055812021e+00,2.894863796024184921e+04,-4.482952643414620979e+03
4.662060171719709039e+07,-1.407979290197148015e-01,-1.007005779242815757e+00,2.900100395211980867e+04,-4.124346889012875181e+03
4.668377326423935592e+07,-1.285410876760547938e-01,-1.008671581083534052e+00,2.904900086190403454e+04,-3.765151153438342135e+03
4.674694481128162891e+07,-1.162649019052531818e-01,-1.010185586303814942e+00,2.909262254388197471e+04,-3.405416882661660111e+03
4.681011635832390189e+07,-1.039712204718212379e-01,-1.011547578365167732e+00,2.913186341380289741e+04,-3.045195575017274678e+03
4.687328790536617488e+07,-9.166189437975912069e-02,-1.012757362485812829e+00,2.916671844904069803e+04,-2.684538776173753831e+03
4.693645945240844786e+07,-7.933877663536757774e-02,-1.013814765659608375e+00,2.919718318873996759e+04,-2.323498074111823371e+03
4.699963099945072085e+07,-6.700372201000016903e-02,-1.014719636672858138e+00,2.922325373394561029e+04,-1.962125094109076372e+03
4.706280254649299383e+07,-5.465858680276415582e-02,-1.015471846119001098e+00,2.924492674771625389e+04,-1.600471493730596421e+03
4.712597409353526682e+07,-4.230522860317683514e-02,-1.016071286411189822e+00,2.926219945522162743e+04,-1.238588957824696536e+03
4.718914564057753980e+07,-2.994550605378425157e-02,-1.016517871792755212e+00,2.927506964382410661e+04,-8.765291935229649880e+02
4.725231718761981279e+07,-1.758127861274869433e-02,-1.016811538345559374e+00,2.928353566314454656e+04,-5.143439252438051881e+02
4.731548873466208577e+07,-5.214406316411727971e-03,-1.016952243996242622e+00,2.928759642511253696e+04,-1.520848896986595946e+02
4.737866028170435876e+07,7.153250458160702839e-03,-1.016939968520358395e+00,2.928725140400114469e+04,2.101961690998996346e+02
4.744183182874663174e+07,1.951983123064459855e-02,-1.016774713544403630e+00,2.928250063644621332e+04,5.724475048290319137e+02
4.750500337578890473e+07,3.188347565492909846e-02,-1.016456502545741047e+00,2.927334472145023028e+04,9.346173738462566689e+02
4.756817492283117771e+07,4.424232375658607858e-02,-1.015985380850411790e+00,2.925978482037077993e+04,1.296654040180670336e+03
4.763134646987344325e+07,5.659451617033012250e-02,-1.015361415628843966e+00,2.924182265689351698e+04,1.658505780525523960e+03
4.769451801691571623e+07,6.893819437747114587e-02,-1.014584695889448440e+00,2.921946051698962037e+04,2.020120889233238131e+03
4.775768956395798922e+07,8.127150094333115971e-02,-1.013655332470109638e+00,2.919270124885763653e+04,2.381447683313027028e+03
4.782086111100026220e+07,9.359257975464772839e-02,-1.012573458027560713e+00,2.916154826284956289e+04,2.742434507432798910e+03
4.788403265804253519e+07,1.058995762569356208e-01,-1.011339227024647958e+00,2.912600553138104442e+04,3.103029738925505626e+03
4.794720420508480817e+07,1.181906376918086671e-01,-1.009952815715480012e+00,2.908607758882549751e+04,3.463181792800996391e+03
4.801037575212708116e+07,1.304639133342533341e-01,-1.008414422128458998e+00,2.904176953139193938e+04,3.822839126764143657e+03
4.807354729916935414e+07,1.427175547298474567e-01,-1.006724266047192229e+00,2.899308701698629375e+04,4.181950246240031447e+03
4.813671884621162713e+07,1.549497159319167261e-01,-1.004882588989278513e+00,2.894003626505588545e+04,4.540463709406998532e+03
4.819989039325390011e+07,1.671585537386220399e-01,-1.002889654182968382e+00,2.888262405641686200e+04,4.898328132238325452e+03
4.826306194029617310e+07,1.793422279299702327e-01,-1.000745746541694903e+00,2.882085773306415649e+04,5.255492193553336620e+03
4.832623348733844608e+07,1.914989015047410259e-01,-9.984511726364674322e-01,2.875474519796370441e+04,5.611904640078694683e+03
4.838940503438071907e+07,2.036267409173221632e-01,-9.960062606661260753e-01,2.868429491482645608e+04,5.967514291520642473e+03
4.845257658142299205e+07,2.157239163144454852e-01,-9.934113604254531937e-01,2.860951590786383531e+04,6.322270045648952873e+03
4.851574812846526504e+07,2.277886017718157019e-01,-9.906668432711347450e-01,2.853041776152414968e+04,6.676120883393322401e+03
4.857891967550753057e+07,2.398189755306223414e-01,-9.877731020855667898e-01,2.844701062020951940e+04,7.029015873952910624e+03
4.864209122254980356e+07,2.518132202339351533e-01,-9.847305512385010617e-01,2.835930518797276454e+04,7.380904179919984927e+03
4.870526276959207654e+07,2.637695231629528236e-01,-9.815396265465258230e-01,2.826731272819385049e+04,7.731735062417767040e+03
4.876843431663434952e+07,2.756860764731253743e-01,-9.782007852303722384e-01,2.817104506323516034e+04,8.081457886254007462e+03
4.883160586367662251e+07,2.875610774301187722e-01,-9.747145058700417142e-01,2.807051457407513954e+04,8.430022125090354166e+03
4.889477741071889549e+07,2.993927286456220527e-01,-9.710812883577465415e-01,2.796573419991965420e+04,8.777377366628428717e+03
4.895794895776116848e+07,3.111792383129854955e-01,-9.673016538486582938e-01,2.785671743779043391e+04,9.123473317813239191e+03
4.902112050480344146e+07,3.229188204426797215e-01,-9.633761447094540964e-01,2.774347834208991117e+04,9.468259810054560148e+03
4.908429205184571445e+07,3.346096950975666062e-01,-9.593053244646543298e-01,2.762603152414179931e+04,9.811686804466913600e+03
4.914746359888798743e+07,3.462500886279705203e-01,-9.550897777407441058e-01,2.750439215170665557e+04,1.015370439712876396e+04
4.921063514593026042e+07,3.578382339065399598e-01,-9.507301102080693012e-01,2.737857594847169457e+04,1.049426282436151996e+04
4.927380669297253340e+07,3.693723705628877974e-01,-9.462269485204998221e-01,2.724859919351408826e+04,1.083331246802891656e+04
4.933697824001480639e+07,3.808507452179997199e-01,-9.415809402528502181e-01,2.711447872073694089e+04,1.117080386085734244e+04
4.940014978705707937e+07,3.922716117183983053e-01,-9.367927538360492079e-01,2.697623191827710252e+04,1.150668769177764807e+04
4.946332133409934491e+07,4.036332313700499164e-01,-9.318630784900497899e-01,2.683387672788402051e+04,1.184091481128891792e+04
4.952649288114161789e+07,4.149338731720094153e-01,-9.267926241544668375e-01,2.668743164426862131e+04,1.217343623684494196e+04
4.958966442818389088e+07,4.261718140497705587e-01,-9.215821214169407360e-01,2.653691571442158602e+04,1.250420315826327715e+04
4.965283597522616386e+07,4.373453390883350611e-01,-9.162323214392061876e-01,2.638234853689975716e+04,1.283316694315814311e+04
4.971600752226843685e+07,4.484527417649668557e-01,-9.107439958808659641e-01,2.622375026107998929e+04,1.316027914239699385e+04
4.977917906931070983e+07,4.594923241816257775e-01,-9.051179368208528420e-01,2.606114158637933724e+04,1.348549149558142017e+04
4.984235061635298282e+07,4.704623972970645163e-01,-8.993549566765738357e-01,2.589454376144064372e+04,1.380875593655272860e+04
4.990552216339525580e+07,4.813612811585745721e-01,-8.934558881207232961e-01,2.572397858328248549e+04,1.413002459892256411e+04
4.996869371043752879e+07,4.921873051333651716e-01,-8.874215839957553253e-01,2.554946839641242332e+04,1.444924982162891502e+04
5.003186525747980177e+07,5.029388081395604893e-01,-8.812529172260052945e-01,2.537103609190251518e+04,1.476638415451781657e+04
5.009503680452207476e+07,5.136141388767977434e-01,-8.749507807274480298e-01,2.518870510642600493e+04,1.508138036395103336e+04
5.015820835156434774e+07,5.242116560564108463e-01,-8.685160873150830074e-01,2.500249942125404414e+04,1.539419143844000246e+04
5.022137989860662073e+07,5.347297286311809561e-01,-8.619497696079355675e-01,2.481244356121136661e+04,1.570477059430624467e+04
5.028455144564889371e+07,5.451667360246384986e-01,-8.552527799316604895e-01,2.461856259358973330e+04,1.601307128136846586e+04
5.034772299269116670e+07,5.555210683598962307e-01,-8.484260902187409359e-01,2.442088212701799421e+04,1.631904718865652649e+04
5.041089453973343223e+07,5.657911266879951384e-01,-8.414706919062669987e-01,2.421942831028759610e+04,1.662265225015238684e+04
5.047406608677570522e+07,5.759753232157511782e-01,-8.343875958312825247e-01,2.401422783113218611e+04,1.692384065055835163e+04
5.053723763381797820e+07,5.860720815330636713e-01,-8.271778321236969989e-01,2.380530791496043457e+04,1.722256683109217556e+04
5.060040918086025119e+07,5.960798368396925673e-01,-8.198424500967371742e-01,2.359269632354039277e+04,1.751878549530980672e+04
5.066358072790252417e+07,6.059970361714612785e-01,-8.123825181349385582e-01,2.337642135363443231e+04,1.781245161495522552e+04
5.072675227494479716e+07,6.158221386258765362e-01,-8.047991235796589926e-01,2.315651183558337652e+04,1.810352043583762133e+04
5.078992382198707014e+07,6.255536155871367354e-01,-7.970933726121057772e-01,2.293299713183855056e+04,1.839194748373579569e+04
5.085309536902934313e+07,6.351899509505117836e-01,-7.892663901338634602e-01,2.270590713544045138e+04,1.867768857032973392e+04
5.091626691607161611e+07,6.447296413460669173e-01,-7.813193196449107480e-01,2.247527226844267352e+04,1.896069979915923977e+04
5.097943846311388910e+07,6.541711963617108383e-01,-7.732533231191164314e-01,2.224112348027980988e+04,1.924093757160945097e+04
5.104261001015616208e+07,6.635131387655421875e-01,-7.650695808772010054e-01,2.200349224607793803e+04,1.951835859292310124e+04
5.110578155719843507e+07,6.727540047274699342e-01,-7.567692914571556573e-01,2.176241056490634219e+04,1.979291987823927775e+04
5.116895310424070805e+07,6.818923440400840308e-01,-7.483536714821029667e-01,2.151791095796909212e+04,2.006457875865842288e+04
5.123212465128298104e+07,6.909267203387480238e-01,-7.398239555255943234e-01,2.127002646673509662e+04,2.033329288733329304e+04
5.129529619832524657e+07,6.998557113208894176e-01,-7.311813959743277413e-01,2.101879065100527441e+04,2.059902024558552148e+04
5.135846774536751956e+07,7.086779089644644758e-01,-7.224272628882746350e-01,2.076423758691521653e+04,2.086171914904757068e+04
5.142163929240979254e+07,7.173919197455561614e-01,-7.135628438582169997e-01,2.050640186487243773e+04,2.112134825382924100e+04
5.148481083945206553e+07,7.259963648550972204e-01,-7.045894438606651322e-01,2.024531858742613986e+04,2.137786656270885578e+04
5.154798238649433851e+07,7.344898804146741123e-01,-6.955083851101615533e-01,1.998102336706852657e+04,2.163123343134823153e+04
5.161115393353661150e+07,7.428711176913890268e-01,-6.863210069089537013e-01,1.971355232396606880e+04,2.188140857453103308e+04
5.167432548057888448e+07,7.511387433117486800e-01,-6.770286654940286253e-01,1.944294208361927667e+04,2.212835207242393153e+04
5.173749702762115747e+07,7.592914394745500228e-01,-6.676327338814979084e-01,1.916922977444956632e+04,2.237202437685997575e+04
5.180066857466343045e+07,7.673279041627311114e-01,-6.581346017083254951e-01,1.889245302531173729e+04,2.261238631764347156e+04
5.186384012170570344e+07,7.752468513541558304e-01,-6.485356750713880958e-01,1.861264996293064905e+04,2.284939910887571750e+04
5.192701166874797642e+07,7.830470112313003828e-01,-6.388373763638603986e-01,1.832985920926059043e+04,2.308302435530083312e+04
5.199018321579024941e+07,7.907271303898077974e-01,-6.290411441089167610e-01,1.804411987876594503e+04,2.331322405867089401e+04
5.205335476283252239e+07,7.982859720458768127e-01,-6.191484327907403884e-01,1.775547157562165376e+04,2.353996062412955143e+04
5.211652630987479538e+07,8.057223162424532736e-01,-6.091607126828335605e-01,1.746395439083203382e+04,2.376319686661326341e+04
5.217969785691706836e+07,8.130349600541854072e-01,-5.990794696736210234e-01,1.716960889926652817e+04,2.398289601726920591e+04
5.224286940395933390e+07,8.202227177911108891e-01,-5.889062050893416611e-01,1.687247615661093005e+04,2.419902172988890379e+04
5.230604095100160688e+07,8.272844212010406206e-01,-5.786424355142129050e-01,1.657259769623246757e+04,2.441153808735668645e+04
5.236921249804387987e+07,8.342189196705938059e-01,-5.682896926078827571e-01,1.627001552595781868e+04,2.462040960811156037e+04
5.243238404508615285e+07,8.410250804248612377e-01,-5.578495229201368977e-01,1.596477212476193563e+04,2.482560125262190559e+04
5.249555559212842584e+07,8.477017887256476092e-01,-5.473234877028761991e-01,1.565691043936676397e+04,2.502707842987144249e+04
5.255872713917069882e+07,8.542479480682593218e-01,-5.367131627193518773e-01,1.534647388074826449e+04,2.522480700385545424e+04
5.262189868621297181e+07,8.606624803767972676e-01,-5.260201380506545066e-01,1.503350632055033930e+04,2.541875330008599485e+04
5.268507023325524479e+07,8.669443261979161708e-01,-5.152460178994555662e-01,1.471805208740428861e+04,2.560888411210476988e+04
5.274824178029751778e+07,8.730924448930091897e-01,-5.043924203909967430e-01,1.440015596315242510e+04,2.579516670800238717e+04
5.281141332733979076e+07,8.791058148287780316e-01,-4.934609773713246605e-01,1.407986317897446133e+04,2.597756883694257340e+04
5.287458487438206375e+07,8.849834335661458384e-01,-4.824533342027704785e-01,1.375721941141534262e+04,2.615605873568994139e+04
5.293775642142433673e+07,8.907243180474726518e-01,-4.713711495566725307e-01,1.343227077831317547e+04,2.633060513513980186e+04
5.300092796846660972e+07,8.963275047820294938e-01,-4.602160952033401697e-01,1.310506383462596023e+04,2.650117726684853915e+04
5.306409951550888270e+07,9.017920500296890962e-01,-4.489898557992617056e-01,1.277564556815580363e+04,2.666774486956292822e+04
5.312727106255115569e+07,9.071170299827889805e-01,-4.376941286715540502e-01,1.244406339516935986e+04,2.683027819574680689e+04
5.319044260959342122e+07,9.123015409461231462e-01,-4.263306235996597304e-01,1.211036515591327225e+04,2.698874801810340068e+04
5.325361415663569421e+07,9.173446995150199568e-01,-4.149010625942831099e-01,1.177459911002316585e+04,2.714312563609169592e+04
5.331678570367796719e+07,9.222456427514533761e-01,-4.034071796735903548e-01,1.143681393182554893e+04,2.729338288243481657e+04
5.337995725072024018e+07,9.270035283581530283e-01,-3.918507206366494966e-01,1.109705870553069326e+04,2.743949212961897138e+04
5.344312879776251316e+07,9.316175348506593457e-01,-3.802334428341347938e-01,1.075538292031589117e+04,2.758142629638082872e+04
5.350630034480478615e+07,9.360868617272781744e-01,-3.685571149362933396e-01,1.041183646529776888e+04,2.771915885418151447e+04
5.356947189184705913e+07,9.404107296368904301e-01,-3.568235166981807427e-01,1.006646962439256640e+04,2.785266383366527953e+04
5.363264343888933212e+07,9.445883805445661752e-01,-3.450344387221729314e-01,9.719333071063354510e+03,2.798191583110082865e+04
5.369581498593160510e+07,9.486190778949382674e-01,-3.331916822177618531e-01,9.370477862953133808e+03,2.810689001480325169e+04
5.375898653297387809e+07,9.525021067732840629e-01,-3.212970587586439497e-01,9.019955436402837222e+03,2.822756213153447607e+04
5.382215808001615107e+07,9.562367740642682135e-01,-3.093523900371101809e-01,8.667817600853273689e+03,2.834390851288011618e+04
5.388532962705842406e+07,9.598224086082978168e-01,-2.973595076157488637e-01,8.314116533130085372e+03,2.845590608160050397e+04
5.394850117410069704e+07,9.632583613554381863e-01,-2.853202526764725411e-01,7.958904771610848911e+03,2.856353235795369619e+04
5.401167272114297003e+07,9.665440055168412758e-01,-2.732364757668803157e-01,7.602235210273467601e+03,2.866676546598818095e+04
5.407484426818523556e+07,9.696787367136356917e-01,-2.611100365439718018e-01,7.244161092625099627e+03,2.876558413980295518e+04
5.413801581522750854e+07,9.726619731232288846e-01,-2.489428035152169150e-01,6.884736005510613722e+03,2.885996772977266664e+04
5.420118736226978153e+07,9.754931556229661238e-01,-2.367366537770196344e-01,6.524013872800489480e+03,2.894989620873528111e+04
5.426435890931205451e+07,9.781717479311023977e-01,-2.244934727505620287e-01,6.162048948956659842e+03,2.903535017814003004e+04
5.432753045635432750e+07,9.806972367450286221e-01,-2.122151539150685939e-01,5.798895812476296669e+03,2.911631087415299044e+04
5.439070200339660048e+07,9.830691318767054154e-01,-1.999035985384997050e-01,5.434609359212731761e+03,2.919276017371784837e+04
5.445387355043887347e+07,9.852869663852493742e-01,-1.875607154056959103e-01,5.069244795573026749e+03,2.926468060056925242e+04
5.451704509748114645e+07,9.873502967066211111e-01,-1.751884205439929731e-01,4.702857631591726204e+03,2.933205533119618121e+04
5.458021664452341944e+07,9.892587027803626532e-01,-1.627886369463296956e-01,4.335503673880383758e+03,2.939486820075265496e+04
5.464338819156569242e+07,9.910117881733307987e-01,-1.503632942918712301e-01,3.967239018452504297e+03,2.945310370891314233e+04
5.470655973860796541e+07,9.926091802003745856e-01,-1.379143286641718036e-01,3.598120043423591596e+03,2.950674702566990527e+04
5.476973128565023839e+07,9.940505300419045787e-01,-1.254436822669019180e-01,3.228203401586067230e+03,2.955578399706959317e+04
5.483290283269251138e+07,9.953355128582982436e-01,-1.129533031371662832e-01,2.857546012858872018e+03,2.960020115088625971e+04
5.489607437973478436e+07,9.964638279010932242e-01,-1.004451448564398913e-01,2.486205056611623149e+03,2.963998570222799026e+04
5.495924592677705735e+07,9.974351986209110121e-01,-8.792116625915098738e-02,2.114237963863268305e+03,2.967512555907433125e+04
5.502241747381932288e+07,9.982493727720601617e-01,-7.538333113894211956e-02,1.741702409355281816e+03,2.970560932774159664e+04
5.508558902086159587e+07,9.989061225137659816e-01,-6.283360795263137621e-02,1.368656303499202522e+03,2.973142631827319565e+04
5.514876056790386885e+07,9.994052445079736335e-01,-5.027396952192853680e-02,9.951577841993073434e+02,2.975256654975199854e+04
5.521193211494614184e+07,9.997465600136713482e-01,-3.770639273290986998e-02,6.212652085497393273e+02,2.976902075553183749e+04
5.527510366198841482e+07,9.999299149776813556e-01,-2.513285823330864074e-02,2.470371444070194116e+02,2.978078038838511929e+04
5.533827520903068781e+07,9.999551801218659053e-01,-1.255535012764843854e-02,-1.274676381619864287e+02,2.978783762556356669e+04
5.540144675607296079e+07,9.998222510266955299e-01,2.414432974176451374e-05,-5.021901755561898995e+02,2.979018537376905442e+04
5.546461830311523378e+07,9.995310482111279260e-01,1.260363504379232932e-02,-8.770713194400102566e+02,2.978781727403149489e+04
5.552778985015750676e+07,9.990815172087441631e-01,2.518112938979748944e-02,-1.252051745666158467e+03,2.978072770649071390e+04
5.559096139719977975e+07,9.984736286400922589e-01,3.775463252651853341e-02,-1.627071963320845043e+03,2.976891179507922789e+04
5.565413294424205273e+07,9.977073782811842761e-01,5.032214771124313840e-02,-2.002072323890705320e+03,2.975236541210283394e+04
5.571730449128432572e+07,9.967827871280978691e-01,6.288167661675703179e-02,-2.376993030550660478e+03,2.973108518271590583e+04
5.578047603832659870e+07,9.956999014576293217e-01,7.543121965018285968e-02,-2.751774147571853973e+03,2.970506848928827094e+04
5.584364758536887169e+07,9.944587928839503377e-01,8.796877627363992869e-02,-3.126355609848724271e+03,2.967431347566053955e+04
5.590681913241114467e+07,9.930595584112147378e-01,1.004923453266767935e-01,-3.500677232544194339e+03,2.963881905128475773e+04
5.596999067945341021e+07,9.915023204820689884e-01,1.129999253504264112e-01,-3.874678720851836260e+03,2.959858489524724064e+04
5.603316222649568319e+07,9.897872270220146040e-01,1.254895149134422627e-01,-4.248299679874091453e+03,2.955361146017042120e+04
5.609633377353795618e+07,9.879144514795767940e-01,1.379591129391411763e-01,-4.621479624614625209e+03,2.950389997599062553e+04
5.615950532058022916e+07,9.858841928622279482e-01,1.504067190348299943e-01,-4.994157990084346238e+03,2.944945245360855188e+04
5.622267686762250215e+07,9.836966757680198903e-01,1.628303338222388541e-01,-5.366274141519004843e+03,2.939027168840938248e+04
5.628584841466477513e+07,9.813521504128793760e-01,1.752279592695146770e-01,-5.737767384707115525e+03,2.932636126364933807e+04
5.634901996170704812e+07,9.788508926535178789e-01,1.875975990246160907e-01,-6.108576976426560577e+03,2.925772555370558985e+04
5.641219150874932110e+07,9.761932040059129179e-01,1.999372587500515552e-01,-6.478642134988192993e+03,2.918436972718638572e+04
5.647536305579159409e+07,9.733794116593135204e-01,2.122449464589008516e-01,-6.847902050884660639e+03,2.910629974989827315e+04
5.653853460283386707e+07,9.704098684857274115e-01,2.245186728520592034e-01,-7.216295897542599960e+03,2.902352238766736627e+04
5.660170614987614006e+07,9.672849530448462962e-01,2.367564516566414701e-01,-7.583762842176251070e+03,2.893604520901153228e+04
5.666487769691841304e+07,9.640050695843672690e-01,2.489562999654829634e-01,-7.950242056740462431e+03,2.884387658766048844e+04
5.672804924396068603e+07,9.605706480356674959e-01,2.611162385776719663e-01,-8.315672728980967804e+03,2.874702570492072482e+04
5.679122079100295901e+07,9.569821440047927563e-01,2.732342923400478685e-01,-8.679994073579726319e+03,2.864550255188229494e+04
5.685439233804522455e+07,9.532400387587200985e-01,2.853084904895958340e-01,-9.043145343392989162e+03,2.853931793146445125e+04
5.691756388508749753e+07,9.493448392068538633e-01,2.973368669966783839e-01,-9.405065840779974678e+03,2.842848346029713503e+04
5.698073543212977052e+07,9.452970778777229910e-01,3.093174609090120208e-01,-9.765694929019016854e+03,2.831301157043556668e+04
5.704390697917204350e+07,9.410973128908353136e-01,3.212483166963465142e-01,-1.012497204380952644e+04,2.819291551090478970e+04
5.710707852621431649e+07,9.367461279236596328e-01,3.331274845957533093e-01,-1.048283670485643597e+04,2.806820934907151968e+04
5.717025007325658947e+07,9.322441321736975040e-01,3.449530209574577788e-01,-1.083922852753468396e+04,2.793890797184039911e+04
5.723342162029886246e+07,9.275919603156134174e-01,3.567229885911391007e-01,-1.119408723463086062e+04,2.780502708667190018e+04
5.729659316734113544e+07,9.227902724533909584e-01,3.684354571126222666e-01,-1.154735266815912473e+04,2.766658322241915812e+04
5.735976471438340843e+07,9.178397540674840815e-01,3.800885032908847272e-01,-1.189896480124839036e+04,2.752359372998103208e+04
5.742293626142568141e+07,9.127411159569337462e-01,3.916802113952997377e-01,-1.224886375009771473e+04,2.737607678276878869e+04
5.748610780846795440e+07,9.074950941764221568e-01,4.032086735430374103e-01,-1.259698978599672955e+04,2.722405137698381805e+04
5.754927935551022738e+07,9.021024499682381848e-01,4.146719900465425934e-01,-1.294328334740786340e+04,2.706753733170385749e+04
5.761245090255250037e+07,8.965639696891273269e-01,4.260682697610083114e-01,-1.328768505210704825e+04,2.690655528877527104e+04
5.767562244959477335e+07,8.908804647320039960e-01,4.373956304317631050e-01,-1.363013570937948316e+04,2.674112671250895437e+04
5.773879399663704634e+07,8.850527714425016068e-01,4.486521990414876204e-01,-1.397057633226697726e+04,2.657127388917755889e+04
5.780196554367931187e+07,8.790817510303420290e-01,4.598361121571756249e-01,-1.430894814986326310e+04,2.639701992631174289e+04
5.786513709072158486e+07,8.729682894754994260e-01,4.709455162767618441e-01,-1.464519261965387523e+04,2.621838875179315437e+04
5.792830863776385784e+07,8.667132974291514858e-01,4.819785681753103734e-01,-1.497925143989626667e+04,2.603540511274228265e+04
5.799148018480613083e+07,8.603177101093875123e-01,4.929334352507031558e-01,-1.531106656203716557e+04,2.584809457419873070e+04
5.805465173184840381e+07,8.537824871916691594e-01,5.038082958687204460e-01,-1.564058020316269722e+04,2.565648351759221259e+04
5.811782327889067680e+07,8.471086126940273742e-01,5.146013397074323814e-01,-1.596773485847756456e+04,2.546059913900224637e+04
5.818099482593294978e+07,8.402970948569826737e-01,5.253107681008118979e-01,-1.629247331380923606e+04,2.526046944720475585e+04
5.824416637297522277e+07,8.333489660181820913e-01,5.359347943814755100e-01,-1.661473865813303564e+04,2.505612326150378794e+04
5.830733792001749575e+07,8.262652824817410258e-01,5.464716442224653026e-01,-1.693447429611399639e+04,2.484759020934674845e+04
5.837050946705976874e+07,8.190471243822886604e-01,5.569195559779767102e-01,-1.725162396066124711e+04,2.463490072372153008e+04
5.843368101410204172e+07,8.116955955437070713e-01,5.672767810229405461e-01,-1.756613172549064984e+04,2.441808604033408847e+04
5.849685256114431471e+07,8.042118233325664667e-01,5.775415840913681320e-01,-1.787794201769133724e+04,2.419717819456506550e+04
5.856002410818658769e+07,7.965969585062523395e-01,5.877122436133631611e-01,-1.818699963029173887e+04,2.397221001820416859e+04
5.862319565522886068e+07,7.888521750557871970e-01,5.977870520507084784e-01,-1.849324973482064524e+04,2.374321513596111618e+04
5.868636720227112621e+07,7.809786700433507534e-01,6.077643162309306346e-01,-1.879663789385874770e+04,2.351022796175207986e+04
5.874953874931339920e+07,7.729776634344978081e-01,6.176423576797541726e-01,-1.909711007357627022e+04,2.327328369476045918e+04
5.881271029635567218e+07,7.648503979250942386e-01,6.274195129518342906e-01,-1.939461265625157830e+04,2.303241831527152681e+04
5.887588184339794517e+07,7.565981387629627797e-01,6.370941339596930542e-01,-1.968909245276677393e+04,2.278766858027960188e+04
5.893905339044021815e+07,7.482221735642610172e-01,6.466645883007480222e-01,-1.998049671507503081e+04,2.253907201886748226e+04
5.900222493748249114e+07,7.397238121246018094e-01,6.561292595823414731e-01,-2.026877314863513311e+04,2.228666692735742618e+04
5.906539648452476412e+07,7.311043862249292369e-01,6.654865477446748612e-01,-2.055386992480837580e+04,2.203049236423323600e+04
5.912856803156703711e+07,7.223652494321689543e-01,6.747348693815500287e-01,-2.083573569321299146e+04,2.177058814483311289e+04
5.919173957860931009e+07,7.135077768946702648e-01,6.838726580588209147e-01,-2.111431959403122528e+04,2.150699483581305321e+04
5.925491112565158308e+07,7.045333651324627855e-01,6.928983646304591737e-01,-2.138957127026416856e+04,2.123975374938068489e+04
5.931808267269385606e+07,6.954434318223493561e-01,7.018104575521362243e-01,-2.166144087992942150e+04,2.096890693729953637e+04
5.938125421973612905e+07,6.862394155778603899e-01,7.106074231922250295e-01,-2.192987910819661192e+04,2.069449718466389459e+04
5.944442576677840203e+07,6.769227757240986465e-01,7.192877661401251288e-01,-2.219483717945580429e+04,2.041656800344445946e+04
5.950759731382067502e+07,6.674949920675006254e-01,7.278500095118128899e-01,-2.245626686931382210e+04,2.013516362580520945e+04
5.957076886086294800e+07,6.579575646605505534e-01,7.362926952525224999e-01,-2.271412051651343427e+04,1.985032899719193665e+04
5.963394040790521353e+07,6.483120135614768298e-01,7.446143844364588871e-01,-2.296835103477038137e+04,1.956210976919312816e+04
5.969711195494748652e+07,6.385598785889636808e-01,7.528136575634523098e-01,-2.321891192452338510e+04,1.927055229217371379e+04
5.976028350198975950e+07,6.287027190719308711e-01,7.608891148524459247e-01,-2.346575728459165111e+04,1.897570360768307364e+04
5.982345504903203249e+07,6.187421135943996786e-01,7.688393765317388384e-01,-2.370884182373541989e+04,1.867761144063760003e+04
5.988662659607430547e+07,6.086796597355039751e-01,7.766630831258757306e-01,-2.394812087211409016e+04,1.837632419127948742e+04
5.994979814311657846e+07,5.985169738046836052e-01,7.843588957390952299e-01,-2.418355039263705839e+04,1.807189092691274709e+04
6.001296969015885144e+07,5.882556905721079143e-01,7.919254963352413412e-01,-2.441508699220223571e+04,1.776436137341789072e+04
6.007614123720112443e+07,5.778974629943782748e-01,7.993615880140454433e-01,-2.464268793281719991e+04,1.745378590654677828e+04
6.013931278424339741e+07,5.674439619355590159e-01,8.066658952836860408e-01,-2.486631114259802416e+04,1.714021554299928175e+04
6.020248433128567040e+07,5.568968758835911581e-01,8.138371643295345681e-01,-2.508591522664078366e+04,1.682370193128350729e+04
6.026565587832794338e+07,5.462579106621420211e-01,8.208741632789959830e-01,-2.530145947776080720e+04,1.650429734236148215e+04
6.032882742537021637e+07,5.355287891379486576e-01,8.277756824623546672e-01,-2.551290388709474428e+04,1.618205466008233816e+04
6.039199897241248935e+07,5.247112509237144007e-01,8.345405346695355941e-01,-2.572020915456055445e+04,1.585702737140511454e+04
6.045517051945476234e+07,5.138070520766179206e-01,8.411675554026929458e-01,-2.592333669917055886e+04,1.552926955641349559e+04
6.051834206649703532e+07,5.028179647925004048e-01,8.476556031245380263e-01,-2.612224866919274791e+04,1.519883587812486621e+04
6.058151361353930086e+07,4.917457770957936458e-01,8.540035595023208748e-01,-2.631690795215552134e+04,1.486578157209626079e+04
6.064468516058157384e+07,4.805922925252532063e-01,8.602103296473827543e-01,-2.650727818469130580e+04,1.453016243582964307e+04
6.070785670762384683e+07,4.693593298155798732e-01,8.662748423501861472e-01,-2.669332376221398226e+04,1.419203481797987297e+04
6.077102825466611981e+07,4.580487225749789171e-01,8.721960503107533125e-01,-2.687500984842598700e+04,1.385145560736750667e+04
6.083419980170839280e+07,4.466623189587468068e-01,8.779729303644208116e-01,-2.705230238465014918e+04,1.350848222180004086e+04
6.089737134875066578e+07,4.352019813389542691e-01,8.836044837028341759e-01,-2.722516809898191423e+04,1.316317259670451676e+04
6.096054289579293877e+07,4.236695859703022982e-01,8.890897360901025559e-01,-2.739357451525746364e+04,1.281558517357481287e+04
6.102371444283521175e+07,4.120670226522313295e-01,8.944277380740371930e-01,-2.755748996183335476e+04,1.246577888823701869e+04
6.108688598987748474e+07,4.003961943873624585e-01,8.996175651923954408e-01,-2.771688358017340579e+04,1.211381315893640021e+04
6.115005753691975772e+07,3.886590170363546926e-01,9.046583181740582846e-01,-2.787172533323854077e+04,1.175974787424959140e+04
6.121322908396203071e+07,3.768574189692606158e-01,9.095491231350658623e-01,-2.802198601367549054e+04,1.140364338082575887e+04
6.127640063100430369e+07,3.649933407134680063e-01,9.142891317694412656e-01,-2.816763725180026086e+04,1.104556047096059410e+04
6.133957217804657668e+07,3.530687345983130054e-01,9.188775215347326775e-01,-2.830865152337236213e+04,1.068556037000710603e+04
6.140274372508884966e+07,3.410855643964562645e-01,9.233134958322043451e-01,-2.844500215715595186e+04,1.032370472362728833e+04
6.146591527213111520e+07,3.290458049621119985e-01,9.275962841816122184e-01,-2.857666334226400795e+04,9.960055584888885278e+03
6.152908681917338818e+07,3.169514418662156552e-01,9.317251423904996388e-01,-2.870361013528198237e+04,9.594675401211294229e+03
6.159225836621566117e+07,3.048044710286441084e-01,9.356993527179454651e-01,-2.882581846716703876e+04,9.227627001165625188e+03
6.165542991325793415e+07,2.926068983475564877e-01,9.395182240327121237e-01,-2.894326514991969452e+04,8.858973581132560867e+03
6.171860146030020714e+07,2.803607393259731073e-01,9.431810919657279690e-01,-2.905592788302424378e+04,8.488778691823228655e+03
6.178177300734248012e+07,2.680680186956826971e-01,9.466873190568497742e-01,-2.916378525965473818e+04,8.117106224667519200e+03
6.184494455438475311e+07,2.557307700385783589e-01,9.500362948958501752e-01,-2.926681677264331665e+04,7.744020398074648256e+03
6.190811610142702609e+07,2.433510354055247460e-01,9.532274362575767768e-01,-2.936500282020784289e+04,7.369585743570826708e+03
6.197128764846929908e+07,2.309308649328568885e-01,9.562601872312317397e-01,-2.945832471143586008e+04,6.993867091818974586e+03
6.203445919551157206e+07,2.184723164566154674e-01,9.591340193437245532e-01,-2.954676467152203622e+04,6.616929558525496759e+03
6.209763074255384505e+07,2.059774551246228991e-01,9.618484316770492537e-01,-2.963030584675637874e+04,6.238838530239224383e+03
6.216080228959611803e+07,1.934483530065057022e-01,9.644029509796432365e-01,-2.970893230926063188e+04,5.859659650047690775e+03
6.222397383663839102e+07,1.808870887017704765e-01,9.667971317716849144e-01,-2.978262906147037211e+04,5.479458803175991306e+03
6.228714538368066400e+07,1.682957469460409916e-01,9.690305564442904807e-01,-2.985138204036047318e+04,5.098302102493533312e+03
6.235031693072293699e+07,1.556764182155656873e-01,9.711028353525710255e-01,-2.991517812141170725e+04,4.716255873934062947e+03
6.241348847776520252e+07,1.430311983301063017e-01,9.730136069025155932e-01,-2.997400512231643370e+04,4.333386641834437796e+03
6.247666002480747551e+07,1.303621880543096856e-01,9.747625376316672030e-01,-3.002785180642142586e+04,3.949761114197382994e+03
6.253983157184974849e+07,1.176714926976964587e-01,9.763493222835594176e-01,-3.007670788590595475e+04,3.565446167884446368e+03
6.260300311889202148e+07,1.049612217133487624e-01,9.777736838758860349e-01,-3.012056402469356544e+04,3.180508833743851028e+03
6.266617466593429446e+07,9.223348829543231986e-02,9.790353737623793684e-01,-3.015941184109593451e+04,2.795016281679564599e+03
6.272934621297656745e+07,7.949040897565738673e-02,9.801341716883694710e-01,-3.019324391018744063e+04,2.409035805666994747e+03
6.279251776001884043e+07,6.673410321879388873e-02,9.810698858400069833e-01,-3.022205376590917149e+04,2.022634808721085847e+03
6.285568930706111342e+07,5.396669301735547430e-02,9.818423528871277339e-01,-3.024583590290128632e+04,1.635880787822564798e+03
6.291886085410338640e+07,4.119030248556717483e-02,9.824514380197457708e-01,-3.026458577806274116e+04,1.248841318808123560e+03
6.298203240114565939e+07,2.840705745273216370e-02,9.828970349781565030e-01,-3.027829981183756172e+04,8.615840412303509765e+02
6.304520394818793237e+07,1.561908505611321780e-02,9.831790660766430712e-01,-3.028697538922698004e+04,4.741766431932442174e+02
6.310837549523020536e+07,2.828513333444644673e-03,9.832974822207732890e-01,-3.029061086052689643e+04,8.668684616914720209e+01
