time,x,y,vx,vy
0.000000000000000000e+00,0.000000000000000000e+00,9.832899999999999974e-01,-3.029090109819997087e+04,0.000000000000000000e+00
6.317154704227247566e+04,-1.279057491713421306e-02,9.832081766695569547e-01,-3.028838026992589585e+04,-3.875457230943373474e+02
1.263430940845449513e+05,-2.557902105199244547e-02,9.829627164404407536e-01,-3.028081854751663195e+04,-7.750237098957895796e+02
1.895146411268174415e+05,-3.836321005943230111e-02,9.825536622135435660e-01,-3.026821737876673069e+04,-1.162366242912278722e+03
2.526861881690899027e+05,-5.114101440935884396e-02,9.819810854789297050e-01,-3.025057917613753671e+04,-1.549505634997244670e+03
3.158577352113623638e+05,-6.391030779393905292e-02,9.812450862998209900e-01,-3.022790731607142516e+04,-1.936374244505946535e+03
3.790292822536348831e+05,-7.666896553446882201e-02,9.803457932901853411e-01,-3.020020613803229571e+04,-2.322904490434248601e+03
4.422008292959073442e+05,-8.941486498777709291e-02,9.792833635859388153e-01,-3.016748094327282888e+04,-2.709028867534065284e+03
5.053723763381798053e+05,-1.021458859520519430e-01,9.780579828097690775e-01,-3.012973799332915587e+04,-3.094679961399669537e+03
5.685439233804523246e+05,-1.148599110719735056e-01,9.766698650295969619e-01,-3.008698450824374959e+04,-3.479790463519078003e+03
6.317154704227247275e+05,-1.275548262430392377e-01,9.751192527106892216e-01,-3.003922866451745722e+04,-3.864293186284755393e+03
6.948870174649972469e+05,-1.402285210149676054e-01,9.734064166614441183e-01,-2.998647959279178031e+04,-4.248121077957918715e+03
7.580585645072697662e+05,-1.528788889940659590e-01,9.715316559728671697e-01,-2.992874737526261379e+04,-4.631207237580729270e+03
8.212301115495421691e+05,-1.655038282444502296e-01,9.694952979517628133e-01,-2.986604304282681551e+04,-5.013484929830732653e+03
8.844016585918146884e+05,-1.781012416880033977e-01,9.672976980476662989e-01,-2.979837857196308687e+04,-5.394887599811913788e+03
9.475732056340870913e+05,-1.906690375029608808e-01,9.649392397735448990e-01,-2.972576688134885262e+04,-5.775348887776801348e+03
1.010744752676359611e+06,-2.032051295210122732e-01,9.624203346202964138e-01,-2.964822182821486058e+04,-6.154802643774093667e+03
1.073916299718632130e+06,-2.157074376228083901e-01,9.597414219650811651e-01,-2.956575820443946577e+04,-6.533182942216331867e+03
1.137087846760904649e+06,-2.281738881317645073e-01,9.569029689735182309e-01,-2.947839173238459625e+04,-6.910424096362206910e+03
1.200259393803176936e+06,-2.406024142060511906e-01,9.539054704957866671e-01,-2.938613906047563069e+04,-7.286460672708140009e+03
1.263430940845449455e+06,-2.529909562286651314e-01,9.507494489566692408e-01,-2.928901775852742867e+04,-7.661227505283846767e+03
1.326602487887721974e+06,-2.653374621954724955e-01,9.474354542395808654e-01,-2.918704631281900947e+04,-8.034659709846644546e+03
1.389774034929994494e+06,-2.776398881011207798e-01,9.439640635646252553e-01,-2.908024412091939666e+04,-8.406692697969363508e+03
1.452945581972267013e+06,-2.898961983227126837e-01,9.403358813607257671e-01,-2.896863148626732436e+04,-8.777262191016765428e+03
1.516117129014539532e+06,-3.021043660011408227e-01,9.365515391318799399e-01,-2.885222961250759181e+04,-9.146304234005470789e+03
1.579288676056811819e+06,-3.142623734199787577e-01,9.326116953175858093e-01,-2.873106059758701304e+04,-9.513755209342454691e+03
1.642460223099084338e+06,-3.263682123818298364e-01,9.285170351474937300e-01,-2.860514742761296657e+04,-9.879551850437288522e+03
1.705631770141356857e+06,-3.384198845820323154e-01,9.242682704903381063e-01,-2.847451397047770297e+04,-1.024363125518334709e+04
1.768803317183629377e+06,-3.504154019796235087e-01,9.198661396972036552e-01,-2.833918496925167710e+04,-1.060593089930333554e+04
1.831974864225901896e+06,-3.623527871654665389e-01,9.153114074391870414e-01,-2.819918603534925569e+04,-1.096638864955453937e+04
1.895146411268174183e+06,-3.742300737274427691e-01,9.106048645395126151e-01,-2.805454364147026718e+04,-1.132494277678933213e+04
1.958317958310446702e+06,-3.860453066126176558e-01,9.057473278001627603e-01,-2.790528511432097366e+04,-1.168153196886655496e+04
2.021489505352719221e+06,-3.977965424862869304e-01,9.007396398230910206e-01,-2.775143862711813563e+04,-1.203609534340947357e+04
2.084661052394991741e+06,-4.094818500878119050e-01,8.955826688260788426e-01,-2.759303319187991292e+04,-1.238857246040614518e+04
2.147832599437264260e+06,-4.210993105831554173e-01,8.902773084533068815e-01,-2.743009865150748374e+04,-1.273890333464811556e+04
2.211004146479536779e+06,-4.326470179140308736e-01,8.848244775807080353e-01,-2.726266567166129244e+04,-1.308702844800347157e+04
2.274175693521809299e+06,-4.441230791435775704e-01,8.792251201161735974e-01,-2.709076573243599341e+04,-1.343288876152040211e+04
2.337347240564081818e+06,-4.555256147984793613e-01,8.734802047946848003e-01,-2.691443111983817653e+04,-1.377642572735750400e+04
2.400518787606353872e+06,-4.668527592074435129e-01,8.675907249684450262e-01,-2.673369491707106499e+04,-1.411758130053721470e+04
2.463690334648626391e+06,-4.781026608359593699e-01,8.615576983920846255e-01,-2.654859099563046402e+04,-1.445629795051884139e+04
2.526861881690898910e+06,-4.892734826172580598e-01,8.553821670030193891e-01,-2.635915400621628578e+04,-1.479251867258777929e+04
2.590033428733171429e+06,-5.003634022793960190e-01,8.490651966970385045e-01,-2.616541936946406713e+04,-1.512618699905765243e+04
2.653204975775443949e+06,-5.113706126683879027e-01,8.426078770992012634e-01,-2.596742326650092218e+04,-1.545724701028219533e+04
2.716376522817716468e+06,-5.222933220673150467e-01,8.360113213301266777e-01,-2.576520262933050253e+04,-1.578564334547383442e+04
2.779548069859988987e+06,-5.331297545113382608e-01,8.292766657677537179e-01,-2.555879513105152000e+04,-1.611132121332605857e+04
2.842719616902261507e+06,-5.438781500985467865e-01,8.224050698046592167e-01,-2.534823917591448480e+04,-1.643422640243676506e+04
2.905891163944534026e+06,-5.545367652965736971e-01,8.153977156010169258e-01,-2.513357388922133759e+04,-1.675430529152991949e+04
2.969062710986806545e+06,-5.651038732449155111e-01,8.082558078332824358e-01,-2.491483910707274845e+04,-1.707150485947297057e+04
3.032234258029079065e+06,-5.755777640528895178e-01,8.009805734386928888e-01,-2.469207536596781938e+04,-1.738577269508761310e+04
3.095405805071351118e+06,-5.859567450931704169e-01,7.935732613556663040e-01,-2.446532389226104715e+04,-1.769705700675157641e+04
3.158577352113623638e+06,-5.962391412908449873e-01,7.860351422601922211e-01,-2.423462659148135208e+04,-1.800530663178929899e+04
3.221748899155896157e+06,-6.064232954079282756e-01,7.783675082983013693e-01,-2.400002603751814240e+04,-1.831047104564942856e+04
3.284920446198168676e+06,-6.165075683232859038e-01,7.705716728147052885e-01,-2.376156546167922352e+04,-1.861250037086723023e+04
3.348091993240441196e+06,-6.264903393079106486e-01,7.626489700776970526e-01,-2.351928874162557986e+04,-1.891134538581014203e+04
3.411263540282713715e+06,-6.363700062955002235e-01,7.546007550004051323e-01,-2.327324039018794065e+04,-1.920695753320478980e+04
3.474435087324986234e+06,-6.461449861482894130e-01,7.464284028584935449e-01,-2.302346554407010262e+04,-1.949928892844394795e+04
3.537606634367258754e+06,-6.558137149180885972e-01,7.381333090043996625e-01,-2.277000995244404839e+04,-1.978829236767203111e+04
3.600778181409531273e+06,-6.653746481024838122e-01,7.297168885782061576e-01,-2.251291996544178619e+04,-2.007392133564786491e+04
3.663949728451803792e+06,-6.748262608961577147e-01,7.211805762152386778e-01,-2.225224252254897510e+04,-2.035613001338355753e+04
3.727121275494075846e+06,-6.841670484372885941e-01,7.125258257504869519e-01,-2.198802514090532350e+04,-2.063487328555846034e+04
3.790292822536348365e+06,-6.933955260489900185e-01,7.037541099199403627e-01,-2.172031590351674822e+04,-2.091010674770735568e+04
3.853464369578620885e+06,-7.025102294757562538e-01,6.948669200589386863e-01,-2.144916344738434054e+04,-2.118178671318202032e+04
3.916635916620893404e+06,-7.115097151148768173e-01,6.858657657976295896e-01,-2.117461695155508642e+04,-2.144987021988560809e+04
3.979807463663165923e+06,-7.203925602427906361e-01,6.767521747536306975e-01,-2.089672612509935789e+04,-2.171431503677927685e+04
4.042979010705438443e+06,-7.291573632363486102e-01,6.675276922219920417e-01,-2.061554119502013054e+04,-2.197507967016065231e+04
4.106150557747710962e+06,-7.378027437889562723e-01,6.581938808625560355e-01,-2.033111289409888195e+04,-2.223212336971389595e+04
4.169322104789983481e+06,-7.463273431215730058e-01,6.487523203848112319e-01,-2.004349244868310052e+04,-2.248540613433115868e+04
4.232493651832255535e+06,-7.547298241885418424e-01,6.392046072303348980e-01,-1.975273156642031608e+04,-2.273488871770541664e+04
4.295665198874528520e+06,-7.630088718782300772e-01,6.295523542529228855e-01,-1.945888242394351255e+04,-2.298053263369477645e+04
4.358836745916800573e+06,-7.711631932084583863e-01,6.197971903965033835e-01,-1.916199765451282292e+04,-2.322230016145837726e+04
4.422008292959073558e+06,-7.791915175167066776e-01,6.099407603709282588e-01,-1.886213033561824341e+04,-2.346015435036429335e+04
4.485179840001345612e+06,-7.870925966450732503e-01,5.999847243257419027e-01,-1.855933397654823784e+04,-2.369405902466976113e+04
4.548351387043618597e+06,-7.948652051199821544e-01,5.899307575220197331e-01,-1.825366250592887809e+04,-2.392397878797433441e+04
4.611522934085890651e+06,-8.025081403266202118e-01,5.797805500023766045e-01,-1.794517025923832261e+04,-2.414987902744655366e+04
4.674694481128163636e+06,-8.100202226780996995e-01,5.695358062592352777e-01,-1.763391196630118793e+04,-2.437172591782492964e+04
4.737866028170435689e+06,-8.174002957793344848e-01,5.591982449014555323e-01,-1.731994273876751686e+04,-2.458948642519401619e+04
4.801037575212707743e+06,-8.246472265856295003e-01,5.487695983194140759e-01,-1.700331805758081100e+04,-2.480312831053664559e+04
4.864209122254980728e+06,-8.317599055559738996e-01,5.382516123486325021e-01,-1.668409376043971861e+04,-2.501262013306325389e+04
4.927380669297252782e+06,-8.387372468010403370e-01,5.276460459320465590e-01,-1.636232602925778883e+04,-2.521793125331953706e+04
4.990552216339525767e+06,-8.455781882258903703e-01,5.169546707810080965e-01,-1.603807137762565617e+04,-2.541903183607369647e+04
5.053723763381797820e+06,-8.522816916673842114e-01,5.061792710351167290e-01,-1.571138663828010067e+04,-2.561589285298455434e+04
5.116895310424070805e+06,-8.588467430263039271e-01,4.953216429209680860e-01,-1.538232895058410941e+04,-2.580848608505206721e+04
5.180066857466342859e+06,-8.652723523941907580e-01,4.843835944099149637e-01,-1.505095574802232295e+04,-2.599678412485169247e+04
5.243238404508615844e+06,-8.715575541749083222e-01,4.733669448749291409e-01,-1.471732474571584316e+04,-2.618076037855429604e+04
5.306409951550887898e+06,-8.777014072009355905e-01,4.622735247466562836e-01,-1.438149392796066240e+04,-2.636038906773326016e+04
5.369581498593160883e+06,-8.837029948444065086e-01,4.511051751687507605e-01,-1.404352153579354308e+04,-2.653564523096062476e+04
5.432753045635432936e+06,-8.895614251229033709e-01,4.398637476525830703e-01,-1.370346605458947852e+04,-2.670650472519406321e+04
5.495924592677704990e+06,-8.952758308000215992e-01,4.285511037314026495e-01,-1.336138620169443675e+04,-2.687294422695675894e+04
5.559096139719977975e+06,-9.008453694807190271e-01,4.171691146140478201e-01,-1.301734091409730718e+04,-2.703494123331207447e+04
5.622267686762250029e+06,-9.062692237014697838e-01,4.057196608382869774e-01,-1.267138933614474263e+04,-2.719247406263521771e+04
5.685439233804523014e+06,-9.115466010152396548e-01,3.942046319238747265e-01,-1.232359080730247115e+04,-2.734552185518404076e+04
5.748610780846795067e+06,-9.166767340713031231e-01,3.826259260254116779e-01,-1.197400484996679188e+04,-2.749406457347117612e+04
5.811782327889068052e+06,-9.216588806899261854e-01,3.709854495850855582e-01,-1.162269115732957653e+04,-2.763808300243988924e+04
5.874953874931340106e+06,-9.264923239319353687e-01,3.592851169853822912e-01,-1.126970958130035433e+04,-2.777755874944593597e+04
5.938125421973613091e+06,-9.311763721632005941e-01,3.475268502018421524e-01,-1.091512012048865836e+04,-2.791247424404792400e+04
6.001296969015885144e+06,-9.357103591140555343e-01,3.357125784559473747e-01,-1.055898290825002368e+04,-2.804281273760860495e+04
6.064468516058158129e+06,-9.400936439336852191e-01,3.238442378682148681e-01,-1.020135820079865698e+04,-2.816855830270970546e+04
6.127640063100430183e+06,-9.443256112395069790e-01,3.119237711115775413e-01,-9.842306365390022620e+03,-2.828969583238281848e+04
6.190811610142702237e+06,-9.484056711615785895e-01,2.999531270651262793e-01,-9.481887868576170149e+03,-2.840621103915906860e+04
6.253983157184975222e+06,-9.523332593820617031e-01,2.879342604682928464e-01,-9.120163264536864517e+03,-2.851809045394018904e+04
6.317154704227247275e+06,-9.561078371697736555e-01,2.758691315755464335e-01,-8.757193183489283911e+03,-2.862532142469378960e+04
6.380326251269520260e+06,-9.597288914098641710e-01,2.637597058116762927e-01,-8.393038320178973663e+03,-2.872789211497559154e+04
6.443497798311792314e+06,-9.631959346286476098e-01,2.516079534277370078e-01,-8.027759422454852029e+03,-2.882579150228140134e+04
6.506669345354065299e+06,-9.665085050136305034e-01,2.394158491577222936e-01,-7.661417279930672521e+03,-2.891900937623176651e+04
6.569840892396337353e+06,-9.696661664287693494e-01,2.271853718760427632e-01,-7.294072712735585810e+03,-2.900753633659211118e+04
6.633012439438610338e+06,-9.726685084249967472e-01,2.149185042558716396e-01,-6.925786560356040354e+03,-2.909136379113136718e+04
6.696183986480882391e+06,-9.755151462460568412e-01,2.026172324284306048e-01,-6.556619670571493771e+03,-2.917048395332196742e+04
6.759355533523154445e+06,-9.782057208296870421e-01,1.902835456432774852e-01,-6.186632888485994954e+03,-2.924488983988426480e+04
6.822527080565427430e+06,-9.807398988041909904e-01,1.779194359296647210e-01,-5.815887045657906128e+03,-2.931457526817830876e+04
6.885698627607699484e+06,-9.831173724804399550e-01,1.655268977590312884e-01,-5.444442949329757539e+03,-2.937953485344607179e+04
6.948870174649972469e+06,-9.853378598393502941e-01,1.531079277086878632e-01,-5.072361371760150178e+03,-2.943976400590712728e+04
7.012041721692244522e+06,-9.874011045148751720e-01,1.406645241267619473e-01,-4.699703039659708338e+03,-2.949525892771085637e+04
7.075213268734517507e+06,-9.893068757725606011e-01,1.281986867984565848e-01,-4.326528623732715459e+03,-2.954601660974829429e+04
7.138384815776789561e+06,-9.910549684837060003e-01,1.157124166136875298e-01,-3.952898728326302717e+03,-2.959203482832665031e+04
7.201556362819062546e+06,-9.926452030951772310e-01,1.032077152361499106e-01,-3.578873881188641462e+03,-2.963331214170966268e+04
7.264727909861334600e+06,-9.940774255949184068e-01,9.068658477387678274e-02,-3.204514523337848004e+03,-2.966984788652686620e+04
7.327899456903607585e+06,-9.953515074732089962e-01,7.815102745133803430e-02,-2.829880999042875828e+03,-2.970164217405490126e+04
7.391071003945879638e+06,-9.964673456797144002e-01,6.560304528313888606e-02,-2.455033545917942320e+03,-2.972869588637398192e+04
7.454242550988151692e+06,-9.974248625763776355e-01,5.304463974936466514e-02,-2.080032285131600474e+03,-2.975101067240264820e+04
7.517414098030424677e+06,-9.982240058862008603e-01,4.047781147262672491e-02,-1.704937211731801654e+03,-2.976858894381392747e+04
7.580585645072696730e+06,-9.988647486379670370e-01,2.790455989685752813e-02,-1.329808185088013715e+03,-2.978143387083601920e+04
7.643757192114969715e+06,-9.993470891069490269e-01,1.532688296790086710e-02,-9.547049194513820112e+02,-2.978954937794062425e+04
7.706928739157241769e+06,-9.996710507516585187e-01,2.746776815948751092e-03,-5.796869746340328220e+02,-2.979294013942202582e+04
7.770100286199514754e+06,-9.998366821466849741e-01,-9.833764560135347874e-03,-2.048137468082363171e+02,-2.979161157487001401e+04
7.833271833241786808e+06,-9.998440569116737731e-01,-2.241274960655675191e-02,1.698555405735936006e+02,-2.978556984453976111e+04
7.896443380284059793e+06,-9.996932736364954053e-01,-3.498818952635644047e-02,5.442618457375032222e+02,-2.977482184462170335e+04
7.959614927326331846e+06,-9.993844558026598879e-01,-4.755809858915695937e-02,9.183463174243806861e+02,-2.975937520241451784e+04
8.022786474368604831e+06,-9.989177517010222607e-01,-6.012049443885312400e-02,1.292050303603707789e+03,-2.973923827140422873e+04
8.085958021410876885e+06,-9.982933343458375575e-01,-7.267339839920244904e-02,1.665315360064001197e+03,-2.971442012625246207e+04
8.149129568453148939e+06,-9.975114013852128814e-01,-8.521483577728346248e-02,2.038083258879678397e+03,-2.968493055769689454e+04
8.212301115495421924e+06,-9.965721750080100971e-01,-9.774283616478073033e-02,2.410295996753846794e+03,-2.965078006736684983e+04
8.275472662537693977e+06,-9.954759018472530974e-01,-1.102554337370632992e-01,2.781895803236777738e+03,-2.961197986251702969e+04
8.338644209579966962e+06,-9.942228528800899356e-01,-1.227506675500244504e-01,3.152825148819894821e+03,-2.956854185068232982e+04
8.401815756622239947e+06,-9.928133233243636724e-01,-1.352265818346455040e-01,3.523026752904986097e+03,-2.952047863425665855e+04
8.464987303664511070e+06,-9.912476325318447801e-01,-1.476812262892567562e-01,3.892443591648676829e+03,-2.946780350499862107e+04
8.528158850706784055e+06,-9.895261238781765112e-01,-1.601126563694640625e-01,4.261018905682109107e+03,-2.941053043846699074e+04
8.591330397749057040e+06,-9.876491646495878518e-01,-1.725189335757080500e-01,4.628696207705737834e+03,-2.934867408838875417e+04
8.654501944791330025e+06,-9.856171459264255752e-01,-1.848981257384350874e-01,4.995419289959550952e+03,-2.928224978096256018e+04
8.717673491833601147e+06,-9.834304824635573539e-01,-1.972483073008471921e-01,5.361132231568700263e+03,-2.921127350910034511e+04
8.780845038875874132e+06,-9.810896125677002200e-01,-2.095675595992101958e-01,5.725779405764887088e+03,-2.913576192660984452e+04
8.844016585918147117e+06,-9.785949979717251113e-01,-2.218539711406896653e-01,6.089305486983613264e+03,-2.905573234232076720e+04
8.907188132960418239e+06,-9.759471237059910154e-01,-2.341056378786982584e-01,6.451655457837828180e+03,-2.897120271415723255e+04
8.970359680002691224e+06,-9.731464979667608928e-01,-2.463206634857292021e-01,6.812774615968261060e+03,-2.888219164315911985e+04
9.033531227044964209e+06,-9.701936519817495608e-01,-2.584971596236517177e-01,7.172608580770791377e+03,-2.878871836745498877e+04
9.096702774087237194e+06,-9.670891398728576061e-01,-2.706332462114549586e-01,7.531103300001543175e+03,-2.869080275618904125e+04
9.159874321129508317e+06,-9.638335385161421742e-01,-2.827270516904162312e-01,7.888205056260088895e+03,-2.858846530340472600e+04
9.223045868171781301e+06,-9.604274473990743743e-01,-2.947767132866800366e-01,8.243860473351467590e+03,-2.848172712188739388e+04
9.286217415214054286e+06,-9.568714884751375882e-01,-3.067803772712248689e-01,8.598016522527501365e+03,-2.837060993696852893e+04
9.349388962256327271e+06,-9.531663060158138689e-01,-3.187361992172099701e-01,8.950620528608305904e+03,-2.825513608029387979e+04
9.412560509298598394e+06,-9.493125664600117197e-01,-3.306423442546810310e-01,9.301620175984558955e+03,-2.813532848355789611e+04
9.475732056340871379e+06,-9.453109582609831030e-01,-3.424969873226256234e-01,9.650963514501414465e+03,-2.801121067220675468e+04
9.538903603383144364e+06,-9.411621917307828600e-01,-3.542983134183597116e-01,9.998598965224742642e+03,-2.788280675911229991e+04
9.602075150425415486e+06,-9.368669988823152828e-01,-3.660445178442406355e-01,1.034447532609072186e+04,-2.775014143821906691e+04
9.665246697467688471e+06,-9.324261332690215731e-01,-3.777338064516915783e-01,1.068854177743959553e+04,-2.761323997816657720e+04
9.728418244509961456e+06,-9.278403698222539298e-01,-3.893643958825253604e-01,1.103074788743445060e+04,-2.747212821588913357e+04
9.791589791552234441e+06,-9.231105046863852248e-01,-4.009345138075647852e-01,1.137104361736615465e+04,-2.732683255019508215e+04
9.854761338594505563e+06,-9.182373550517037852e-01,-4.124423991625451591e-01,1.170937932684532461e+04,-2.717737993532768451e+04
9.917932885636778548e+06,-9.132217589851374662e-01,-4.238863023812968200e-01,1.204570577888245862e+04,-2.702379787450954609e+04
9.981104432679051533e+06,-9.080645752588578645e-01,-4.352644856261946860e-01,1.237997414485716763e+04,-2.686611441347263826e+04
1.004427597972132452e+07,-9.027666831768085265e-01,-4.465752230158769320e-01,1.271213600937778210e+04,-2.670435813397571474e+04
1.010744752676359564e+07,-8.973289823992035563e-01,-4.578168008502213060e-01,1.304214337503232127e+04,-2.653855814731107239e+04
1.017061907380586863e+07,-8.917523927650435889e-01,-4.689875178325801919e-01,1.336994866703210209e+04,-2.636874408780242811e+04
1.023379062084814161e+07,-8.860378541126930907e-01,-4.800856852892648186e-01,1.369550473774899365e+04,-2.619494610629573435e+04
1.029696216789041273e+07,-8.801863260985641757e-01,-4.911096273862825545e-01,1.401876487114774136e+04,-2.601719486364458862e+04
1.036013371493268572e+07,-8.741987880139496792e-01,-5.020576813433226260e-01,1.433968278711448329e+04,-2.583552152419193590e+04
1.042330526197495870e+07,-8.680762386000521191e-01,-5.129281976449859837e-01,1.465821264568262814e+04,-2.564995774924976286e+04
1.048647680901723169e+07,-8.618196958612475145e-01,-5.237195402492649254e-01,1.497430905115756468e+04,-2.546053569057823188e+04
1.054964835605950281e+07,-8.554301968766299114e-01,-5.344300867932669785e-01,1.528792705614133229e+04,-2.526728798386591734e+04
1.061281990310177580e+07,-8.489087976098765864e-01,-5.450582287961883710e-01,1.559902216545867850e+04,-2.507024774221251937e+04
1.067599145014404878e+07,-8.422565727174768924e-01,-5.556023718595333172e-01,1.590755033998569343e+04,-2.486944854961561578e+04
1.073916299718632177e+07,-8.354746153553639365e-01,-5.660609358645871669e-01,1.621346800038254332e+04,-2.466492445446273268e+04
1.080233454422859289e+07,-8.285640369839901709e-01,-5.764323551671399759e-01,1.651673203073151308e+04,-2.445670996303012362e+04
1.086550609127086587e+07,-8.215259671718861956e-01,-5.867150787894698238e-01,1.681729978208185639e+04,-2.424484003298955940e+04
1.092867763831313886e+07,-8.143615533977431875e-01,-5.969075706095819944e-01,1.711512907590265968e+04,-2.402935006692440584e+04
1.099184918535540998e+07,-8.070719608510560361e-01,-6.070083095477154522e-01,1.741017820744532582e+04,-2.381027590585611688e+04
1.105502073239768296e+07,-7.996583722313634901e-01,-6.170157897501181710e-01,1.770240594901697841e+04,-2.358765382278234392e+04
1.111819227943995595e+07,-7.921219875461285032e-01,-6.269285207700938667e-01,1.799177155316611243e+04,-2.336152051622783256e+04
1.118136382648222893e+07,-7.844640239072879773e-01,-6.367450277463309050e-01,1.827823475578211219e+04,-2.313191310380905998e+04
1.124453537352450006e+07,-7.766857153265138702e-01,-6.464638515785157136e-01,1.856175577910987704e+04,-2.289886911581370441e+04
1.130770692056677304e+07,-7.687883125092173087e-01,-6.560835491002391384e-01,1.884229533468112641e+04,-2.266242648879589251e+04
1.137087846760904603e+07,-7.607730826473340091e-01,-6.656026932492002945e-01,1.911981462616367935e+04,-2.242262355918821049e+04
1.143405001465131901e+07,-7.526413092109224268e-01,-6.750198732347176822e-01,1.939427535213028386e+04,-2.217949905693126857e+04
1.149722156169359013e+07,-7.443942917386099367e-01,-6.843336947025542294e-01,1.966563970874834558e+04,-2.193309209912174992e+04
1.156039310873586312e+07,-7.360333456269183561e-01,-6.935427798970641433e-01,1.993387039239205842e+04,-2.168344218367964640e+04
1.162356465577813610e+07,-7.275598019185055554e-01,-7.026457678206687874e-01,2.019893060217827588e+04,-2.143058918303559403e+04
1.168673620282040723e+07,-7.189750070893488054e-01,-7.116413143906719085e-01,2.046078404242769102e+04,-2.117457333783881404e+04
1.174990774986268021e+07,-7.102803228349061637e-01,-7.205280925934240965e-01,2.071939492505270391e+04,-2.091543525068646341e+04
1.181307929690495320e+07,-7.014771258552844335e-01,-7.293047926358402488e-01,2.097472797187334072e+04,-2.065321587987503153e+04
1.187625084394722618e+07,-6.925668076394443373e-01,-7.379701220942866957e-01,2.122674841686279251e+04,-2.038795653317425240e+04
1.193942239098949730e+07,-6.835507742484716598e-01,-7.465228060608417593e-01,2.147542200832387243e+04,-2.011969886162419789e+04
1.200259393803177029e+07,-6.744304460979430038e-01,-7.549615872869447353e-01,2.172071501099792295e+04,-1.984848485335594887e+04
1.206576548507404327e+07,-6.652072577394171349e-01,-7.632852263244366275e-01,2.196259420810744268e+04,-1.957435682743645157e+04
1.212893703211631626e+07,-6.558826576410755615e-01,-7.714925016640099553e-01,2.220102690333398641e+04,-1.929735742773778111e+04
1.219210857915858738e+07,-6.464581079675424391e-01,-7.795822098710742942e-01,2.243598092273263319e+04,-1.901752961683139074e+04
1.225528012620086037e+07,-6.369350843589076661e-01,-7.875531657190493195e-01,2.266742461658447428e+04,-1.873491666990752492e+04
1.231845167324313335e+07,-6.273150757089832608e-01,-7.954042023200934564e-01,2.289532686118839774e+04,-1.844956216872027653e+04
1.238162322028540447e+07,-6.175995839428130019e-01,-8.031341712532833466e-01,2.311965706059366858e+04,-1.816150999555839735e+04
1.244479476732767746e+07,-6.077901237934640877e-01,-8.107419426902531256e-01,2.334038514827459585e+04,-1.787080432724214916e+04
1.250796631436995044e+07,-5.978882225781235737e-01,-8.182264055183015028e-01,2.355748158874854198e+04,-1.757748962914647927e+04
1.257113786141222343e+07,-5.878954199735231256e-01,-8.255864674609837417e-01,2.377091737913877660e+04,-1.728161064925053142e+04
1.263430940845449455e+07,-5.778132677907152903e-01,-8.328210551961945374e-01,2.398066405068334643e+04,-1.698321241221372838e+04
1.269748095549676754e+07,-5.676433297492224916e-01,-8.399291144717567770e-01,2.418669367019136189e+04,-1.668234021347842645e+04
1.276065250253904052e+07,-5.573871812505852841e-01,-8.469096102185226238e-01,2.438897884144785712e+04,-1.637903961339935449e+04
1.282382404958131164e+07,-5.470464091513245197e-01,-8.537615266610047993e-01,2.458749270656865338e+04,-1.607335643139965759e+04
1.288699559662358463e+07,-5.366226115353428527e-01,-8.604838674255440578e-01,2.478220894730637519e+04,-1.576533674015364886e+04
1.295016714366585761e+07,-5.261173974857861202e-01,-8.670756556460250675e-01,2.497310178630885275e+04,-1.545502685979628586e+04
1.301333869070813060e+07,-5.155323868563819190e-01,-8.735359340671544626e-01,2.516014598833119453e+04,-1.514247335215914973e+04
1.307651023775040172e+07,-5.048692100422758067e-01,-8.798637651453091735e-01,2.534331686140267993e+04,-1.482772301503293966e+04
1.313968178479267471e+07,-4.941295077503840005e-01,-8.860582311469690220e-01,2.552259025794968329e+04,-1.451082287645626820e+04
1.320285333183494769e+07,-4.833149307692826691e-01,-8.921184342447407989e-01,2.569794257587573884e+04,-1.419182018903072276e+04
1.326602487887722068e+07,-4.724271397386480276e-01,-8.980434966109901440e-01,2.586935075959997994e+04,-1.387076242426182398e+04
1.332919642591949180e+07,-4.614678049182677766e-01,-9.038325605090863357e-01,2.603679230105500028e+04,-1.354769726692580480e+04
1.339236797296176478e+07,-4.504386059566374279e-01,-9.094847883822769763e-01,2.620024524064527941e+04,-1.322267260946185343e+04
1.345553952000403777e+07,-4.393412316591639999e-01,-9.149993629401964590e-01,2.635968816816721665e+04,-1.289573654638969674e+04
1.351871106704630889e+07,-4.281773797559855210e-01,-9.203754872430253142e-01,2.651510022369189028e+04,-1.256693736875203831e+04
1.358188261408858187e+07,-4.169487566694259351e-01,-9.256123847833068741e-01,2.666646109841154248e+04,-1.223632355858161645e+04
1.364505416113085486e+07,-4.056570772811025072e-01,-9.307092995654316914e-01,2.681375103545079401e+04,-1.190394378339260584e+04
1.370822570817312784e+07,-3.943040646986953890e-01,-9.356654961828031469e-01,2.695695083064362188e+04,-1.156984689069582419e+04
1.377139725521539897e+07,-3.828914500223972173e-01,-9.404802598926899071e-01,2.709604183327704231e+04,-1.123408190253747125e+04
1.383456880225767195e+07,-3.714209721110544038e-01,-9.451528966887785543e-01,2.723100594680246286e+04,-1.089669801006089074e+04
1.389774034929994494e+07,-3.598943773480173247e-01,-9.496827333714329411e-01,2.736182562951558793e+04,-1.055774456809104049e+04
1.396091189634221792e+07,-3.483134194067071809e-01,-9.540691176156737008e-01,2.748848389520584169e+04,-1.021727108974102703e+04
1.402408344338448904e+07,-3.366798590159164051e-01,-9.583114180368826895e-01,2.761096431377610497e+04,-9.875327241040360605e+03
1.408725499042676203e+07,-3.249954637248517741e-01,-9.624090242542459039e-01,2.772925101183371225e+04,-9.531962835584323329e+03
1.415042653746903501e+07,-3.132620076679369925e-01,-9.663613469519377608e-01,2.784332867325339612e+04,-9.187227829204059162e+03
1.421359808451130614e+07,-3.014812713293807955e-01,-9.701678179380630596e-01,2.795318253971312879e+04,-8.841172314656663730e+03
1.427676963155357912e+07,-2.896550413075237307e-01,-9.738278902013588478e-01,2.805879841120352648e+04,-8.493846516334802800e+03
1.433994117859585211e+07,-2.777851100789789363e-01,-9.773410379656656266e-01,2.816016264651158781e+04,-8.145300784995354661e+03
1.440311272563812509e+07,-2.658732757625698051e-01,-9.807067567421777765e-01,2.825726216367951201e+04,-7.795585592506297871e+03
1.446628427268039621e+07,-2.539213418830821856e-01,-9.839245633794796442e-01,2.835008444043927375e+04,-7.444751526611386907e+03
1.452945581972266920e+07,-2.419311171348348388e-01,-9.869939961113737281e-01,2.843861751462360917e+04,-7.092849285711858101e+03
1.459262736676494218e+07,-2.299044151450853890e-01,-9.899146146025085136e-01,2.852284998455405366e+04,-6.739929673664692018e+03
1.465579891380721517e+07,-2.178430542372735146e-01,-9.926859999918149491e-01,2.860277100940668606e+04,-6.386043594596562798e+03
1.471897046084948629e+07,-2.057488571941164246e-01,-9.953077549337537855e-01,2.867837030955608134e+04,-6.031242047732961510e+03
1.478214200789175928e+07,-1.936236510205613937e-01,-9.977795036373849902e-01,2.874963816689813393e+04,-5.675576122241689518e+03
1.484531355493403226e+07,-1.814692667066097886e-01,-1.000100891903260569e+00,2.881656542515215915e+04,-5.319096992090186177e+03
1.490848510197630338e+07,-1.692875389900150851e-01,-1.002271587158149346e+00,2.887914349014289110e+04,-4.961855910915780441e+03
1.497165664901857637e+07,-1.570803061188652816e-01,-1.004291278487598582e+00,2.893736433006277366e+04,-4.603904206908243395e+03
1.503482819606084935e+07,-1.448494096140624521e-01,-1.006159676666336988e+00,2.899122047571500298e+04,-4.245293277703995955e+03
1.509799974310312234e+07,-1.325966940316997966e-01,-1.007876514186523575e+00,2.904070502073775788e+04,-3.886074585291040421e+03
1.516117129014539346e+07,-1.203240067253499579e-01,-1.009441545283846997e+00,2.908581162180998945e+04,-3.526299650924028356e+03
1.522434283718766645e+07,-1.080331976082685302e-01,-1.010854545961481055e+00,2.912653449883913709e+04,-3.166020050048576195e+03
1.528751438422993943e+07,-9.572611891552512686e-02,-1.012115314011897027e+00,2.916286843513107669e+04,-2.805287407234239254e+03
1.535068593127221242e+07,-8.340462496606317055e-02,-1.013223669036539709e+00,2.919480877754263565e+04,-2.444153391115150043e+03
1.541385747831448354e+07,-7.107057192470095375e-02,-1.014179452463365827e+00,2.922235143661692928e+04,-2.082669709337718359e+03
1.547702902535675652e+07,-5.872581756407690284e-02,-1.014982527562254155e+00,2.924549288670174792e+04,-1.720888103514472050e+03
1.554020057239902951e+07,-4.637222102655211980e-02,-1.015632779458282897e+00,2.926423016605123485e+04,-1.358860344183424786e+03
1.560337211944130063e+07,-3.401164258607013158e-02,-1.016130115142880541e+00,2.927856087691101857e+04,-9.966382257719690188e+02
1.566654366648357362e+07,-2.164594340998423488e-02,-1.016474463482851753e+00,2.928848318558696701e+04,-6.342735615645926828e+02
1.572971521352584660e+07,-9.276985320862440529e-03,-1.016665775227276747e+00,2.929399582249766900e+04,-2.718181786737126799e+02
1.579288676056811959e+07,3.093369441729909922e-03,-1.016704023012291236e+00,2.929509808221076310e+04,9.067608698738126805e+01
1.585605830761039071e+07,1.546325845945730609e-02,-1.016589201363739425e+00,2.929178982346317571e+04,4.531573957301097266e+02
1.591922985465266369e+07,2.783081937344856691e-02,-1.016321326697708471e+00,2.928407146916527927e+04,8.155739091156463019e+02
1.598240140169493668e+07,4.019419012252606338e-02,-1.015900437318940197e+00,2.927194400638900697e+04,1.177873794980059074e+03
1.604557294873720966e+07,5.255150918143015881e-02,-1.015326593417118728e+00,2.925540898633989855e+04,1.540005232460573325e+03
1.610874449577948079e+07,6.490091579902630692e-02,-1.014599877061038047e+00,2.923446852431300795e+04,1.901916417023589020e+03
1.617191604282175377e+07,7.724055023649220586e-02,-1.013720392190644581e+00,2.920912529963260749e+04,2.263555565495388237e+03
1.623508758986402676e+07,8.956855400547249213e-02,-1.012688264606954158e+00,2.917938255557557568e+04,2.624870921096165603e+03
1.629825913690629788e+07,1.018830701062008598e-01,-1.011503641959843991e+00,2.914524409927831948e+04,2.985810758478382922e+03
1.636143068394857086e+07,1.141822432655793668e-01,-1.010166693733714149e+00,2.910671430162707475e+04,3.346323388770153088e+03
1.642460223099084385e+07,1.264642201752046169e-01,-1.008677611231020066e+00,2.906379809713137729e+04,3.706357164624344932e+03
1.648777377803311683e+07,1.387271497293404432e-01,-1.007036607553670304e+00,2.901650098378048642e+04,4.065860485274406074e+03
1.655094532507538795e+07,1.509691832628244634e-01,-1.005243917582288038e+00,2.896482902288248442e+04,4.424781801597512640e+03
1.661411687211766094e+07,1.631884747889046638e-01,-1.003299797953333572e+00,2.890878883888578275e+04,4.783069621185949472e+03
1.667728841915993392e+07,1.753831812369937293e-01,-1.001204527034082359e+00,2.884838761918272576e+04,5.140672513427323793e+03
1.674045996620220691e+07,1.875514626903397597e-01,-9.989584048954568418e-01,2.878363311389492810e+04,5.497539114594588682e+03
1.680363151324447989e+07,1.996914826236010354e-01,-9.965617532827069081e-01,2.871453363563998209e+04,5.853618132946466176e+03
1.686680306028674915e+07,2.118014081403175597e-01,-9.940149155839321793e-01,2.864109805927914931e+04,6.208858353839063966e+03
1.692997460732902214e+07,2.238794102102757977e-01,-9.913182567964458070e-01,2.856333582164555264e+04,6.563208644849538359e+03
1.699314615437129512e+07,2.359236639067470720e-01,-9.884721634909708898e-01,2.848125692125250862e+04,6.916617960912210947e+03
1.705631770141356811e+07,2.479323486436059432e-01,-9.854770437736654065e-01,2.839487191798139975e+04,7.269035349468279492e+03
1.711948924845584109e+07,2.599036484123085078e-01,-9.823333272459696675e-01,2.830419193274865756e+04,7.620409955629510478e+03
1.718266079549811408e+07,2.718357520187263954e-01,-9.790414649622701804e-01,2.820922864715126343e+04,7.970691027356732775e+03
1.724583234254038706e+07,2.837268533198266107e-01,-9.756019293853733787e-01,2.810999430309022500e+04,8.319827920653793626e+03
1.730900388958266005e+07,2.955751514601873686e-01,-9.720152143397827738e-01,2.800650170237142447e+04,8.667770104777640881e+03
1.737217543662492931e+07,3.073788511083399011e-01,-9.682818349627736465e-01,2.789876420628320193e+04,9.014467167465165403e+03
1.743534698366720229e+07,3.191361626929303252e-01,-9.644023276532539546e-01,2.778679573515000084e+04,9.359868820177565794e+03
1.749851853070947528e+07,3.308453026386809492e-01,-9.603772500184111216e-01,2.767061076786148988e+04,9.703924903362547411e+03
1.756169007775174826e+07,3.425044936021545139e-01,-9.562071808181296095e-01,2.755022434137632808e+04,1.004658539173538338e+04
1.762486162479402125e+07,3.541119647072993870e-01,-9.518927199071751666e-01,2.742565205019991845e+04,1.038780039957910412e+04
1.768803317183629423e+07,3.656659517807701043e-01,-9.474344881751373126e-01,2.729691004583537142e+04,1.072752018606452657e+04
1.775120471887856722e+07,3.771646975870096008e-01,-9.428331274841212917e-01,2.716401503620689255e+04,1.106569516059064881e+04
1.781437626592083648e+07,3.886064520630817531e-01,-9.380893006041794990e-01,2.702698428505480479e+04,1.140227588814593582e+04
1.787754781296310946e+07,3.999894725532452955e-01,-9.332036911464748341e-01,2.688583561130128510e+04,1.173721309469111657e+04
1.794071936000538245e+07,4.113120240432471819e-01,-9.281770034941674297e-01,2.674058738838611680e+04,1.207045767256371437e+04
1.800389090704765543e+07,4.225723793943357287e-01,-9.230099627310133226e-01,2.659125854357138815e+04,1.240196068590516734e+04
1.806706245408992842e+07,4.337688195769696109e-01,-9.177033145676674053e-01,2.643786855721434404e+04,1.273167337611070070e+04
1.813023400113220140e+07,4.448996339042141090e-01,-9.122578252656790010e-01,2.628043746200741589e+04,1.305954716730250766e+04
1.819340554817447439e+07,4.559631202648091186e-01,-9.066742815591728455e-01,2.611898584218449105e+04,1.338553367182662805e+04
1.825657709521674365e+07,4.669575853558940448e-01,-9.009534905742030420e-01,2.595353483269241406e+04,1.370958469577389587e+04
1.831974864225901663e+07,4.778813449153782589e-01,-8.950962797457693298e-01,2.578410611832669747e+04,1.403165224452542316e+04
1.838292018930128962e+07,4.887327239539334123e-01,-8.891034967324895621e-01,2.561072193283053275e+04,1.435168852832268749e+04
1.844609173634356260e+07,4.995100569866024465e-01,-8.829760093289118483e-01,2.543340505795587160e+04,1.466964596786291077e+04
1.850926328338583559e+07,5.102116882640017614e-01,-8.767147053754597019e-01,2.525217882248563546e+04,1.498547719991973463e+04
1.857243483042810857e+07,5.208359720031021656e-01,-8.703204926659986462e-01,2.506706710121593278e+04,1.529913508298956185e+04
1.863560637747038156e+07,5.313812726175715095e-01,-8.637942988530120658e-01,2.487809431389714155e+04,1.561057270296378738e+04
1.869877792451265454e+07,5.418459649476617956e-01,-8.571370713503778660e-01,2.468528542413275136e+04,1.591974337882712280e+04
1.876194947155492380e+07,5.522284344896206676e-01,-8.503497772337326177e-01,2.448866593823481526e+04,1.622660066838216517e+04
1.882512101859719679e+07,5.625270776246138471e-01,-8.434334031384107533e-01,2.428826190403475994e+04,1.653109837400048491e+04
1.888829256563946977e+07,5.727403018471297624e-01,-8.363889551549543722e-01,2.408409990964855388e+04,1.683319054840006356e+04
1.895146411268174276e+07,5.828665259928587083e-01,-8.292174587221735615e-01,2.387620708219476728e+04,1.713283150044953436e+04
1.901463565972401574e+07,5.929041804660175607e-01,-8.219199585177515699e-01,2.366461108646449065e+04,1.742997580099902552e+04
1.907780720676628873e+07,6.028517074661031705e-01,-8.144975183463825097e-01,2.344934012354179140e+04,1.772457828873772451e+04
1.914097875380856171e+07,6.127075612140522320e-01,-8.069512210254295992e-01,2.323042292937345337e+04,1.801659407607813046e+04
1.920415030085083097e+07,6.224702081777859775e-01,-7.992821682680933959e-01,2.300788877328673334e+04,1.830597855506697306e+04
1.926732184789310396e+07,6.321381272971211551e-01,-7.914914805640763662e-01,2.278176745645376286e+04,1.859268740332279413e+04
1.933049339493537694e+07,6.417098102080136535e-01,-7.835802970577389059e-01,2.255208931030150416e+04,1.887667658999982450e+04
1.939366494197764993e+07,6.511837614661269980e-01,-7.755497754237272723e-01,2.231888519486564473e+04,1.915790238177839638e+04
1.945683648901992291e+07,6.605584987696885291e-01,-7.674010917400682086e-01,2.208218649708731391e+04,1.943632134888139990e+04
1.952000803606219590e+07,6.698325531816164968e-01,-7.591354403587173838e-01,2.184202512905117328e+04,1.971189037111671860e+04
1.958317958310446888e+07,6.790044693508894280e-01,-7.507540337735507663e-01,2.159843352616357515e+04,1.998456664394535255e+04
1.964635113014673814e+07,6.880728057331330083e-01,-7.422581024857884957e-01,2.135144464526937736e+04,2.025430768457493832e+04
1.970952267718901113e+07,6.970361348104011645e-01,-7.336488948668385968e-01,2.110109196270598841e+04,2.052107133807841092e+04
1.977269422423128411e+07,7.058930433101172630e-01,-7.249276770185557606e-01,2.084740947229346420e+04,2.078481578353724035e+04
1.983586577127355710e+07,7.146421324231569949e-01,-7.160957326308965420e-01,2.059043168325892839e+04,2.104549954020913356e+04
1.989903731831583008e+07,7.232820180210388639e-01,-7.071543628369673096e-01,2.033019361809418479e+04,2.130308147371952145e+04
1.996220886535810307e+07,7.318113308721961863e-01,-6.981048860654522903e-01,2.006673081034497591e+04,2.155752080227646002e+04
2.002538041240037605e+07,7.402287168573002951e-01,-6.889486378904126074e-01,1.980007930233048683e+04,2.180877710290839241e+04
2.008855195944264904e+07,7.485328371836065253e-01,-6.796869708784460951e-01,1.953027564279169019e+04,2.205681031772420101e+04
2.015172350648491830e+07,7.567223685982907844e-01,-6.703212544332001199e-01,1.925735688446708809e+04,2.230158076019496730e+04
2.021489505352719128e+07,7.647960036007495077e-01,-6.608528746372244189e-01,1.898136058159434469e+04,2.254304912145682465e+04
2.027806660056946427e+07,7.727524506538242521e-01,-6.512832340911635098e-01,1.870232478733658718e+04,2.278117647663404932e+04
2.034123814761173725e+07,7.805904343939271683e-01,-6.416137517502692456e-01,1.842028805113162889e+04,2.301592429118191285e+04
2.040440969465401024e+07,7.883086958400298272e-01,-6.318458627582347331e-01,1.813528941596292498e+04,2.324725442724831373e+04
2.046758124169628322e+07,7.959059926014810937e-01,-6.219810182783355179e-01,1.784736841555069986e+04,2.347512915005346076e+04
2.053075278873855621e+07,8.033810990846245170e-01,-6.120206853218754794e-01,1.755656507146184231e+04,2.369951113428672397e+04
2.059392433578082547e+07,8.107328066981747128e-01,-6.019663465739270025e-01,1.726291989013713464e+04,2.392036347051974008e+04
2.065709588282309845e+07,8.179599240573252050e-01,-5.918195002163574303e-01,1.696647385983429922e+04,2.413764967163488473e+04
2.072026742986537144e+07,8.250612771865413198e-01,-5.815816597481441308e-01,1.666726844748566873e+04,2.435133367926793289e+04
2.078343897690764442e+07,8.320357097210137054e-01,-5.712543538029596357e-01,1.636534559546872697e+04,2.456137987026411429e+04
2.084661052394991741e+07,8.388820831067260730e-01,-5.608391259640314042e-01,1.606074771828835947e+04,2.476775306314628688e+04
2.090978207099219039e+07,8.455992767991040715e-01,-5.503375345762673287e-01,1.575351769916929516e+04,2.497041852459417350e+04
2.097295361803446338e+07,8.521861884602062176e-01,-5.397511525556424328e-01,1.544369888655736941e+04,2.516934197593345380e+04
2.103612516507673264e+07,8.586417341544172466e-01,-5.290815671958453148e-01,1.513133509052821682e+04,2.536448959963348898e+04
2.109929671211900562e+07,8.649648485426070232e-01,-5.183303799721751259e-01,1.481647057910192598e+04,2.555582804581246455e+04
2.116246825916127861e+07,8.711544850747097168e-01,-5.074992063426969624e-01,1.449915007446255549e+04,2.574332443874844830e+04
2.122563980620355159e+07,8.772096161806897108e-01,-4.965896755466404078e-01,1.417941874908078535e+04,2.592694638339526864e+04
2.128881135324582458e+07,8.831292334598476179e-01,-4.856034304000493296e-01,1.385732222173865921e+04,2.610666197190154708e+04
2.135198290028809756e+07,8.889123478684274327e-01,-4.745421270886773235e-01,1.353290655345496634e+04,2.628243979013157877e+04
2.141515444733037055e+07,8.945579899054818540e-01,-4.634074349581296937e-01,1.320621824330998970e+04,2.645424892418646778e+04
2.147832599437264353e+07,9.000652097969527032e-01,-4.522010363012524681e-01,1.287730422416833972e+04,2.662205896692401075e+04
2.154149754141491279e+07,9.054330776779235812e-01,-4.409246261427682279e-01,1.254621185829860951e+04,2.678584002447568128e+04
2.160466908845718578e+07,9.106606837730021331e-01,-4.295799120211591382e-01,1.221298893288851832e+04,2.694556272275912488e+04
2.166784063549945876e+07,9.157471385747829595e-01,-4.181686137678066184e-01,1.187768365545458983e+04,2.710119821398434942e+04
2.173101218254173175e+07,9.206915730203536485e-01,-4.066924632833792685e-01,1.154034464914479031e+04,2.725271818315201017e+04
2.179418372958400473e+07,9.254931386657918591e-01,-3.951532043114819315e-01,1.120102094793325887e+04,2.740009485454189416e+04
2.185735527662627771e+07,9.301510078586107122e-01,-3.835525922095663343e-01,1.085976199170584368e+04,2.754330099818979215e+04
2.192052682366855070e+07,9.346643739081067492e-01,-3.718923937171101923e-01,1.051661762123537483e+04,2.768230993635087361e+04
2.198369837071081996e+07,9.390324512535611623e-01,-3.601743867210699945e-01,1.017163807304559123e+04,2.781709554994761129e+04
2.204686991775309294e+07,9.432544756302502220e-01,-3.484003600186120209e-01,9.824873974162546801e+03,2.794763228500033802e+04
2.211004146479536593e+07,9.473297042332131657e-01,-3.365721130771383018e-01,9.476376336752791758e+03,2.807389515903827851e+04
2.217321301183763891e+07,9.512574158787346912e-01,-3.246914557916033006e-01,9.126196552646913915e+03,2.819585976748914254e+04
2.223638455887991190e+07,9.550369111634875452e-01,-3.127602082391404137e-01,8.774386387747808840e+03,2.831350229004504945e+04
2.229955610592218488e+07,9.586675126212922393e-01,-3.007802004310057842e-01,8.420997976322634713e+03,2.842679949700264842e+04
2.236272765296445787e+07,9.621485648774392718e-01,-2.887532720618496973e-01,8.066083815177591532e+03,2.853572875557526277e+04
2.242589920000672713e+07,9.654794348005280025e-01,-2.766812722563303795e-01,7.709696757714718842e+03,2.864026803617474070e+04
2.248907074704900011e+07,9.686595116517718873e-01,-2.645660593130781391e-01,7.351890007869770670e+03,2.874039591866081537e+04
2.255224229409127310e+07,9.716882072317152286e-01,-2.524095004460347180e-01,6.992717113930750202e+03,2.883609159855548933e+04
2.261541384113354608e+07,9.745649560243173637e-01,-2.402134715231696027e-01,6.632231962235959145e+03,2.892733489322023524e+04
2.267858538817581907e+07,9.772892153383502256e-01,-2.279798568025995509e-01,6.270488770751217999e+03,2.901410624799346624e+04
2.274175693521809205e+07,9.798604654460552066e-01,-2.157105486661243798e-01,5.907542082525516889e+03,2.909638674228585296e+04
2.280492848226036504e+07,9.822782097190144723e-01,-2.034074473501985281e-01,5.543446759024540370e+03,2.917415809563100629e+04
2.286810002930263802e+07,9.845419747611789951e-01,-1.910724606743573195e-01,5.178257973341561410e+03,2.924740267368895002e+04
2.293127157634490728e+07,9.866513105390039007e-01,-1.787075037671192190e-01,4.812031203285246193e+03,2.931610349419981503e+04
2.299444312338718027e+07,9.886057905086402808e-01,-1.663144987893815652e-01,4.444822224343831294e+03,2.938024423288517573e+04
2.305761467042945325e+07,9.904050117401286268e-01,-1.538953746553429203e-01,4.076687102525640057e+03,2.943980922929427834e+04
2.312078621747172624e+07,9.920485950385429241e-01,-1.414520667509616692e-01,3.707682187075198271e+03,2.949478349259258539e+04
2.318395776451399922e+07,9.935361850620334501e-01,-1.289865166499866711e-01,3.337864103065023755e+03,2.954515270728983887e+04
2.324712931155627221e+07,9.948674504367143179e-01,-1.165006718275814063e-01,2.967289743862780142e+03,2.959090323890490981e+04
2.331030085859854519e+07,9.960420838683439193e-01,-1.039964853715702187e-01,2.596016263473679828e+03,2.963202213956463311e+04
2.337347240564081445e+07,9.970598022507460856e-01,-9.147591569133516065e-02,2.224101068758094698e+03,2.966849715353381544e+04
2.343664395268308744e+07,9.979203467709175657e-01,-7.894092622438923790e-02,1.851601811524239565e+03,2.970031672267357499e+04
2.349981549972536042e+07,9.986234830107704186e-01,-6.639348514066774343e-02,1.478576380496313050e+03,2.972746999182510262e+04
2.356298704676763341e+07,9.991690010454578053e-01,-5.383556504455498659e-02,1.105082893157787112e+03,2.974994681411596321e+04
2.362615859380990639e+07,9.995567155382271141e-01,-4.126914267469102698e-02,7.311796874703611593e+02,2.976773775618600484e+04
2.368933014085217938e+07,9.997864658317511255e-01,-2.869619860158828528e-02,3.569253134687136253e+02,2.978083410332990024e+04
2.375250168789445236e+07,9.998581160358839259e-01,-1.611871692309483142e-02,-1.762147526860377411e+01,2.978922786455335518e+04
2.381567323493672162e+07,9.997715551117888344e-01,-3.538684957742067785e-03,-3.924017302717026041e+02,2.979291177753998272e+04
2.387884478197899461e+07,9.995266969523863843e-01,9.041907063989300039e-03,-7.673563169549909162e+02,2.979187931352581290e+04
2.394201632902126759e+07,9.991234804590710672e-01,2.162106631043415536e-02,-1.142425923515025488e+03,2.978612468207839265e+04
2.400518787606354058e+07,9.985618696146454365e-01,3.419679766151269285e-02,-1.517551069950409783e+03,2.977564283577745300e+04
2.406835942310581356e+07,9.978418535524182786e-01,4.676710402345160555e-02,-1.892672117202710751e+03,2.976042947479402210e+04
2.413153097014808655e+07,9.969634466214198909e-01,5.932998664541764416e-02,-2.267729276417762776e+03,2.974048105136494632e+04
2.419470251719035953e+07,9.959266884476787318e-01,7.188344543801801489e-02,-2.642662618326487973e+03,2.971579477415968722e+04
2.425787406423263252e+07,9.947316439915135922e-01,8.442547929362143044e-02,-3.017412082744309828e+03,2.968636861253631650e+04
2.432104561127490178e+07,9.933784036007884399e-01,9.695408640845171178e-02,-3.391917488188136304e+03,2.965220130068358412e+04
2.438421715831717476e+07,9.918670830600824218e-01,1.094672646064095145e-01,-3.766118541609962904e+03,2.961329234164594163e+04
2.444738870535944775e+07,9.901978236357252827e-01,1.219630116645609996e-01,-4.139954848245600260e+03,2.956964201122839586e+04
2.451056025240172073e+07,9.883707921166492438e-01,1.344393256402570125e-01,-4.513365921577723384e+03,2.952125136177808599e+04
2.457373179944399372e+07,9.863861808510100415e-01,1.468942051998186615e-01,-4.886291193411583663e+03,2.946812222583943731e+04
2.463690334648626670e+07,9.842442077785300558e-01,1.593256499487400446e-01,-5.258670024062109405e+03,2.941025721967979189e+04
2.470007489352853969e+07,9.819451164585166758e-01,1.717316607633516123e-01,-5.630441712650874251e+03,2.934765974668239141e+04
2.476324644057080895e+07,9.794891760935092728e-01,1.841102401238872976e-01,-6.001545507511337746e+03,2.928033400060360873e+04
2.482641798761308193e+07,9.768766815485090405e-01,1.964593924489012600e-01,-6.371920616700825121e+03,2.920828496869131050e+04
2.488958953465535492e+07,9.741079533657496237e-01,2.087771244309643837e-01,-6.741506218617169907e+03,2.913151843466132414e+04
2.495276108169762790e+07,9.711833377749611307e-01,2.210614453735944285e-01,-7.110241472718622390e+03,2.905004098152884399e+04
2.501593262873990089e+07,9.681032066990870044e-01,2.333103675293469181e-01,-7.478065530344779290e+03,2.896385999429178992e+04
2.507910417578217387e+07,9.648679577554096776e-01,2.455219064390082584e-01,-7.844917545636656541e+03,2.887298366246305523e+04
2.514227572282444686e+07,9.614780142520455986e-01,2.576940812718254703e-01,-8.210736686553791515e+03,2.877742098244863882e+04
2.520544726986671612e+07,9.579338251797668846e-01,2.698249151667064250e-01,-8.575462145986173709e+03,2.867718175976864586e+04
2.526861881690898910e+07,9.542358651991115215e-01,2.819124355743281019e-01,-8.939033152958869323e+03,2.857227661111818816e+04
2.533179036395126209e+07,9.503846346227435848e-01,2.939546746000730737e-01,-9.301388983926659421e+03,2.846271696626530320e+04
2.539496191099353507e+07,9.463806593930245148e-01,3.059496693477400386e-01,-9.662468974156683544e+03,2.834851506978289399e+04
2.545813345803580806e+07,9.422244910547605823e-01,3.178954622639467709e-01,-1.002221252919623657e+04,2.822968398261187031e+04
2.552130500507808104e+07,9.379167067230891330e-01,3.297901014831571276e-01,-1.038055913642324958e+04,2.810623758345264650e+04
2.558447655212035403e+07,9.334579090464727447e-01,3.416316411732594482e-01,-1.073744837667670254e+04,2.797819056998218366e+04
2.564764809916262329e+07,9.288487261647628834e-01,3.534181418816204068e-01,-1.109281993596420034e+04,2.784555845989382942e+04
2.571081964620489627e+07,9.240898116623055270e-01,3.651476708815439842e-01,-1.144661361724393282e+04,2.770835759175718704e+04
2.577399119324716926e+07,9.191818445160575557e-01,3.768183025190479096e-01,-1.179876935227776994e+04,2.756660512569546700e+04
2.583716274028944224e+07,9.141255290386811616e-01,3.884281185598940089e-01,-1.214922721355286558e+04,2.742031904387755276e+04
2.590033428733171523e+07,9.089215948165919601e-01,3.999752085367832000e-01,-1.249792742626831750e+04,2.726951815082230314e+04
2.596350583437398821e+07,9.035707966429312732e-01,4.114576700966401934e-01,-1.284481038038383122e+04,2.711422207351255202e+04
2.602667738141626120e+07,8.980739144454384926e-01,4.228736093479049107e-01,-1.318981664272703711e+04,2.695445126131634970e+04
2.608984892845853418e+07,8.924317532091994298e-01,4.342211412077499055e-01,-1.353288696915613400e+04,2.679022698571303408e+04
2.615302047550080344e+07,8.866451428942476731e-01,4.454983897491401890e-01,-1.387396231677434116e+04,2.662157133982182859e+04
2.621619202254307643e+07,8.807149383479957461e-01,4.567034885476544681e-01,-1.421298385619279179e+04,2.644850723773060236e+04
2.627936356958534941e+07,8.746420192124831905e-01,4.678345810279742056e-01,-1.454989298383792629e+04,2.627105841362277351e+04
2.634253511662762240e+07,8.684272898264133733e-01,4.788898208099677256e-01,-1.488463133430011112e+04,2.608924942069998724e+04
2.640570666366989538e+07,8.620716791219713571e-01,4.898673720542723320e-01,-1.521714079271943228e+04,2.590310562989866958e+04
2.646887821071216837e+07,8.555761405164034050e-01,5.007654098072910065e-01,-1.554736350720492374e+04,2.571265322839841974e+04
2.653204975775444135e+07,8.489416517983456867e-01,5.115821203455159782e-01,-1.587524190128332157e+04,2.551791921792031280e+04
2.659522130479671061e+07,8.421692150088911921e-01,5.223157015190872388e-01,-1.620071868637334228e+04,2.531893141281331191e+04
2.665839285183898360e+07,8.352598563173827539e-01,5.329643630945015698e-01,-1.652373687428154517e+04,2.511571843792697837e+04
2.672156439888125658e+07,8.282146258919292903e-01,5.435263270963721638e-01,-1.684423978971537144e+04,2.490830972626895164e+04
2.678473594592352957e+07,8.210345977646313909e-01,5.539998281481582909e-01,-1.716217108280958200e+04,2.469673551644544204e+04
2.684790749296580255e+07,8.137208696915174677e-01,5.643831138117664237e-01,-1.747747474166152460e+04,2.448102684988337569e+04
2.691107904000807554e+07,8.062745630071848080e-01,5.746744449259313381e-01,-1.779009510487107400e+04,2.426121556783275446e+04
2.697425058705034852e+07,7.986968224741453071e-01,5.848720959432861521e-01,-1.809997687408083948e+04,2.403733430814792882e+04
2.703742213409261778e+07,7.909888161268772144e-01,5.949743552660243795e-01,-1.840706512651218145e+04,2.380941650184659738e+04
2.710059368113489076e+07,7.831517351105820035e-01,6.049795255800651805e-01,-1.871130532749270060e+04,2.357749636944532904e+04
2.716376522817716375e+07,7.751867935146599109e-01,6.148859241876188930e-01,-1.901264334297036476e+04,2.334160891707081828e+04
2.722693677521943673e+07,7.670952282008982603e-01,6.246918833380672442e-01,-1.931102545201004978e+04,2.310178993234570589e+04
2.729010832226170972e+07,7.588782986263913344e-01,6.343957505570569921e-01,-1.960639835926762316e+04,2.285807598004834654e+04
2.735327986930398270e+07,7.505372866611966787e-01,6.439958889737126269e-01,-1.989870920743695751e+04,2.261050439754574836e+04
2.741645141634625569e+07,7.420734964007431600e-01,6.534906776458732081e-01,-2.018790558966515528e+04,2.235911328999914622e+04
2.747962296338852867e+07,7.334882539730028794e-01,6.628785118832560830e-01,-2.047393556193123004e+04,2.210394152534169552e+04
2.754279451043079793e+07,7.247829073404457034e-01,6.721578035684512287e-01,-2.075674765538342035e+04,2.184502872902795571e+04
2.760596605747307092e+07,7.159588260967908457e-01,6.813269814756531817e-01,-2.103629088863039578e+04,2.158241527855482491e+04
2.766913760451534390e+07,7.070174012585842549e-01,6.903844915870255283e-01,-2.131251477998124028e+04,2.131614229775401691e+04
2.773230915155761689e+07,6.979600450516137977e-01,6.993287974066120238e-01,-2.158536935962968346e+04,2.104625165085574554e+04
2.779548069859988987e+07,6.887881906921939912e-01,7.081583802716907572e-01,-2.185480518177735576e+04,2.077278593632398042e+04
2.785865224564216286e+07,6.795032921633460399e-01,7.168717396614769921e-01,-2.212077333669127984e+04,2.049578848046336134e+04
2.792182379268443584e+07,6.701068239859001574e-01,7.254673935030780951e-01,-2.238322546269057784e+04,2.021530333079814227e+04
2.798499533972670510e+07,6.606002809845527013e-01,7.339438784746046274e-01,-2.264211375805743592e+04,1.993137524922367083e+04
2.804816688676897809e+07,6.509851780489077644e-01,7.422997503053436752e-01,-2.289739099286739656e+04,1.964404970493083965e+04
2.811133843381125107e+07,6.412630498895474096e-01,7.505335840728912800e-01,-2.314901052073378378e+04,1.935337286710451372e+04
2.817450998085352406e+07,6.314354507891545287e-01,7.586439744971600341e-01,-2.339692629046153161e+04,1.905939159739639945e+04
2.823768152789579704e+07,6.215039543487390628e-01,7.666295362311573713e-01,-2.364109285760519560e+04,1.876215344217359961e+04
2.830085307493807003e+07,6.114701532290033326e-01,7.744889041484439574e-01,-2.388146539592622139e+04,1.846170662454379635e+04
2.836402462198034301e+07,6.013356588868912223e-01,7.822207336271782552e-01,-2.411799970874447536e+04,1.815810003615833921e+04
2.842719616902261227e+07,5.911021013073686214e-01,7.898237008306527862e-01,-2.435065224017899163e+04,1.785138322879455882e+04
2.849036771606488526e+07,5.807711287304776482e-01,7.972965029842301599e-01,-2.457938008627306772e+04,1.754160640571868134e+04
2.855353926310715824e+07,5.703444073737244935e-01,8.046378586485835038e-01,-2.480414100599852827e+04,1.722882041283120270e+04
2.861671081014943123e+07,5.598236211498420767e-01,8.118465079891554748e-01,-2.502489343213446045e+04,1.691307672959609408e+04
2.867988235719170421e+07,5.492104713799870197e-01,8.189212130417392599e-01,-2.524159648201532400e+04,1.659442745975595244e+04
2.874305390423397720e+07,5.385066765024284496e-01,8.258607579740955273e-01,-2.545420996814357932e+04,1.627292532183495859e+04
2.880622545127625018e+07,5.277139717767826976e-01,8.326639493435133987e-01,-2.566269440866198420e+04,1.594862363943178570e+04
2.886939699831852317e+07,5.168341089838576208e-01,8.393296163502291796e-01,-2.586701103768069515e+04,1.562157633130467366e+04
2.893256854536079243e+07,5.058688561211682755e-01,8.458566110866150289e-01,-2.606712181545438216e+04,1.529183790125105770e+04
2.899574009240306541e+07,4.948199970941830061e-01,8.522438087820507491e-01,-2.626298943840463835e+04,1.495946342778412327e+04
2.905891163944533840e+07,4.836893314033792746e-01,8.584901080433934295e-01,-2.645457734898283161e+04,1.462450855360917922e+04
2.912208318648761138e+07,4.724786738271611330e-01,8.645944310909624564e-01,-2.664184974536893787e+04,1.428702947490220868e+04
2.918525473352988437e+07,4.611898541007209973e-01,8.705557239899552879e-01,-2.682477159100157587e+04,1.394708293039374439e+04
2.924842628057215735e+07,4.498247165909121659e-01,8.763729568772137268e-01,-2.700330862393474672e+04,1.360472619026093525e+04
2.931159782761443034e+07,4.383851199672078591e-01,8.820451241832588662e-01,-2.717742736601678189e+04,1.326001704483093090e+04
2.937476937465669960e+07,4.268729368688239378e-01,8.875712448495166607e-01,-2.734709513188702840e+04,1.291301379309882213e+04
2.943794092169897258e+07,4.152900535680770222e-01,8.929503625406581824e-01,-2.751228003778598577e+04,1.256377523106337139e+04
2.950111246874124557e+07,4.036383696300709922e-01,8.981815458519729622e-01,-2.767295101017441993e+04,1.221236063988429851e+04
2.956428401578351855e+07,3.919197975687768176e-01,9.032638885117081351e-01,-2.782907779415745244e+04,1.185882977386427410e+04
2.962745556282579154e+07,3.801362624996009743e-01,9.081965095782938979e-01,-2.798063096170928475e+04,1.150324284825964605e+04
2.969062710986806452e+07,3.682897017885232716e-01,9.129785536323880013e-01,-2.812758191969459949e+04,1.114566052692356243e+04
2.975379865691033751e+07,3.563820646978904105e-01,9.176091909636662214e-01,-2.826990291768259704e+04,1.078614390978543088e+04
2.981697020395260677e+07,3.444153120289557557e-01,9.220876177522924211e-01,-2.840756705554977088e+04,1.042475452017075258e+04
2.988014175099487975e+07,3.323914157612499198e-01,9.264130562450029194e-01,-2.854054829086768223e+04,1.006155429196535079e+04
2.994331329803715274e+07,3.203123586888850793e-01,9.305847549257347806e-01,-2.866882144607187365e+04,9.696605556628517661e+03
3.000648484507942572e+07,3.081801340538719014e-01,9.346019886807421795e-01,-2.879236221540846600e+04,9.329971030059015902e+03
3.006965639212169871e+07,2.959967451765539992e-01,9.384640589581357828e-01,-2.891114717165481125e+04,8.961713799318666133e+03
3.013282793916397169e+07,2.837642050832522855e-01,9.421702939217859729e-01,-2.902515377261082176e+04,8.591897309217931252e+03
3.019599948620624468e+07,2.714845361312171468e-01,9.457200485995334027e-01,-2.913436036735766174e+04,8.220585348768141557e+03
3.025917103324851766e+07,2.591597696309873577e-01,9.491127050256519260e-01,-2.923874620228060303e+04,7.847842037505068220e+03
3.032234258029078692e+07,2.467919454662568790e-01,9.523476723775092800e-01,-2.933829142685293846e+04,7.473731811688679045e+03
3.038551412733305991e+07,2.343831117113467921e-01,9.554243871063762272e-01,-2.943297709917801330e+04,7.098319410383816830e+03
3.044868567437533289e+07,2.219353242463953380e-01,9.583423130623318631e-01,-2.952278519128644257e+04,6.721669861427108117e+03
3.051185722141760588e+07,2.094506463703566801e-01,9.611009416132222372e-01,-2.960769859418587293e+04,6.343848467284702565e+03
3.057502876845987886e+07,1.969311484119230793e-01,9.636997917576229922e-01,-2.968770112266058641e+04,5.964920790806300829e+03
3.063820031550215185e+07,1.843789073384730637e-01,9.661384102317671640e-01,-2.976277751981848633e+04,5.584952640880521358e+03
3.070137186254442483e+07,1.717960063631535639e-01,9.684163716103940667e-01,-2.983291346138309746e+04,5.204010057996900287e+03
3.076454340958669409e+07,1.591845345502041209e-01,9.705332784014841785e-01,-2.989809555972833186e+04,4.822159299719871342e+03
3.082771495662896708e+07,1.465465864186287492e-01,9.724887611348416172e-01,-2.995831136765392512e+04,4.439466826079971725e+03
3.089088650367124006e+07,1.338842615443358308e-01,9.742824784444911179e-01,-3.001354938189951281e+04,4.055999284888066086e+03
3.095405805071351305e+07,1.211996641608424075e-01,9.759141171448588725e-01,-3.006379904639558299e+04,3.671823496977632203e+03
3.101722959775578603e+07,1.084949027586649267e-01,9.773833923007075875e-01,-3.010905075524954009e+04,3.287006441381001423e+03
3.108040114479805902e+07,9.577208968350493790e-02,9.786900472907978932e-01,-3.014929585546530507e+04,2.901615240445010386e+03
3.114357269184033200e+07,8.303334073334253662e-02,9.798338538652544560e-01,-3.018452664939505848e+04,2.515717144891727003e+03
3.120674423888260126e+07,7.028077475455234147e-02,9.808146121966110353e-01,-3.021473639692179131e+04,2.129379518829954122e+03
3.126991578592487425e+07,5.751651323715085279e-02,9.816321509245188315e-01,-3.023991931737153573e+04,1.742669824723084275e+03
3.133308733296714723e+07,4.474267990930133609e-02,9.822863271940975860e-01,-3.026007059115424272e+04,1.355655608319389103e+03
3.139625888000942022e+07,3.196140033117558094e-02,9.827770266879172212e-01,-3.027518636113247703e+04,9.684044835500619683e+02
3.145943042705169320e+07,1.917480148829915979e-02,9.831041636515964743e-01,-3.028526373371714362e+04,5.809841174011457952e+02
3.152260197409396619e+07,6.385011384490892582e-03,9.832676809130084239e-01,-3.029030077968972910e+04,1.934622147650191550e+02
3.158577352113623917e+07,-6.405841365487006771e-03,9.832675498950860238e-01,-3.029029653475057785e+04,-1.940934967227070160e+02
3.164894506817851216e+07,-1.919562794345244794e-02,9.831037706222236494e-01,-3.028525099979293009e+04,-5.816152818550498296e+02
3.171211661522078142e+07,-3.198221973538400986e-02,9.827763717202693261e-01,-3.027516514090257624e+04,-9.690354130284044913e+02
3.177528816226305440e+07,-4.476348873894716446e-02,9.822854104101117478e-01,-3.026004088908312042e+04,-1.356286185414477586e+03
3.183845970930532739e+07,-5.753730797083908555e-02,9.816309724948605320e-01,-3.023988113970700215e+04,-1.743299932123219151e+03
3.190163125634760037e+07,-7.030155187385125903e-02,9.808131723406277036e-01,-3.021468975169258192e+04,-2.130009039351372849e+03
3.196480280338987336e+07,-8.305409672352312422e-02,9.798321528509151834e-01,-3.018447154640769804e+04,-2.516345961510477991e+03
3.202797435043214634e+07,-9.579282103427580464e-02,9.786880854346212688e-01,-3.014923230630029866e+04,-2.902243236328647072e+03
3.209114589747441933e+07,-1.085156059649101251e-01,9.773811699676748788e-01,-3.010897877325686932e+04,-3.287633499920307258e+03
3.215431744451668859e+07,-1.212203357233533202e-01,9.759116347483156595e-01,-3.006371864668952912e+04,-3.672449501818107365e+03
3.221748899155896157e+07,-1.339048979705446674e-01,9.742797364460340503e-01,-3.001346058135277417e+04,-4.056624119961386441e+03
3.228066053860123456e+07,-1.465671842233348121e-01,9.724857600441936256e-01,-2.995821418489109783e+04,-4.440090375635154487e+03
3.234383208564350754e+07,-1.592050902563004189e-01,9.705300187763561404e-01,-2.989799001511868482e+04,-4.822781448354355234e+03
3.240700363268578053e+07,-1.718165165023500252e-01,9.684128540563334830e-01,-2.983279957703269974e+04,-5.204630690687433344e+03
3.247017517972805351e+07,-1.843993684520136289e-01,9.661346354019948457e-01,-2.976265531956167615e+04,-5.585571643013749963e+03
3.253334672677032650e+07,-1.969515570513033220e-01,9.636957603528562011e-01,-2.968757063205077793e+04,-5.965538048209269618e+03
3.259651827381259575e+07,-2.094709990980340442e-01,9.610966543814856156e-01,-2.960755984048572282e+04,-6.344463866254995082e+03
3.265968982085486874e+07,-2.219556176364985423e-01,9.583377707987555949e-01,-2.952263820345735803e+04,-6.722283288762845586e+03
3.272286136789714172e+07,-2.344033423503765201e-01,9.554195906529820981e-01,-2.943282190786906358e+04,-7.098930753413250386e+03
3.278603291493941471e+07,-2.468121099537846364e-01,9.523426226229849689e-01,-2.933812806438911502e+04,-7.474340958299575504e+03
3.284920446198168769e+07,-2.591798645803493062e-01,9.491074029051118632e-01,-2.923857470265046504e+04,-7.848448876173795725e+03
3.291237600902396068e+07,-2.715045581701997501e-01,9.457144950942690809e-01,-2.913418076620039938e+04,-8.221189768588345032e+03
3.297554755606623366e+07,-2.837841508547769287e-01,9.421644900590033789e-01,-2.902496610720269018e+04,-8.592499199929003225e+03
3.303871910310850292e+07,-2.960166113393519205e-01,9.384580058106817280e-01,-2.891095148089499708e+04,-8.962313051333758267e+03
3.310189065015077591e+07,-3.081999172831572098e-01,9.345956873668178622e-01,-2.879215853980435713e+04,-9.330567534492800405e+03
3.316506219719304889e+07,-3.203320556770167249e-01,9.305782066086001336e-01,-2.866860982772378702e+04,-9.697199205324433933e+03
3.322823374423532188e+07,-3.324110232183903890e-01,9.264062621326677460e-01,-2.854032877345302040e+04,-1.006214497752255193e+04
3.329140529127759486e+07,-3.444348266837223282e-01,9.220805790971969840e-01,-2.840733968430663663e+04,-1.042534213597062262e+04
3.335457683831986785e+07,-3.564014832979999770e-01,9.176019090623509511e-01,-2.826966773939286941e+04,-1.078672835001770181e+04
3.341774838536214083e+07,-3.683090211014276028e-01,9.129710298251536571e-01,-2.812733898266651158e+04,-1.114624168661192743e+04
3.348091993240441382e+07,-3.801554793131183829e-01,9.081887452488488499e-01,-2.798038031575945206e+04,-1.150382062328704342e+04
3.354409147944668308e+07,-3.919389086917130505e-01,9.032558850868068756e-01,-2.782881949059244653e+04,-1.185940406099762367e+04
3.360726302648895979e+07,-4.036573718928365695e-01,8.981733048010435150e-01,-2.767268510177179996e+04,-1.221293133679889070e+04
3.367043457353123277e+07,-4.153089438232893671e-01,8.929418853754210739e-01,-2.751200657877495178e+04,-1.256434223636656861e+04
3.373360612057349831e+07,-4.268917119919072856e-01,8.875625331235929005e-01,-2.734681417792855063e+04,-1.291357700635344554e+04
3.379677766761577129e+07,-4.384037768569873372e-01,8.820361794917667142e-01,-2.717713897418323904e+04,-1.326057636657823059e+04
3.385994921465804428e+07,-4.498432521701889453e-01,8.763637808563602416e-01,-2.700301285268928768e+04,-1.360528152204274011e+04
3.392312076170031726e+07,-4.612082653168487756e-01,8.705463183166153307e-01,-2.682446850017691759e+04,-1.394763417477438634e+04
3.398629230874259025e+07,-4.724969576526090176e-01,8.645847974822494786e-01,-2.664153939614583578e+04,-1.428757653548979761e+04
3.404946385578486323e+07,-4.837074848362867829e-01,8.584802482562226000e-01,-2.645425980386814626e+04,-1.462505133507636128e+04
3.411263540282713622e+07,-4.948380171589059073e-01,8.522337246126919785e-01,-2.626266476120903098e+04,-1.496000183588830077e+04
3.417580694986940920e+07,-5.058867398688146055e-01,8.458463043702388884e-01,-2.606679007126965735e+04,-1.529237184285405783e+04
3.423897849691168219e+07,-5.168518534928154828e-01,8.393190889604443816e-01,-2.586667229285678332e+04,-1.562210571439187697e+04
3.430215004395395517e+07,-5.277315741532352389e-01,8.326532031918970622e-01,-2.566234873078365490e+04,-1.594914837313061798e+04
3.436532159099622816e+07,-5.385241338808637312e-01,8.258497950097146711e-01,-2.545385742600677622e+04,-1.627344531643292248e+04
3.442849313803850114e+07,-5.492277809236946196e-01,8.189100352506657465e-01,-2.524123714560323788e+04,-1.659494262671801334e+04
3.449166468508077413e+07,-5.598407800514004773e-01,8.118351173939736265e-01,-2.502452737259332207e+04,-1.691358698158149491e+04
3.455483623212304711e+07,-5.703614128554792551e-01,8.046262573078913904e-01,-2.480376829561312843e+04,-1.722932566370970744e+04
3.461800777916532010e+07,-5.807879780450079243e-01,7.972846929921333370e-01,-2.457900079844205175e+04,-1.754210657058620927e+04
3.468117932620758563e+07,-5.911187917379434609e-01,7.898116843162534817e-01,-2.435026644938992104e+04,-1.785187822398820572e+04
3.474435087324985862e+07,-6.013521877479198752e-01,7.822085127540537863e-01,-2.411760749054857661e+04,-1.815858977927094747e+04
3.480752242029213160e+07,-6.114865178664659062e-01,7.744764811141265914e-01,-2.388106682691313108e+04,-1.846219103443764834e+04
3.487069396733440459e+07,-6.215201521406155116e-01,7.666169132666027508e-01,-2.364068801537735271e+04,-1.876263243899375448e+04
3.493386551437667757e+07,-6.314514791458384346e-01,7.586311538662121601e-01,-2.339651525360847518e+04,-1.905986510258332055e+04
3.499703706141895056e+07,-6.412789062542499918e-01,7.505205680717423888e-01,-2.314859336880627598e+04,-1.935384080340609216e+04
3.506020860846122354e+07,-6.510008598980515648e-01,7.422865412619894521e-01,-2.289696780635142932e+04,-1.964451199641383573e+04
3.512338015550349653e+07,-6.606157858281536122e-01,7.339304787482944237e-01,-2.264168461834810660e+04,-1.993183182128451881e+04
3.518655170254576951e+07,-6.701221493679400121e-01,7.254538054837601502e-01,-2.238279045206585215e+04,-2.021575411017318402e+04
3.524972324958804250e+07,-6.795184356621315480e-01,7.168579657692423224e-01,-2.212033253828571833e+04,-2.049623339523839240e+04
3.531289479663031548e+07,-6.888031499207081243e-01,7.081444229562093851e-01,-2.185435867955569120e+04,-2.077322491594329404e+04
3.537606634367258847e+07,-6.979748176578541852e-01,6.993146591465679851e-01,-2.158491723836039091e+04,-2.104668462613049269e+04
3.543923789071486145e+07,-7.070319849258909217e-01,6.903701748895481050e-01,-2.131205712521006353e+04,-2.131656920086999526e+04
3.550240943775713444e+07,-7.159732185441627372e-01,6.813124888757449149e-01,-2.103582778665384103e+04,-2.158283604307964924e+04
3.556558098479940742e+07,-7.247971063228468847e-01,6.721431376284128234e-01,-2.075627919322224989e+04,-2.184544328991762450e+04
3.562875253184167296e+07,-7.335022572816567443e-01,6.628636751921099801e-01,-2.047346182730395594e+04,-2.210434981894656084e+04
3.569192407888394594e+07,-7.420873018634176477e-01,6.534756728187820496e-01,-2.018742667096151854e+04,-2.235951525406932706e+04
3.575509562592621893e+07,-7.505508921424757229e-01,6.439807186513987203e-01,-1.989822519369152724e+04,-2.261089997123588182e+04
3.581826717296849191e+07,-7.588917020279368764e-01,6.343804174052186662e-01,-1.960590934013337392e+04,-2.285846510392179698e+04
3.588143872001076490e+07,-7.671084274617016030e-01,6.246763900467930952e-01,-1.931053151773202626e+04,-2.310217254837818109e+04
3.594461026705303788e+07,-7.751997866112810831e-01,6.148702734708012541e-01,-1.901214458435943743e+04,-2.334198496865340348e+04
3.600778181409531087e+07,-7.831645200573794652e-01,6.049637201748124804e-01,-1.871080183589940498e+04,-2.357786580138696081e+04
3.607095336113758385e+07,-7.910013909762255713e-01,5.949583979320721694e-01,-1.840655699380065562e+04,-2.380977926037595535e+04
3.613412490817985684e+07,-7.987091853166438105e-01,5.848559894624075772e-01,-1.809946419260288894e+04,-2.403769034091477442e+04
3.619729645522212982e+07,-8.062867119718520881e-01,5.746581921013487193e-01,-1.778957796744042207e+04,-2.426156482390867677e+04
3.626046800226440281e+07,-8.137328029459792722e-01,5.643667174675598419e-01,-1.747695324152811372e+04,-2.448136927976206061e+04
3.632363954930667579e+07,-8.210463135152956671e-01,5.539832911286763917e-01,-1.716164531363410788e+04,-2.469707107204234489e+04
3.638681109634894878e+07,-8.282261223841507203e-01,5.435096522656421847e-01,-1.684370984554397364e+04,-2.490863836092044221e+04
3.644998264339122176e+07,-8.352711318356175196e-01,5.329475533356402561e-01,-1.652320284952067595e+04,-2.511604010638897307e+04
3.651315419043348730e+07,-8.421802678768399719e-01,5.222987597337136467e-01,-1.620018067576488829e+04,-2.531924607125934563e+04
3.657632573747576028e+07,-8.489524803790902130e-01,5.115650494531597259e-01,-1.587469999987974916e+04,-2.551822682393922150e+04
3.663949728451803327e+07,-8.555867432125265903e-01,5.007482127448114051e-01,-1.554681781034496089e+04,-2.571295374099132096e+04
3.670266883156030625e+07,-8.620820543756724241e-01,4.898500517752697458e-01,-1.521659139600371418e+04,-2.590339900947561182e+04
3.676584037860257924e+07,-8.684374361196111058e-01,4.788723802842012600e-01,-1.488407833356718584e+04,-2.608953562907605010e+04
3.682901192564485222e+07,-8.746519350669094139e-01,4.678170232407793394e-01,-1.454933647514049699e+04,-2.627133741401370571e+04
3.689218347268712521e+07,-8.807246223252787054e-01,4.566858164993634062e-01,-1.421242393577422445e+04,-2.644877899474797596e+04
3.695535501972939819e+07,-8.866545935959860847e-01,4.454806064545041022e-01,-1.387339908104544702e+04,-2.662183581946776030e+04
3.701852656677167118e+07,-8.924409692770276514e-01,4.342032496953626142e-01,-1.353232051467221936e+04,-2.679048415537445180e+04
3.708169811381394416e+07,-8.980828945610801473e-01,4.228556126596319520e-01,-1.318924706616533149e+04,-2.695470108975878611e+04
3.714486966085621715e+07,-9.035795395282458786e-01,4.114395712870467792e-01,-1.284423777852109015e+04,-2.711446453087357804e+04
3.720804120789849013e+07,-9.089300992336111218e-01,3.999570106725669483e-01,-1.249735189595883276e+04,-2.726975320860449210e+04
3.727121275494076312e+07,-9.141337937896358845e-01,3.884098247193207287e-01,-1.214864885170676280e+04,-2.742054667494105888e+04
3.733438430198303610e+07,-9.191898684433968958e-01,3.767999157913904940e-01,-1.179818825583964463e+04,-2.756682530425020741e+04
3.739755584902530909e+07,-9.240975936487061393e-01,3.651291943665242457e-01,-1.144602988317181916e+04,-2.770857029335464176e+04
3.746072739606757462e+07,-9.288562651331294662e-01,3.533995786888560198e-01,-1.109223366120893297e+04,-2.784576366141844846e+04
3.752389894310984761e+07,-9.334652039599325990e-01,3.416129944217085046e-01,-1.073685965816143289e+04,-2.797838824964250307e+04
3.758707049015212059e+07,-9.379237565849736225e-01,3.297713743005773468e-01,-1.037996807102366256e+04,-2.810642772077193513e+04
3.765024203719439358e+07,-9.422312949085824840e-01,3.178766577863488818e-01,-1.002161921372083816e+04,-2.822986655841854736e+04
3.771341358423666656e+07,-9.463872163224461564e-01,3.059307907188497100e-01,-9.661873505327579551e+03,-2.834869006620056462e+04
3.777658513127893955e+07,-9.503909437515363212e-01,2.939357249707961195e-01,-9.300791458360698016e+03,-2.846288436670249212e+04
3.783975667832121253e+07,-9.542419256911081060e-01,2.818934181022201280e-01,-8.938433667149160101e+03,-2.857243640025777131e+04
3.790292822536348552e+07,-9.579396362388064023e-01,2.698058330154469164e-01,-8.574860796283994205e+03,-2.867733392355699107e+04
3.796609977240575850e+07,-9.614835751219106275e-01,2.576749376106955980e-01,-8.210133569150866606e+03,-2.877756550808446991e+04
3.802927131944803149e+07,-9.648732677197561225e-01,2.455027044423766236e-01,-7.844312756547917161e+03,-2.887312053838602878e+04
3.809244286649030447e+07,-9.681082650813674917e-01,2.332911103761555194e-01,-7.477459165391388524e+03,-2.896398921017085013e+04
3.815561441353257746e+07,-9.711881439383407422e-01,2.210421362468523165e-01,-7.109633627511496343e+03,-2.905016252825030824e+04
3.821878596057485044e+07,-9.741125067130153026e-01,2.087577665172459518e-01,-6.740896988540882376e+03,-2.913163230431673946e+04
3.828195750761712343e+07,-9.768809815219724468e-01,1.964399889378493080e-01,-6.371310096897917902e+03,-2.920839115456510626e+04
3.834512905465939641e+07,-9.794932221749027557e-01,1.840907942077214809e-01,-6.000933792867046577e+03,-2.928043249716052742e+04
3.840830060170166194e+07,-9.819489081688834720e-01,1.717121756363828022e-01,-5.629828897778289502e+03,-2.934775054955472297e+04
3.847147214874393493e+07,-9.842477446781089379e-01,1.593061288068871595e-01,-5.258056203287664175e+03,-2.941034032565444795e+04
3.853464369578620791e+07,-9.863894625391125270e-01,1.468746512401353232e-01,-4.885676460761089402e+03,-2.946819763284481814e+04
3.859781524282848090e+07,-9.883738182315326970e-01,1.344197420604607007e-01,-4.512750370762739294e+03,-2.952131906887081641e+04
3.866098678987075388e+07,-9.902005938544592434e-01,1.219434016625685346e-01,-4.139338572650242895e+03,-2.956970201857990469e+04
3.872415833691302687e+07,-9.918695970984104937e-01,1.094476313798781741e-01,-3.765501634278133679e+03,-2.961334465052890300e+04
3.878732988395529985e+07,-9.933806612129844060e-01,9.693443315432602458e-02,-3.391300041811172832e+03,-2.965224591345824228e+04
3.885050143099757284e+07,-9.947336449702330885e-01,8.440580920768485373e-02,-3.016794189649031523e+03,-2.968640553263668698e+04
3.891367297803984582e+07,-9.959284326238057039e-01,7.186376171445343908e-02,-2.642044370463751420e+03,-2.971582400607967429e+04
3.897684452508211881e+07,-9.969649338639077207e-01,5.931029247636921548e-02,-2.267110765351303144e+03,-2.974050260064435497e+04
3.904001607212439179e+07,-9.978430837681278032e-01,4.674740259859528485e-02,-1.892053434098489106e+03,-2.976044334800450815e+04
3.910318761916666478e+07,-9.985628427481776370e-01,3.417709216763203939e-02,-1.516932305566356035e+03,-2.977564904050838959e+04
3.916635916620893776e+07,-9.991241964925965391e-01,2.160135993100190804e-02,-1.141807168191194478e+03,-2.978612322692270754e+04
3.922953071325121075e+07,-9.995271559054691446e-01,9.022202978754926064e-03,-7.667376606041323157e+02,-2.979187020806575674e+04
3.929270226029347628e+07,-9.997717570412083532e-01,-3.558383573157463797e-03,-3.917832623702867068e+02,-2.979289503233287905e+04
3.935587380733574927e+07,-9.998580610354522724e-01,-1.613840689760433211e-02,-1.700328484805538665e+01,-2.978920349111732139e+04
3.941904535437802225e+07,-9.997861540321266727e-01,-2.871587676902716962e-02,3.575431378300206120e+02,-2.978080211412957215e+04
3.948221690142029524e+07,-9.995561471067254677e-01,-4.128880587420923759e-02,7.317970576550170563e+02,-2.976769816461824303e+04
3.954538844846256822e+07,-9.991681761858598465e-01,-5.385521012099920429e-02,1.105699721516726640e+03,-2.974989963449557399e+04
3.960855999550484121e+07,-9.986224019631262383e-01,-6.641310894495826289e-02,1.479192579855822714e+03,-2.972741523937059537e+04
3.967173154254711419e+07,-9.979190098113485119e-01,-7.896052561389096947e-02,1.852217295192571100e+03,-2.970025441349293033e+04
3.973490308958938718e+07,-9.970582096912444792e-01,-9.149548753022267167e-02,2.224715750531692265e+03,-2.966842730461030078e+04
3.979807463663166016e+07,-9.960402360565691060e-01,-1.040160265311876747e-01,2.596630057643042619e+03,-2.963194476874268003e+04
3.986124618367393315e+07,-9.948653477557872771e-01,-1.165201791867936931e-01,2.967902565217860683e+03,-2.959081836487603505e+04
3.992441773071620613e+07,-9.935338279303295161e-01,-1.290059870955291288e-01,3.338475866900379515e+03,-2.954506034957864176e+04
3.998758927775847912e+07,-9.920459839094812882e-01,-1.414714971777810415e-01,3.708292809194687834e+03,-2.949468367154282532e+04
4.005076082480075210e+07,-9.904021471019611722e-01,-1.539147619669332390e-01,4.077296499246775056e+03,-2.943970196605504680e+04
4.011393237184302509e+07,-9.886026728842387534e-01,-1.663338398981144550e-01,4.445430312501768640e+03,-2.938012954939714837e+04
4.017710391888529807e+07,-9.866479404856439706e-01,-1.787267955945683884e-01,4.812637900236427413e+03,-2.931598141318162379e+04
4.024027546592756361e+07,-9.845383528703255394e-01,-1.910917001516167224e-01,5.178863196966978649e+03,-2.924727321862367171e+04
4.030344701296983659e+07,-9.822743366161026390e-01,-2.034266314181979451e-01,5.544050427732748176e+03,-2.917402129075275661e+04
4.036661856001210958e+07,-9.798563417902722561e-01,-2.157296742759349517e-01,5.908144115255177894e+03,-2.909624261256652608e+04
4.042979010705438256e+07,-9.772848418224167055e-01,-2.279989209157368690e-01,6.271089086973404847e+03,-2.901395481912961259e+04
4.049296165409665555e+07,-9.745603333742661745e-01,-2.402324711118905276e-01,6.632830481956108088e+03,-2.892717619162008123e+04
4.055613320113892853e+07,-9.716833362066699120e-01,-2.524284324936289514e-01,6.993313757690300918e+03,-2.883592565132610616e+04
4.061930474818120152e+07,-9.686543930437261363e-01,-2.645849208141546338e-01,7.352484696747490489e+03,-2.874022275359545893e+04
4.068247629522347450e+07,-9.654740694341222840e-01,-2.767000602170981982e-01,7.710289413327726834e+03,-2.864008768174035868e+04
4.074564784226574749e+07,-9.621429536097388935e-01,-2.887719835003946800e-01,8.066674359682103386e+03,-2.853554124090015830e+04
4.080881938930802047e+07,-9.586616563415654158e-01,-3.007988323775593331e-01,8.421586332414333810e+03,-2.842660485186436927e+04
4.087199093635029346e+07,-9.550308107929814661e-01,-3.127787577363475013e-01,8.774972478662066351e+03,-2.831330054485840446e+04
4.093516248339256644e+07,-9.512510723704532545e-01,-3.247099198947824283e-01,9.126780302158636914e+03,-2.819565095329446558e+04
4.099833403043483943e+07,-9.473231185716947111e-01,-3.365904888545381279e-01,9.476957669176035779e+03,-2.807367930748985600e+04
4.106150557747711241e+07,-9.432476488313445984e-01,-3.484186445516621045e-01,9.825452814349861001e+03,-2.794740942835506576e+04
4.112467712451937795e+07,-9.390253843642089038e-01,-3.601925771046265989e-01,1.017221434638707433e+04,-2.781686572105386949e+04
4.118784867156165093e+07,-9.346570680061154768e-01,-3.719104870597031431e-01,1.051719125365766558e+04,-2.768207316863754750e+04
4.125102021860392392e+07,-9.301434640524365305e-01,-3.835705856336304453e-01,1.086033290967054745e+04,-2.754305732565563812e+04
4.131419176564619690e+07,-9.254853580943176450e-01,-3.951710949535937045e-01,1.120158907843543420e+04,-2.739984431174502242e+04
4.137736331268846989e+07,-9.206835568526701152e-01,-4.067102482944854325e-01,1.154090991971108633e+04,-2.725246080519965471e+04
4.144053485973074287e+07,-9.157388880099699424e-01,-4.181862903134487275e-01,1.187824599414119075e+04,-2.710093403652285633e+04
4.150370640677301586e+07,-9.106522000399107641e-01,-4.295974772816944509e-01,1.221354826827888974e+04,-2.694529178196418070e+04
4.156687795381528884e+07,-9.054243620349597954e-01,-4.409420773135864779e-01,1.254676811950103729e+04,-2.678556235704278515e+04
4.163004950085756183e+07,-9.000562635318610782e-01,-4.522183705929893049e-01,1.287785734081330520e+04,-2.662177461005919395e+04
4.169322104789983481e+07,-8.945488143351321142e-01,-4.634246495968740165e-01,1.320676814554728662e+04,-2.645395791559728241e+04
4.175639259494210780e+07,-8.889029443386005092e-01,-4.745592193161783934e-01,1.353345317195075404e+04,-2.628214216801830480e+04
4.181956414198438078e+07,-8.831196033450240401e-01,-4.856203974739183860e-01,1.385786548767228669e+04,-2.610635777494868307e+04
4.188273568902665377e+07,-8.771997608838391081e-01,-4.966065147405487878e-01,1.417995859414146616e+04,-2.592663565076326995e+04
4.194590723606892675e+07,-8.711444060270817635e-01,-5.075159149465712227e-01,1.449968643084590076e+04,-2.574300721006573076e+04
4.200907878311119974e+07,-8.649545472035237159e-01,-5.183469552923889445e-01,1.481700337950634275e+04,-2.555550436116767742e+04
4.207225033015346527e+07,-8.586312120110681789e-01,-5.290980065554069522e-01,1.513186426815112645e+04,-2.536415949956807526e+04
4.213542187719573826e+07,-8.521754470274413018e-01,-5.397674532943846915e-01,1.544422437509148222e+04,-2.516900550143436703e+04
4.219859342423801124e+07,-8.455883176192340311e-01,-5.503536940510249664e-01,1.575403943279846681e+04,-2.497007571708706018e+04
4.226176497128028423e+07,-8.388709077493200494e-01,-5.608551415488243208e-01,1.606126563168360371e+04,-2.476740396448878164e+04
4.232493651832255721e+07,-8.320243197827000836e-01,-5.712702228891690659e-01,1.636585962378402473e+04,-2.456102452273946255e+04
4.238810806536483020e+07,-8.250496742908102199e-01,-5.815973797446880589e-01,1.666777852635369709e+04,-2.435097212557889361e+04
4.245127961240710318e+07,-8.179481098543330830e-01,-5.918350685498625641e-01,1.696697992536209131e+04,-2.413728195489789141e+04
4.251445115944937617e+07,-8.107207828645507375e-01,-6.019817606888989703e-01,1.726342187890165224e+04,-2.391998963425934926e+04
4.257762270649164915e+07,-8.033688673232776134e-01,-6.120359426808671399e-01,1.755706292050551929e+04,-2.369913122243032558e+04
4.264079425353392214e+07,-7.958935546414119822e-01,-6.219961163621109401e-01,1.784786206237685110e+04,-2.347474320692631591e+04
4.270396580057619512e+07,-7.882960534361411753e-01,-6.318607990659349527e-01,1.813577879853120976e+04,-2.324686249756878533e+04
4.276713734761846811e+07,-7.805775893268382948e-01,-6.416285237995732471e-01,1.842077310785341251e+04,-2.301552642005703092e+04
4.283030889466074109e+07,-7.727394047296864965e-01,-6.512978394184480990e-01,1.870280545707028796e+04,-2.278077270955533459e+04
4.289348044170301408e+07,-7.647827586510644871e-01,-6.608673107977234285e-01,1.898183680364075553e+04,-2.254263950429639590e+04
4.295665198874528706e+07,-7.567089264797298709e-01,-6.703355190011609510e-01,1.925782859856467985e+04,-2.230116533920191432e+04
4.301982353578755260e+07,-7.485191997778333217e-01,-6.797010614472848156e-01,1.953074278911190777e+04,-2.205638913952124858e+04
4.308299508282982558e+07,-7.402148860707928879e-01,-6.889625520728698271e-01,1.980054182147309257e+04,-2.180835021448878251e+04
4.314616662987209857e+07,-7.317973086360740620e-01,-6.981186214937447065e-01,2.006718864333332021e+04,-2.155708825100118702e+04
4.320933817691437155e+07,-7.232678062908904915e-01,-7.071679171629402516e-01,2.033064670637054587e+04,-2.130264330731477821e+04
4.327250972395664454e+07,-7.146277331788691844e-01,-7.161091035261752946e-01,2.059087996867986658e+04,-2.104505580676405225e+04
4.333568127099891752e+07,-7.058784585557071889e-01,-7.249408621746955550e-01,2.084785289712521626e+04,-2.078436653150188067e+04
4.339885281804119051e+07,-6.970213665738492770e-01,-7.336618919954743800e-01,2.110153046961989094e+04,-2.052061661626202840e+04
4.346202436508346349e+07,-6.880578560662187204e-01,-7.422709093187837004e-01,2.135187817733734482e+04,-2.025384754214450368e+04
4.352519591212573647e+07,-6.789893403290282459e-01,-7.507666480631463024e-01,2.159886202685364697e+04,-1.998410113042432567e+04
4.358836745916800946e+07,-6.698172469037003696e-01,-7.591478598776782993e-01,2.184244854222306094e+04,-1.971141953638412815e+04
4.365153900621028244e+07,-6.605430173579254216e-01,-7.674133142818324593e-01,2.208260476698811181e+04,-1.943584524317110481e+04
4.371471055325255543e+07,-6.511681070658843495e-01,-7.755617988025532705e-01,2.231929826612556280e+04,-1.915742105567863473e+04
4.377788210029482841e+07,-6.416939849876630575e-01,-7.835921191088528470e-01,2.255249712792968421e+04,-1.887619009445301708e+04
4.384105364733710140e+07,-6.321221334478841491e-01,-7.915030991438196661e-01,2.278216996583420405e+04,-1.859219578962558080e+04
4.390422519437936693e+07,-6.224540479135839410e-01,-7.992935812540694629e-01,2.300828592017428309e+04,-1.830548187487053656e+04
4.396739674142163992e+07,-6.126912367713515106e-01,-8.069624263166549349e-01,2.323081465989002390e+04,-1.801609238138859291e+04
4.403056828846391290e+07,-6.028352211037719677e-01,-8.145085138634304833e-01,2.344972638417246708e+04,-1.772407163191705695e+04
4.409373983550618589e+07,-5.928875344651753920e-01,-8.219307422029034083e-01,2.366499182405395186e+04,-1.742946423476595373e+04
4.415691138254845887e+07,-5.828497226567315170e-01,-8.292280285395672301e-01,2.387658224394376521e+04,-1.713231507788076487e+04
4.422008292959073186e+07,-5.727233435009059237e-01,-8.363993090907340111e-01,2.408446944311051266e+04,-1.683266932293172795e+04
4.428325447663300484e+07,-5.625099666153009492e-01,-8.434435392008771126e-01,2.428862575711252794e+04,-1.653057239942979140e+04
4.434642602367527783e+07,-5.522111731859041805e-01,-8.503596934534946028e-01,2.448902405917755823e+04,-1.622606999886927588e+04
4.440959757071755081e+07,-5.418285557397642949e-01,-8.571467657805047491e-01,2.468563776153300932e+04,-1.591920806889721462e+04
4.447276911775982380e+07,-5.313637179171152303e-01,-8.638037695691851425e-01,2.487844081668799845e+04,-1.561003280750939302e+04
4.453594066480209678e+07,-5.208182742429694478e-01,-8.703297377666671109e-01,2.506740771866840805e+04,-1.529859065727300367e+04
4.459911221184436977e+07,-5.101938498981989367e-01,-8.767237229819954125e-01,2.525251350420621384e+04,-1.498492829957582944e+04
4.466228375888664275e+07,-4.994920804901235023e-01,-8.829847975857650910e-01,2.543373375388420027e+04,-1.466909264890184386e+04
4.472545530592891574e+07,-4.887146118226256553e-01,-8.891120538073477020e-01,2.561104459323731135e+04,-1.435113084713307217e+04
4.478862685297118872e+07,-4.778630996658077557e-01,-8.951046038297156837e-01,2.578442269381174629e+04,-1.403109025787754763e+04
4.485179840001345426e+07,-4.669392095252137831e-01,-9.009615798818765287e-01,2.595384527418291691e+04,-1.370901846082317570e+04
4.491496994705572724e+07,-4.559446164106220056e-01,-9.066821343289329649e-01,2.611929010093351826e+04,-1.338496324611706223e+04
4.497814149409800023e+07,-4.448810046044462396e-01,-9.122654397597660392e-01,2.628073548959249092e+04,-1.305897260877060216e+04
4.504131304114027321e+07,-4.337500674297358194e-01,-9.177106890723698562e-01,2.643816030553635210e+04,-1.273109474308928657e+04
4.510448458818254620e+07,-4.225535070178090824e-01,-9.230170955568344215e-01,2.659154396485364487e+04,-1.240137803712748064e+04
4.516765613522481918e+07,-4.112930340755281966e-01,-9.281838929759940182e-01,2.674086643517364428e+04,-1.206987106716761082e+04
4.523082768226709217e+07,-3.999703676522313178e-01,-9.332103356437485564e-01,2.688610823646032077e+04,-1.173662259222342618e+04
4.529399922930936515e+07,-3.885872349063365649e-01,-9.380956985010687754e-01,2.702725044177253221e+04,-1.140168154856695037e+04
4.535717077635163814e+07,-3.771453708716325237e-01,-9.428392771896966229e-01,2.716427467799140140e+04,-1.106509704427872202e+04
4.542034232339391112e+07,-3.656465182232673805e-01,-9.474403881235469171e-01,2.729716312651582120e+04,-1.072691835382087265e+04
4.548351387043618411e+07,-3.540924270434517851e-01,-9.518983685578245035e-01,2.742589852392698958e+04,-1.038719491263259988e+04
4.554668541747845709e+07,-3.424848545868872662e-01,-9.562125766558621232e-01,2.755046416262286948e+04,-1.004597631174755406e+04
4.560985696452073008e+07,-3.308255650459326347e-01,-9.603823915536908729e-01,2.767084389142342843e+04,-9.703312292432641698e+03
4.567302851156300306e+07,-3.191163293155211411e-01,-9.644072134223505843e-01,2.778702211614749831e+04,-9.359252740847725363e+03
4.573620005860527605e+07,-3.073589247578397687e-01,-9.682864635279503362e-01,2.789898380016205920e+04,-9.013847682725687264e+03
4.579937160564754158e+07,-2.955551349667837058e-01,-9.720195842894853167e-01,2.800671446490472226e+04,-8.667147278072341578e+03
4.586254315268981457e+07,-2.837067495321888289e-01,-9.756060393344226922e-01,2.811020019038025930e+04,-8.319201815885373435e+03
4.592571469973208755e+07,-2.718155638038733946e-01,-9.790453135520559291e-01,2.820942761563169915e+04,-7.970061708892327260e+03
4.598888624677436054e+07,-2.598833786554727854e-01,-9.823369131446475500e-01,2.830438393918697693e+04,-7.619777488306230225e+03
4.605205779381663352e+07,-2.479120002480970086e-01,-9.854803656763556630e-01,2.839505691948159074e+04,-7.268399798598822599e+03
4.611522934085890651e+07,-2.359032397938136683e-01,-9.884752201199601407e-01,2.848143487525804085e+04,-6.915979392290527358e+03
4.617840088790117949e+07,-2.238589133189670954e-01,-9.913210469013910009e-01,2.856350668594260787e+04,-6.562567124756536032e+03
4.624157243494345248e+07,-2.117808414273426587e-01,-9.940174379420665396e-01,2.864126179200013576e+04,-6.208213949048350514e+03
4.630474398198572546e+07,-1.996708490631860788e-01,-9.965640066990488766e-01,2.871469019526732154e+04,-5.852970910730098694e+03
4.636791552902799845e+07,-1.875307652740866582e-01,-9.989603882030213544e-01,2.878378245926509771e+04,-5.496889142728928164e+03
4.643108707607027143e+07,-1.753624229737324458e-01,-1.001206239094094563e+00,2.884852970949061273e+04,-5.140019860198775859e+03
4.649425862311254442e+07,-1.631676587045466365e-01,-1.003301237655445322e+00,2.890892363368929364e+04,-4.782414355396799692e+03
4.655743017015481740e+07,-1.509483124002131971e-01,-1.005245083844796161e+00,2.896495648210744912e+04,-4.424123992571735471e+03
4.662060171719709039e+07,-1.387062271480998255e-01,-1.007037499323738095e+00,2.901662106772583138e+04,-4.065200202863456525e+03
4.668377326423935592e+07,-1.264432489515874836e-01,-1.008678227484900436e+00,2.906391076647458613e+04,-3.705694479213019349e+03
4.674694481128162891e+07,-1.141612264923061726e-01,-1.010167033476976339e+00,2.910681951742995079e+04,-3.345658371282193912e+03
4.681011635832390189e+07,-1.018620108923056350e-01,-1.011503704227602052e+00,2.914534182299301028e+04,-2.985143480382347661e+03
4.687328790536617488e+07,-8.954745547613987555e-02,-1.012688048464098101e+00,2.917947274905089216e+04,-2.624201454411067971e+03
4.693645945240844786e+07,-7.721941553289461690e-02,-1.013719896732072856e+00,2.920920792512063053e+04,-2.262883982796378859e+03
4.699963099945072085e+07,-6.487974807815599654e-02,-1.014599101411894466e+00,2.923454354447597871e+04,-1.901242791447516765e+03
4.706280254649299383e+07,-5.253031161592948417e-02,-1.015325536733030276e+00,2.925547636425739984e+04,-1.539329637711518217e+03
4.712597409353526682e+07,-4.017296590051565308e-02,-1.015899098786257504e+00,2.927200370556543567e+04,-1.177196305334827684e+03
4.718914564057753980e+07,-2.780957169835020573e-02,-1.016319705533748952e+00,2.928412345353759520e+04,-8.148945994291274246e+02
4.725231718761981279e+07,-1.544199054981481613e-02,-1.016587296817031749e+00,2.929183405740894523e+04,-4.524763414405868502e+02
4.731548873466208577e+07,-3.072084531025940767e-03,-1.016701834362823575e+00,2.929513453055648279e+04,-8.999336412173209965e+01
4.737866028170435876e+07,9.298283984391789506e-03,-1.016663301786746132e+00,2.929402445052738403e+04,2.725024934948731357e+02
4.744183182874663174e+07,2.166725256354066695e-02,-1.016471704594915204e+00,2.928850395905116966e+04,6.349593911219417350e+02
4.750500337578890473e+07,3.403295895248675818e-02,-1.016127070183410197e+00,2.927857376203582680e+04,9.973254922425786617e+02
4.756817492283117771e+07,4.639354131449172775e-02,-1.015629447835620258e+00,2.926423512954786202e+04,1.359548969136008282e+03
4.763134646987344325e+07,5.874713846823140240e-02,-1.014978908717469874e+00,2.924548989577625252e+04,1.721578007904676497e+03
4.769451801691571623e+07,7.109189012600294899e-02,-1.014175545870517947e+00,2.922234045898023396e+04,2.083360813503790723e+03
4.775768956395798922e+07,8.342593713189203064e-02,-1.013219474202936787e+00,2.919478978142084452e+04,2.444845614773460966e+03
4.782086111100026220e+07,9.574742169992220275e-02,-1.012110830478361034e+00,2.916284138927605454e+04,2.805980669475101422e+03
4.788403265804253519e+07,1.080544876521576103e-01,-1.010849773302612498e+00,2.912649937253937605e+04,3.166714269332245294e+03
4.794720420508480817e+07,1.203452806567609223e-01,-1.009436483108293148e+00,2.908576838490173395e+04,3.526994745076831350e+03
4.801037575212708116e+07,1.326179484659976426e-01,-1.007871162137246035e+00,2.904065364361640604e+04,3.886770471501702559e+03
4.807354729916935414e+07,1.448706411541800243e-01,-1.006154034420882359e+00,2.899116092934679182e+04,4.245989872520111021e+03
4.813671884621162713e+07,1.571015113555428167e-01,-1.004285345758370251e+00,2.893729658599670802e+04,4.604601426233000893e+03
4.819989039325390011e+07,1.693087145020435447e-01,-1.002265363692679934e+00,2.887906752052294541e+04,4.962553670004849664e+03
4.826306194029617310e+07,1.814904090610802434e-01,-1.000094377484487485e+00,2.881648120272974120e+04,5.319795205548832200e+03
4.832623348733844608e+07,1.936447567731180430e-01,-9.977726980839251025e-01,2.874954566504481409e+04,5.676274704022062906e+03
4.838940503438071907e+07,2.057699228892173604e-01,-9.953006581001802022e-01,2.867826950227655470e+04,6.031940911131671783e+03
4.845257658142299205e+07,2.178640764084558423e-01,-9.926786117689349043e-01,2.860266187135199289e+04,6.386742652252455628e+03
4.851574812846526504e+07,2.299253903152350120e-01,-9.899069349176421451e-01,2.852273249103506896e+04,6.740628837556830149e+03
4.857891967550753057e+07,2.419520418164625430e-01,-9.869860249286335208e-01,2.843849164162474699e+04,7.093548467157773302e+03
4.864209122254980356e+07,2.539422125786099382e-01,-9.839163007000497618e-01,2.834995016463242791e+04,7.445450636265709363e+03
4.870526276959207654e+07,2.658940889646151384e-01,-9.806982026045957257e-01,2.825711946243826242e+04,7.796284540359414677e+03
4.876843431663434952e+07,2.778058622706494618e-01,-9.773321924461032539e-01,2.816001149792561773e+04,8.145999480372466678e+03
4.883160586367662251e+07,2.896757289627190368e-01,-9.738187534139040036e-01,2.805863879409327274e+04,8.494544867895276184e+03
4.889477741071889549e+07,3.015018909130983138e-01,-9.701583900350011502e-01,2.795301443364463921e+04,8.841870230393620659e+03
4.895794895776116848e+07,3.132825556365856356e-01,-9.663516281240338568e-01,2.784315205855342356e+04,9.187925216444284160e+03
4.902112050480344146e+07,3.250159365265700151e-01,-9.623990147310272913e-01,2.772906586960501591e+04,9.532659600988423335e+03
4.908429205184571445e+07,3.367002530908996261e-01,-9.583011180869205337e-01,2.761077062591294816e+04,9.876023290603290661e+03
4.914746359888798743e+07,3.483337311875395748e-01,-9.540585275468638216e-01,2.748828164440969704e+04,1.021796632879289973e+04
4.921063514593026042e+07,3.599146032600104017e-01,-9.496718535312784759e-01,2.736161479931105350e+04,1.055843890129822285e+04
4.927380669297253340e+07,3.714411085725936590e-01,-9.451417274646699562e-01,2.723078652155333839e+04,1.089739134142748117e+04
4.933697824001480639e+07,3.829114934452947372e-01,-9.404688017121852761e-01,2.709581379820261645e+04,1.123477413540707857e+04
4.940014978705707937e+07,3.943240114885493974e-01,-9.356537495139072291e-01,2.695671417183512676e+04,1.157053792775369948e+04
4.946332133409934491e+07,4.056769238376619069e-01,-9.306972649168755440e-01,2.681350573988805991e+04,1.190463352666804349e+04
4.952649288114161789e+07,4.169684993869687273e-01,-9.256000627048227569e-01,2.666620715397973254e+04,1.223701190945092094e+04
4.958966442818389088e+07,4.281970150236953376e-01,-9.203628783256251333e-01,2.651483761919850440e+04,1.256762422794158010e+04
4.965283597522616386e+07,4.393607558615195141e-01,-9.149864678164453258e-01,2.635941689335919000e+04,1.289642181397949935e+04
4.971600752226843685e+07,4.504580154738065390e-01,-9.094716077265669885e-01,2.619996528622623737e+04,1.322335618488948967e+04
4.977917906931070983e+07,4.614870961265112315e-01,-9.038190950379076938e-01,2.603650365870264795e+04,1.354837904899071145e+04
4.984235061635298282e+07,4.724463090107289265e-01,-8.980297470832006024e-01,2.586905342198362632e+04,1.387144231112998568e+04
4.990552216339525580e+07,4.833339744748829658e-01,-8.921044014618338958e-01,2.569763653667395192e+04,1.419249807823970696e+04
4.996869371043752879e+07,4.941484222565298845e-01,-8.860439159533387565e-01,2.552227551186805431e+04,1.451149866492071487e+04
5.003186525747980177e+07,5.048879917137699680e-01,-8.798491684285136838e-01,2.534299340419170039e+04,1.482839659905041844e+04
5.009503680452207476e+07,5.155510320562430859e-01,-8.735210567581760399e-01,2.515981381680422055e+04,1.514314462741643911e+04
5.015820835156434774e+07,5.261359025756958685e-01,-8.670604987195287272e-01,2.497276089836019673e+04,1.545569572137602518e+04
5.022137989860662073e+07,5.366409728761012410e-01,-8.604684319001320025e-01,2.478185934192944842e+04,1.576600308254146330e+04
5.028455144564889371e+07,5.470646231033128304e-01,-8.537458135994685504e-01,2.458713438387419956e+04,1.607402014849167972e+04
5.034772299269116670e+07,5.574052441742362030e-01,-8.468936207280917117e-01,2.438861180268225144e+04,1.637970059851017504e+04
5.041089453973343223e+07,5.676612380054963936e-01,-8.399128497043450992e-01,2.418631791775500460e+04,1.668299835934941802e+04
5.047406608677570522e+07,5.778310177415905136e-01,-8.328045163486393898e-01,2.398027958814899102e+04,1.698386761102199671e+04
5.053723763381797820e+07,5.879130079824858024e-01,-8.255696557752860709e-01,2.377052421127004709e+04,1.728226279261807576e+04
5.060040918086025119e+07,5.979056450106694509e-01,-8.182093222818600520e-01,2.355707972151842478e+04,1.757813860814990403e+04
5.066358072790252417e+07,6.078073770176085633e-01,-8.107245892360932515e-01,2.333997458888391338e+04,1.787145003242285020e+04
5.072675227494479716e+07,6.176166643296079339e-01,-8.031165489602831720e-01,2.311923781748961119e+04,1.816215231693317401e+04
5.078992382198707014e+07,6.273319796330417697e-01,-7.953863126132042494e-01,2.289489894408304463e+04,1.845020099579240195e+04
5.085309536902934313e+07,6.369518081989361535e-01,-7.875350100695130973e-01,2.266698803647333625e+04,1.873555189167826393e+04
5.091626691607161611e+07,6.464746481068817108e-01,-7.795637897966337659e-01,2.243553569191312636e+04,1.901816112181202698e+04
5.097943846311388910e+07,6.558990104682488331e-01,-7.714738187291154681e-01,2.220057303542391310e+04,1.929798510396208076e+04
5.104261001015616208e+07,6.652234196486856987e-01,-7.632662821404474496e-01,2.196213171806345417e+04,1.957498056247359273e+04
5.110578155719843507e+07,6.744464134898703334e-01,-7.549423835123240112e-01,2.172024391513389855e+04,1.984910453432396753e+04
5.116895310424070805e+07,6.835665435304948412e-01,-7.465033444013462471e-01,2.147494232432925492e+04,2.012031437520386680e+04
5.123212465128298104e+07,6.925823752264534949e-01,-7.379504043031505089e-01,2.122626016382085800e+04,2.038856776562348387e+04
5.129529619832524657e+07,7.014924881702075954e-01,-7.292848205139544904e-01,2.097423117027943954e+04,2.065382271704368031e+04
5.135846774536751956e+07,7.102954763093082269e-01,-7.205078679895040583e-01,2.071888959683224675e+04,2.091603757803179542e+04
5.142163929240979254e+07,7.189899481640299461e-01,-7.116208392014257145e-01,2.046027021095425516e+04,2.117517104044124062e+04
5.148481083945206553e+07,7.275745270441120738e-01,-7.026250439909537127e-01,2.019840829229145675e+04,2.143118214561504647e+04
5.154798238649433851e+07,7.360478512645598492e-01,-6.935218094200392702e-01,1.993333963041525567e+04,2.168403029061237612e+04
5.161115393353661150e+07,7.444085743604839100e-01,-6.843124796198229998e-01,1.966510052250637818e+04,2.193367523445765983e+04
5.167432548057888448e+07,7.526553653009472322e-01,-6.749984156364652321e-01,1.939372777096687787e+04,2.218007710441172094e+04
5.173749702762115747e+07,7.607869087017868903e-01,-6.655809952743230173e-01,1.911925868095881742e+04,2.242319640226430784e+04
5.180066857466343045e+07,7.688019050373825491e-01,-6.560616129364655880e-01,1.884173105786818633e+04,2.266299401064730409e+04
5.186384012170570344e+07,7.766990708513359376e-01,-6.464416794625199580e-01,1.856118320469262108e+04,2.289943119936795119e+04
5.192701166874797642e+07,7.844771389660331051e-01,-6.367226219638379980e-01,1.827765391935146545e+04,2.313246963176130521e+04
5.199018321579024941e+07,7.921348586910522682e-01,-6.269058836559767700e-01,1.799118249191677023e+04,2.336207137106116352e+04
5.205335476283252239e+07,7.996709960303861608e-01,-6.169929236884859058e-01,1.770180870176374810e+04,2.358819888678855932e+04
5.211652630987479538e+07,8.070843338884446938e-01,-6.069852169719921475e-01,1.740957281463927575e+04,2.381081506115700904e+04
5.217969785691706836e+07,8.143736722748003976e-01,-5.968842540025776078e-01,1.711451557964699532e+04,2.402988319549353037e+04
5.224286940395933390e+07,8.215378285076437859e-01,-5.866915406834432023e-01,1.681667822614763281e+04,2.424536701667446323e+04
5.230604095100160688e+07,8.285756374159147786e-01,-5.764085981438459294e-01,1.651610246057287441e+04,2.445723068357519514e+04
5.236921249804387987e+07,8.354859515400622216e-01,-5.660369625553225426e-01,1.621283046315191859e+04,2.466543879353237207e+04
5.243238404508615285e+07,8.422676413314108546e-01,-5.555781849451687515e-01,1.590690488454860497e+04,2.486995638881797640e+04
5.249555559212842584e+07,8.489195953500847658e-01,-5.450338310071894954e-01,1.559836884240821018e+04,2.507074896312374403e+04
5.255872713917069882e+07,8.554407204614543625e-01,-5.344054809097071868e-01,1.528726591781232491e+04,2.526778246805484014e+04
5.262189868621297181e+07,8.618299420310665537e-01,-5.236947291008262617e-01,1.497364015164046214e+04,2.546102331963156394e+04
5.268507023325524479e+07,8.680862041180185118e-01,-5.129031841109509271e-01,1.465753604083701794e+04,2.565043840479773644e+04
5.274824178029751778e+07,8.742084696667354882e-01,-5.020324683525533294e-01,1.433899853458223515e+04,2.583599508793445420e+04
5.281141332733979076e+07,8.801957206971102732e-01,-4.910842179171902022e-01,1.401807303036580379e+04,2.601766121737782669e+04
5.287458487438206375e+07,8.860469584929643316e-01,-4.800600823697668273e-01,1.369480536996179762e+04,2.619540513193921288e+04
5.293775642142433673e+07,8.917612037887889809e-01,-4.689617245400476975e-01,1.336924183530361188e+04,2.636919566742652387e+04
5.300092796846660972e+07,8.973374969547213142e-01,-4.577908203114124386e-01,1.304142914425761955e+04,2.653900216316502338e+04
5.306409951550888270e+07,9.027748981797166783e-01,-4.465490584068601554e-01,1.271141444629426405e+04,2.670479446851605826e+04
5.312727106255115569e+07,9.080724876528685208e-01,-4.352381401722603127e-01,1.237924531805533843e+04,2.686654294939207830e+04
5.319044260959342122e+07,9.132293657428354194e-01,-4.238597793568559258e-01,1.204496975881626167e+04,2.702421849476627904e+04
5.325361415663569421e+07,9.182446531753323260e-01,-4.124157018910122874e-01,1.170863618584190044e+04,2.717779252317520513e+04
5.331678570367796719e+07,9.231174912086315132e-01,-4.009076456612351014e-01,1.137029342963534691e+04,2.732723698921232062e+04
5.337995725072024018e+07,9.278470418070409176e-01,-3.893373602824353741e-01,1.102999072907770460e+04,2.747252439001106541e+04
5.344312879776251316e+07,9.324324878123035898e-01,-3.777066068674660992e-01,1.068777772645835284e+04,2.761362777171526250e+04
5.350630034480478615e+07,9.368730331128761746e-01,-3.660171577939279053e-01,1.034370446239434023e+04,2.775052073593507885e+04
5.356947189184705913e+07,9.411679028110383483e-01,-3.542707964682528798e-01,9.997821370637882865e+03,2.788317744618655342e+04
5.363264343888933212e+07,9.453163433877853628e-01,-3.424693170870716230e-01,9.650179272770930766e+03,2.801157263431271349e+04
5.369581498593160510e+07,9.493176228654569559e-01,-3.306145243958745761e-01,9.300829372785785381e+03,2.813568160688419448e+04
5.375898653297387809e+07,9.531710309680534454e-01,-3.187082334449740650e-01,8.949823251550822533e+03,2.825548025157729353e+04
5.382215808001615107e+07,9.568758792791894896e-01,-3.067522693427789382e-01,8.597212861160351167e+03,2.837094504352731019e+04
5.388532962705842406e+07,9.604315013976389981e-01,-2.947484670063919010e-01,8.243050519167749371e+03,2.848205305165498066e+04
5.394850117410069704e+07,9.638372530904184554e-01,-2.826986709095408168e-01,7.887388902700982726e+03,2.858878194496378637e+04
5.401167272114297003e+07,9.670925124433615849e-01,-2.706047348278585174e-01,7.530281042459719174e+03,2.869110999880585587e+04
5.407484426818523556e+07,9.701966800091328391e-01,-2.584685215815241133e-01,7.171780316593287353e+03,2.878901610111413174e+04
5.413801581522750854e+07,9.731491789526334202e-01,-2.462919027752736578e-01,6.811940444458502498e+03,2.888247975859853977e+04
5.420118736226978153e+07,9.759494551937408779e-01,-2.340767585358164704e-01,6.450815480257300806e+03,2.897148110290352270e+04
5.426435890931205451e+07,9.785969775473412069e-01,-2.218249772466457104e-01,6.088459806552701593e+03,2.905600089672480681e+04
5.432753045635432750e+07,9.810912378605946005e-01,-2.095384552802820599e-01,5.724928127663135456e+03,2.913602053988269108e+04
5.439070200339660048e+07,9.834317511473871232e-01,-1.972190967279611185e-01,5.360275462934340794e+03,2.921152207534941044e+04
5.445387355043887347e+07,9.856180557199153425e-01,-1.848688131267859081e-01,4.994557139888382153e+03,2.928248819522803024e+04
5.451704509748114645e+07,9.876497133173517406e-01,-1.724895231843650567e-01,4.627828787249341076e+03,2.934890224668025257e+04
5.458021664452341944e+07,9.895263092315378373e-01,-1.600831525009593914e-01,4.260146327845304768e+03,2.941074823780048973e+04
5.464338819156569242e+07,9.912474524296563949e-01,-1.476516332891597283e-01,3.891565971386307410e+03,2.946801084343354523e+04
5.470655973860796541e+07,9.928127756738254206e-01,-1.351969040911205344e-01,3.522144207117959468e+03,2.952067541093320688e+04
5.476973128565023839e+07,9.942219356375652239e-01,-1.227209094933746775e-01,3.151937796350538520e+03,2.956872796585898323e+04
5.483290283269251138e+07,9.954746130190832432e-01,-1.102255998392564079e-01,2.781003764863391552e+03,2.961215521760823322e+04
5.489607437973478436e+07,9.965705126513257905e-01,-9.771293093896006587e-02,2.409399395184540936e+03,2.965094456498085856e+04
5.495924592677705735e+07,9.975093636087436488e-01,-8.518486377726365577e-02,2.037182218745469982e+03,2.968508410167375769e+04
5.502241747381932288e+07,9.982909193107178947e-01,-7.264336421894923568e-02,1.664410007911148796e+03,2.971456262170213813e+04
5.508558902086159587e+07,9.989149576215942128e-01,-6.009040271194256849e-02,1.291140767885136938e+03,2.973936962474482425e+04
5.514876056790386885e+07,9.993812809472724101e-01,-4.752795398822684536e-02,9.174327284905748456e+02,2.975949532141061718e+04
5.521193211494614184e+07,9.996897163282996157e-01,-3.495799676253517202e-02,5.433443358264149765e+02,2.977493063842276752e+04
5.527510366198841482e+07,9.998401155294133202e-01,-2.238251342887885575e-02,1.689342437998433297e+02,2.978566722371862124e+04
5.533827520903068781e+07,9.998323551254829633e-01,-9.803489754939293671e-03,-2.057386944650078249e+02,2.979169745146138666e+04
5.540144675607296079e+07,9.996663365837978876e-01,2.777085425637368984e-03,-5.806154353415753349e+02,2.979301442696107188e+04
5.546461830311523378e+07,9.993419863426488137e-01,1.535722052300385852e-02,-9.556367535381050402e+02,2.978961199150152606e+04
5.552778985015750676e+07,9.988592558861525417e-01,2.793492150289332912e-02,-1.330743251057031557e+03,2.978148472707054680e+04
5.559096139719977975e+07,9.982181218152678115e-01,4.050819220037730345e-02,-1.705875366275845863e+03,2.976862796098998660e+04
5.565413294424205273e+07,9.974185859149495847e-01,5.307503463555712092e-02,-2.080973383148720131e+03,2.975103777044278831e+04
5.571730449128432572e+07,9.964606752173946758e-01,6.563344933114466373e-02,-2.455977440528080479e+03,2.972871098689384598e+04
5.578047603832659870e+07,9.953444420613236643e-01,7.818143563188699463e-02,-2.830827541605245187e+03,2.970164520040160278e+04
5.584364758536887169e+07,9.940699641472535708e-01,9.071699202578796528e-02,-3.205463563469165820e+03,2.966983876381726805e+04
5.590681913241114467e+07,9.926373445887074487e-01,1.032381164670788110e-01,-3.579825266782226208e+03,2.963329079686854675e+04
5.596999067945341021e+07,9.910467119593153740e-01,1.157428067008867134e-01,-3.953852305571933357e+03,2.959200119012475625e+04
5.603316222649568319e+07,9.892982203357540971e-01,1.282290605895594626e-01,-4.327484237137563468e+03,2.954597060884018356e+04
5.609633377353795618e+07,9.873920493364829465e-01,1.406948764405723251e-01,-4.700660532069810870e+03,2.949520049667263811e+04
5.615950532058022916e+07,9.853284041562213602e-01,1.531382533359925135e-01,-5.073320584382957350e+03,2.943969307927396585e+04
5.622267686762250215e+07,9.831075155961271905e-01,1.655571914634252628e-01,-5.445403721757444146e+03,2.937945136774950879e+04
5.628584841466477513e+07,9.807296400896248212e-01,1.779496924483938702e-01,-5.816849215891583299e+03,2.931447916198331950e+04
5.634901996170704812e+07,9.781950597238410205e-01,1.903137596880949411e-01,-6.187596292960733081e+03,2.924478105382609283e+04
5.641219150874932110e+07,9.755040822566006797e-01,2.026473986864702759e-01,-6.557584144182238560e+03,2.917036243014267893e+04
5.647536305579159409e+07,9.726570411289394702e-01,2.149486173905354736e-01,-6.926751936484349244e+03,2.909122947571609984e+04
5.653853460283386707e+07,9.696542954730903441e-01,2.272154265279040242e-01,-7.295038823277226584e+03,2.900738917600503555e+04
5.660170614987614006e+07,9.664962301158999125e-01,2.394458399454442166e-01,-7.662383955324090493e+03,2.891884931975168365e+04
5.666487769691841304e+07,9.631832555776330684e-01,2.516378749490051914e-01,-8.028726491710443042e+03,2.882561850143701668e+04
5.672804924396068603e+07,9.597158080661269963e-01,2.637895526441471072e-01,-8.394005610909245661e+03,2.872770612358038852e+04
5.679122079100295901e+07,9.560943494662506037e-01,2.758988982778088905e-01,-8.758160521939817045e+03,2.862512239888053227e+04
5.685439233804522455e+07,9.523193673246350688e-01,2.879639415808444847e-01,-9.121130475618101627e+03,2.851787835219498811e+04
5.691756388508749753e+07,9.483913748296310953e-01,2.999827171113678137e-01,-9.482854775896168576e+03,2.840598582235499998e+04
5.698073543212977052e+07,9.443109107864643414e-01,3.119532645988145059e-01,-9.843272791287823566e+03,2.828945746381312347e+04
5.704390697917204350e+07,9.400785395875445039e-01,3.238736292886773005e-01,-1.020232396637860074e+04,2.816830674812048164e+04
5.710707852621431649e+07,9.356948511778983013e-01,3.357418622878224346e-01,-1.055994783341685434e+04,2.804254796523101322e+04
5.717025007325658947e+07,9.311604610156912765e-01,3.475560209103206177e-01,-1.091608402398345061e+04,2.791219622462986081e+04
5.723342162029886246e+07,9.264760100278048860e-01,3.593141690237171559e-01,-1.127067228073720435e+04,2.777726745628317440e+04
5.729659316734113544e+07,9.216421645604395696e-01,3.710143773956648405e-01,-1.162365246923312225e+04,2.763777841140664896e+04
5.735976471438340843e+07,9.166596163247119344e-01,3.826547240408427197e-01,-1.197496458981048090e+04,2.749374666305012579e+04
5.742293626142568141e+07,9.115290823372174112e-01,3.942332945680823153e-01,-1.232454878954763626e+04,2.734519060649568200e+04
5.748610780846795440e+07,9.062513048555316253e-01,4.057481825276223475e-01,-1.267234537428040312e+04,2.719212945946666514e+04
5.754927935551022738e+07,9.008270513086239495e-01,4.171974897584109221e-01,-1.301829482068076868e+04,2.703458326214516637e+04
5.761245090255250037e+07,8.952571142221583678e-01,4.285793267353749658e-01,-1.336233778839258594e+04,2.687257287699553490e+04
5.767562244959477335e+07,8.895423111386581150e-01,4.398918129165728108e-01,-1.370441513222085450e+04,2.670611998839153239e+04
5.773879399663704634e+07,8.836834845325128862e-01,4.511330770901484377e-01,-1.404446791437109096e+04,2.653524710204484290e+04
5.780196554367931187e+07,8.776815017198081881e-01,4.623012577210000029e-01,-1.438243741673517434e+04,2.635997754423271545e+04
5.786513709072158486e+07,8.715372547629539612e-01,4.733945032970864886e-01,-1.471826515322025989e+04,2.618033546082243993e+04
5.792830863776385784e+07,8.652516603701062570e-01,4.844109726752657830e-01,-1.505189288211644634e+04,2.599634581609087400e+04
5.799148018480613083e+07,8.588256597893507704e-01,4.953488354266035176e-01,-1.538326261850018454e+04,2.580803439133657230e+04
5.805465173184840381e+07,8.522602186976471206e-01,5.062062721810460797e-01,-1.571231664666895995e+04,2.561542778328288477e+04
5.811782327889067680e+07,8.455563270845140034e-01,5.169814749713750324e-01,-1.603899753260355101e+04,2.541855340227001943e+04
5.818099482593294978e+07,8.387149991304475583e-01,5.276726475763539037e-01,-1.636324813645379254e+04,2.521743947023432702e+04
5.824416637297522277e+07,8.317372730800632885e-01,5.382780058629761388e-01,-1.668501162504378226e+04,2.501211501847304680e+04
5.830733792001749575e+07,8.246242111099540972e-01,5.487957781277239544e-01,-1.700423148439236320e+04,2.480260988519295643e+04
5.837050946705976874e+07,8.173768991912582216e-01,5.592242054367460025e-01,-1.732085153224467285e+04,2.458895471284134328e+04
5.843368101410204172e+07,8.099964469469344008e-01,5.695615419648614175e-01,-1.763481593061047897e+04,2.437118094521787498e+04
5.849685256114431471e+07,8.024839875037413917e-01,5.798060553332983202e-01,-1.794606919830496918e+04,2.414932082436603014e+04
5.856002410818658769e+07,7.948406773389228297e-01,5.899560269460728534e-01,-1.825455622348760153e+04,2.392340738724280163e+04
5.862319565522886068e+07,7.870676961215976597e-01,6.000097523249139364e-01,-1.856022227619453042e+04,2.369347446216555909e+04
5.868636720227112621e+07,7.791662465488627953e-01,6.099655414426413680e-01,-1.886301302086011856e+04,2.345955666503500834e+04
5.874953874931339920e+07,7.711375541766046782e-01,6.198217190549049072e-01,-1.916287452882312209e+04,2.322168939533312368e+04
5.881271029635567218e+07,7.629828672450456040e-01,6.295766250301756406e-01,-1.945975329081247764e+04,2.297990883189565284e+04
5.887588184339794517e+07,7.547034564990122707e-01,6.392286146779161404e-01,-1.975359622940868212e+04,2.273425192845785205e+04
5.893905339044021815e+07,7.463006150029524166e-01,6.487760590748146150e-01,-2.004435071147557028e+04,2.248475640897324047e+04
5.900222493748249114e+07,7.377756579507094292e-01,6.582173453889973436e-01,-2.033196456055794988e+04,2.223146076270470803e+04
5.906539648452476412e+07,7.291299224700686921e-01,6.675508772021182535e-01,-2.061638606924027408e+04,2.197440423908752200e+04
5.912856803156703711e+07,7.203647674220946540e-01,6.767750748292324925e-01,-2.089756401146155258e+04,2.171362684236399582e+04
5.919173957860931009e+07,7.114815731952781608e-01,6.858883756363554074e-01,-2.117544765478161207e+04,2.144916932598958010e+04
5.925491112565158308e+07,7.024817414945144778e-01,6.948892343556111184e-01,-2.144998677259387478e+04,2.118107318681032120e+04
5.931808267269385606e+07,6.933666951249372046e-01,7.037761233978743203e-01,-2.172113165627971102e+04,2.090938065901171649e+04
5.938125421973612905e+07,6.841378777706327297e-01,7.125475331628091658e-01,-2.198883312729945828e+04,2.063413470783914454e+04
5.944442576677840203e+07,6.747967537682627581e-01,7.212019723462068654e-01,-2.225304254921512984e+04,2.035537902309014316e+04
5.950759731382067502e+07,6.653448078756253325e-01,7.297379682445288562e-01,-2.251371183963987278e+04,2.007315801237891355e+04
5.957076886086294800e+07,6.557835450351879869e-01,7.381540670565563955e-01,-2.277079348210917306e+04,1.978751679417361811e+04
5.963394040790521353e+07,6.461144901326237866e-01,7.464488341820523232e-01,-2.302424053786878721e+04,1.949850119060711950e+04
5.969711195494748652e+07,6.363391877503845606e-01,7.546208545173428428e-01,-2.327400665757456227e+04,1.920615772006173938e+04
5.976028350198975950e+07,6.264592019163642833e-01,7.626687327477125189e-01,-2.352004609289872678e+04,1.891053358952945200e+04
5.982345504903203249e+07,6.164761158476693703e-01,7.705910936365338859e-01,-2.376231370803820028e+04,1.861167668674784363e+04
5.988662659607430547e+07,6.063915316895583940e-01,7.783865823110258653e-01,-2.400076499111950397e+04,1.830963557211348962e+04
5.994979814311657846e+07,5.962070702495861907e-01,7.860538645445508399e-01,-2.423535606549540898e+04,1.800445947037385486e+04
6.001296969015885144e+07,5.859243707270018753e-01,7.935916270353564617e-01,-2.446604370092835234e+04,1.769619826209911844e+04
6.007614123720112443e+07,5.755450904374492804e-01,8.009985776816715974e-01,-2.469278532465561875e+04,1.738490247493546485e+04
6.013931278424339741e+07,5.650709045330210012e-01,8.082734458530612676e-01,-2.491553903233131859e+04,1.707062327464151531e+04
6.020248433128567040e+07,5.545035057177178928e-01,8.154149826579524252e-01,-2.513426359884025078e+04,1.675341245590966719e+04
6.026565587832794338e+07,5.438446039583710867e-01,8.224219612072379837e-01,-2.534891848897871387e+04,1.643332243297426976e+04
6.032882742537021637e+07,5.330959261910828140e-01,8.292931768738703857e-01,-2.555946386799739776e+04,1.611040623000866435e+04
6.039199897241248935e+07,5.222592160232442104e-01,8.360274475483565615e-01,-2.576586061200147742e+04,1.578471747131327720e+04
6.045517051945476234e+07,5.113362334311934987e-01,8.426236138900650152e-01,-2.596807031820311022e+04,1.545631037129704055e+04
6.051834206649703532e+07,5.003287544535766074e-01,8.490805395742594408e-01,-2.616605531502156373e+04,1.512523972425458851e+04
6.058151361353930086e+07,4.892385708804767863e-01,8.553971115347729359e-01,-2.635977867202616471e+04,1.479156089394179799e+04
6.064468516058157384e+07,4.780674899383734466e-01,8.615722402022407689e-01,-2.654920420971758722e+04,1.445532980295212292e+04
6.070785670762384683e+07,4.668173339710185443e-01,8.676048597377986615e-01,-2.673429650914242666e+04,1.411660292189710344e+04
6.077102825466611981e+07,4.554899401162760819e-01,8.734939282621786427e-01,-2.691502092133697806e+04,1.377543725839319814e+04
6.083419980170839280e+07,4.440871599790168212e-01,8.792384280801109897e-01,-2.709134357659533271e+04,1.343189034585855916e+04
6.089737134875066578e+07,4.326108593001364300e-01,8.848373658999556524e-01,-2.726323139355743115e+04,1.308602023212269341e+04
6.096054289579293877e+07,4.210629176217743908e-01,8.902897730484853334e-01,-2.743065208811269258e+04,1.273788546785231665e+04
6.102371444283521175e+07,4.094452279488131619e-01,8.955947056807432860e-01,-2.759357418211485128e+04,1.238754509479682747e+04
6.108688598987748474e+07,3.977596964067378615e-01,9.007512449848996683e-01,-2.775196701190375461e+04,1.203505863385690463e+04
6.115005753691975772e+07,3.860082418959386863e-01,9.057584973820328456e-01,-2.790580073662989889e+04,1.168048607297986746e+04
6.121322908396203071e+07,3.741927957425408846e-01,9.106155947207635881e-01,-2.805504634637765048e+04,1.132388785488554640e+04
6.127640063100430369e+07,3.623153013458476623e-01,9.153216944666711097e-01,-2.819967567008306287e+04,1.096532486462652923e+04
6.133957217804657668e+07,3.503777138224835053e-01,9.198759798864222237e-01,-2.833966138324238273e+04,1.060485841698674631e+04
6.140274372508884966e+07,3.383819996473274583e-01,9.242776602265448949e-01,-2.847497701540737762e+04,1.024255024372247863e+04
6.146591527213111520e+07,3.263301362913284542e-01,9.285259708867822370e-01,-2.860559695746372017e+04,9.878462480649997815e+03
6.152908681917338818e+07,3.142241118562865143e-01,9.326201735879643406e-01,-2.873149646868881973e+04,9.512657654583887052e+03
6.159225836621566117e+07,3.020659247067148945e-01,9.365595565343279860e-01,-2.885265168358534356e+04,9.145198670131045219e+03
6.165542991325793415e+07,2.898575830988507906e-01,9.403434345702372799e-01,-2.896903961848724430e+04,8.776148796344024959e+03
6.171860146030020714e+07,2.776011048069317866e-01,9.439711493312346047e-01,-2.908063817793469570e+04,8.405571653238894214e+03
6.178177300734248012e+07,2.652985167468286942e-01,9.474420693893730316e-01,-2.918742616081479355e+04,8.033531198182066873e+03
6.184494455438475311e+07,2.529518545971349286e-01,9.507555903927722429e-01,-2.928938326626482376e+04,7.660091712150867352e+03
6.190811610142702609e+07,2.405631624178144468e-01,9.539111351993476706e-01,-2.938649009933511843e+04,7.285317785872703098e+03
6.197128764846929908e+07,2.281344922665089203e-01,9.569081540046614487e-01,-2.947872817640850917e+04,6.909274305847755386e+03
6.203445919551157206e+07,2.156679038126090020e-01,9.597461244638475497e-01,-2.956607993037366396e+04,6.532026440260200616e+03
6.209763074255384505e+07,2.031654639491929371e-01,9.624245518075653649e-01,-2.964852871554953526e+04,6.153639624783048021e+03
6.216080228959611803e+07,1.906292464029391565e-01,9.649429689519366526e-01,-2.972605881235844208e+04,5.774179548281748794e+03
6.222397383663839102e+07,1.780613313421188226e-01,9.673009366024266642e-01,-2.979865543174531194e+04,5.393712138421806230e+03
6.228714538368066400e+07,1.654638049827762969e-01,9.694980433516262597e-01,-2.986630471934076922e+04,5.012303547185683783e+03
6.235031693072293699e+07,1.528387591932062195e-01,9.715339057709023729e-01,-2.992899375936593788e+04,4.630020136304363405e+03
6.241348847776520252e+07,1.401882910968380302e-01,9.734081684958777458e-01,-2.998671057827686309e+04,4.246928462609022063e+03
6.247666002480747551e+07,1.275145026736294318e-01,9.751205043057108446e-01,-3.003944414814669653e+04,3.863095263308027825e+03
6.253983157184974849e+07,1.148195003601021891e-01,9.766706141961416510e-01,-3.008718438978377890e+04,3.478587441195456449e+03
6.260300311889202148e+07,1.021053946481024627e-01,9.780582274462806813e-01,-3.012992217558410266e+04,3.093472049795801468e+03
6.266617466593429446e+07,8.937429968242045775e-02,9.792831016791105903e-01,-3.016764933211653988e+04,2.707816278451172820e+03
6.272934621297656745e+07,7.662833285737351285e-02,9.803450229156800422e-01,-3.020035864243953256e+04,2.321687437356371902e+03
6.279251776001884043e+07,6.386961441246787052e-02,9.812438056229686456e-01,-3.022804384814801597e+04,1.935152942547584871e+03
6.285568930706111342e+07,5.110026702725324610e-02,9.819792927554039652e-01,-3.025069965114946535e+04,1.548280300850423146e+03
6.291886085410338640e+07,3.832241541548474240e-02,9.825513557900150685e-01,-3.026832171516814560e+04,1.161137094793067035e+03
6.298203240114565939e+07,2.553818591870715346e-02,9.829598947552086186e-01,-3.028090666697678898e+04,7.737909674902953157e+02
6.304520394818793237e+07,1.274970609937679453e-02,9.832048382531575204e-01,-3.028845209735499884e+04,3.863096075042033704e+02
6.310837549523020536e+07,-4.089566636358990477e-05,9.832861434757920183e-01,-3.029095656177390265e+04,-1.239266312570691753e+00
