time,x,y,vx,vy
0.000000000000000000e+00,0.000000000000000000e+00,3.000000000000000444e-01,-7.091176415415530209e+04,0.000000000000000000e+00
6.317154704227247566e+04,-2.991475121961808398e-02,2.991231270810737475e-01,-7.070431599590706173e+04,-4.150862524385865981e+03
1.263430940845449513e+05,-5.965578924261794036e-02,2.965065776267520881e-01,-7.009151497602237214e+04,-8.227420116455865355e+03
1.895146411268174415e+05,-8.905670801997256358e-02,2.921965181585491345e-01,-6.909852286642885883e+04,-1.216083386584825530e+04
2.526861881690899027e+05,-1.179647239125622277e-01,2.862662313412291382e-01,-6.776412946589649073e+04,-1.589218054261468387e+04
3.158577352113623638e+05,-1.462456183030165224e-01,2.788112303229752786e-01,-6.613675662362309231e+04,-1.937548516915715300e+04
3.790292822536348831e+05,-1.737868714025785077e-01,2.699434563001649190e-01,-6.427001547891230439e+04,-2.257901755391362894e+04
4.422008292959073442e+05,-2.004989525563584674e-01,2.597852772081188921e-01,-6.221852425936047803e+04,-2.548498148222639065e+04
5.053723763381798053e+05,-2.263149917810851897e-01,2.484638905975179723e-01,-6.003448872906414181e+04,-2.808798760713801676e+04
5.685439233804523246e+05,-2.511892143035042713e-01,2.361065409942892657e-01,-5.776528467864282720e+04,-3.039280586470270646e+04
6.317154704227247275e+05,-2.750945698592893729e-01,2.228367552710651123e-01,-5.545204959315562883e+04,-3.241186186458440352e+04
6.948870174649972469e+05,-2.980199558689078931e-01,2.087716251679358759e-01,-5.312913607029343257e+04,-3.416282980602294265e+04
7.580585645072697662e+05,-3.199673537054030237e-01,1.940200457315248705e-01,-5.082420897894566588e+04,-3.566653893891345069e+04
8.212301115495421691e+05,-3.409491021598617944e-01,1.786817530589729919e-01,-4.855876277077823033e+04,-3.694529055550770136e+04
8.844016585918146884e+05,-3.609854437388578252e-01,1.628469833614519524e-01,-4.634886798661690409e+04,-3.802159565637375636e+04
9.475732056340870913e+05,-3.801024085976126288e-01,1.465965831940507780e-01,-4.420600361365470599e+04,-3.891729143864713842e+04
1.010744752676359611e+06,-3.983300505313797091e-01,1.300024242595390345e-01,-4.213787925352585444e+04,-3.965297085276498547e+04
1.073916299718632130e+06,-4.157010175264124197e-01,1.131280055326055051e-01,-4.014919037124967872e+04,-4.024765451840215974e+04
1.137087846760904649e+06,-4.322494218990446391e-01,9.602915435520474607e-02,-3.824227890379531891e+04,-4.071864010960805172e+04
1.200259393803176936e+06,-4.480099677505977596e-01,7.875476341135616287e-02,-3.641769091339628358e+04,-4.108147495811454428e+04
1.263430940845449455e+06,-4.630172926691473734e-01,6.134752092415669128e-02,-3.467463472183482372e+04,-4.135000935316858522e+04
1.326602487887721974e+06,-4.773054835411202346e-01,4.384460704168104128e-02,-3.301134921072005818e+04,-4.153649883583725023e+04
1.389774034929994494e+06,-4.909077310801971961e-01,2.627834078747021476e-02,-3.142539458485318755e+04,-4.165173284532163234e+04
1.452945581972267013e+06,-5.038560930182617303e-01,8.676769943858924153e-03,-2.991387829311669702e+04,-4.170517419630465884e+04
1.516117129014539532e+06,-5.161813411214697389e-01,-8.935798395076053474e-03,-2.847362797738936206e+04,-4.170509921142802341e+04
1.579288676056811819e+06,-5.279128719253057822e-01,-2.653832542949718237e-02,-2.710132192137517995e+04,-4.165873219846430584e+04
1.642460223099084338e+06,-5.390786651735506307e-01,-4.411262318931356147e-02,-2.579358589101707548e+04,-4.157237066712194792e+04
1.705631770141356857e+06,-5.497052773722655994e-01,-6.164298766105374972e-02,-2.454706371696449787e+04,-4.145149951426257758e+04
1.768803317183629377e+06,-5.598178606740322749e-01,-7.911587769242309220e-02,-2.335846757745640934e+04,-4.130089360665030836e+04
1.831974864225901896e+06,-5.694401995636857450e-01,-9.651963479196476459e-02,-2.222461274014768787e+04,-4.112470894274397142e+04
1.895146411268174183e+06,-5.785947596079549227e-01,-1.138442391206489351e-01,-2.114244051912720897e+04,-4.092656301856971550e+04
1.958317958310446702e+06,-5.873027439386951931e-01,-1.310810972920362638e-01,-2.010903238436664833e+04,-4.070960525859438349e+04
2.021489505352719221e+06,-5.955841542355146956e-01,-1.482228579862956697e-01,-1.912161750229220343e+04,-4.047657847268788464e+04
2.084661052394991741e+06,-6.034578538210645382e-01,-1.652632517947254798e-01,-1.817757546304197967e+04,-4.022987231477558089e+04
2.147832599437264260e+06,-6.109416311331511418e-01,-1.821969521170432871e-01,-1.727443553829679877e+04,-3.997156968179840624e+04
2.211004146479536779e+06,-6.180522623345757749e-01,-1.990194543169912789e-01,-1.640987349200654353e+04,-3.970348692595832108e+04
2.274175693521809299e+06,-6.248055721983399868e-01,-2.157269706940329601e-01,-1.558170671667394708e+04,-3.942720867384706071e+04
2.337347240564081818e+06,-6.312164926896277617e-01,-2.323163391464485861e-01,-1.478788827501444030e+04,-3.914411796240387775e+04
2.400518787606353872e+06,-6.372991188781119698e-01,-2.487849436834978500e-01,-1.402650027852549829e+04,-3.885542231949375855e+04
2.463690334648626391e+06,-6.430667619712939764e-01,-2.651306451929097974e-01,-1.329574692095294813e+04,-3.856217633955115889e+04
2.526861881690898910e+06,-6.485319993747361567e-01,-2.813517210872159557e-01,-1.259394739805340396e+04,-3.826530123389617802e+04
2.590033428733171429e+06,-6.537067217682243081e-01,-2.974468126412928015e-01,-1.191952887930258657e+04,-3.796560177167537040e+04
2.653204975775443949e+06,-6.586021772458489076e-01,-3.134148789969703475e-01,-1.127101964750722800e+04,-3.766378097095160047e+04
2.716376522817716468e+06,-6.632290126086854976e-01,-3.292551569517015997e-01,-1.064704248492288934e+04,-3.736045284993841778e+04
2.779548069859988987e+06,-6.675973119257575528e-01,-3.449671257698724847e-01,-1.004630835657804164e+04,-3.705615350521844812e+04
2.842719616902261507e+06,-6.717166324957789536e-01,-3.605504763599285400e-01,-9.467610420827233611e+03,-3.675135074638563674e+04
2.905891163944534026e+06,-6.755960383514760803e-01,-3.760050842504011337e-01,-8.909818381984323423e+03,-3.644645248426994658e+04
2.969062710986806545e+06,-6.792441314521063811e-01,-3.913309858751610193e-01,-8.371873188897938235e+03,-3.614181404212208145e+04
3.032234258029079065e+06,-6.826690807096694735e-01,-4.065283577445870655e-01,-7.852782075509257993e+03,-3.583774453527739388e+04
3.095405805071351118e+06,-6.858786489914113771e-01,-4.215974981363577734e-01,-7.351613933997440654e+03,-3.553451244435850094e+04
3.158577352113623638e+06,-6.888802182364289761e-01,-4.365388109885888213e-01,-6.867495007473667101e+03,-3.523235048954717058e+04
3.221748899155896157e+06,-6.916808128181448634e-01,-4.513527917201947681e-01,-6.399604886874718431e+03,-3.493145989844542055e+04
3.284920446198168676e+06,-6.942871212776311474e-01,-4.660400147396415171e-01,-5.947172795382849472e+03,-3.463201414719388413e+04
3.348091993240441196e+06,-6.967055165455684484e-01,-4.806011224345133614e-01,-5.509474143096074840e+03,-3.433416224351082201e+04
3.411263540282713715e+06,-6.989420747632971720e-01,-4.950368154612721505e-01,-5.085827334590277133e+03,-3.403803161088865454e+04
3.474435087324986234e+06,-7.010025928061385248e-01,-5.093478441778523935e-01,-4.675590812300064499e+03,-3.374373062510644377e+04
3.537606634367258754e+06,-7.028926046050540943e-01,-5.235350010818372590e-01,-4.278160319184336913e+03,-3.345135084728873335e+04
3.600778181409531273e+06,-7.046173963558812758e-01,-5.375991141343527957e-01,-3.892966364849388810e+03,-3.316096899179519096e+04
3.663949728451803792e+06,-7.061820206988599358e-01,-5.515410408648772078e-01,-3.519471880113148927e+03,-3.287264866211763001e+04
3.727121275494075846e+06,-7.075913099450087396e-01,-5.653616631652211844e-01,-3.157170045861882954e+03,-3.258644188356911764e+04
3.790292822536348365e+06,-7.088498884201247519e-01,-5.790618826922735440e-01,-2.805582282940927143e+03,-3.230239045776957209e+04
3.853464369578620885e+06,-7.099621839917624744e-01,-5.926426168089586888e-01,-2.464256390709300831e+03,-3.202052716067479923e+04
3.916635916620893404e+06,-7.109324388395149574e-01,-6.061047950014297747e-01,-2.132764822756808371e+03,-3.174087680308598283e+04
3.979807463663165923e+06,-7.117647195242373659e-01,-6.194493557179912013e-01,-1.810703089120002005e+03,-3.146345717014982802e+04
4.042979010705438443e+06,-7.124629264075217350e-01,-6.326772435817635820e-01,-1.497688275132153876e+03,-3.118827985426123996e+04
4.106150557747710962e+06,-7.130308024687255219e-01,-6.457894069347971389e-01,-1.193357667797738486e+03,-3.091535099396387886e+04
4.169322104789983481e+06,-7.134719415631630701e-01,-6.587867956763167054e-01,-8.973674812914446193e+02,-3.064467192986953523e+04
4.232493651832255535e+06,-7.137897961616612719e-01,-6.716703593621418111e-01,-6.093916738446736190e+02,-3.037623978725103370e+04
4.295665198874528520e+06,-7.139876846085470019e-01,-6.844410455361458201e-01,-3.291208488992826915e+02,-3.011004799377632298e+04
4.358836745916800573e+06,-7.140687979322483114e-01,-6.970997982679663085e-01,-5.626123398033746525e+01,-2.984608673981887478e+04
4.422008292959073558e+06,-7.140362062400411602e-01,-7.096475568741335005e-01,2.094662687316153438e+02,-2.958434338788016612e+04
4.485179840001345612e+06,-7.138928647260317506e-01,-7.220852548023626305e-01,4.683269656600772350e+02,-2.932480283687596602e+04
4.548351387043618597e+06,-7.136416193192303137e-01,-7.344138186610477126e-01,7.205731940060900342e+02,-2.906744784635344331e+04
4.611522934085890651e+06,-7.132852119965115145e-01,-7.466341673779952615e-01,9.664450875043057749e+02,-2.881225932510797793e+04
4.674694481128163636e+06,-7.128262857833649324e-01,-7.587472114742210838e-01,1.206171290050851894e+03,-2.855921658814475813e+04
4.737866028170435689e+06,-7.122673894636076808e-01,-7.707538524401874591e-01,1.439969621143549148e+03,-2.830829758547184974e+04
4.801037575212707743e+06,-7.116109820176290679e-01,-7.826549822032575765e-01,1.668047696755731295e+03,-2.805947910580889948e+04
4.864209122254980728e+06,-7.108594368072765901e-01,-7.944514826763565685e-01,1.890603508971816836e+03,-2.781273695794264495e+04
4.927380669297252782e+06,-7.100150455241406311e-01,-8.061442253789260493e-01,2.107825967444532580e+03,-2.756804613214985875e+04
4.990552216339525767e+06,-7.090800219167583407e-01,-8.177340711222161884e-01,2.319895405487834068e+03,-2.732538094383515636e+04
5.053723763381797820e+06,-7.080565053111144147e-01,-8.292218697518146664e-01,2.526984053394277453e+03,-2.708471516129056545e+04
5.116895310424070805e+06,-7.069465639377716659e-01,-8.406084599410749147e-01,2.729256481359537702e+03,-2.684602211927144526e+04
5.180066857466342859e+06,-7.057521980779923876e-01,-8.518946690297753976e-01,2.926870014207670010e+03,-2.660927481989622538e+04
5.243238404508615844e+06,-7.044753430403299932e-01,-8.630813129029497599e-01,3.119975119937876570e+03,-2.637444602221171954e+04
5.306409951550887898e+06,-7.031178719783433007e-01,-8.741691959053552452e-01,3.308715773954812903e+03,-2.614150832161968356e+04
5.369581498593160883e+06,-7.016815985593368721e-01,-8.851591107875315112e-01,3.493229800699384214e+03,-2.591043422023044332e+04
5.432753045635432936e+06,-7.001682794933303811e-01,-8.960518386798183021e-01,3.673649194263639401e+03,-2.568119618909485507e+04
5.495924592677704990e+06,-6.985796169308192693e-01,-9.068481490910907938e-01,3.850100419451447578e+03,-2.545376672316380063e+04
5.559096139719977975e+06,-6.969172607372946526e-01,-9.175487999292991637e-01,4.022704694634500811e+03,-2.522811838973420890e+04
5.622267686762250029e+06,-6.951828106519448713e-01,-9.281545375412127985e-01,4.191578257650529849e+03,-2.500422387106012320e+04
5.685439233804523014e+06,-6.933778183374493809e-01,-9.386660967690327873e-01,4.356832615896284551e+03,-2.478205600173597850e+04
5.748610780846795067e+06,-6.915037893273160430e-01,-9.490842010217830360e-01,4.518574781681145396e+03,-2.456158780139568262e+04
5.811782327889068052e+06,-6.895621848767704565e-01,-9.594095623596070599e-01,4.676907493827774488e+03,-2.434279250321436848e+04
5.874953874931340106e+06,-6.875544237228120581e-01,-9.696428815892907949e-01,4.831929426432940090e+03,-2.412564357864935664e+04
5.938125421973613091e+06,-6.854818837586773572e-01,-9.797848483695088539e-01,4.983735385634536215e+03,-2.391011475881160732e+04
6.001296969015885144e+06,-6.833459036276076093e-01,-9.898361413244453066e-01,5.132416495168793517e+03,-2.369618005281898513e+04
6.064468516058158129e+06,-6.811477842404982663e-01,-9.997974281645849448e-01,5.278060371444877092e+03,-2.348381376344642558e+04
6.127640063100430183e+06,-6.788887902217136672e-01,-1.009669365813589348e+00,5.420751288811467930e+03,-2.327299050035627079e+04
6.190811610142702237e+06,-6.765701512870736511e-01,-1.019452600540298848e+00,5.560570335641745260e+03,-2.306368519116298557e+04
6.253983157184975222e+06,-6.741930635577656483e-01,-1.029147768094984761e+00,5.697595561818508031e+03,-2.285587309056099548e+04
6.317154704227247275e+06,-6.717586908136983226e-01,-1.038755493849086609e+00,5.831902118160173814e+03,-2.264952978772111601e+04
6.380326251269520260e+06,-6.692681656895907993e-01,-1.048276392937741219e+00,5.963562388290461968e+03,-2.244463121214045896e+04
6.443497798311792314e+06,-6.667225908168914472e-01,-1.057711070404479869e+00,6.092646113419506946e+03,-2.224115363811216594e+04
6.506669345354065299e+06,-6.641230399144230079e-01,-1.067060121347553903e+00,6.219220510471905982e+03,-2.203907368796457740e+04
6.569840892396337353e+06,-6.614705588304797823e-01,-1.076324131067387668e+00,6.343350383967197558e+03,-2.183836833420460607e+04
6.633012439438610338e+06,-6.587661665389319410e-01,-1.085503675214730013e+00,6.465098232030759391e+03,-2.163901490068650673e+04
6.696183986480882391e+06,-6.560108560917420339e-01,-1.094599319939109972e+00,6.584524346887411411e+03,-2.144099106291531643e+04
6.759355533523154445e+06,-6.532055955301525607e-01,-1.103611622037257378e+00,6.701686910166457892e+03,-2.124427484758316132e+04
6.822527080565427430e+06,-6.503513287566701218e-01,-1.112541129101181525e+00,6.816642083324875784e+03,-2.104884463142706227e+04
6.885698627607699484e+06,-6.474489763698461076e-01,-1.121388379665635204e+00,6.929444093475103728e+03,-2.085467913948789646e+04
6.948870174649972469e+06,-6.444994364637378625e-01,-1.130153903354734979e+00,7.040145314885044172e+03,-2.066175744284227767e+04
7.012041721692244522e+06,-6.415035853938251265e-01,-1.138838221027518749e+00,7.148796346400365110e+03,-2.047005895587204577e+04
7.075213268734517507e+06,-6.384622785110507515e-01,-1.147441844922266974e+00,7.255446085023055275e+03,-2.027956343312944955e+04
7.138384815776789561e+06,-6.353763508655659864e-01,-1.155965278799420792e+00,7.360141795865036329e+03,-2.009025096585048232e+04
7.201556362819062546e+06,-6.322466178816650295e-01,-1.164409018082965375e+00,7.462929178681732083e+03,-1.990210197816338768e+04
7.264727909861334600e+06,-6.290738760053120604e-01,-1.172773550000151488e+00,7.563852431177410836e+03,-1.971509722303480157e+04
7.327899456903607585e+06,-6.258589033255860246e-01,-1.181059353719460470e+00,7.662954309262097013e+03,-1.952921777799154006e+04
7.391071003945879638e+06,-6.226024601712955020e-01,-1.189266900486716905e+00,7.760276184428525085e+03,-1.934444504065236106e+04
7.454242550988151692e+06,-6.193052896839434940e-01,-1.197396653759285279e+00,7.855858098407206853e+03,-1.916076072410035704e+04
7.517414098030424677e+06,-6.159681183681623429e-01,-1.205449069338278667e+00,7.949738815247858838e+03,-1.897814685212367840e+04
7.580585645072696730e+06,-6.125916566206757174e-01,-1.213424595498737490e+00,8.041955870966388829e+03,-1.879658575434927116e+04
7.643757192114969715e+06,-6.091765992387847550e-01,-1.221323673117732822e+00,8.132545620888173289e+03,-1.861606006129180969e+04
7.706928739157241769e+06,-6.057236259093294883e-01,-1.229146735800366708e+00,8.221543284810397381e+03,-1.843655269933773889e+04
7.770100286199514754e+06,-6.022334016790178435e-01,-1.236894210003641748e+00,8.308982990098935261e+03,-1.825804688568208439e+04
7.833271833241786808e+06,-5.987065774069747492e-01,-1.244566515158186171e+00,8.394897812828281531e+03,-1.808052612323397989e+04
7.896443380284059793e+06,-5.951437902003120506e-01,-1.252164063787824189e+00,8.479319817066692849e+03,-1.790397419550494305e+04
7.959614927326331846e+06,-5.915456638334857242e-01,-1.259687261626986077e+00,8.562280092402599621e+03,-1.772837516149256771e+04
8.022786474368604831e+06,-5.879128091521619304e-01,-1.267136507735958428e+00,8.643808789802831598e+03,-1.755371335057071337e+04
8.085958021410876885e+06,-5.842458244622767971e-01,-1.274512194613979243e+00,8.723935155887853398e+03,-1.737997335739619302e+04
8.149129568453148939e+06,-5.805452959049451911e-01,-1.281814708310189399e+00,8.802687565704365625e+03,-1.720714003684061390e+04
8.212301115495421924e+06,-5.768117978178324279e-01,-1.289044428532449160e+00,8.880093554070967002e+03,-1.703519849895515290e+04
8.275472662537693977e+06,-5.730458930835792275e-01,-1.296201728754035720e+00,8.956179845568289238e+03,-1.686413410397504413e+04
8.338644209579966962e+06,-5.692481334658370251e-01,-1.303286976318242418e+00,9.030972383241005446e+03,-1.669393245736963581e+04
8.401815756622239947e+06,-5.654190599334433243e-01,-1.310300532540898732e+00,9.104496356075262156e+03,-1.652457940494329887e+04
8.464987303664511070e+06,-5.615592029732432433e-01,-1.317242752810829476e+00,9.176776225311601593e+03,-1.635606102799157816e+04
8.528158850706784055e+06,-5.576690828920342069e-01,-1.324113986688286504e+00,9.247835749650079379e+03,-1.618836363851644091e+04
8.591330397749057040e+06,-5.537492101080929707e-01,-1.330914578001367365e+00,9.317698009401139643e+03,-1.602147377450400018e+04
8.654501944791330025e+06,-5.498000854327177445e-01,-1.337644864940457312e+00,9.386385429632948217e+03,-1.585537819526738713e+04
8.717673491833601147e+06,-5.458222003421986379e-01,-1.344305180150717760e+00,9.453919802363030612e+03,-1.569006387685718801e+04
8.780845038875874132e+06,-5.418160372406116698e-01,-1.350895850822651401e+00,9.520322307839558562e+03,-1.552551800754130818e+04
8.844016585918147117e+06,-5.377820697138112616e-01,-1.357417198780772383e+00,9.585613534955140494e+03,-1.536172798335588232e+04
8.907188132960418239e+06,-5.337207627749773753e-01,-1.363869540570415317e+00,9.649813500833710350e+03,-1.519868140372838207e+04
8.970359680002691224e+06,-5.296325731020603556e-01,-1.370253187542709750e+00,9.712941669628957243e+03,-1.503636606717386348e+04
9.033531227044964209e+06,-5.255179492674484365e-01,-1.376568445937752738e+00,9.775016970570675767e+03,-1.487476996706506907e+04
9.096702774087237194e+06,-5.213773319601655576e-01,-1.382815616966012406e+00,9.836057815293574095e+03,-1.471388128747671362e+04
9.159874321129508317e+06,-5.172111542008992480e-01,-1.388994996887990219e+00,9.896082114481216195e+03,-1.455368839910422503e+04
9.223045868171781301e+06,-5.130198415501382447e-01,-1.395106877092178177e+00,9.955107293856124670e+03,-1.439417985525690892e+04
9.286217415214054286e+06,-5.088038123096918497e-01,-1.401151544171337360e+00,1.001315030954544090e+04,-1.423534438792546098e+04
9.349388962256327271e+06,-5.045634777178469310e-01,-1.407129279997132443e+00,1.007022766285009129e+04,-1.407717090392341561e+04
9.412560509298598394e+06,-5.002992421384099275e-01,-1.413040361793152844e+00,1.012635541444390765e+04,-1.391964848110218554e+04
9.475732056340871379e+06,-4.960115032438682237e-01,-1.418885062206351577e+00,1.018154919802789846e+04,-1.376276636463907562e+04
9.538903603383144364e+06,-4.917006521928979912e-01,-1.424663649376928687e+00,1.023582423346352880e+04,-1.360651396339769417e+04
9.602075150425415486e+06,-4.873670738024311611e-01,-1.430376387006697447e+00,1.028919533940772635e+04,-1.345088084635990890e+04
9.665246697467688471e+06,-4.830111467144878601e-01,-1.436023534425955983e+00,1.034167694547119027e+04,-1.329585673912858874e+04
9.728418244509961456e+06,-4.786332435579734312e-01,-1.441605346658897169e+00,1.039328310392048115e+04,-1.314143152050025674e+04
9.791589791552234441e+06,-4.742337311056256666e-01,-1.447122074487586563e+00,1.044402750094342628e+04,-1.298759521910661897e+04
9.854761338594505563e+06,-4.698129704262940520e-01,-1.452573964514536131e+00,1.049392346749636999e+04,-1.283433801012404365e+04
9.917932885636778548e+06,-4.653713170327238857e-01,-1.457961259223903294e+00,1.054298398975093005e+04,-1.268165021204988261e+04
9.981104432679051533e+06,-4.609091210250109150e-01,-1.463284197041341272e+00,1.059122171915703439e+04,-1.252952228354461477e+04
1.004427597972132452e+07,-4.564267272298843103e-01,-1.468543012392530489e+00,1.063864898213826200e+04,-1.237794482033863096e+04
1.010744752676359564e+07,-4.519244753359710765e-01,-1.473737935760418338e+00,1.068527778943469457e+04,-1.222690855220256526e+04
1.017061907380586863e+07,-4.474027000251861175e-01,-1.478869193741190191e+00,1.073111984510779621e+04,-1.207640433997999207e+04
1.023379062084814161e+07,-4.428617311003902879e-01,-1.483937009099003168e+00,1.077618655522112749e+04,-1.192642317268135776e+04
1.029696216789041273e+07,-4.383018936094475460e-01,-1.488941600819502886e+00,1.082048903621008867e+04,-1.177695616463791339e+04
1.036013371493268572e+07,-4.337235079658116610e-01,-1.493883184162153599e+00,1.086403812295323951e+04,-1.162799455271446823e+04
1.042330526197495870e+07,-4.291268900657663199e-01,-1.498761970711401048e+00,1.090684437655715919e+04,-1.147952969357983784e+04
1.048647680901723169e+07,-4.245123514024350397e-01,-1.503578168426696227e+00,1.094891809186628416e+04,-1.133155306103369730e+04
1.054964835605950281e+07,-4.198801991766772934e-01,-1.508331981691401369e+00,1.099026930470862135e+04,-1.118405624338871530e+04
1.061281990310177580e+07,-4.152307364049775962e-01,-1.513023611360603260e+00,1.103090779888771976e+04,-1.103703094090674858e+04
1.067599145014404878e+07,-4.105642620244354668e-01,-1.517653254807851626e+00,1.107084311293083374e+04,-1.089046896328796720e+04
1.073916299718632177e+07,-4.058810709949544626e-01,-1.522221105970853250e+00,1.111008454660276584e+04,-1.074436222721166268e+04
1.080233454422859289e+07,-4.011814543987288761e-01,-1.526727355396134245e+00,1.114864116719441517e+04,-1.059870275392764597e+04
1.086550609127086587e+07,-3.964656995371208525e-01,-1.531172190282697798e+00,1.118652181559470228e+04,-1.045348266689702905e+04
1.092867763831313886e+07,-3.917340900250183555e-01,-1.535555794524695150e+00,1.122373511215409417e+04,-1.030869418948133170e+04
1.099184918535540998e+07,-3.869869058827590247e-01,-1.539878348753130233e+00,1.126028946234766227e+04,-1.016432964267868556e+04
1.105502073239768296e+07,-3.822244236257038019e-01,-1.544140030376621286e+00,1.129619306224518732e+04,-1.002038144290609307e+04
1.111819227943995595e+07,-3.774469163515408732e-01,-1.548341013621229667e+00,1.133145390379552737e+04,-9.876842099826659251e+03
1.118136382648222893e+07,-3.726546538253951990e-01,-1.552481469569386707e+00,1.136607977993215354e+04,-9.733704214220648282e+03
1.124453537352450006e+07,-3.678479025628195731e-01,-1.556561566197926183e+00,1.140007828950644398e+04,-9.590960475899370067e+03
1.130770692056677304e+07,-3.630269259107367086e-01,-1.560581468415247031e+00,1.143345684205504585e+04,-9.448603661660796206e+03
1.137087846760904603e+07,-3.581919841264035176e-01,-1.564541338097620748e+00,1.146622266240733188e+04,-9.306626633285946809e+03
1.143405001465131901e+07,-3.533433344544615884e-01,-1.568441334124660580e+00,1.149838279513875386e+04,-9.165022335574945828e+03
1.149722156169359013e+07,-3.484812312021389191e-01,-1.572281612413971130e+00,1.152994410887558661e+04,-9.023783794421828134e+03
1.156039310873586312e+07,-3.436059258126640259e-01,-1.576062325954991961e+00,1.156091330045639916e+04,-8.882904114927061528e+03
1.162356465577813610e+07,-3.387176669369533211e-01,-1.579783624842050482e+00,1.159129689895527372e+04,-8.742376479546897826e+03
1.168673620282040723e+07,-3.338167005036266621e-01,-1.583445656306644578e+00,1.162110126957166358e+04,-8.602194146278532571e+03
1.174990774986268021e+07,-3.289032697874074151e-01,-1.587048564748963386e+00,1.165033261739153022e+04,-8.462350446880183881e+03
1.181307929690495320e+07,-3.239776154759628213e-01,-1.590592491768664463e+00,1.167899699102419800e+04,-8.322838785125222785e+03
1.187625084394722618e+07,-3.190399757352315180e-01,-1.594077576194921075e+00,1.170710028611921007e+04,-8.183652635089394607e+03
1.193942239098949730e+07,-3.140905862732922826e-01,-1.597503954115752745e+00,1.173464824876726925e+04,-8.044785539470319236e+03
1.200259393803177029e+07,-3.091296804028195733e-01,-1.600871758906653453e+00,1.176164647878918549e+04,-7.906231107938372588e+03
1.206576548507404327e+07,-3.041574891021741056e-01,-1.604181121258528409e+00,1.178810043291657166e+04,-7.767983015518175307e+03
1.212893703211631626e+07,-2.991742410751716541e-01,-1.607432169204955352e+00,1.181401542786791470e+04,-7.630035000999788281e+03
1.219210857915858738e+07,-2.941801628095750409e-01,-1.610625028148780169e+00,1.183939664332344728e+04,-7.492380865378882845e+03
1.225528012620086037e+07,-2.891754786343496697e-01,-1.613759820888061247e+00,1.186424912480215426e+04,-7.355014470325041657e+03
1.231845167324313335e+07,-2.841604107757261799e-01,-1.616836667641369907e+00,1.188857778644405516e+04,-7.217929736677494475e+03
1.238162322028540447e+07,-2.791351794121060825e-01,-1.619855686072463552e+00,1.191238741370084972e+04,-7.081120642967448475e+03
1.244479476732767746e+07,-2.741000027278498452e-01,-1.622816991314341317e+00,1.193568266593781300e+04,-6.944581223966317339e+03
1.250796631436995044e+07,-2.690550969659863401e-01,-1.625720695992688203e+00,1.195846807894974518e+04,-6.808305569259160620e+03
1.257113786141222343e+07,-2.640006764798756844e-01,-1.628566910248726352e+00,1.198074806739367705e+04,-6.672287821842547601e+03
1.263430940845449455e+07,-2.589369537838631663e-01,-1.631355741761476352e+00,1.200252692714089062e+04,-6.536522176746211699e+03
1.269748095549676754e+07,-2.538641396029550634e-01,-1.634087295769441672e+00,1.202380883755074319e+04,-6.401002879677780584e+03
1.276065250253904052e+07,-2.487824429215529098e-01,-1.636761675091728430e+00,1.204459786366863773e+04,-6.265724225689964442e+03
1.282382404958131164e+07,-2.436920710312727167e-01,-1.639378980148602061e+00,1.206489795835045697e+04,-6.130680557869484801e+03
1.288699559662358463e+07,-2.385932295778832035e-01,-1.641939308981499757e+00,1.208471296431560222e+04,-5.995866266047139106e+03
1.295016714366585761e+07,-2.334861226073925988e-01,-1.644442757272498667e+00,1.210404661613075041e+04,-5.861275785528411689e+03
1.301333869070813060e+07,-2.283709526113107680e-01,-1.646889418363255420e+00,1.212290254212634136e+04,-5.726903595843937183e+03
1.307651023775040172e+07,-2.232479205711166981e-01,-1.649279383273419830e+00,1.214128426624770145e+04,-5.592744219519289800e+03
1.313968178479267471e+07,-2.181172260019569598e-01,-1.651612740718534145e+00,1.215919520984268092e+04,-5.458792220863454531e+03
1.320285333183494769e+07,-2.129790669956039550e-01,-1.653889577127424237e+00,1.217663869338754012e+04,-5.325042204775464597e+03
1.326602487887722068e+07,-2.078336402626964063e-01,-1.656109976659090766e+00,1.219361793815282363e+04,-5.191488815568570317e+03
1.332919642591949180e+07,-2.026811411742899249e-01,-1.658274021219107608e+00,1.221013606781081216e+04,-5.058126735811441904e+03
1.339236797296176478e+07,-1.975217638027398637e-01,-1.660381790475533803e+00,1.222619610998614917e+04,-4.924950685185811381e+03
1.345553952000403777e+07,-1.923557009619424607e-01,-1.662433361874346982e+00,1.224180099775111012e+04,-4.791955419360091582e+03
1.351871106704630889e+07,-1.871831442469549522e-01,-1.664428810654404511e+00,1.225695357106697338e+04,-4.659135728878369264e+03
1.358188261408858187e+07,-1.820042840730178579e-01,-1.666368209861939009e+00,1.227165657817284955e+04,-4.526486438064295726e+03
1.364505416113085486e+07,-1.768193097140034198e-01,-1.668251630364592009e+00,1.228591267692329166e+04,-4.394002403939404758e+03
1.370822570817312784e+07,-1.716284093403078748e-01,-1.670079140864997314e+00,1.229972443607595233e+04,-4.261678515155290370e+03
1.377139725521539897e+07,-1.664317700562114866e-01,-1.671850807913912496e+00,1.231309433653048472e+04,-4.129509690939220491e+03
1.383456880225767195e+07,-1.612295779367244331e-01,-1.673566695922911851e+00,1.232602477251985329e+04,-3.997490880052660032e+03
1.389774034929994494e+07,-1.560220180639413368e-01,-1.675226867176637491e+00,1.233851805275513834e+04,-3.865617059762299959e+03
1.396091189634221792e+07,-1.508092745629199816e-01,-1.676831381844623658e+00,1.235057640152491877e+04,-3.733883234823052135e+03
1.402408344338448904e+07,-1.455915306371066975e-01,-1.678380297992689618e+00,1.236220195975021852e+04,-3.602284436472616107e+03
1.408725499042676203e+07,-1.403689686033239847e-01,-1.679873671593913764e+00,1.237339678599598483e+04,-3.470815721437127650e+03
1.415042653746903501e+07,-1.351417699263421091e-01,-1.681311556539186958e+00,1.238416285744002016e+04,-3.339472170947512950e+03
1.421359808451130614e+07,-1.299101152530484915e-01,-1.682694004647355523e+00,1.239450207080024666e+04,-3.208248889766037792e+03
1.427676963155357912e+07,-1.246741844462347509e-01,-1.684021065674953466e+00,1.240441624322112875e+04,-3.077141005222665626e+03
1.433994117859585211e+07,-1.194341566180187053e-01,-1.685292787325531005e+00,1.241390711312005442e+04,-2.946143666260839382e+03
1.440311272563812509e+07,-1.141902101629161947e-01,-1.686509215258580108e+00,1.242297634099442257e+04,-2.815252042492195869e+03
1.446628427268039621e+07,-1.089425227905809895e-01,-1.687670393098065214e+00,1.243162551019016973e+04,-2.684461323259872643e+03
1.452945581972266920e+07,-1.036912715582273686e-01,-1.688776362440558287e+00,1.243985612763239806e+04,-2.553766716709953926e+03
1.459262736676494218e+07,-9.843663290275349309e-02,-1.689827162862984622e+00,1.244766962451875770e+04,-2.423163448870724551e+03
1.465579891380721517e+07,-9.317878267257830027e-02,-1.690822831929980063e+00,1.245506735697619297e+04,-2.292646762739258975e+03
1.471897046084948629e+07,-8.791789615920954370e-02,-1.691763405200865433e+00,1.246205060668162150e+04,-2.162211917375022040e+03
1.478214200789175928e+07,-8.265414812855646776e-02,-1.692648916236239032e+00,1.246862058144709954e+04,-2.031854187000053116e+03
1.484531355493403226e+07,-7.738771285200414518e-02,-1.693479396604189668e+00,1.247477841576996434e+04,-1.901568860105413478e+03
1.490848510197630338e+07,-7.211876413726163448e-02,-1.694254875886135769e+00,1.248052517134845402e+04,-1.771351238563453080e+03
1.497165664901857637e+07,-6.684747535899938919e-02,-1.694975381682288118e+00,1.248586183756322316e+04,-1.641196636745557726e+03
1.503482819606084935e+07,-6.157401948929210056e-02,-1.695640939616742893e+00,1.249078933192519617e+04,-1.511100380645044652e+03
1.509799974310312234e+07,-5.629856912787774975e-02,-1.696251573342205443e+00,1.249530850049012406e+04,-1.381057807004770893e+03
1.516117129014539346e+07,-5.102129653224950212e-02,-1.696807304544345252e+00,1.249942011824021392e+04,-1.251064262449152920e+03
1.522434283718766645e+07,-4.574237364759253105e-02,-1.697308152945786963e+00,1.250312488943314202e+04,-1.121115102620193966e+03
1.528751438422993943e+07,-4.046197213658173780e-02,-1.697754136309735484e+00,1.250642344791877258e+04,-9.912056913172253871e+02
1.535068593127221242e+07,-3.518026340905097693e-02,-1.698145270443240484e+00,1.250931635742382787e+04,-8.613313996399319876e+02
1.541385747831448354e+07,-2.989741865154978487e-02,-1.698481569200098074e+00,1.251180411180476403e+04,-7.314876051343707104e+02
1.547702902535675652e+07,-2.461360885679898455e-02,-1.698763044483392992e+00,1.251388713526907122e+04,-6.016696909415883283e+02
1.554020057239902951e+07,-1.932900485306108737e-02,-1.698989706247683307e+00,1.251556578256517787e+04,-4.718730449485515805e+02
1.560337211944130063e+07,-1.404377733343568219e-02,-1.699161562500822953e+00,1.251684033914111933e+04,-3.420930589409708205e+02
1.566654366648357362e+07,-8.758096885094400486e-03,-1.699278619305431892e+00,1.251771102127212180e+04,-2.123251277577071221e+02
1.572971521352584660e+07,-3.472134018469942140e-03,-1.699340880780006113e+00,1.251817797615718337e+04,-8.256464844645313406e+01
1.579288676056811959e+07,1.813940803590690948e-03,-1.699348349099671474e+00,1.251824128198475591e+04,4.719298057972793004e+01
1.585605830761039071e+07,7.099957136693269173e-03,-1.699301024496583823e+00,1.251790094796757148e+04,1.769523603852865961e+02
1.591922985465266369e+07,1.238574452577252683e-02,-1.699198905259970527e+00,1.251715691434664950e+04,3.067180923548824012e+02
1.598240140169493668e+07,1.767113247596198769e-02,-1.699041987735818271e+00,1.251600905236448307e+04,4.364947790361711668e+02
1.604557294873720966e+07,2.295595042344751938e-02,-1.698830266326202709e+00,1.251445716420738245e+04,5.662870249831028104e+02
1.610874449577948079e+07,2.824002770628906978e-02,-1.698563733488264615e+00,1.251250098291693394e+04,6.960994376000111288e+02
1.617191604282175377e+07,3.352319353519943312e-02,-1.698242379732826324e+00,1.251014017227048134e+04,8.259366279868833089e+02
1.623508758986402676e+07,3.880527696426444573e-02,-1.697866193622653563e+00,1.250737432663055552e+04,9.558032117860931294e+02
1.629825913690629788e+07,4.408610686159436520e-02,-1.697435161770357581e+00,1.250420297076309726e+04,1.085703810031014200e+03
1.636143068394857086e+07,4.936551187989195871e-02,-1.696949268835939550e+00,1.250062555962433726e+04,1.215643049996823720e+03
1.642460223099084385e+07,5.464332042692247871e-02,-1.696408497523975045e+00,1.249664147811615112e+04,1.345625566053812690e+03
1.648777377803311683e+07,5.991936063587520456e-02,-1.695812828580436360e+00,1.249225004080966210e+04,1.475656000523619014e+03
1.655094532507538795e+07,6.519346033560066700e-02,-1.695162240789154007e+00,1.248745049163688782e+04,1.605739004538678273e+03
1.661411687211766094e+07,7.046544702071169675e-02,-1.694456710967914725e+00,1.248224200355013818e+04,1.735879238905287366e+03
1.667728841915993392e+07,7.573514782153227543e-02,-1.693696213964193120e+00,1.247662367814889512e+04,1.866081374970575325e+03
1.674045996620220691e+07,8.100238947388353761e-02,-1.692880722650516478e+00,1.247059454527384150e+04,1.996350095493816752e+03
1.680363151324447989e+07,8.626699828869038855e-02,-1.692010207919461218e+00,1.246415356256769155e+04,2.126690095522389129e+03
1.686680306028674915e+07,9.152880012139572030e-02,-1.691084638678278518e+00,1.245729961500245918e+04,2.257106083272753949e+03
1.692997460732902214e+07,9.678762034116904223e-02,-1.690103981843146030e+00,1.245003151437273664e+04,2.387602781016869812e+03
1.699314615437129512e+07,1.020432837998911657e-01,-1.689068202333044555e+00,1.244234799875455974e+04,2.518184925974292128e+03
1.705631770141356811e+07,1.072956148009058253e-01,-1.687977263063257238e+00,1.243424773192938301e+04,2.648857271210486033e+03
1.711948924845584109e+07,1.125444370675192235e-01,-1.686831124938486859e+00,1.242572930277267733e+04,2.779624586541617646e+03
1.718266079549811408e+07,1.177895737112341634e-01,-1.685629746845590748e+00,1.241679122460659164e+04,2.910491659446247922e+03
1.724583234254038706e+07,1.230308471997029751e-01,-1.684373085645928025e+00,1.240743193451614206e+04,3.041463295984310662e+03
1.730900388958266005e+07,1.282680793243840822e-01,-1.683061096167318915e+00,1.239764979262830093e+04,3.172544321723762550e+03
1.737217543662492931e+07,1.335010911678858325e-01,-1.681693731195609498e+00,1.238744308135337997e+04,3.303739582675297697e+03
1.743534698366720229e+07,1.387297030709833401e-01,-1.680270941465840551e+00,1.237681000458800190e+04,3.435053946235567764e+03
1.749851853070947528e+07,1.439537345992875916e-01,-1.678792675653015598e+00,1.236574868687898925e+04,3.566492302139205094e+03
1.756169007775174826e+07,1.491730045095561730e-01,-1.677258880362467064e+00,1.235425717254739538e+04,3.698059563420210452e+03
1.762486162479402125e+07,1.543873307156238828e-01,-1.675669500119811861e+00,1.234233342477191400e+04,3.829760667383008695e+03
1.768803317183629423e+07,1.595965302539380792e-01,-1.674024477360496421e+00,1.232997532463083007e+04,3.961600576583644397e+03
1.775120471887856722e+07,1.648004192486803576e-01,-1.672323752418924059e+00,1.231718067010165396e+04,4.093584279821538985e+03
1.781437626592083648e+07,1.699988128764566009e-01,-1.670567263517163115e+00,1.230394717501753257e+04,4.225716793142240931e+03
1.787754781296310946e+07,1.751915253305384168e-01,-1.668754946753226553e+00,1.229027246797947373e+04,4.358003160851656503e+03
1.794071936000538245e+07,1.803783697846328415e-01,-1.666886736088923016e+00,1.227615409122341589e+04,4.490448456542100757e+03
1.800389090704765543e+07,1.855591583561668756e-01,-1.664962563337271773e+00,1.226158949944105734e+04,4.623057784130781329e+03
1.806706245408992842e+07,1.907337020690625939e-01,-1.662982358149474704e+00,1.224657605855339716e+04,4.755836278911066074e+03
1.813023400113220140e+07,1.959018108159845950e-01,-1.660946048001443742e+00,1.223111104443581098e+04,4.888789108617055717e+03
1.819340554817447439e+07,2.010632933200384720e-01,-1.658853558179875121e+00,1.221519164159349748e+04,5.021921474501941702e+03
1.825657709521674365e+07,2.062179570958992125e-01,-1.656704811767864438e+00,1.219881494178602588e+04,5.155238612430628564e+03
1.831974864225901663e+07,2.113656084103489874e-01,-1.654499729630057425e+00,1.218197794259969123e+04,5.288745793987174693e+03
1.838292018930128962e+07,2.165060522421982658e-01,-1.652238230397332197e+00,1.216467754596633131e+04,5.422448327597442585e+03
1.844609173634356260e+07,2.216390922415724107e-01,-1.649920230451000336e+00,1.214691055662716280e+04,5.556351559667635229e+03
1.850926328338583559e+07,2.267645306885366641e-01,-1.647545643906527246e+00,1.212867368054016697e+04,5.690460875739137919e+03
1.857243483042810857e+07,2.318821684510364578e-01,-1.645114382596758462e+00,1.210996352322948769e+04,5.824781701660244835e+03
1.863560637747038156e+07,2.369918049421284034e-01,-1.642626356054649461e+00,1.209077658807521220e+04,5.959319504775323367e+03
1.869877792451265454e+07,2.420932380764759251e-01,-1.640081471495489440e+00,1.207110927454187004e+04,6.094079795131972787e+03
1.876194947155492380e+07,2.471862642260837517e-01,-1.637479633798609946e+00,1.205095787634389671e+04,6.229068126706745716e+03
1.882512101859719679e+07,2.522706781752451222e-01,-1.634820745488572813e+00,1.203031857954620682e+04,6.364290098650070831e+03
1.888829256563946977e+07,2.573462730746702842e-01,-1.632104706715829634e+00,1.200918746059802106e+04,6.499751356550841592e+03
1.895146411268174276e+07,2.624128403947730281e-01,-1.629331415236840330e+00,1.198756048429791372e+04,6.635457593721459489e+03
1.901463565972401574e+07,2.674701698780816428e-01,-1.626500766393646380e+00,1.196543350168802863e+04,6.771414552503816594e+03
1.907780720676628873e+07,2.725180494907457618e-01,-1.623612653092888047e+00,1.194280224787531006e+04,6.907628025596915904e+03
1.914097875380856171e+07,2.775562653731070140e-01,-1.620666965784254954e+00,1.191966233977748743e+04,7.044103857406757015e+03
1.920415030085083097e+07,2.825846017893017259e-01,-1.617663592438363995e+00,1.189600927379147834e+04,7.180847945419153803e+03
1.926732184789310396e+07,2.876028410758632026e-01,-1.614602418524050176e+00,1.187183842338174145e+04,7.317866241596199870e+03
1.933049339493537694e+07,2.926107635892861158e-01,-1.611483326985064357e+00,1.184714503658607282e+04,7.455164753796956575e+03
1.939366494197764993e+07,2.976081476525219149e-01,-1.608306198216165939e+00,1.182192423343613882e+04,7.592749547223225818e+03
1.945683648901992291e+07,3.025947695003653459e-01,-1.605070910038597809e+00,1.179617100329001005e+04,7.730626745891014252e+03
1.952000803606219590e+07,3.075704032236960539e-01,-1.601777337674936241e+00,1.176988020207379668e+04,7.868802534128462867e+03
1.958317958310446888e+07,3.125348207125354660e-01,-1.598425353723302411e+00,1.174304654942936759e+04,8.007283158100992296e+03
1.964635113014673814e+07,3.174877915978783216e-01,-1.595014828130922657e+00,1.171566462576502272e+04,8.146074927364417817e+03
1.970952267718901113e+07,3.224290831922596579e-01,-1.591545628167027049e+00,1.168772886920584097e+04,8.285184216446868959e+03
1.977269422423128411e+07,3.273584604290090683e-01,-1.588017618395076935e+00,1.165923357244028739e+04,8.424617466460189462e+03
1.983586577127355710e+07,3.322756858001538194e-01,-1.584430660644300159e+00,1.163017287945951466e+04,8.564381186741791680e+03
1.989903731831583008e+07,3.371805192929202000e-01,-1.580784613980531050e+00,1.160054078218565519e+04,8.704481956527686634e+03
1.996220886535810307e+07,3.420727183247874725e-01,-1.577079334676335876e+00,1.157033111698520588e+04,8.844926426657571938e+03
2.002538041240037605e+07,3.469520376770444114e-01,-1.573314676180408878e+00,1.153953756106348555e+04,8.985721321312856162e+03
2.008855195944264904e+07,3.518182294267976351e-01,-1.569490489086232010e+00,1.150815362873592858e+04,9.126873439788485484e+03
2.015172350648491830e+07,3.566710428773780528e-01,-1.565606621099975504e+00,1.147617266757181278e+04,9.268389658299476650e+03
2.021489505352719128e+07,3.615102244870929682e-01,-1.561662917007627938e+00,1.144358785440581960e+04,9.410276931823123959e+03
2.027806660056946427e+07,3.663355177962623332e-01,-1.557659218641344046e+00,1.141039219121264432e+04,9.552542295977689719e+03
2.034123814761173725e+07,3.711466633524856951e-01,-1.553595364844988502e+00,1.137657850083961603e+04,9.695192868938704123e+03
2.040440969465401024e+07,3.759433986340752210e-01,-1.549471191438862805e+00,1.134213942259211217e+04,9.838235853393722209e+03
2.046758124169628322e+07,3.807254579715926845e-01,-1.545286531183599266e+00,1.130706740766629264e+04,9.981678538536571068e+03
2.053075278873855621e+07,3.854925724674245213e-01,-1.541041213743203020e+00,1.127135471442344533e+04,1.012552830210209504e+04
2.059392433578082547e+07,3.902444699133268968e-01,-1.536735065647228948e+00,1.123499340349996783e+04,1.026979261244242298e+04
2.065709588282309845e+07,3.949808747058710656e-01,-1.532367910252067755e+00,1.119797533274674242e+04,1.041447903064582897e+04
2.072026742986537144e+07,3.997015077597120269e-01,-1.527939567701334322e+00,1.116029215199141436e+04,1.055959521269914512e+04
2.078343897690764442e+07,4.044060864186098669e-01,-1.523449854885329691e+00,1.112193529761671016e+04,1.070514891169495058e+04
2.084661052394991741e+07,4.090943243641197991e-01,-1.518898585399561352e+00,1.108289598694769302e+04,1.085114798008452453e+04
2.090978207099219039e+07,4.137659315218710221e-01,-1.514285569502304085e+00,1.104316521244050637e+04,1.099760037197769270e+04
2.097295361803446338e+07,4.184206139653483536e-01,-1.509610614071178025e+00,1.100273373566478222e+04,1.114451414549071524e+04
2.103612516507673264e+07,4.230580738170874322e-01,-1.504873522558726862e+00,1.096159208107157065e+04,1.129189746514331091e+04
2.109929671211900562e+07,4.276780091471930056e-01,-1.500074094946969749e+00,1.091973052953821571e+04,1.143975860430604189e+04
2.116246825916127861e+07,4.322801138690801070e-01,-1.495212127700913385e+00,1.087713911168129925e+04,1.158810594769907948e+04
2.122563980620355159e+07,4.368640776323432506e-01,-1.490287413720994936e+00,1.083380760092820310e+04,1.173694799394369875e+04
2.128881135324582458e+07,4.414295857126463996e-01,-1.485299742294436065e+00,1.078972550633754145e+04,1.188629335816754065e+04
2.135198290028809756e+07,4.459763188985261806e-01,-1.480248899045487398e+00,1.074488206515817183e+04,1.203615077466490038e+04
2.141515444733037055e+07,4.505039533749966019e-01,-1.475134665884536567e+00,1.069926623511600883e+04,1.218652909961320620e+04
2.147832599437264353e+07,4.550121606038362576e-01,-1.469956820956055621e+00,1.065286668641736469e+04,1.233743731384689090e+04
2.154149754141491279e+07,4.595006072004377273e-01,-1.464715138585368059e+00,1.060567179345698787e+04,1.248888452568983848e+04
2.160466908845718578e+07,4.639689548070915492e-01,-1.459409389224203490e+00,1.055766962621837592e+04,1.264087997384766095e+04
2.166784063549945876e+07,4.684168599625691543e-01,-1.454039339395022612e+00,1.050884794135338598e+04,1.279343303036084035e+04
2.173101218254173175e+07,4.728439739678716447e-01,-1.448604751634077203e+00,1.045919417292744765e+04,1.294655320362010571e+04
2.179418372958400473e+07,4.772499427479960366e-01,-1.443105384433186922e+00,1.040869542281608119e+04,1.310025014144507259e+04
2.185735527662627771e+07,4.816344067095700288e-01,-1.437540992180201593e+00,1.035733845073766133e+04,1.325453363422733491e+04
2.192052682366855070e+07,4.859970005941990912e-01,-1.431911325098122134e+00,1.030510966390665453e+04,1.340941361813913318e+04
2.198369837071081996e+07,4.903373533273598928e-01,-1.426216129182852788e+00,1.025199510629071665e+04,1.356490017840868859e+04
2.204686991775309294e+07,4.946550878626734815e-01,-1.420455146139554259e+00,1.019798044745423249e+04,1.372100355266330007e+04
2.211004146479536593e+07,4.989498210213727525e-01,-1.414628113317575986e+00,1.014305097097001635e+04,1.387773413434111171e+04
2.217321301183763891e+07,5.032211633267857920e-01,-1.408734763643926025e+00,1.008719156237985226e+04,1.403510247617268396e+04
2.223638455887991190e+07,5.074687188336345356e-01,-1.402774825555261673e+00,1.003038669668368675e+04,1.419311929373315797e+04
2.229955610592218488e+07,5.116920849519481784e-01,-1.396748022928360422e+00,9.972620425336164772e+03,1.435179546906591713e+04
2.236272765296445787e+07,5.158908522653764539e-01,-1.390654075009049695e+00,9.913876362728084132e+03,1.451114205437849887e+04
2.242589920000672713e+07,5.200646043436828458e-01,-1.384492696339558071e+00,9.854137672129223574e+03,1.467117027581144794e+04
2.248907074704900011e+07,5.242129175491841986e-01,-1.378263596684258907e+00,9.793387051067669745e+03,1.483189153728073870e+04
2.255224229409127310e+07,5.283353608368901444e-01,-1.371966480953779266e+00,9.731606716119567864e+03,1.499331742439410482e+04
2.261541384113354608e+07,5.324314955480937694e-01,-1.365601049127435296e+00,9.668778387081672918e+03,1.515545970844181647e+04
2.267858538817581907e+07,5.365008751971418466e-01,-1.359166996173968966e+00,9.604883270497744888e+03,1.531833035046193800e+04
2.274175693521809205e+07,5.405430452511064132e-01,-1.352664011970552860e+00,9.539902042508148952e+03,1.548194150538018766e+04
2.280492848226036504e+07,5.445575429020674818e-01,-1.346091781220028816e+00,9.473814830990417249e+03,1.564630552622421419e+04
2.286810002930263802e+07,5.485438968316966868e-01,-1.339449983366354457e+00,9.406601196956744388e+03,1.581143496841194792e+04
2.293127157634490728e+07,5.525016269678235670e-01,-1.332738292508220512e+00,9.338240115172486185e+03,1.597734259411343010e+04
2.299444312338718027e+07,5.564302442326475306e-01,-1.325956377310811618e+00,9.268709953957764810e+03,1.614404137668532530e+04
2.305761467042945325e+07,5.603292502822379006e-01,-1.319103900915681526e+00,9.197988454132182596e+03,1.631154450517684018e+04
2.312078621747172624e+07,5.641981372369585523e-01,-1.312180520848708509e+00,9.126052707060311150e+03,1.647986538890578595e+04
2.318395776451399922e+07,5.680363874024213500e-01,-1.305185888926103654e+00,9.052879131753325055e+03,1.664901766210282949e+04
2.324712931155627221e+07,5.718434729805643713e-01,-1.298119651158446519e+00,8.978443450979544650e+03,1.681901518862176454e+04
2.331030085859854519e+07,5.756188557704232656e-01,-1.290981447652714831e+00,8.902720666333949339e+03,1.698987206671314561e+04
2.337347240564081445e+07,5.793619868581472154e-01,-1.283770912512289586e+00,8.825685032213852537e+03,1.716160263385813596e+04
2.343664395268308744e+07,5.830723062957843261e-01,-1.276487673734902684e+00,8.747310028644807971e+03,1.733422147165890055e+04
2.349981549972536042e+07,5.867492427683388412e-01,-1.269131353108512661e+00,8.667568332897653818e+03,1.750774341078113503e+04
2.356298704676763341e+07,5.903922132485777130e-01,-1.261701566105079664e+00,8.586431789833928633e+03,1.768218353594392102e+04
2.362615859380990639e+07,5.940006226390341926e-01,-1.254197921772225444e+00,8.503871380913349640e+03,1.785755719095106906e+04
2.368933014085217938e+07,5.975738634006296790e-01,-1.246620022622762614e+00,8.419857191792974845e+03,1.803387998375744428e+04
2.375250168789445236e+07,6.011113151673035393e-01,-1.238967464522076067e+00,8.334358378443441325e+03,1.821116779156282428e+04
2.381567323493672162e+07,6.046123443460076352e-01,-1.231239836573351898e+00,8.247343131703173640e+03,1.838943676592481643e+04
2.387884478197899461e+07,6.080763037013893202e-01,-1.223436721000640270e+00,8.158778640186581470e+03,1.856870333788130665e+04
2.394201632902126759e+07,6.115025319244467017e-01,-1.215557693029762465e+00,8.068631051457186004e+03,1.874898422307146393e+04
2.400518787606354058e+07,6.148903531844086556e-01,-1.207602320767050097e+00,7.976865431370945771e+03,1.893029642684332430e+04
2.406835942310581356e+07,6.182390766630402323e-01,-1.199570165075938277e+00,7.883445721489299103e+03,1.911265724933410456e+04
2.413153097014808655e+07,6.215479960705400098e-01,-1.191460779451418928e+00,7.788334694455022145e+03,1.929608429050792256e+04
2.419470251719035953e+07,6.248163891421439908e-01,-1.183273709892381342e+00,7.691493907217271044e+03,1.948059545513369085e+04
2.425787406423263252e+07,6.280435171145022366e-01,-1.175008494771863310e+00,7.592883651984928292e+03,1.966620895768390619e+04
2.432104561127490178e+07,6.312286241808423570e-01,-1.166664664705258758e+00,7.492462904779598830e+03,1.985294332713279073e+04
2.438421715831717476e+07,6.343709369238792473e-01,-1.158241742416518782e+00,7.390189271451254172e+03,2.004081741162980325e+04
2.444738870535944775e+07,6.374696637253651765e-01,-1.149739242602416445e+00,7.286018931010701635e+03,2.022985038302150861e+04
2.451056025240172073e+07,6.405239941511199353e-01,-1.141156671794935518e+00,7.179906576123282321e+03,2.042006174119218485e+04
2.457373179944399372e+07,6.435330983103026981e-01,-1.132493528221871104e+00,7.071805350598105179e+03,2.061147131818968046e+04
2.463690334648626670e+07,6.464961261876240872e-01,-1.123749301665740052e+00,6.961666783695965023e+03,2.080409928209954160e+04
2.470007489352853969e+07,6.494122069471129910e-01,-1.114923473321115965e+00,6.849440721067253435e+03,2.099796614062620574e+04
2.476324644057080895e+07,6.522804482059735287e-01,-1.106015515650522696e+00,6.735075252118411299e+03,2.119309274433542669e+04
2.482641798761308193e+07,6.550999352769812933e-01,-1.097024892239035543e+00,6.618516633591685604e+03,2.138950028950704655e+04
2.488958953465535492e+07,6.578697303777670813e-01,-1.087951057647775555e+00,6.499709209128322073e+03,2.158721032054138414e+04
2.495276108169762790e+07,6.605888718052466135e-01,-1.078793457266488343e+00,6.378595324569167133e+03,2.178624473185655006e+04
2.501593262873990089e+07,6.632563730733366247e-01,-1.069551527165443217e+00,6.255115238729758858e+03,2.198662576920673382e+04
2.507910417578217387e+07,6.658712220119902270e-01,-1.060224693946911545e+00,6.129207029368340955e+03,2.218837603034392305e+04
2.514227572282444686e+07,6.684323798254576676e-01,-1.050812374596518328e+00,6.000806494045382351e+03,2.239151846493694757e+04
2.520544726986671612e+07,6.709387801075482605e-01,-1.041313976334803160e+00,5.869847045551647170e+03,2.259607637365213668e+04
2.526861881690898910e+07,6.733893278115277159e-01,-1.031728896469362278e+00,5.736259601558625036e+03,2.280207340628946986e+04
2.533179036395126209e+07,6.757828981721334394e-01,-1.022056522248001587e+00,5.599972468120193298e+03,2.300953355885600831e+04
2.539496191099353507e+07,6.781183355770287191e-01,-1.012296230713369161e+00,5.460911216627027898e+03,2.321848116944578942e+04
2.545813345803580806e+07,6.803944523848419745e-01,-1.002447388559607022e+00,5.318998553786245793e+03,2.342894091278038468e+04
2.552130500507808104e+07,6.826100276867486105e-01,-9.925093519916179385e-01,5.174154184166905907e+03,2.364093779324838761e+04
2.558447655212035403e+07,6.847638060083558464e-01,-9.824814665876209219e-01,5.026294664817738521e+03,2.385449713626392986e+04
2.564764809916262329e+07,6.868544959484297330e-01,-9.723630671657451652e-01,4.875333251426322022e+03,2.406964457774427137e+04
2.571081964620489627e+07,6.888807687507751965e-01,-9.621534776555017432e-01,4.721179735448602514e+03,2.428640605148414397e+04
2.577399119324716926e+07,6.908412568053263758e-01,-9.518520109750776559e-01,4.563740271594209844e+03,2.450480777417924764e+04
2.583716274028944224e+07,6.927345520742390628e-01,-9.414579689154943809e-01,4.402917195005355097e+03,2.472487622782377366e+04
2.590033428733171523e+07,6.945592044384820696e-01,-9.309706420328099918e-01,4.238608827416060194e+03,2.494663813917520383e+04
2.596350583437398821e+07,6.963137199601154848e-01,-9.203893095496692434e-01,4.070709271522493964e+03,2.517012045594496158e+04
2.602667738141626120e+07,6.979965590551040489e-01,-9.097132392676676726e-01,3.899108192734673139e+03,2.539535031933432037e+04
2.608984892845853418e+07,6.996061345711512836e-01,-8.989416874921563050e-01,3.723690587413929279e+03,2.562235503249129397e+04
2.615302047550080344e+07,7.011408097646451010e-01,-8.880738989713120590e-01,3.544336536628954491e+03,2.585116202441511268e+04
2.621619202254307643e+07,7.025988961703832913e-01,-8.771091068514995648e-01,3.360920944385279654e+03,2.608179880878007316e+04
2.627936356958534941e+07,7.039786513572859894e-01,-8.660465326512017947e-01,3.173313259198479500e+03,2.631429293708853947e+04
2.634253511662762240e+07,7.052782765628083927e-01,-8.548853862560399364e-01,2.981377177788738209e+03,2.654867194549397391e+04
2.640570666366989538e+07,7.064959141982269930e-01,-8.436248659377153514e-01,2.784970329574216066e+03,2.678496329455654995e+04
2.646887821071216837e+07,7.076296452163945983e-01,-8.322641584000255444e-01,2.583943940530883538e+03,2.702319430110639951e+04
2.653204975775444135e+07,7.086774863329268204e-01,-8.208024388554815420e-01,2.378142474867091551e+03,2.726339206129077502e+04
2.659522130479671061e+07,7.096373870911024673e-01,-8.092388711364599807e-01,2.167403252830902147e+03,2.750558336377003070e+04
2.665839285183898360e+07,7.105072267600195390e-01,-7.975726078452902712e-01,1.951556042825999612e+03,2.774979459190180569e+04
2.672156439888125658e+07,7.112848110547448366e-01,-7.858027905482036779e-01,1.730422625857204594e+03,2.799605161361072896e+04
2.678473594592352957e+07,7.119678686663281075e-01,-7.739285500186360300e-01,1.503816330156935919e+03,2.824437965748101851e+04
2.684790749296580255e+07,7.125540475886008585e-01,-7.619490065360497999e-01,1.271541533659644983e+03,2.849480317342752460e+04
2.691107904000807554e+07,7.130409112276570038e-01,-7.498632702471687006e-01,1.033393131789276367e+03,2.874734567609551232e+04
2.697425058705034852e+07,7.134259342787938607e-01,-7.376704415973484030e-01,7.891559678046623958e+02,2.900202956890641508e+04
2.703742213409261778e+07,7.137064983544803010e-01,-7.253696118407421123e-01,5.386042227073020285e+02,2.925887594640241514e+04
2.710059368113489076e+07,7.138798873455980409e-01,-7.129598636389693489e-01,2.815007614533657829e+02,2.951790437224233756e+04
2.716376522817716375e+07,7.139432824967660851e-01,-7.004402717591978744e-01,1.759643192556342228e+01,2.977913262985937399e+04
2.722693677521943673e+07,7.138937571750008093e-01,-6.878099038838667578e-01,-2.533706871926136159e+02,3.004257644240260925e+04
2.729010832226170972e+07,7.137282713092575337e-01,-6.750678215458233433e-01,-5.316760938381753476e+02,3.030824915814033375e+04
2.735327986930398270e+07,7.134436654765557995e-01,-6.622130812043481862e-01,-8.176097298551959511e+02,3.057616139699734049e+04
2.741645141634625569e+07,7.130366546083732882e-01,-6.492447354794943504e-01,-1.111476913120902736e+03,3.084632065332011916e+04
2.747962296338852867e+07,7.125038212888030742e-01,-6.361618345643764716e-01,-1.413599339925639015e+03,3.111873084930253390e+04
2.754279451043079793e+07,7.118416086135804788e-01,-6.229634278375496548e-01,-1.724316163499076083e+03,3.139339183274728202e+04
2.760596605747307092e+07,7.110463125764933112e-01,-6.096485657004678815e-01,-2.043985155093576850e+03,3.167029881197018767e+04
2.766913760451534390e+07,7.101140739468635443e-01,-5.962163016682634487e-01,-2.372983954596187232e+03,3.194944171965753776e+04
2.773230915155761689e+07,7.090408695987172605e-01,-5.826656947457655722e-01,-2.711711418246824906e+03,3.223080449634170873e+04
2.779548069859988987e+07,7.078225032489268154e-01,-5.689958121249062417e-01,-3.060589071690934816e+03,3.251436428284194699e+04
2.785865224564216286e+07,7.064545955579867309e-01,-5.552057322444674536e-01,-3.420062677293207798e+03,3.280009050949920493e+04
2.792182379268443584e+07,7.049325735431631879e-01,-5.412945482586197787e-01,-3.790603925382960824e+03,3.308794386828259303e+04
2.798499533972670510e+07,7.032516592495040575e-01,-5.272613719670061760e-01,-4.172712259890218775e+03,3.337787515182272182e+04
2.804816688676897809e+07,7.014068576196108573e-01,-5.131053382663268714e-01,-4.566916849660492517e+03,3.366982394108916924e+04
2.811133843381125107e+07,6.993929434981248638e-01,-4.988256101916813123e-01,-4.973778717598100229e+03,3.396371712072237278e+04
2.817450998085352406e+07,6.972044477015632014e-01,-4.844213846254004086e-01,-5.393893040673925498e+03,3.425946719789411145e+04
2.823768152789579704e+07,6.948356420784479459e-01,-4.698918987620684939e-01,-5.827891634725129734e+03,3.455697039693113038e+04
2.830085307493807003e+07,6.922805234786050255e-01,-4.552364374310119977e-01,-6.276445638851846525e+03,3.485610449770975538e+04
2.836402462198034301e+07,6.895327965440808393e-01,-4.404543413920563588e-01,-6.740268415045813526e+03,3.515672638091484259e+04
2.842719616902261227e+07,6.865858552273630400e-01,-4.255450167371169212e-01,-7.220118679425551818e+03,3.545866923753637093e+04
2.849036771606488526e+07,6.834327629355452238e-01,-4.105079455495501684e-01,-7.716803882043050180e+03,3.576173939331430302e+04
2.855353926310715824e+07,6.800662311918328484e-01,-3.953426979956237708e-01,-8.231183852587379079e+03,3.606571269107350963e+04
2.861671081014943123e+07,6.764785966984430132e-01,-3.800489460483881254e-01,-8.764174729337166355e+03,3.637033036482847092e+04
2.867988235719170421e+07,6.726617966777117541e-01,-3.646264790743606321e-01,-9.316753188261343894e+03,3.667529432895717036e+04
2.874305390423397720e+07,6.686073423612891586e-01,-3.490752215483412524e-01,-9.889960988052374887e+03,3.698026179338969087e+04
2.880622545127625018e+07,6.643062904910328470e-01,-3.333952532022562143e-01,-1.048490984484881483e+04,3.728483910132697201e+04
2.886939699831852317e+07,6.597492126900426079e-01,-3.175868319610876123e-01,-1.110278664714098522e+04,3.758857466915303667e+04
2.893256854536079243e+07,6.549261625588227442e-01,-3.016504200738068797e-01,-1.174485901642851968e+04,3.789095088853059133e+04
2.899574009240306541e+07,6.498266403506276490e-01,-2.855867139110608299e-01,-1.241248121205439020e+04,3.819137482772181102e+04
2.905891163944533840e+07,6.444395550827328734e-01,-2.693966779756910568e-01,-1.310710036854725877e+04,3.848916754244243202e+04
2.912208318648761138e+07,6.387531839480921070e-01,-2.530815837586258832e-01,-1.383026303981561068e+04,3.878355177547458879e+04
2.918525473352988437e+07,6.327551289065240780e-01,-2.366430541733614279e-01,-1.458362200541147104e+04,3.907363778822037420e+04
2.924842628057215735e+07,6.264322703586678864e-01,-2.200831144192486599e-01,-1.536894326821499817e+04,3.935840702573897579e+04
2.931159782761443034e+07,6.197707178427663832e-01,-2.034042502597012692e-01,-1.618811313819419593e+04,3.963669326894691039e+04
2.937476937465669960e+07,6.127557577481207440e-01,-1.866094748589568753e-01,-1.704314525066612623e+04,3.990716087301498919e+04
2.943794092169897258e+07,6.053717981154050909e-01,-1.697024055031060852e-01,-1.793618730623940064e+04,4.016827962917429977e+04
2.950111246874124557e+07,5.976023107001815493e-01,-1.526873517408542935e-01,-1.886952723886233434e+04,4.041829571807352477e+04
2.956428401578351855e+07,5.894297706212945354e-01,-1.355694167197893929e-01,-1.984559841239084926e+04,4.065519814699311246e+04
2.962745556282579154e+07,5.808355941125428190e-01,-1.183546137675304533e-01,-2.086698330749237357e+04,4.087667998200781585e+04
2.969062710986806452e+07,5.718000751597150932e-01,-1.010500005756279351e-01,-2.193641498025813780e+04,4.108009360242774710e+04
2.975379865691033751e+07,5.623023221557995610e-01,-8.366383368767101036e-02,-2.305677533999892694e+04,4.126239912358068977e+04
2.981697020395260677e+07,5.523201961704095053e-01,-6.620574636900557197e-02,-2.423108899201051099e+04,4.142010506360388536e+04
2.988014175099487975e+07,5.418302530373929615e-01,-4.868695333658570185e-02,-2.546251100421203228e+04,4.154920028371721128e+04
2.994331329803715274e+07,5.308076922574346268e-01,-3.112048623954846369e-02,-2.675430646390384209e+04,4.164507622998876468e+04
3.000648484507942572e+07,5.192263167396701240e-01,-1.352146417905005817e-02,-2.810981906905915093e+04,4.170243857877316623e+04
3.006965639212169871e+07,5.070585087277812431e-01,4.092596101082212473e-03,-2.953242522253041898e+04,4.171520758330798708e+04
3.013282793916397169e+07,4.942752289418930189e-01,2.170142549756722342e-02,-3.102546914346865378e+04,4.167640680112034897e+04
3.019599948620624468e+07,4.808460480970698780e-01,3.928159844228035907e-02,-3.259217336080851965e+04,4.157804054393279512e+04
3.025917103324851766e+07,4.667392226157726087e-01,5.680607489915656672e-02,-3.423551760773351998e+04,4.141096146230992599e+04
3.032234258029078692e+07,4.519218296131520818e-01,7.424368487546767481e-02,-3.595807762483943225e+04,4.116473132941792574e+04
3.038551412733305991e+07,4.363599801539616574e-01,9.155855363956187654e-02,-3.776181379280735564e+04,4.082748054651322309e+04
3.044868567437533289e+07,4.200191343548666523e-01,1.087094688729128567e-01,-3.964779804018784489e+04,4.038577543396560941e+04
3.051185722141760588e+07,4.028645470231402848e-01,1.256491957987040387e-01,-4.161586645072817191e+04,3.982450731102362624e+04
3.057502876845987886e+07,3.848618778791245698e-01,1.423237535791366526e-01,-4.366418500128917367e+04,3.912682401589316578e+04
3.063820031550215185e+07,3.659780053951592338e-01,1.586716767311515119e-01,-4.578871779268294631e+04,3.827413308657304879e+04
3.070137186254442483e+07,3.461820868251744288e-01,1.746232997859100966e-01,-4.798259230018919334e+04,3.724621624680498644e+04
3.076454340958669409e+07,3.254469073762604747e-01,1.901001225859955124e-01,-5.023536632785326947e+04,3.602150648074045603e+04
3.082771495662896708e+07,3.037505561415503319e-01,2.050143376843192311e-01,-5.253221861260454170e+04,3.457759017854420381e+04
3.089088650367124006e+07,2.810784519238904711e-01,2.192686294773753264e-01,-5.485311146533528517e+04,3.289200435664699762e+04
3.095405805071351305e+07,2.574257142598269654e-01,2.327563843715841629e-01,-5.717201061013161961e+04,3.094339743640982124e+04
3.101722959775578603e+07,2.327998296017980695e-01,2.453624770878536365e-01,-5.945629315107795992e+04,2.871310383511194595e+04
3.108040114479805902e+07,2.072234970093307371e-01,2.569648111989677464e-01,-6.166652327149402845e+04,2.618713855646616867e+04
3.114357269184033200e+07,1.807374531141485441e-01,2.674367794916905350e-01,-6.375681362295959116e+04,2.335854023413873801e+04
3.120674423888260126e+07,1.534029811544638244e-01,2.766507569387880450e-01,-6.567599698494940822e+04,2.022987850793303369e+04
3.126991578592487425e+07,1.253037224640336234e-01,2.844826333471411894e-01,-6.736978098473562568e+04,1.681560714999037009e+04
3.133308733296714723e+07,9.654636073074707170e-02,2.908172311656499476e-01,-6.878392602170216560e+04,1.314382159405171114e+04
3.139625888000942022e+07,6.725977517378735338e-02,2.955542521492764418e-01,-6.986827120590703271e+04,9.256922012528941195e+03
3.145943042705169320e+07,3.759238738984077566e-02,2.986141947377869976e-01,-7.058117117277036596e+04,5.210749500935460674e+03
3.152260197409396619e+07,7.707662358556807182e-03,2.999435429819899968e-01,-7.089367722148609755e+04,1.071986701206020371e+03
3.158577352113623917e+07,-2.222196798759511552e-02,2.995185111914716036e-01,-7.079270064658227784e+04,-3.086030301056255666e+03
3.164894506817851216e+07,-5.202218444628392557e-02,2.973467736362971348e-01,-7.028251010922028217e+04,-7.188552069551531531e+03
3.171211661522078142e+07,-8.152407720772074373e-02,2.934669013090554501e-01,-6.938423717505845707e+04,-1.116488621498309294e+04
3.177528816226305440e+07,-1.105708256906497294e-01,2.879455972804007002e-01,-6.813349921734331292e+04,-1.495321161015899997e+04
3.183845970930532739e+07,-1.390230613535935744e-01,2.808731660698055577e-01,-6.657664552335244662e+04,-1.850403268611129897e+04
3.190163125634760037e+07,-1.667624820599175051e-01,2.723578789901640596e-01,-6.476635876223996456e+04,-2.178192405533064448e+04
3.196480280338987336e+07,-1.936936045475882995e-01,2.625199620587120308e-01,-6.275734954820740677e+04,-2.476560461394748563e+04
3.202797435043214634e+07,-2.197438214489009223e-01,2.514858489099955352e-01,-6.060270835897315555e+04,-2.744667889019707218e+04
3.209114589747441933e+07,-2.448621146024272666e-01,2.393831621783753250e-01,-5.835122176889353432e+04,-2.982752885260792391e+04
3.215431744451668859e+07,-2.690168524757743373e-01,2.263366784328433856e-01,-5.604571370237826341e+04,-3.191883855837347801e+04
3.221748899155896157e+07,-2.921930849708107569e-01,2.124653460727222443e-01,-5.372229590201823157e+04,-3.373713713064092735e+04
3.228066053860123456e+07,-3.143896778581998785e-01,1.978802905859000094e-01,-5.141032074389502668e+04,-3.530261161325716239e+04
3.234383208564350754e+07,-3.356165354251408606e-01,1.826836627678765368e-01,-4.913280968485197081e+04,-3.663731481670142239e+04
3.240700363268578053e+07,-3.558920683408968721e-01,1.669681541523615198e-01,-4.690715584938185930e+04,-3.776379726015768392e+04
3.247017517972805351e+07,-3.752409878679870969e-01,1.508170055839847257e-01,-4.474594476698437938e+04,-3.870413179180581210e+04
3.253334672677032650e+07,-3.936924519674459555e-01,1.343043554489855573e-01,-4.265778562367388076e+04,-3.947926918264920096e+04
3.259651827381259575e+07,-4.112785525137424569e-01,1.174958026388295829e-01,-4.064808712817307241e+04,-4.010865399350091320e+04
3.265968982085486874e+07,-4.280331120546355672e-01,1.004490887285651030e-01,-3.871974376075581677e+04,-4.061003370644240931e+04
3.272286136789714172e+07,-4.439907490053958683e-01,8.321483021344704134e-02,-3.687371988928681094e+04,-4.099940393384074559e+04
3.278603291493941471e+07,-4.591861679881792946e-01,6.583725335064379014e-02,-3.510953275126866356e+04,-4.129104420552340162e+04
3.284920446198168769e+07,-4.736536342062250271e-01,4.835490097056568265e-02,-3.342564277543588832e+04,-4.149760999907461519e+04
3.291237600902396068e+07,-4.874265951549866527e-01,3.080129304310460711e-02,-3.181976311469676148e+04,-4.163025622359332920e+04
3.297554755606623366e+07,-5.005374182373067971e-01,1.320553157877910923e-02,-3.028910112259808739e+04,-4.169877497917784058e+04
3.303871910310850292e+07,-5.130172181417339550e-01,-4.407153580550085895e-03,-2.883054392503584677e+04,-4.171173619042361679e+04
3.310189065015077591e+07,-5.248957527185171834e-01,-2.201491765115027102e-02,-2.744079894446011167e+04,-4.167662392761398223e+04
3.316506219719304889e+07,-5.362013703484020954e-01,-3.959886967854196749e-02,-2.611649867530715346e+04,-4.159996420430605212e+04
3.322823374423532188e+07,-5.469609953937684121e-01,-5.714269307145359439e-02,-2.485427744526653623e+04,-4.148744207385080517e+04
3.329140529127759486e+07,-5.572001412792135788e-01,-7.463231316478807775e-02,-2.365082646108274639e+04,-4.134400719161708548e+04
3.335457683831986785e+07,-5.669429431378347761e-01,-9.205560692072559115e-02,-2.250293218711492227e+04,-4.117396786292580509e+04
3.341774838536214083e+07,-5.762122038623768150e-01,-1.094021500038021011e-01,-2.140750205285219999e+04,-4.098107410917612287e+04
3.348091993240441382e+07,-5.850294488993006414e-01,-1.266629967569295745e-01,-2.036158062152498314e+04,-4.076859056646968384e+04
3.354409147944668308e+07,-5.934149862938359332e-01,-1.438304889810287091e-01,-1.936235865454400482e+04,-4.053936016091886995e+04
3.360726302648895979e+07,-6.013879694003688714e-01,-1.608980898294185002e-01,-1.840717695089188419e+04,-4.029585953782917204e+04
3.367043457353123277e+07,-6.089664603697670930e-01,-1.778602395368898137e-01,-1.749352640236676234e+04,-4.004024719584721606e+04
3.373360612057349831e+07,-6.161674930583135312e-01,-1.947122300933713801e-01,-1.661904536264363196e+04,-3.977440521735906805e+04
3.379677766761577129e+07,-6.230071344078340623e-01,-2.114500963326362837e-01,-1.578151516147041730e+04,-3.949997540960747574e+04
3.385994921465804428e+07,-6.295005436522175257e-01,-2.280705212330236265e-01,-1.497885438907786920e+04,-3.921839058785464294e+04
3.392312076170031726e+07,-6.356620289344839803e-01,-2.445707535184629133e-01,-1.420911241710946342e+04,-3.893090164904187986e+04
3.398629230874259025e+07,-6.415051010885804983e-01,-2.609485359050655595e-01,-1.347046250066958783e+04,-3.863860100564519962e+04
3.404946385578486323e+07,-6.470425244650963581e-01,-2.772020425636171348e-01,-1.276119471316712043e+04,-3.834244287684745359e+04
3.411263540282713622e+07,-6.522863647707418666e-01,-2.933298245641458579e-01,-1.207970889499192708e+04,-3.804326086864340323e+04
3.417580694986940920e+07,-6.572480339560596851e-01,-3.093307622384641742e-01,-1.142450774360227115e+04,-3.774178321624245291e+04
3.423897849691168219e+07,-6.619383322307941242e-01,-3.252040235431966630e-01,-1.079419013235219245e+04,-3.743864601088473864e+04
3.430215004395395517e+07,-6.663674873165451595e-01,-3.409490276321704982e-01,-1.018744471526899724e+04,-3.713440468845397845e+04
3.436532159099622816e+07,-6.705451910655205738e-01,-3.565654129557916940e-01,-9.603043852619528479e+03,-3.682954401845456596e+04
3.442849313803850114e+07,-6.744806335852524537e-01,-3.720530092985195325e-01,-9.039837875641327628e+03,-3.652448679838472162e+04
3.449166468508077413e+07,-6.781825350142316466e-01,-3.874118132458844732e-01,-8.496749696845598010e+03,-3.621960142965631530e+04
3.455483623212304711e+07,-6.816591750942042616e-01,-4.026419666415084753e-01,-7.972769763734860135e+03,-3.591520852639647637e+04
3.461800777916532010e+07,-6.849184206826164356e-01,-4.177437376538832292e-01,-7.466951347784413883e+03,-3.561158668717826367e+04
3.468117932620758563e+07,-6.879677513443311909e-01,-4.327175041236269726e-01,-6.978406156473519331e+03,-3.530897754148503736e+04
3.474435087324985862e+07,-6.908142831559874741e-01,-4.475637389057812165e-01,-6.506300253529859219e+03,-3.500759016708952549e+04
3.480752242029213160e+07,-6.934647908497340030e-01,-4.622829969593915123e-01,-6.049850270997924781e+03,-3.470760496115228307e+04
3.487069396733440459e+07,-6.959257284159789947e-01,-4.768759039691616852e-01,-5.608319895969282697e+03,-3.440917703638870444e+04
3.493386551437667757e+07,-6.982032482774715998e-01,-4.913431463119168341e-01,-5.181016614611357909e+03,-3.411243920384464582e+04
3.499703706141895056e+07,-7.003032191397379203e-01,-5.056854622048110315e-01,-4.767288696330650964e+03,-3.381750459541341843e+04
3.506020860846122354e+07,-7.022312426157354404e-01,-5.199036338930829171e-01,-4.366522401387603168e+03,-3.352446897201902175e+04
3.512338015550349653e+07,-7.039926687156822238e-01,-5.339984807532127675e-01,-3.978139395949111076e+03,-3.323341275720523117e+04
3.518655170254576951e+07,-7.055926102864145122e-01,-5.479708532029736734e-01,-3.601594359352394804e+03,-3.294440283055819600e+04
3.524972324958804250e+07,-7.070359564783778028e-01,-5.618216273234096780e-01,-3.236372769209572652e+03,-3.265749411082363076e+04
3.531289479663031548e+07,-7.083273853124725239e-01,-5.755517001095419305e-01,-2.881988850868498048e+03,-3.237273095465020378e+04
3.537606634367258847e+07,-7.094713754134702732e-01,-5.891619852768142929e-01,-2.537983678635298020e+03,-3.209014839350568946e+04
3.543923789071486145e+07,-7.104722169715805835e-01,-6.026534095591864482e-01,-2.203923417038591651e+03,-3.180977322839309636e+04
3.550240943775713444e+07,-7.113340219889840998e-01,-6.160269094425169234e-01,-1.879397691261407545e+03,-3.153162499947360629e+04
3.556558098479940742e+07,-7.120607338637214845e-01,-6.292834282836403670e-01,-1.564018076675790098e+03,-3.125571684552440638e+04
3.562875253184167296e+07,-7.126561363592450737e-01,-6.424239137714307102e-01,-1.257416698181595621e+03,-3.098205626627407037e+04
3.569192407888394594e+07,-7.131238620041673304e-01,-6.554493156913100416e-01,-9.592449307719009539e+02,-3.071064579902416517e+04
3.575509562592621893e+07,-7.134673999632576979e-01,-6.683605839591426623e-01,-6.691721934228917235e+02,-3.044148361954916254e+04
3.581826717296849191e+07,-7.136901034175427982e-01,-6.811586668944595857e-01,-3.868848290332531974e+02,-3.017456407603462503e+04
3.588143872001076490e+07,-7.137951964884131639e-01,-6.938445097063721256e-01,-1.120850637225485116e+02,-2.990987816374426984e+04
3.594461026705303788e+07,-7.137857807379310859e-01,-7.064190531686155294e-01,1.555099606630421363e+02,-2.964741394717377625e+04
3.600778181409531087e+07,-7.136648412750433712e-01,-7.188832324628250392e-01,4.161690864908088656e+02,-2.938715693563699460e+04
3.607095336113758385e+07,-7.134352524951141916e-01,-7.312379761715119830e-01,6.701479779216246015e+02,-2.912909041752110352e+04
3.613412490817985684e+07,-7.130997834780877787e-01,-7.434842054042805071e-01,9.176899009019834921e+02,-2.887319575782769607e+04
3.619729645522212982e+07,-7.126611030686620385e-01,-7.556228330426604245e-01,1.159026449951841414e+03,-2.861945266307477868e+04
3.626046800226440281e+07,-7.121217846600773616e-01,-7.676547630905504738e-01,1.394378225775933061e+03,-2.836783941716004847e+04
3.632363954930667579e+07,-7.114843107014937607e-01,-7.795808901186930262e-01,1.623955467399513282e+03,-2.811833309136955359e+04
3.638681109634894878e+07,-7.107510769474317813e-01,-7.914020987928745976e-01,1.847958642229937368e+03,-2.787090973135060995e+04
3.644998264339122176e+07,-7.099243964663745077e-01,-8.031192634766565197e-01,2.066578997171014180e+03,-2.762554452354676323e+04
3.651315419043348730e+07,-7.090065034243617781e-01,-8.147332479004455452e-01,2.279999073665583182e+03,-2.738221194331026709e+04
3.657632573747576028e+07,-7.079995566582415467e-01,-8.262449048895935677e-01,2.488393189311613696e+03,-2.714088588665865245e+04
3.663949728451803327e+07,-7.069056430521757362e-01,-8.376550761449794713e-01,2.691927888485646235e+03,-2.690153978742332401e+04
3.670266883156030625e+07,-7.057267807300031670e-01,-8.489645920702634241e-01,2.890762364215049274e+03,-2.666414672134366992e+04
3.676584037860257924e+07,-7.044649220751639795e-01,-8.601742716405814670e-01,3.085048853362704904e+03,-2.642867949849029173e+04
3.682901192564485222e+07,-7.031219565890438616e-01,-8.712849223080221250e-01,3.274933007026111227e+03,-2.619511074524923606e+04
3.689218347268712521e+07,-7.016997135978324529e-01,-8.822973399397145977e-01,3.460554237904138063e+03,-2.596341297696557012e+04
3.695535501972939819e+07,-7.001999648172734236e-01,-8.932123087847938514e-01,3.642046046248518451e+03,-2.573355866222616896e+04
3.701852656677167118e+07,-6.986244267840321376e-01,-9.040306014669000634e-01,3.819536325892293462e+03,-2.550552027965646266e+04
3.708169811381394416e+07,-6.969747631617969619e-01,-9.147529789992210336e-01,3.993147651732923805e+03,-2.527927036801267968e+04
3.714486966085621715e+07,-6.952525869296752870e-01,-9.253801908193937109e-01,4.162997549942716432e+03,-2.505478157026829285e+04
3.720804120789849013e+07,-6.934594624599252910e-01,-9.359129748418669736e-01,4.329198752082790634e+03,-2.483202667231969463e+04
3.727121275494076312e+07,-6.915969074915875314e-01,-9.463520575255705003e-01,4.491859434208254243e+03,-2.461097863687063000e+04
3.733438430198303610e+07,-6.896663950061407977e-01,-9.566981539549637148e-01,4.651083441970948115e+03,-2.439161063299650050e+04
3.739755584902530909e+07,-6.876693550108936570e-01,-9.669519679327364114e-01,4.806970502651340212e+03,-2.417389606183769502e+04
3.746072739606757462e+07,-6.856071762354477572e-01,-9.771141920826110772e-01,4.959616424982426906e+03,-2.395780857882463533e+04
3.752389894310984761e+07,-6.834812077462171231e-01,-9.871855079608696792e-01,5.109113287565393875e+03,-2.374332211279572584e+04
3.758707049015212059e+07,-6.812927604836630513e-01,-9.971665861753410409e-01,5.255549616618221989e+03,-2.353041088233284609e+04
3.765024203719439358e+07,-6.790431087265991206e-01,-1.007058086510763228e+00,5.399010553745488323e+03,-2.331904940960504609e+04
3.771341358423666656e+07,-6.767334914876470542e-01,-1.016860658059506761e+00,5.539578014367610194e+03,-2.310921253198249542e+04
3.777658513127893955e+07,-6.743651138436590475e-01,-1.026574939356772020e+00,5.677330837402672842e+03,-2.290087541165555012e+04
3.783975667832121253e+07,-6.719391482046825903e-01,-1.036201558519467714e+00,5.812344926751891762e+03,-2.269401354347038432e+04
3.790292822536348552e+07,-6.694567355248199902e-01,-1.045741133388052191e+00,5.944693385101079912e+03,-2.248860276117125250e+04
3.796609977240575850e+07,-6.669189864581258620e-01,-1.055194271670707451e+00,6.074446640514737737e+03,-2.228461924222037851e+04
3.802927131944803149e+07,-6.643269824624896680e-01,-1.064561571089272851e+00,6.201672566266381182e+03,-2.208203951134932868e+04
3.809244286649030447e+07,-6.616817768542729850e-01,-1.073843619526437143e+00,6.326436594318225616e+03,-2.188084044298037770e+04
3.815561441353257746e+07,-6.589843958162998616e-01,-1.083040995173734977e+00,6.448801822835128405e+03,-2.168099926264251189e+04
3.821878596057485044e+07,-6.562358393616434249e-01,-1.092154266679950192e+00,6.568829118091608507e+03,-2.148249354749430859e+04
3.828195750761712343e+07,-6.534370822555045644e-01,-1.101183993299568620e+00,6.686577211106602590e+03,-2.128530122605475844e+04
3.834512905465939641e+07,-6.505890748973418569e-01,-1.110130725040966215e+00,6.802102789318271789e+03,-2.108940057723302016e+04
3.840830060170166194e+07,-6.476927441652869932e-01,-1.118995002814052508e+00,6.915460583590406713e+03,-2.089477022873908936e+04
3.847147214874393493e+07,-6.447489942247540684e-01,-1.127777358577131128e+00,7.026703450822896230e+03,-2.070138915494902176e+04
3.853464369578620791e+07,-6.417587073030527334e-01,-1.136478315482745360e+00,7.135882452420602931e+03,-2.050923667429150373e+04
3.859781524282848090e+07,-6.387227444316943004e-01,-1.145098388022338876e+00,7.243046928858933825e+03,-2.031829244621509497e+04
3.866098678987075388e+07,-6.356419461579977392e-01,-1.153638082169552437e+00,7.348244570568573181e+03,-2.012853646779037445e+04
3.872415833691302687e+07,-6.325171332275028035e-01,-1.162097895522017588e+00,7.451521485347862836e+03,-1.993994906999523300e+04
3.878732988395529985e+07,-6.293491072386153684e-01,-1.170478317441525196e+00,7.552922262497976590e+03,-1.975251091372696465e+04
3.885050143099757284e+07,-6.261386512708303487e-01,-1.178779829192454276e+00,7.652490033863711687e+03,-1.956620298558033392e+04
3.891367297803984582e+07,-6.228865304878014042e-01,-1.187002904078380050e+00,7.750266531951273464e+03,-1.938100659342679864e+04
3.897684452508211881e+07,-6.195934927164583605e-01,-1.195148007576775750e+00,7.846292145283738137e+03,-1.919690336182659667e+04
3.904001607212439179e+07,-6.162602690033054387e-01,-1.203215597471747111e+00,7.940605971144962496e+03,-1.901387522730203636e+04
3.910318761916666478e+07,-6.128875741489746565e-01,-1.211206123984747807e+00,8.033245865853426949e+03,-1.883190443349749330e+04
3.916635916620893776e+07,-6.094761072220470366e-01,-1.219120029903228541e+00,8.124248492698896371e+03,-1.865097352624896666e+04
3.922953071325121075e+07,-6.060265520531037398e-01,-1.226957750707192041e+00,8.213649367666708713e+03,-1.847106534858360828e+04
3.929270226029347628e+07,-6.025395777099152861e-01,-1.234719714693620629e+00,8.301482903066991639e+03,-1.829216303566754141e+04
3.935587380733574927e+07,-5.990158389546285100e-01,-1.242406343098769295e+00,8.387782449179188916e+03,-1.811425000971820191e+04
3.941904535437802225e+07,-5.954559766837733692e-01,-1.250018050218295595e+00,8.472580334015478002e+03,-1.793730997489603760e+04
3.948221690142029524e+07,-5.918606183518541064e-01,-1.257555243525238620e+00,8.555907901300935919e+03,-1.776132691218817854e+04
3.954538844846256822e+07,-5.882303783792646179e-01,-1.265018323785835230e+00,8.637795546762221420e+03,-1.758628507429586534e+04
3.960855999550484121e+07,-5.845658585452222500e-01,-1.272407685173179592e+00,8.718272752811417377e+03,-1.741216898053576733e+04
3.967173154254711419e+07,-5.808676483663798296e-01,-1.279723715378733528e+00,8.797368121706593229e+03,-1.723896341176426722e+04
3.973490308958938718e+07,-5.771363254617426497e-01,-1.286966795721702361e+00,8.875109407265978007e+03,-1.706665340533266135e+04
3.979807463663166016e+07,-5.733724559044863778e-01,-1.294137301256285344e+00,8.951523545208268843e+03,-1.689522425008031496e+04
3.986124618367393315e+07,-5.695765945612405456e-01,-1.301235600876822218e+00,9.026636682187468978e+03,-1.672466148137191703e+04
3.992441773071620613e+07,-5.657492854193769682e-01,-1.308262057420855884e+00,9.100474203586802105e+03,-1.655495087618420439e+04
3.998758927775847912e+07,-5.618910619028114617e-01,-1.315217027770128277e+00,9.173060760132671930e+03,-1.638607844824678978e+04
4.005076082480075210e+07,-5.580024471768066929e-01,-1.322100862949539879e+00,9.244420293386208868e+03,-1.621803044324112489e+04
4.011393237184302509e+07,-5.540839544422385687e-01,-1.328913908224091944e+00,9.314576060166793468e+03,-1.605079333406103433e+04
4.017710391888529807e+07,-5.501360872197648133e-01,-1.335656503193843436e+00,9.383550655958959396e+03,-1.588435381613772552e+04
4.024027546592756361e+07,-5.461593396243167309e-01,-1.342328981886905082e+00,9.451366037351279374e+03,-1.571869880283174825e+04
4.030344701296983659e+07,-5.421541966303095039e-01,-1.348931672850507413e+00,9.518043543553236304e+03,-1.555381542089382128e+04
4.036661856001210958e+07,-5.381211343279574955e-01,-1.355464899240157894e+00,9.583603917033466132e+03,-1.538969100599644844e+04
4.042979010705438256e+07,-5.340606201710494938e-01,-1.361928978906935317e+00,9.648067323320712603e+03,-1.522631309833725754e+04
4.049296165409665555e+07,-5.299731132165333980e-01,-1.368324224482937890e+00,9.711453370006345722e+03,-1.506366943831533536e+04
4.055613320113892853e+07,-5.258590643562391920e-01,-1.374650943464923003e+00,9.773781124985429415e+03,-1.490174796228118976e+04
4.061930474818120152e+07,-5.217189165410539564e-01,-1.380909438296166636e+00,9.835069133971304836e+03,-1.474053679836082119e+04
4.068247629522347450e+07,-5.175531049978475684e-01,-1.387100006446577050e+00,9.895335437316876778e+03,-1.458002426235416351e+04
4.074564784226574749e+07,-5.133620574394369696e-01,-1.393222940491090078e+00,9.954597586174028038e+03,-1.442019885370797783e+04
4.080881938930802047e+07,-5.091461942678612296e-01,-1.399278528186380655e+00,1.001287265802099864e+04,-1.426104925156306672e+04
4.087199093635029346e+07,-5.049059287712275301e-01,-1.405267052545921658e+00,1.007017727158601701e+04,-1.410256431087556302e+04
4.093516248339256644e+07,-5.006416673143789797e-01,-1.411188791913418061e+00,1.012652760119405684e+04,-1.394473305861187328e+04
4.099833403043483943e+07,-4.963538095236207925e-01,-1.417044020034652352e+00,1.018193939056220188e+04,-1.378754469001677171e+04
4.106150557747711241e+07,-4.920427484657340367e-01,-1.422833006127768085e+00,1.023642796606784759e+04,-1.363098856495399195e+04
4.112467712451937795e+07,-4.877088708214935009e-01,-1.428556014952022890e+00,1.029000824951272625e+04,-1.347505420431863968e+04
4.118784867156165093e+07,-4.833525570538960148e-01,-1.434213306875044891e+00,1.034269477040466154e+04,-1.331973128652048035e+04
4.125102021860392392e+07,-4.789741815713062234e-01,-1.439805137938612312e+00,1.039450167777773459e+04,-1.316500964403751641e+04
4.131419176564619690e+07,-4.745741128856994506e-01,-1.445331759922998893e+00,1.044544275157076117e+04,-1.301087926003854591e+04
4.137736331268846989e+07,-4.701527137661922762e-01,-1.450793420409904666e+00,1.049553141358274843e+04,-1.285733026507398245e+04
4.144053485973074287e+07,-4.657103413880328557e-01,-1.456190362844004493e+00,1.054478073802328072e+04,-1.270435293383378666e+04
4.150370640677301586e+07,-4.612473474772186277e-01,-1.461522826593139923e+00,1.059320346167483149e+04,-1.255193768197146710e+04
4.156687795381528884e+07,-4.567640784509013341e-01,-1.466791047007185433e+00,1.064081199368319540e+04,-1.240007506299301895e+04
4.163004950085756183e+07,-4.522608755537343428e-01,-1.471995255475613495e+00,1.068761842499147315e+04,-1.224875576520970208e+04
4.169322104789983481e+07,-4.477380749903084323e-01,-1.477135679483786657e+00,1.073363453743230275e+04,-1.209797060875347233e+04
4.175639259494210780e+07,-4.431960080538183133e-01,-1.482212542668002841e+00,1.077887181249232708e+04,-1.194771054265392013e+04
4.181956414198438078e+07,-4.386350012510944474e-01,-1.487226064869317188e+00,1.082334143976224186e+04,-1.179796664197553582e+04
4.188273568902665377e+07,-4.340553764241312784e-01,-1.492176462186169950e+00,1.086705432508513877e+04,-1.164873010501409772e+04
4.194590723606892675e+07,-4.294574508682362235e-01,-1.497063947025840669e+00,1.091002109841527817e+04,-1.149999225055101851e+04
4.200907878311119974e+07,-4.248415374469187156e-01,-1.501888728154757047e+00,1.095225212139883297e+04,-1.135174451516443514e+04
4.207225033015346527e+07,-4.202079447036360382e-01,-1.506651010747677599e+00,1.099375749468765571e+04,-1.120397845059587598e+04
4.213542187719573826e+07,-4.155569769705022565e-01,-1.511350996435777860e+00,1.103454706499660642e+04,-1.105668572117121403e+04
4.219859342423801124e+07,-4.108889344740750404e-01,-1.515988883353653005e+00,1.107463043191442193e+04,-1.090985810127499099e+04
4.226176497128028423e+07,-4.062041134383108099e-01,-1.520564866185270203e+00,1.111401695447782367e+04,-1.076348747287657534e+04
4.232493651832255721e+07,-4.015028061847958352e-01,-1.525079136208885355e+00,1.115271575751792989e+04,-1.061756582310727026e+04
4.238810806536483020e+07,-3.967853012303426685e-01,-1.529531881340945754e+00,1.119073573778777063e+04,-1.047208524188709634e+04
4.245127961240710318e+07,-3.920518833820440530e-01,-1.533923286179003309e+00,1.122808556987924931e+04,-1.032703791960013768e+04
4.251445115944937617e+07,-3.873028338298715179e-01,-1.538253532043654559e+00,1.126477371193753061e+04,-1.018241614481731267e+04
4.257762270649164915e+07,-3.825384302369021494e-01,-1.542522797019528991e+00,1.130080841118050012e+04,-1.003821230206546352e+04
4.264079425353392214e+07,-3.777589468272546935e-01,-1.546731255995346777e+00,1.133619770923058422e+04,-9.894418869641667698e+03
4.270396580057619512e+07,-3.729646544718124845e-01,-1.550879080703059465e+00,1.137094944726590802e+04,-9.751028417471667126e+03
4.276713734761846811e+07,-3.681558207718080844e-01,-1.554966439756099161e+00,1.140507127099746504e+04,-9.608033605011380132e+03
4.283030889466074109e+07,-3.633327101403419079e-01,-1.558993498686747525e+00,1.143857063547868165e+04,-9.465427179190412062e+03
4.289348044170301408e+07,-3.584955838819043339e-01,-1.562960419982647009e+00,1.147145480975348255e+04,-9.323201972396558631e+03
4.295665198874528706e+07,-3.536447002699679709e-01,-1.566867363122469214e+00,1.150373088134870159e+04,-9.181350900500265197e+03
4.301982353578755260e+07,-3.487803146227153595e-01,-1.570714484610755246e+00,1.153540576061641877e+04,-9.039866960918068798e+03
4.308299508282982558e+07,-3.439026793769611179e-01,-1.574501938011950486e+00,1.156648618493161666e+04,-8.898743230713942467e+03
4.314616662987209857e+07,-3.390120441603365342e-01,-1.578229873983640674e+00,1.159697872275020745e+04,-8.757972864737825148e+03
4.320933817691437155e+07,-3.341086558617839541e-01,-1.581898440309012610e+00,1.162688977753242943e+04,-8.617549093800053015e+03
4.327250972395664454e+07,-3.291927587004244149e-01,-1.585507781928551907e+00,1.165622559153625116e+04,-8.477465222881024602e+03
4.333568127099891752e+07,-3.242645942928499281e-01,-1.589058040970988683e+00,1.168499224948530355e+04,-8.337714629375081131e+03
4.339885281804119051e+07,-3.193244017188922590e-01,-1.592549356783513170e+00,1.171319568211566730e+04,-8.198290761367730738e+03
4.346202436508346349e+07,-3.143724175859189951e-01,-1.595981865961266788e+00,1.174084166960562834e+04,-8.059187135945332557e+03
4.352519591212573647e+07,-3.094088760917058090e-01,-1.599355702376128452e+00,1.176793584489238674e+04,-7.920397337536397572e+03
4.358836745916800946e+07,-3.044340090859303793e-01,-1.602670997204806325e+00,1.179448369687949707e+04,-7.781915016283646764e+03
4.365153900621028244e+07,-2.994480461303352659e-01,-1.605927878956248556e+00,1.182049057353868739e+04,-7.643733886446019824e+03
4.371471055325255543e+07,-2.944512145576020368e-01,-1.609126473498385890e+00,1.184596168490955642e+04,-7.505847724829813160e+03
4.377788210029482841e+07,-2.894437395289802262e-01,-1.612266904084215691e+00,1.187090210600047249e+04,-7.368250369248165953e+03
4.384105364733710140e+07,-2.844258440907111440e-01,-1.615349291377244700e+00,1.189531677959390618e+04,-7.230935717008112988e+03
4.390422519437936693e+07,-2.793977492292876175e-01,-1.618373753476295418e+00,1.191921051895925484e+04,-7.093897723424464857e+03
4.396739674142163992e+07,-2.743596739255838579e-01,-1.621340405939694085e+00,1.194258801047613269e+04,-6.957130400359674240e+03
4.403056828846391290e+07,-2.693118352079024724e-01,-1.624249361808842274e+00,1.196545381617091152e+04,-6.820627814789204422e+03
4.409373983550618589e+07,-2.642544482039619336e-01,-1.627100731631192954e+00,1.198781237616929320e+04,-6.684384087391361390e+03
4.415691138254845887e+07,-2.591877261918685282e-01,-1.629894623482632809e+00,1.200966801106745515e+04,-6.548393391161132968e+03
4.422008292959073186e+07,-2.541118806501035943e-01,-1.632631142989286799e+00,1.203102492422430078e+04,-6.412649950047258244e+03
4.428325447663300484e+07,-2.490271213065586020e-01,-1.635310393348749836e+00,1.205188720397720499e+04,-6.277148037611871587e+03
4.434642602367527783e+07,-2.439336561866505826e-01,-1.637932475350757588e+00,1.207225882578354503e+04,-6.141881975712060012e+03
4.440959757071755081e+07,-2.388316916605485729e-01,-1.640497487397306164e+00,1.209214365429023019e+04,-6.006846133202704550e+03
4.447276911775982380e+07,-2.337214324895409423e-01,-1.643005525522226895e+00,1.211154544533334774e+04,-5.872034924659958051e+03
4.453594066480209678e+07,-2.286030818715725221e-01,-1.645456683410227772e+00,1.213046784786993339e+04,-5.737442809124759151e+03
4.459911221184436977e+07,-2.234768414859803487e-01,-1.647851052415407080e+00,1.214891440584384145e+04,-5.603064288865766684e+03
4.466228375888664275e+07,-2.183429115374548590e-01,-1.650188721579249895e+00,1.216688855998756662e+04,-5.468893908161127001e+03
4.472545530592891574e+07,-2.132014907992533514e-01,-1.652469777648112759e+00,1.218439364956179634e+04,-5.334926252098494842e+03
4.478862685297118872e+07,-2.080527766556921065e-01,-1.654694305090206985e+00,1.220143291403443254e+04,-5.201155945392734793e+03
4.485179840001345426e+07,-2.028969651439421484e-01,-1.656862386112083918e+00,1.221800949470071282e+04,-5.067577651220761254e+03
4.491496994705572724e+07,-1.977342509951502958e-01,-1.658974100674635910e+00,1.223412643624602060e+04,-4.934186070072881193e+03
4.497814149409800023e+07,-1.925648276749181709e-01,-1.661029526508609688e+00,1.224978668825287423e+04,-4.800975938620330453e+03
4.504131304114027321e+07,-1.873888874231501300e-01,-1.663028739129650546e+00,1.226499310665357734e+04,-4.667942028598165962e+03
4.510448458818254620e+07,-1.822066212933022011e-01,-1.664971811852874017e+00,1.227974845512988941e+04,-4.535079145703238282e+03
4.516765613522481918e+07,-1.770182191910503466e-01,-1.666858815806977923e+00,1.229405540646106056e+04,-4.402382128506632398e+03
4.523082768226709217e+07,-1.718238699124000901e-01,-1.668689819947897002e+00,1.230791654382150591e+04,-4.269845847380100167e+03
4.529399922930936515e+07,-1.666237611812585451e-01,-1.670464891072005464e+00,1.232133436202932171e+04,-4.137465203435998774e+03
4.535717077635163814e+07,-1.614180796864895240e-01,-1.672184093828878337e+00,1.233431126874683468e+04,-4.005235127480244955e+03
4.542034232339391112e+07,-1.562070111184715726e-01,-1.673847490733610499e+00,1.234684958563427426e+04,-3.873150578977823443e+03
4.548351387043618411e+07,-1.509907402051785807e-01,-1.675455142178701839e+00,1.235895154945764989e+04,-3.741206545030376674e+03
4.554668541747845709e+07,-1.457694507478019819e-01,-1.677007106445514539e+00,1.237061931315184847e+04,-3.609398039365423301e+03
4.560985696452073008e+07,-1.405433256559333322e-01,-1.678503439715303358e+00,1.238185494683991601e+04,-3.477720101336755761e+03
4.567302851156300306e+07,-1.353125469823257265e-01,-1.679944196079830032e+00,1.239266043880946563e+04,-3.346167794935576239e+03
4.573620005860527605e+07,-1.300772959572515097e-01,-1.681329427551557565e+00,1.240303769644707972e+04,-3.214736207811932672e+03
4.579937160564754158e+07,-1.248377530224750870e-01,-1.682659184073437064e+00,1.241298854713156834e+04,-3.083420450306042767e+03
4.586254315268981457e+07,-1.195940978648537684e-01,-1.683933513528286907e+00,1.242251473908686603e+04,-2.952215654488995369e+03
4.592571469973208755e+07,-1.143465094495930007e-01,-1.685152461747766228e+00,1.243161794219533658e+04,-2.821116973212637276e+03
4.598888624677436054e+07,-1.090951660531604417e-01,-1.686316072520952059e+00,1.244029974877222230e+04,-2.690119579167933352e+03
4.605205779381663352e+07,-1.038402452958839817e-01,-1.687424387602519893e+00,1.244856167430190362e+04,-2.559218663951621693e+03
4.611522934085890651e+07,-9.858192417424622989e-02,-1.688477446720530351e+00,1.245640515813663478e+04,-2.428409437140673617e+03
4.617840088790117949e+07,-9.332037909289178645e-02,-1.689475287583827923e+00,1.246383156415836675e+04,-2.297687125374181051e+03
4.624157243494345248e+07,-8.805578589636282871e-02,-1.690417945889053586e+00,1.247084218140422854e+04,-2.167046971442277481e+03
4.630474398198572546e+07,-8.278831990057793078e-02,-1.691305455327273277e+00,1.247743822465623089e+04,-2.036484233381711874e+03
4.636791552902799845e+07,-7.751815592406956223e-02,-1.692137847590226674e+00,1.248362083499569599e+04,-1.905994183577690364e+03
4.643108707607027143e+07,-7.224546831899465726e-02,-1.692915152376196497e+00,1.248939108032289005e+04,-1.775572107871611024e+03
4.649425862311254442e+07,-6.697043100193313114e-02,-1.693637397395504784e+00,1.249474995584232056e+04,-1.645213304674318806e+03
4.655743017015481740e+07,-6.169321748448860360e-02,-1.694304608375633237e+00,1.249969838451410942e+04,-1.514913084084509592e+03
4.662060171719709039e+07,-5.641400090370563003e-02,-1.694916809065973418e+00,1.250423721747183481e+04,-1.384666767011917045e+03
4.668377326423935592e+07,-5.113295405231810947e-02,-1.695474021242207918e+00,1.250836723440720016e+04,-1.254469684304936209e+03
4.674694481128162891e+07,-4.585024940883910410e-02,-1.695976264710324033e+00,1.251208914392185943e+04,-1.124317175882228867e+03
4.681011635832390189e+07,-4.056605916751519769e-02,-1.696423557310259955e+00,1.251540358384670435e+04,-9.942045898681844847e+02
4.687328790536617488e+07,-3.528055526814662807e-02,-1.696815914919189039e+00,1.251831112152887181e+04,-8.641272817315739303e+02
4.693645945240844786e+07,-2.999390942579609892e-02,-1.697153351454439241e+00,1.252081225408674072e+04,-7.340806134272721692e+02
4.699963099945072085e+07,-2.470629316039602702e-02,-1.697435878876051518e+00,1.252290740863311657e+04,-6.040599525406079238e+02
4.706280254649299383e+07,-1.941787782626821363e-02,-1.697663507188976961e+00,1.252459694246679464e+04,-4.740606714340041208e+02
4.712597409353526682e+07,-1.412883464156927844e-02,-1.697836244444914211e+00,1.252588114323267837e+04,-3.440781463955621575e+02
4.718914564057753980e+07,-8.839334717675095474e-03,-1.697954096743788055e+00,1.252676022905057289e+04,-2.141077567892422167e+02
4.725231718761981279e+07,-3.549549088517430732e-03,-1.698017068234868532e+00,1.252723434861277201e+04,-8.414488420629393772e+01
4.731548873466208577e+07,1.740351260114041208e-03,-1.698025161117532766e+00,1.252730358125051862e+04,4.581508838240796422e+01
4.737866028170435876e+07,7.030195361291238614e-03,-1.697978375641668425e+00,1.252696793696940040e+04,1.757767774734675186e+02
4.744183182874663174e+07,1.231981223767555922e-02,-1.697876710107720122e+00,1.252622735645369357e+04,3.057447998778554847e+02
4.750500337578890473e+07,1.760903087224104796e-02,-1.697720160866377670e+00,1.252508171103968743e+04,4.357237735679252069e+02
4.756817492283117771e+07,2.289768017897974434e-02,-1.697508722317907059e+00,1.252353080265793142e+04,5.657183185249004964e+02
4.763134646987344325e+07,2.818558897357545390e-02,-1.697242386911122614e+00,1.252157436374439385e+04,6.957330575871658311e+02
4.769451801691571623e+07,3.347258594403654947e-02,-1.696921145142000986e+00,1.251921205712042138e+04,8.257726172997939784e+02
4.775768956395798922e+07,3.875849962126524245e-02,-1.696544985551937446e+00,1.251644347584142088e+04,9.558416287654287089e+02
4.782086111100026220e+07,4.404315834956253062e-02,-1.696113894725640669e+00,1.251326814301412742e+04,1.085944728497175220e+03
4.788403265804253519e+07,4.932639025704629171e-02,-1.695627857288667162e+00,1.250968551158230548e+04,1.216086559273616331e+03
4.794720420508480817e+07,5.460802322597270442e-02,-1.695086855904595513e+00,1.250569496408069244e+04,1.346271770996394707e+03
4.801037575212708116e+07,5.988788486294711888e-02,-1.694490871271836285e+00,1.250129581235698606e+04,1.476505021550699894e+03
4.807354729916935414e+07,6.516580246901070017e-02,-1.693839882120078633e+00,1.249648729726163401e+04,1.606790977669009635e+03
4.813671884621162713e+07,7.044160300958920984e-02,-1.693133865206371880e+00,1.249126858830515812e+04,1.737134315798441321e+03
4.819989039325390011e+07,7.571511308429022813e-02,-1.692372795310839173e+00,1.248563878328272040e+04,1.867539722972072695e+03
4.826306194029617310e+07,8.098615889653490441e-02,-1.691556645232022760e+00,1.247959690786561987e+04,1.998011897684589485e+03
4.832623348733844608e+07,8.625456622300999021e-02,-1.690685385781857786e+00,1.247314191515934544e+04,2.128555550772623064e+03
4.838940503438071907e+07,9.152016038292637434e-02,-1.689758985780274392e+00,1.246627268522783015e+04,2.259175406300144004e+03
4.845257658142299205e+07,9.678276620706929845e-02,-1.688777412049425442e+00,1.245898802458347745e+04,2.389876202449280754e+03
4.851574812846526504e+07,1.020422080066260562e-01,-1.687740629407533444e+00,1.245128666564252308e+04,2.520662692416935442e+03
4.857891967550753057e+07,1.072983095417756605e-01,-1.686648600662361774e+00,1.244316726614527397e+04,2.651539645317556278e+03
4.864209122254980356e+07,1.125508939900292105e-01,-1.685501286604300430e+00,1.243462840854068236e+04,2.782511847092541302e+03
4.870526276959207654e+07,1.177997839142966852e-01,-1.684298645999068089e+00,1.242566859933476917e+04,2.913584101426423331e+03
4.876843431663434952e+07,1.230448012306770006e-01,-1.683040635580024258e+00,1.241628626840227480e+04,3.044761230670536861e+03
4.883160586367662251e+07,1.282857671759463636e-01,-1.681727210040090847e+00,1.240647976826097147e+04,3.176048076774326091e+03
4.889477741071889549e+07,1.335225022747329460e-01,-1.680358322023278284e+00,1.239624737330796415e+04,3.307449502224786102e+03
4.895794895776116848e+07,1.387548263063608511e-01,-1.678933922115813937e+00,1.238558727901733801e+04,3.438970390994424633e+03
4.902112050480344146e+07,1.439825582713469831e-01,-1.677453958836866654e+00,1.237449760109840281e+04,3.570615649498153289e+03
4.908429205184571445e+07,1.492055163575340127e-01,-1.675918378628866945e+00,1.236297637461381055e+04,3.702390207559525152e+03
4.914746359888798743e+07,1.544235179058424390e-01,-1.674327125847416609e+00,1.235102155305674205e+04,3.834299019386735836e+03
4.921063514593026042e+07,1.596363793756239713e-01,-1.672680142750784027e+00,1.233863100738632966e+04,3.966347064558817237e+03
4.927380669297253340e+07,1.648439163095989091e-01,-1.670977369488980235e+00,1.232580252502045732e+04,4.098539349022457827e+03
4.933697824001480639e+07,1.700459432983587871e-01,-1.669218744092412887e+00,1.231253380878500502e+04,4.230880906099888307e+03
4.940014978705707937e+07,1.752422739444161881e-01,-1.667404202460111229e+00,1.229882247581858428e+04,4.363376797508278287e+03
4.946332133409934491e+07,1.804327208257816839e-01,-1.665533678347518531e+00,1.228466605643177172e+04,4.496032114391090545e+03
4.952649288114161789e+07,1.856170954590524447e-01,-1.663607103353845984e+00,1.227006199291976009e+04,4.628851978361938563e+03
4.958966442818389088e+07,1.907952082619832068e-01,-1.661624406908984275e+00,1.225500763832736266e+04,4.761841542561192000e+03
4.965283597522616386e+07,1.959668685155318557e-01,-1.659585516259964866e+00,1.223950025516517962e+04,4.895005992726115437e+03
4.971600752226843685e+07,2.011318843253488975e-01,-1.657490356456966740e+00,1.222353701407575500e+04,5.028350548274796893e+03
4.977917906931070983e+07,2.062900625826939727e-01,-1.655338850338862855e+00,1.220711499244845072e+04,5.161880463404453621e+03
4.984235061635298282e+07,2.114412089247559856e-01,-1.653130918518299852e+00,1.219023117298172110e+04,5.295601028204605427e+03
4.990552216339525580e+07,2.165851276943551174e-01,-1.650866479366303041e+00,1.217288244219142871e+04,5.429517569785628439e+03
4.996869371043752879e+07,2.217216218990032128e-01,-1.648545448996404206e+00,1.215506558886375751e+04,5.563635453423218678e+03
5.003186525747980177e+07,2.268504931692987003e-01,-1.646167741248279359e+00,1.213677730245123348e+04,5.697960083719290196e+03
5.009503680452207476e+07,2.319715417166322291e-01,-1.643733267670895559e+00,1.211801417141029560e+04,5.832496905779864392e+03
5.015820835156434774e+07,2.370845662901775730e-01,-1.641241937505155013e+00,1.209877268147878749e+04,5.967251406410494383e+03
5.022137989860662073e+07,2.421893641331420710e-01,-1.638693657666030701e+00,1.207904921389167248e+04,6.102229115329802880e+03
5.028455144564889371e+07,2.472857309382504032e-01,-1.636088332724187078e+00,1.205884004353320233e+04,6.237435606401697441e+03
5.034772299269116670e+07,2.523734608024343351e-01,-1.633425864887074530e+00,1.203814133702370236e+04,6.372876498886865193e+03
5.041089453973343223e+07,2.574523461806997870e-01,-1.630706153979492257e+00,1.201694915073903940e+04,6.508557458714125460e+03
5.047406608677570522e+07,2.625221778391459981e-01,-1.627929097423608473e+00,1.199525942876076078e+04,6.644484199772352440e+03
5.053723763381797820e+07,2.675827448070982051e-01,-1.625094590218434609e+00,1.197306800075484534e+04,6.780662485223352633e+03
5.060040918086025119e+07,2.726338343283348786e-01,-1.622202524918735289e+00,1.195037057977684526e+04,6.917098128836661090e+03
5.066358072790252417e+07,2.776752318113695495e-01,-1.619252791613373876e+00,1.192716276000117796e+04,7.053796996346663036e+03
5.072675227494479716e+07,2.827067207787578029e-01,-1.616245277903077815e+00,1.190344001437217594e+04,7.190765006832806648e+03
5.078992382198707014e+07,2.877280828153950809e-01,-1.613179868877618217e+00,1.187919769217444809e+04,7.328008134123574564e+03
5.085309536902934313e+07,2.927390975157717623e-01,-1.610056447092388821e+00,1.185443101651996585e+04,7.465532408224900792e+03
5.091626691607161611e+07,2.977395424301483851e-01,-1.606874892544379430e+00,1.182913508174918388e+04,7.603343916773752426e+03
5.097943846311388910e+07,3.027291930096152051e-01,-1.603635082647527854e+00,1.180330485074341232e+04,7.741448806517591947e+03
5.104261001015616208e+07,3.077078225499973452e-01,-1.600336892207442130e+00,1.177693515214552281e+04,7.879853284820464069e+03
5.110578155719843507e+07,3.126752021345667876e-01,-1.596980193395481917e+00,1.175002067748592708e+04,8.018563621196464737e+03
5.116895310424070805e+07,3.176311005755196870e-01,-1.593564855722184870e+00,1.172255597821068477e+04,8.157586148871353544e+03
5.123212465128298104e+07,3.225752843541781489e-01,-1.590090746010029532e+00,1.169453546260841540e+04,8.296927266373111706e+03
5.129529619832524657e+07,3.275075175598709531e-01,-1.586557728365518116e+00,1.166595339263256392e+04,8.436593439152216888e+03
5.135846774536751956e+07,3.324275618274536992e-01,-1.582965664150569385e+00,1.163680388061542726e+04,8.576591201232569802e+03
5.142163929240979254e+07,3.373351762734108084e-01,-1.579314411953209651e+00,1.160708088587020757e+04,8.716927156893645588e+03
5.148481083945206553e+07,3.422301174305053539e-01,-1.575603827557544356e+00,1.157677821117712847e+04,8.857607982385066862e+03
5.154798238649433851e+07,3.471121391809159351e-01,-1.571833763912999116e+00,1.154588949914957448e+04,8.998640427674223247e+03
5.161115393353661150e+07,3.519809926878145201e-01,-1.568004071102816477e+00,1.151440822847596974e+04,9.140031318227909651e+03
5.167432548057888448e+07,3.568364263253295254e-01,-1.564114596311792393e+00,1.148232771003294329e+04,9.281787556828896413e+03
5.173749702762115747e+07,3.616781856068401746e-01,-1.560165183793237764e+00,1.144964108286514420e+04,9.423916125428337182e+03
5.180066857466343045e+07,3.665060131115440156e-01,-1.556155674835151936e+00,1.141634131002684444e+04,9.566424087034960394e+03
5.186384012170570344e+07,3.713196484092384786e-01,-1.552085907725586855e+00,1.138242117428028178e+04,9.709318587642013881e+03
5.192701166874797642e+07,3.761188279832547998e-01,-1.547955717717194091e+00,1.134787327364543125e+04,9.852606858192932123e+03
5.199018321579024941e+07,3.809032851514800866e-01,-1.543764936990929204e+00,1.131269001679569374e+04,9.996296216586719311e+03
5.205335476283252239e+07,3.856727499854023522e-01,-1.539513394618902797e+00,1.127686361829372618e+04,1.014039406972406869e+04
5.211652630987479538e+07,3.904269492271081887e-01,-1.535200916526358927e+00,1.124038609366137644e+04,1.028490791559524405e+04
5.217969785691706836e+07,3.951656062041627449e-01,-1.530827325452762233e+00,1.120324925427742528e+04,1.042984534541077119e+04
5.224286940395933390e+07,3.998884407422974574e-01,-1.526392440911977344e+00,1.116544470209653446e+04,1.057521404577598878e+04
5.230604095100160688e+07,4.045951690758310404e-01,-1.521896079151516368e+00,1.112696382418250323e+04,1.072102180091064110e+04
5.236921249804387987e+07,4.092855037557364684e-01,-1.517338053110846685e+00,1.108779778704867203e+04,1.086727649491434750e+04
5.243238404508615285e+07,4.139591535552812340e-01,-1.512718172378725523e+00,1.104793753079786438e+04,1.101398611407941462e+04
5.249555559212842584e+07,4.186158233731467893e-01,-1.508036243149551092e+00,1.100737376305402904e+04,1.116115874925184653e+04
5.255872713917069882e+07,4.232552141339406826e-01,-1.503292068178706087e+00,1.096609695267732059e+04,1.130880259824180939e+04
5.262189868621297181e+07,4.278770226860073578e-01,-1.498485446736871118e+00,1.092409732325396362e+04,1.145692596828466776e+04
5.268507023325524479e+07,4.324809416964410791e-01,-1.493616174563289656e+00,1.088136484635188026e+04,1.160553727855377656e+04
5.274824178029751778e+07,4.370666595431992874e-01,-1.488684043817960490e+00,1.083788923453258940e+04,1.175464506272618746e+04
5.281141332733979076e+07,4.416338602042126360e-01,-1.483688843032735072e+00,1.079365993410947340e+04,1.190425797160245747e+04
5.287458487438206375e+07,4.461822231433807961e-01,-1.478630357061296641e+00,1.074866611764200570e+04,1.205438477578174206e+04
5.293775642142433673e+07,4.507114231933421200e-01,-1.473508367027998034e+00,1.070289667615506733e+04,1.220503436839337519e+04
5.300092796846660972e+07,4.552211304348968701e-01,-1.468322650275535324e+00,1.065634021107191802e+04,1.235621576788612219e+04
5.306409951550888270e+07,4.597110100729618898e-01,-1.463072980311428850e+00,1.060898502584887683e+04,1.250793812087630249e+04
5.312727106255115569e+07,4.641807223089277068e-01,-1.457759126753290113e+00,1.056081911729913190e+04,1.266021070505597891e+04
5.319044260959342122e+07,4.686299222092832339e-01,-1.452380855272849436e+00,1.051183016659255918e+04,1.281304293216236692e+04
5.325361415663569421e+07,4.730582595703719528e-01,-1.446937927538710866e+00,1.046200552991766017e+04,1.296644435100975898e+04
5.331678570367796719e+07,4.774653787791257042e-01,-1.441430101157822774e+00,1.041133222879124332e+04,1.312042465058485323e+04
5.337995725072024018e+07,4.818509186696349200e-01,-1.435857129615619288e+00,1.035979694000049676e+04,1.327499366320696936e+04
5.344312879776251316e+07,4.862145123753882081e-01,-1.430218762214816586e+00,1.030738598516155434e+04,1.343016136775403174e+04
5.350630034480478615e+07,4.905557871770203082e-01,-1.424514744012833622e+00,1.025408531987774404e+04,1.358593789295547685e+04
5.356947189184705913e+07,4.948743643453932806e-01,-1.418744815757807087e+00,1.019988052247988162e+04,1.374233352075315270e+04
5.363264343888933212e+07,4.991698589798323482e-01,-1.412908713823172846e+00,1.014475678233006875e+04,1.389935868973119977e+04
5.369581498593160510e+07,5.034418798413270446e-01,-1.407006170140783885e+00,1.008869888766951044e+04,1.405702399861587219e+04
5.375898653297387809e+07,5.076900291805007681e-01,-1.401036912132536560e+00,1.003169121298985738e+04,1.421534020984621020e+04
5.382215808001615107e+07,5.119139025601431303e-01,-1.395000662640472511e+00,9.973717705906519768e+03,1.437431825321639189e+04
5.388532962705842406e+07,5.161130886720910471e-01,-1.388897139855328033e+00,9.914761873511257363e+03,1.453396922959049880e+04
5.394850117410069704e+07,5.202871691482319205e-01,-1.382726057243500728e+00,9.854806768180182189e+03,1.469430441469039397e+04
5.401167272114297003e+07,5.244357183653951537e-01,-1.376487123472397656e+00,9.793834972812026535e+03,1.485533526295722913e+04
5.407484426818523556e+07,5.285583032438840867e-01,-1.370180042334141923e+00,9.731828585470213511e+03,1.501707341148704290e+04
5.413801581522750854e+07,5.326544830393956653e-01,-1.363804512667594837e+00,9.668769203400786864e+03,1.517953068404085025e+04
5.420118736226978153e+07,5.367238091280481793e-01,-1.357360228278678749e+00,9.604637906396921608e+03,1.534271909512910133e+04
5.426435890931205451e+07,5.407658247842469512e-01,-1.350846877858950412e+00,9.539415239478861622e+03,1.550665085417089176e+04
5.432753045635432750e+07,5.447800649510832205e-01,-1.344264144902407088e+00,9.473081194856740694e+03,1.567133836972743302e+04
5.439070200339660048e+07,5.487660560029591350e-01,-1.337611707620487644e+00,9.405615193141726195e+03,1.583679425380948305e+04
5.445387355043887347e+07,5.527233155001143317e-01,-1.330889238855240464e+00,9.336996063769151078e+03,1.600303132625808576e+04
5.451704509748114645e+07,5.566513519347123795e-01,-1.324096405990623948e+00,9.267202024595198964e+03,1.617006261919768622e+04
5.458021664452341944e+07,5.605496644681298157e-01,-1.317232870861915650e+00,9.196210660626589743e+03,1.633790138156043031e+04
5.464338819156569242e+07,5.644177426590734070e-01,-1.310298289663190507e+00,9.123998901840426697e+03,1.650656108368009154e+04
5.470655973860796541e+07,5.682550661821307303e-01,-1.303292312852851076e+00,9.050543000048926842e+03,1.667605542195372254e+04
5.476973128565023839e+07,5.720611045363418468e-01,-1.296214585057170021e+00,8.975818504761164149e+03,1.684639832356873376e+04
5.483290283269251138e+07,5.758353167433571951e-01,-1.289064744971826215e+00,8.899800237991212271e+03,1.701760395129258541e+04
5.489607437973478436e+07,5.795771510347265121e-01,-1.281842425261404239e+00,8.822462267959150267e+03,1.718968670832185308e+04
5.495924592677705735e+07,5.832860445278378325e-01,-1.274547252456836643e+00,8.743777881628240721e+03,1.736266124318680158e+04
5.502241747381932288e+07,5.869614228900041919e-01,-1.267178846850761431e+00,8.663719556018315416e+03,1.753654245470702881e+04
5.508558902086159587e+07,5.906026999901687891e-01,-1.259736822390776334e+00,8.582258928231753089e+03,1.771134549699309355e+04
5.514876056790386885e+07,5.942092775376658365e-01,-1.252220786570578337e+00,8.499366764124884867e+03,1.788708578448796470e+04
5.521193211494614184e+07,5.977805447074573397e-01,-1.244630340318960693e+00,8.415012925553262903e+03,1.806377899704192532e+04
5.527510366198841482e+07,6.013158777512221942e-01,-1.236965077886663655e+00,8.329166336115287777e+03,1.824144108501291703e+04
5.533827520903068781e+07,6.048146395936504494e-01,-1.229224586731067381e+00,8.241794945313869903e+03,1.842008827438375010e+04
5.540144675607296079e+07,6.082761794132535149e-01,-1.221408447398723673e+00,8.152865691050949863e+03,1.859973707188626940e+04
5.546461830311523378e+07,6.116998322069701066e-01,-1.213516233405721456e+00,8.062344460364483893e+03,1.878040427012134751e+04
5.552778985015750676e+07,6.150849183378048757e-01,-1.205547511115896642e+00,7.970196048311830054e+03,1.896210695266213588e+04
5.559096139719977975e+07,6.184307430646948101e-01,-1.197501839616889940e+00,7.876384114897517975e+03,1.914486249912652056e+04
5.565413294424205273e+07,6.217365960537571956e-01,-1.189378770594074375e+00,7.780871139936925829e+03,1.932868859020294622e+04
5.571730449128432572e+07,6.250017508700199675e-01,-1.181177848202372926e+00,7.683618375740531519e+03,1.951360321261191348e+04
5.578047603832659870e+07,6.282254644486918727e-01,-1.172898608935996068e+00,7.584585797496020859e+03,1.969962466398333709e+04
5.584364758536887169e+07,6.314069765449716876e-01,-1.164540581496145366e+00,7.483732051217647495e+03,1.988677155762763505e+04
5.590681913241114467e+07,6.345455091613388943e-01,-1.156103286656725126e+00,7.381014399123775547e+03,2.007506282717587237e+04
5.596999067945341021e+07,6.376402659512115934e-01,-1.147586237128130682e+00,7.276388662294452843e+03,2.026451773106137625e+04
5.603316222649568319e+07,6.406904315977884901e-01,-1.138988937419177283e+00,7.169809160451049138e+03,2.045515585681228549e+04
5.609633377353795618e+07,6.436951711668226217e-01,-1.130310883697271507e+00,7.061228648689772854e+03,2.064699712512052429e+04
5.615950532058022916e+07,6.466536294320078815e-01,-1.121551563646910665e+00,6.950598250989212829e+03,2.084006179364963828e+04
5.622267686762250215e+07,6.495649301715714641e-01,-1.112710456326638120e+00,6.837867390300404622e+03,2.103437046053886661e+04
5.628584841466477513e+07,6.524281754345886419e-01,-1.103787032024594161e+00,6.722983715014665904e+03,2.122994406755655291e+04
5.634901996170704812e+07,6.552424447754451320e-01,-1.094780752112815447e+00,6.605893021590552053e+03,2.142680390285065732e+04
5.641219150874932110e+07,6.580067944547737246e-01,-1.085691068900470180e+00,6.486539173106240924e+03,2.162497160323827120e+04
5.647536305579159409e+07,6.607202566050957016e-01,-1.076517425486234414e+00,6.364864013487439479e+03,2.182446915596965118e+04
5.653853460283386707e+07,6.633818383592832157e-01,-1.067259255610045754e+00,6.240807277143457213e+03,2.202531889989514093e+04
5.660170614987614006e+07,6.659905209398438997e-01,-1.057915983504507107e+00,6.114306493725273867e+03,2.222754352595541059e+04
5.666487769691841304e+07,6.685452587069051766e-01,-1.048487023746238478e+00,5.985296887699133549e+03,2.243116607690667297e+04
5.672804924396068603e+07,6.710449781626388610e-01,-1.038971781107525860e+00,5.853711272407286742e+03,2.263620994618274563e+04
5.679122079100295901e+07,6.734885769097260777e-01,-1.029369650408650694e+00,5.719479938263872100e+03,2.284269887578496491e+04
5.685439233804522455e+07,6.758749225613064349e-01,-1.019680016371338205e+00,5.582530534708384948e+03,2.305065695307892383e+04
5.691756388508749753e+07,6.782028515996920692e-01,-1.009902253473806910e+00,5.442787945511460748e+03,2.326010860636370853e+04
5.698073543212977052e+07,6.804711681809451074e-01,-1.000035725807986609e+00,5.300174156998198669e+03,2.347107859906386875e+04
5.704390697917204350e+07,6.826786428822363417e-01,-9.900797869394950546e-01,5.154608118721359460e+03,2.368359202237860518e+04
5.710707852621431649e+07,6.848240113886870928e-01,-9.800337797710850785e-01,5.006005596082387456e+03,2.389767428620330247e+04
5.717025007325658947e+07,6.869059731161830662e-01,-9.698970364103227659e-01,4.854279014359988651e+03,2.411335110811833511e+04
5.723342162029886246e+07,6.889231897664118698e-01,-9.596688780423634491e-01,4.699337293565064101e+03,2.433064850021696839e+04
5.729659316734113544e+07,6.908742838101181727e-01,-9.493486148087916243e-01,4.541085673496289928e+03,2.454959275351842007e+04
5.735976471438340843e+07,6.927578368942989284e-01,-9.389355456936002708e-01,4.379425528322362879e+03,2.477021041968350619e+04
5.742293626142568141e+07,6.945723881687647649e-01,-9.284289584175167143e-01,4.214254169964548055e+03,2.499252828971818963e+04
5.748610780846795440e+07,6.963164325271751220e-01,-9.178281293420174070e-01,4.045464639496268319e+03,2.521657336931448299e+04
5.754927935551022738e+07,6.979884187573098808e-01,-9.071323233845350886e-01,3.872945485714683400e+03,2.544237285043803058e+04
5.761245090255250037e+07,6.995867475949718584e-01,-8.963407939465299901e-01,3.696580529972026397e+03,2.566995407872668875e+04
5.767562244959477335e+07,7.011097696755126396e-01,-8.854527828562986924e-01,3.516248616281410705e+03,2.589934451621406697e+04
5.773879399663704634e+07,7.025557833765402327e-01,-8.744675203286040865e-01,3.331823345632349628e+03,2.613057169883544702e+04
5.780196554367931187e+07,7.039230325449026271e-01,-8.633842249434582339e-01,3.143172793364733025e+03,2.636366318811001838e+04
5.786513709072158486e+07,7.052097041005349620e-01,-8.522021036466496113e-01,2.950159208355652481e+03,2.659864651632222376e+04
5.792830863776385784e+07,7.064139255092047875e-01,-8.409203517749360701e-01,2.752638692671296667e+03,2.683554912444430374e+04
5.799148018480613083e+07,7.075337621156084777e-01,-8.295381531091178262e-01,2.550460860223519830e+03,2.707439829195282437e+04
5.805465173184840381e+07,7.085672143276198209e-01,-8.180546799586309037e-01,2.343468472849513091e+03,2.731522105758937687e+04
5.811782327889067680e+07,7.095122146418013642e-01,-8.064690932816965807e-01,2.131497052099555276e+03,2.755804413000162094e+04
5.818099482593294978e+07,7.103666244995330281e-01,-7.947805428455483323e-01,1.914374464872877979e+03,2.780289378707133437e+04
5.824416637297522277e+07,7.111282309622954934e-01,-7.829881674317922258e-01,1.691920480883340588e+03,2.804979576259002351e+04
5.830733792001749575e+07,7.117947431937563518e-01,-7.710910950925524698e-01,1.463946299763786556e+03,2.829877511877761208e+04
5.837050946705976874e+07,7.123637887353425624e-01,-7.590884434637332756e-01,1.230254045429302096e+03,2.854985610295264269e+04
5.843368101410204172e+07,7.128329095609367005e-01,-7.469793201424804741e-01,9.906362251136267787e+02,2.880306198645081167e+04
5.849685256114431471e+07,7.131995578951932924e-01,-7.347628231367848706e-01,7.448751502680765952e+02,2.905841488364837278e+04
5.856002410818658769e+07,7.134610917787355122e-01,-7.224380413961263292e-01,4.927423162668099508e+02,2.931593554867442072e+04
5.862319565522886068e+07,7.136147703621467109e-01,-7.100040554331454867e-01,2.339977375942435742e+02,2.957564314708618258e+04
5.868636720227112621e+07,7.136577489092036375e-01,-6.974599380475519084e-01,-3.161076510206430612e+01,2.983755499942895767e+04
5.874953874931339920e+07,7.135870734882079347e-01,-6.848047551648537290e-01,-3.043483300290891407e+02,3.010168629320107721e+04
5.881271029635567218e+07,7.133996753285376524e-01,-6.720375668040845518e-01,-5.844938756199072714e+02,3.036804975928597196e+04
5.887588184339794517e+07,7.130923648176507035e-01,-6.591574281904262200e-01,-8.723409829227446153e+02,3.063665530839197163e+04
5.893905339044021815e+07,7.126618251117189384e-01,-6.461633910306815443e-01,-1.168198844082767209e+03,3.090750962244232142e+04
5.900222493748249114e+07,7.121046053308347501e-01,-6.330545049717972717e-01,-1.472393282441366409e+03,3.118061569517544922e+04
5.906539648452476412e+07,7.114171133072979547e-01,-6.198298192652342831e-01,-1.785267850264833669e+03,3.145597231543283488e+04
5.912856803156703711e+07,7.105956078528409270e-01,-6.064883846629176567e-01,-2.107185010642579982e+03,3.173357348571445618e+04
5.919173957860931009e+07,7.096361905077707144e-01,-5.930292555738480020e-01,-2.438527410666330525e+03,3.201340776755153274e+04
5.925491112565158308e+07,7.085347967318746942e-01,-5.794514925142643103e-01,-2.779699253617822706e+03,3.229545754406178821e+04
5.931808267269385606e+07,7.072871864935362796e-01,-5.657541648886021957e-01,-3.131127778554763609e+03,3.257969818868931543e+04
5.938125421973612905e+07,7.058889342098145780e-01,-5.519363541434546550e-01,-3.493264856393565879e+03,3.286609712756012595e+04
5.944442576677840203e+07,7.043354179862456599e-01,-5.379971573424283671e-01,-3.866588712342017971e+03,3.315461278107217368e+04
5.950759731382067502e+07,7.026218081007908900e-01,-5.239356912162868030e-01,-4.251605785333184940e+03,3.344519336824490892e+04
5.957076886086294800e+07,7.007430546716905129e-01,-5.097510967502343338e-01,-4.648852735948912596e+03,3.373777555493242835e+04
5.963394040790521353e+07,6.986938744439435967e-01,-4.954425443787440209e-01,-5.058898615189645170e+03,3.403228292420047364e+04
5.969711195494748652e+07,6.964687366237297672e-01,-4.810092398681626302e-01,-5.482347207335564235e+03,3.432862424391829700e+04
5.976028350198975950e+07,6.940618476843144480e-01,-4.664504309786643432e-01,-5.919839561033350037e+03,3.462669150284404896e+04
5.982345504903203249e+07,6.914671350608165845e-01,-4.517654150101010346e-01,-6.372056723612700807e+03,3.492635768210209790e+04
5.988662659607430547e+07,6.886782296447179208e-01,-4.369535473513793677e-01,-6.839722694446923924e+03,3.522747422385405662e+04
5.994979814311657846e+07,6.856884469821564743e-01,-4.220142511703103838e-01,-7.323607613881610632e+03,3.552986815303413459e+04
6.001296969015885144e+07,6.824907670729485343e-01,-4.069470284009452654e-01,-7.824531204797091959e+03,3.583333880110822065e+04
6.007614123720112443e+07,6.790778126600099940e-01,-3.917514722086182788e-01,-8.343366484160347682e+03,3.613765407275714097e+04
6.013931278424339741e+07,6.754418258915174667e-01,-3.764272811398080010e-01,-8.881043761845858171e+03,3.644254618698155537e+04
6.020248433128567040e+07,6.715746432309597225e-01,-3.609742751951105499e-01,-9.438554943411189015e+03,3.674770681314812100e+04
6.026565587832794338e+07,6.674676684834347506e-01,-3.453924140998164694e-01,-1.001695815220167788e+04,3.705278150967658439e+04
6.032882742537021637e+07,6.631118438005002558e-01,-3.296818180886353922e-01,-1.061738268386571144e+04,3.735736335809410230e+04
6.039199897241248935e+07,6.584976185210750232e-01,-3.138427915700059412e-01,-1.124103430274106722e+04,3.766098566769758327e+04
6.045517051945476234e+07,6.536149157029657042e-01,-2.978758500923052166e-01,-1.188920088416943872e+04,3.796311360565566429e+04
6.051834206649703532e+07,6.484530961994301457e-01,-2.817817511004646058e-01,-1.256325839901611835e+04,3.826313458358242497e+04
6.058151361353930086e+07,6.430009201389472739e-01,-2.655615290485506819e-01,-1.326467722573860374e+04,3.856034720390145230e+04
6.064468516058157384e+07,6.372465056755707291e-01,-2.492165355235315127e-01,-1.399502876025043406e+04,3.885394853711558244e+04
6.070785670762384683e+07,6.311772848939545266e-01,-2.327484851398203269e-01,-1.475599227324455751e+04,3.914301946378534922e+04
6.077102825466611981e+07,6.247799567799505738e-01,-2.161595080853944417e-01,-1.554936193686939623e+04,3.942650777196313720e+04
6.083419980170839280e+07,6.180404372081643727e-01,-1.994522103411291158e-01,-1.637705390546034869e+04,3.970320865140893875e+04
6.089737134875066578e+07,6.109438059564905599e-01,-1.826297427580266808e-01,-1.724111328555842920e+04,3.997174216960304329e+04
6.096054289579293877e+07,6.034742508404198347e-01,-1.656958803654042800e-01,-1.814372076498394017e+04,4.023052725103701232e+04
6.102371444283521175e+07,5.956150091745110453e-01,-1.486551134998246038e-01,-1.908719858451675100e+04,4.047775161054316413e+04
6.108688598987748474e+07,5.873483069248587318e-01,-1.315127525925469110e-01,-2.007401542267057084e+04,4.071133701417731208e+04
6.115005753691975772e+07,5.786552961275618356e-01,-1.142750487349827870e-01,-2.110678961638487453e+04,4.092889915907992690e+04
6.121322908396203071e+07,5.695159914307111881e-01,-9.694933245848469383e-02,-2.218828994841248277e+04,4.112770138008546928e+04
6.127640063100430369e+07,5.599092069924874737e-01,-7.954417351632643574e-02,-2.332143298353743376e+04,4.130460131135141273e+04
6.133957217804657668e+07,5.498124954625570604e-01,-6.206956483837118566e-02,-2.450927561547790901e+04,4.145598956533246383e+04
6.140274372508884966e+07,5.392020914220426731e-01,-4.453713423403712207e-02,-2.575500107626161116e+04,4.157771945384504943e+04
6.146591527213111520e+07,5.280528625012133048e-01,-2.696038783032581043e-02,-2.706189613871288020e+04,4.166502678943858336e+04
6.152908681917338818e+07,5.163382724855496431e-01,-9.354989620598018474e-03,-2.843331658653757768e+04,4.171243890375797491e+04
6.159225836621566117e+07,5.040303621223206632e-01,8.260918179204948530e-03,-2.987263721028745204e+04,4.171367225280518323e+04
6.165542991325793415e+07,4.910997551236902514e-01,2.586634908837046748e-02,-3.138318158836879593e+04,4.166151841850591154e+04
6.171860146030020714e+07,4.775156991095378944e-01,4.343705581900385304e-02,-3.296812571573354217e+04,4.154771906244019192e+04
6.178177300734248012e+07,4.632461540266869515e-01,6.094505888709870339e-02,-3.463036815383844805e+04,4.136283157940051751e+04
6.184494455438475311e+07,4.482579439952295575e-01,7.835811712747799140e-02,-3.637235783627217461e+04,4.109608902033283084e+04
6.190811610142702609e+07,4.325169926104391327e-01,9.563913890263825435e-02,-3.819586908388244046e+04,4.073526054334307264e+04
6.197128764846929908e+07,4.159886664464889638e-01,1.127455362033129710e-01,-4.010171197975461837e+04,4.026652249563342048e+04
6.203445919551157206e+07,3.986382567160768886e-01,1.296285291689324715e-01,-4.208936541779869731e+04,3.967435554772279283e+04
6.209763074255384505e+07,3.804316343737216832e-01,1.462324164963993700e-01,-4.415652051091661269e+04,3.894149039189039468e+04
6.216080228959611803e+07,3.613361187050697643e-01,1.624938385459175350e-01,-4.629852461303876771e+04,3.804893354446741432e+04
6.222397383663839102e+07,3.413216024105100721e-01,1.783410754910986218e-01,-4.850772238859302161e+04,3.697611558570127818e+04
6.228714538368066400e+07,3.203619754669027597e-01,1.936934431968981851e-01,-5.077270201223721233e+04,3.570121589488805330e+04
6.235031693072293699e+07,2.984368828785307626e-01,2.084608746680106928e-01,-5.307747385170600319e+04,3.420172861420521076e+04
6.241348847776520252e+07,2.755338341580910178e-01,2.225438037403368041e-01,-5.540063783304605749e+04,3.245534050408031544e+04
6.247666002480747551e+07,2.516506507468697640e-01,2.358334970210629600e-01,-5.771463483823376737e+04,3.044118661762914417e+04
6.253983157184974849e+07,2.267981875723205920e-01,2.482130037691387681e-01,-5.998522469344244746e+04,2.814152618028863071e+04
6.260300311889202148e+07,2.010031945177968293e-01,2.595589015765005225e-01,-6.217138098592709866e+04,2.554382956507426570e+04
6.266617466593429446e+07,1.743110954489653364e-01,2.697439949571721618e-01,-6.422582592723460402e+04,2.264318098289340196e+04
6.272934621297656745e+07,1.467883674338392730e-01,2.786410594902457571e-01,-6.609642364504231955e+04,1.944478194156473182e+04
6.279251776001884043e+07,1.185241225304342755e-01,2.861276049207679972e-01,-6.772858084131655050e+04,1.596620507804704539e+04
6.285568930706111342e+07,8.963046085091590232e-02,2.920914572909090734e-01,-6.906865052111940167e+04,1.223893543369268082e+04
6.291886085410338640e+07,6.024121188756270673e-02,2.964367539451759348e-01,-7.006810329627979081e+04,8.308703320545748284e+03
6.298203240114565939e+07,3.050883599089807344e-02,2.990897520123957376e-01,-7.068796820898608712e+04,4.234215410408405660e+03
6.304520394818793237e+07,5.995154206933312000e-04,3.000037343301100168e-01,-7.090283847935734957e+04,8.415064910570799839e+01
6.310837549523020536e+07,-2.931322052207841616e-02,2.991623168176633096e-01,-7.070368719040766882e+04,-4.067337804938811132e+03
