time,x,y,vx,vy
0.000000000000000000e+00,0.000000000000000000e+00,9.999999999999997780e-02,-1.298468017773952888e+05,0.000000000000000000e+00
6.317154704227247566e+04,-5.353334081321556304e-02,9.263177121708904282e-02,-1.203261784344468615e+05,-3.383820324524577154e+04
1.263430940845449513e+05,-1.005478697065600724e-01,7.348614412647003213e-02,-1.013653838282648649e+05,-5.464764244457894529e+04
1.895146411268174415e+05,-1.394652524959516804e-01,4.813005920957909300e-02,-8.327687586624945106e+04,-6.403443099304546195e+04
2.526861881690899027e+05,-1.714936629317794503e-01,2.025611026470906448e-02,-6.895345373927903711e+04,-6.729230083919162280e+04
3.158577352113623638e+05,-1.982110885700787972e-01,-8.312579343355332509e-03,-5.803664699410713365e+04,-6.769884042243572185e+04
3.790292822536348831e+05,-2.208783211191577556e-01,-3.674595755102219585e-02,-4.965546882858999015e+04,-6.682659604252026475e+04
4.422008292959073442e+05,-2.404094622023090211e-01,-6.467670105207933007e-02,-4.309274281010830600e+04,-6.540027822996059695e+04
5.053723763381798053e+05,-2.574599255946116716e-01,-9.195138702259940400e-02,-3.784196718242621137e+04,-6.375859704287479690e+04
5.685439233804523246e+05,-2.725062444195890943e-01,-1.185174066124107528e-01,-3.355562123556008737e+04,-6.206293207973630342e+04
6.317154704227247275e+05,-2.859021964438593355e-01,-1.443703511805190520e-01,-2.999371655287527392e+04,-6.039052284512456390e+04
6.948870174649972469e+05,-2.979161786341636975e-01,-1.695286836475355663e-01,-2.698755218652283656e+04,-5.877734959435995552e+04
7.580585645072697662e+05,-3.087560075372753343e-01,-1.940211708307178762e-01,-2.441604439106615609e+04,-5.723864270856824442e+04
8.212301115495421691e+05,-3.185855977102482472e-01,-2.178805196101623043e-01,-2.219046252272104175e+04,-5.577905963992250327e+04
8.844016585918146884e+05,-3.275363936032248402e-01,-2.411401354634195304e-01,-2.024450012780951511e+04,-5.439789408215827279e+04
9.475732056340870913e+05,-3.357153663468666061e-01,-2.638324970436071171e-01,-1.852770909012478660e+04,-5.309180607396819687e+04
1.010744752676359611e+06,-3.432107200338347930e-01,-2.859883839545966921e-01,-1.700107421514887392e+04,-5.185627421592725295e+04
1.073916299718632130e+06,-3.500960406059203667e-01,-3.076365595854030355e-01,-1.563397211959898050e+04,-5.068637119706074736e+04
1.137087846760904649e+06,-3.564333652308375178e-01,-3.288036960802214193e-01,-1.440204190535605085e+04,-4.957717335949518747e+04
1.200259393803176936e+06,-3.622754895667909536e-01,-3.495144254714119270e-01,-1.328566767757827256e+04,-4.852396941490979225e+04
1.263430940845449455e+06,-3.676677276730048738e-01,-3.697914530775419650e-01,-1.226887914469990574e+04,-4.752235811484733131e+04
1.326602487887721974e+06,-3.726492724893190611e-01,-3.896556978407910710e-01,-1.133854286789195248e+04,-4.656828464060795523e+04
1.389774034929994494e+06,-3.772542605020026141e-01,-4.091264402182399063e-01,-1.048375887048028017e+04,-4.565804368097755651e+04
1.452945581972267013e+06,-3.815126143301337813e-01,-4.282214672393435673e-01,-9.695404558842979895e+03,-4.478826505498696497e+04
1.516117129014539532e+06,-3.854507164783836370e-01,-4.469572094519042582e-01,-8.965785815085066133e+03,-4.395589089372273156e+04
1.579288676056811819e+06,-3.890919532355212596e-01,-4.653488673783621743e-01,-8.288367088428247371e+03,-4.315814947716544702e+04
1.642460223099084338e+06,-3.924571576186984267e-01,-4.834105267323657307e-01,-7.657560433044481215e+03,-4.239252855772362091e+04
1.705631770141356857e+06,-3.955649730452258650e-01,-5.011552625370880865e-01,-7.068559032190069956e+03,-4.165674968710154644e+04
1.768803317183629377e+06,-3.984321541779986542e-01,-5.185952327503781101e-01,-6.517204652774380520e+03,-4.094874429980994319e+04
1.831974864225901896e+06,-4.010738175479457435e-01,-5.357417622178065608e-01,-5.999881235917947379e+03,-4.026663186697001947e+04
1.895146411268174183e+06,-4.035036517048451454e-01,-5.526054178490700242e-01,-5.513428806087586963e+03,-3.960870018546205392e+04
1.958317958310446702e+06,-4.057340945089828455e-01,-5.691960759087311139e-01,-5.055073313143103405e+03,-3.897338773190276697e+04
2.021489505352719221e+06,-4.077764835563868484e-01,-5.855229822659608896e-01,-4.622369069705386210e+03,-3.835926794206652994e+04
2.084661052394991741e+06,-4.096411844924532919e-01,-6.015948063816071167e-01,-4.213151221281725157e+03,-3.776503524649002793e+04
2.147832599437264260e+06,-4.113377010145178314e-01,-6.174196897371582171e-01,-3.825496265188798588e+03,-3.718949268549187400e+04
2.211004146479536779e+06,-4.128747696223267205e-01,-6.330052893361689526e-01,-3.457689070178918882e+03,-3.663154093171480781e+04
2.274175693521809299e+06,-4.142604415946246621e-01,-6.483588168383064287e-01,-3.108195179812229526e+03,-3.609016855958871020e+04
2.337347240564081818e+06,-4.155021542120106437e-01,-6.634870738212430563e-01,-2.775637436215631624e+03,-3.556444341528505902e+04
2.400518787606353872e+06,-4.166067928824472300e-01,-6.783964836069290572e-01,-2.458776156563772929e+03,-3.505350495573528315e+04
2.463690334648626391e+06,-4.175807455350532549e-01,-6.930931200363750211e-01,-2.156492246718329170e+03,-3.455655743996683304e+04
2.526861881690898910e+06,-4.184299504139948334e-01,-7.075827335307031118e-01,-1.867772755488449093e+03,-3.407286386976436916e+04
2.590033428733171429e+06,-4.191599382151680597e-01,-7.218707747354201620e-01,-1.591698466723822548e+03,-3.360174058920919197e+04
2.653204975775443949e+06,-4.197758693545535214e-01,-7.359624160090743050e-01,-1.327433200746310604e+03,-3.314255246389816602e+04
2.716376522817716468e+06,-4.202825670313684592e-01,-7.498625709861642674e-01,-1.074214555848544023e+03,-3.269470857061218339e+04
2.779548069859988987e+06,-4.206845466458183913e-01,-7.635759124168146617e-01,-8.313458680598638466e+02,-3.225765833697151538e+04
2.842719616902261507e+06,-4.209860420459470287e-01,-7.771068884618548278e-01,-5.981892056354633951e+02,-3.183088807828444988e+04
2.905891163944534026e+06,-4.211910290073436758e-01,-7.904597376010852328e-01,-3.741592457095963482e+02,-3.141391788548128534e+04
2.969062710986806545e+06,-4.213032462905467179e-01,-8.036385022942964529e-01,-1.587179057718162483e+02,-3.100629882384072698e+04
3.032234258029079065e+06,-4.213262145717052709e-01,-8.166470415186848353e-01,4.863037675501544754e+01,-3.060761040726683495e+04
3.095405805071351118e+06,-4.212632535006847756e-01,-8.294890422923691942e-01,2.483428066214403600e+02,-3.021745831725977041e+04
3.158577352113623638e+06,-4.211174971059291616e-01,-8.421680302815076624e-01,4.408419103618375630e+02,-2.983547233952987153e+04
3.221748899155896157e+06,-4.208919077358935223e-01,-8.546873795778001659e-01,6.265187976604609048e+02,-2.946130449450995366e+04
3.284920446198168676e+06,-4.205892887018191639e-01,-8.670503217237597315e-01,8.057360591083187273e+02,-2.909462734089223522e+04
3.348091993240441196e+06,-4.202122957652981716e-01,-8.792599540548559078e-01,9.788303469609013518e+02,-2.873513243381378925e+04
3.411263540282713715e+06,-4.197634475958517131e-01,-8.913192474203452953e-01,1.146114678785567321e+03,-2.838252892148816682e+04
3.474435087324986234e+06,-4.192451353081270704e-01,-9.032310533381699980e-01,1.307880498238716882e+03,-2.803654226597551678e+04
3.537606634367258754e+06,-4.186596311748970178e-01,-9.149981106336196879e-01,1.464399522449756887e+03,-2.769691307543680887e+04
3.600778181409531273e+06,-4.180090966004678110e-01,-9.266230516064228873e-01,1.615925401459544901e+03,-2.736339603666252515e+04
3.663949728451803792e+06,-4.172955894291001666e-01,-9.381084077664672005e-01,1.762695211741877074e+03,-2.703575893793030627e+04
3.727121275494075846e+06,-4.165210706543748254e-01,-9.494566151743947247e-01,1.904930802926586466e+03,-2.671378177335401779e+04
3.790292822536348365e+06,-4.156874105878994863e-01,-9.606700194197885789e-01,2.042840014358997223e+03,-2.639725592085891185e+04
3.853464369578620885e+06,-4.147963945391896501e-01,-9.717508802665357770e-01,2.176617776004501138e+03,-2.608598338677226639e+04
3.916635916620893404e+06,-4.138497280528243283e-01,-9.827013759921486846e-01,2.306447106382505353e+03,-2.577977611077111214e+04
3.979807463663165923e+06,-4.128490417439600324e-01,-9.935236074453325239e-01,2.432500018644027023e+03,-2.547845532559191633e+04
4.042979010705438443e+06,-4.117958957688880317e-01,-1.004219601843842735e+00,2.554938344552983835e+03,-2.518185096649275874e+04
4.106150557747710962e+06,-4.106917839634492973e-01,-1.014791316332679827e+00,2.673914484960186655e+03,-2.488980112597622792e+04
4.169322104789983481e+06,-4.095381376787156080e-01,-1.025240641320865453e+00,2.789572094344062862e+03,-2.460215154974000325e+04
4.232493651832255535e+06,-4.083363293403367567e-01,-1.035569403613431083e+00,2.902046706110392279e+03,-2.431875517022864733e+04
4.295665198874528520e+06,-4.070876757552935876e-01,-1.045779369353796007e+00,3.011466304575682898e+03,-2.403947167452147914e+04
4.358836745916800573e+06,-4.057934411874399294e-01,-1.055872246790400926e+00,3.117951848888984387e+03,-2.376416710361264995e+04
4.422008292959073558e+06,-4.044548402211228244e-01,-1.065849688880285528e+00,3.221617753561393329e+03,-2.349271348042564932e+04
4.485179840001345612e+06,-4.030730404303107250e-01,-1.075713295741222320e+00,3.322572329759379500e+03,-2.322498846415994922e+04
4.548351387043618597e+06,-4.016491648690003746e-01,-1.085464616963068174e+00,3.420918191067827138e+03,-2.296087502879518797e+04
4.611522934085890651e+06,-4.001842943971944400e-01,-1.095105153788102248e+00,3.516752627032537475e+03,-2.270026116378255028e+04
4.674694481128163636e+06,-3.986794698554183003e-01,-1.104636361169345937e+00,3.610167947443088451e+03,-2.244303959513530572e+04
4.737866028170435689e+06,-3.971356940995622309e-01,-1.114059649715119393e+00,3.701251800008846203e+03,-2.218910752529454112e+04
4.801037575212707743e+06,-3.955539339067721261e-01,-1.123376387527457165e+00,3.790087463808692064e+03,-2.193836639029288199e+04
4.864209122254980728e+06,-3.939351217621593348e-01,-1.132587901941391584e+00,3.876754120653731661e+03,-2.169072163287146759e+04
4.927380669297252782e+06,-3.922801575352428127e-01,-1.141695481171579596e+00,3.961327106288330469e+03,-2.144608249032427193e+04
4.990552216339525767e+06,-3.905899100542645774e-01,-1.150700375872255155e+00,4.043878143164663015e+03,-2.120436179595113208e+04
5.053723763381797820e+06,-3.888652185858234023e-01,-1.159603800616030078e+00,4.124475556356705965e+03,-2.096547579309773209e+04
5.116895310424070805e+06,-3.871068942266421287e-01,-1.168406935296663285e+00,4.203184474028833392e+03,-2.072934396084802574e+04
5.180066857466342859e+06,-3.853157212137172660e-01,-1.177110926460530393e+00,4.280067013739471804e+03,-2.049588885051385296e+04
5.243238404508615844e+06,-3.834924581585814063e-01,-1.185716888571190619e+00,4.355182455739957732e+03,-2.026503593213786371e+04
5.306409951550887898e+06,-3.816378392109462392e-01,-1.194225905211120375e+00,4.428587404320955102e+03,-2.003671345029097574e+04
5.369581498593160883e+06,-3.797525751565667407e-01,-1.202639030224401662e+00,4.500335938162244020e+03,-1.981085228850424392e+04
5.432753045635432936e+06,-3.778373544537851347e-01,-1.210957288803877097e+00,4.570479750554927705e+03,-1.958738584172871924e+04
5.495924592677704990e+06,-3.758928442128600667e-01,-1.219181678526046309e+00,4.639068280287252492e+03,-1.936624989626527531e+04
5.559096139719977975e+06,-3.739196911218702901e-01,-1.227313170336744363e+00,4.706148833915031901e+03,-1.914738251665086500e+04
5.622267686762250029e+06,-3.719185223226891823e-01,-1.235352709490441292e+00,4.771766700074497749e+03,-1.893072393902783733e+04
5.685439233804523014e+06,-3.698899462402613914e-01,-1.243301216445806379e+00,4.835965256438414144e+03,-1.871621647055978246e+04
5.748610780846795067e+06,-3.678345533681713908e-01,-1.251159587720001465e+00,4.898786069864711862e+03,-1.850380439449099504e+04
5.811782327889068052e+06,-3.657529170132695073e-01,-1.258928696704012529e+00,4.960268990240428138e+03,-1.829343388047722328e+04
5.874953874931340106e+06,-3.636455940019205912e-01,-1.266609394441164937e+00,5.020452238481468157e+03,-1.808505289984356932e+04
5.938125421973613091e+06,-3.615131253502510411e-01,-1.274202510370841201e+00,5.079372489110586685e+03,-1.787861114545095188e+04
6.001296969015885144e+06,-3.593560369006025823e-01,-1.281708853039278617e+00,5.137064947801222843e+03,-1.767405995587622965e+04
6.064468516058158129e+06,-3.571748399262400508e-01,-1.289129210779216272e+00,5.193563424243402551e+03,-1.747135224363252200e+04
6.127640063100430183e+06,-3.549700317062206567e-01,-1.296464352360035432e+00,5.248900400659219486e+03,-1.727044242717622183e+04
6.190811610142702237e+06,-3.527420960721952548e-01,-1.303715027609949617e+00,5.303107096269395697e+03,-1.707128636646527229e+04
6.253983157184975222e+06,-3.504915039287938572e-01,-1.310881968011691878e+00,5.356213527988627902e+03,-1.687384130185010144e+04
6.317154704227247275e+06,-3.482187137491312146e-01,-1.317965887273065961e+00,5.408248567605791322e+03,-1.667806579609398977e+04
6.380326251269520260e+06,-3.459241720468678727e-01,-1.324967481873641217e+00,5.459239995685313261e+03,-1.648391967933374690e+04
6.443497798311792314e+06,-3.436083138261633585e-01,-1.331887431588795856e+00,5.509214552407917836e+03,-1.629136399680480463e+04
6.506669345354065299e+06,-3.412715630107712173e-01,-1.338726399992240967e+00,5.558197985552484170e+03,-1.610036095916668455e+04
6.569840892396337353e+06,-3.389143328534439670e-01,-1.345485034938088686e+00,5.606215095805571764e+03,-1.591087389527613777e+04
6.633012439438610338e+06,-3.365370263267375983e-01,-1.352163969023471912e+00,5.653289779571368854e+03,-1.572286720726531530e+04
6.696183986480882391e+06,-3.341400364962393010e-01,-1.358763820032655945e+00,5.699445069442069325e+03,-1.553630632779203188e+04
6.759355533523154445e+06,-3.317237468771725428e-01,-1.365285191363535766e+00,5.744703172477051339e+03,-1.535115767933779352e+04
6.822527080565427430e+06,-3.292885317752764496e-01,-1.371728672437357188e+00,5.789085506428505141e+03,-1.516738863543753359e+04
6.885698627607699484e+06,-3.268347566127994819e-01,-1.378094839092455670e+00,5.832612734041310432e+03,-1.498496748373246373e+04
6.948870174649972469e+06,-3.243627782403941673e-01,-1.384384253962760214e+00,5.875304795545923298e+03,-1.480386339074440912e+04
7.012041721692244522e+06,-3.218729452356536291e-01,-1.390597466841768881e+00,5.917180939454661711e+03,-1.462404636827659124e+04
7.075213268734517507e+06,-3.193655981889833018e-01,-1.396735015032664062e+00,5.958259751764128850e+03,-1.444548724135166231e+04
7.138384815776789561e+06,-3.168410699774611983e-01,-1.402797423685198330e+00,5.998559183659384871e+03,-1.426815761760356872e+04
7.201556362819062546e+06,-3.142996860272999626e-01,-1.408785206119949729e+00,6.038096577808988513e+03,-1.409202985804484160e+04
7.264727909861334600e+06,-3.117417645654880776e-01,-1.414698864140508938e+00,6.076888693333929041e+03,-1.391707704913588350e+04
7.327899456903607585e+06,-3.091676168611536824e-01,-1.420538888334134997e+00,6.114951729527951102e+03,-1.374327297608717527e+04
7.391071003945879638e+06,-3.065775474571630355e-01,-1.426305758361386733e+00,6.152301348401554606e+03,-1.357059209732966883e+04
7.454242550988151692e+06,-3.039718543924354033e-01,-1.431999943235210182e+00,6.188952696117225059e+03,-1.339900952009234788e+04
7.517414098030424677e+06,-3.013508294154295664e-01,-1.437621901589934970e+00,6.224920423378978739e+03,-1.322850097702973835e+04
7.580585645072696730e+06,-2.987147581892308223e-01,-1.443172081940614415e+00,6.260218704835241624e+03,-1.305904280384543381e+04
7.643757192114969715e+06,-2.960639204886431619e-01,-1.448650922933118368e+00,6.294861257550271148e+03,-1.289061191786086601e+04
7.706928739157241769e+06,-2.933985903896690339e-01,-1.454058853585366240e+00,6.328861358595779166e+03,-1.272318579748161028e+04
7.770100286199514754e+06,-2.907190364517378556e-01,-1.459396293520072607e+00,6.362231861811177623e+03,-1.255674246251609111e+04
7.833271833241786808e+06,-2.880255218930249383e-01,-1.464663653189352432e+00,6.394985213777783429e+03,-1.239126045530433657e+04
7.896443380284059793e+06,-2.853183047591828503e-01,-1.469861334091522753e+00,6.427133469049527775e+03,-1.222671882261665633e+04
7.959614927326331846e+06,-2.825976380857919690e-01,-1.474989728980415471e+00,6.458688304680046713e+03,-1.206309709828454288e+04
8.022786474368604831e+06,-2.798637700548177176e-01,-1.480049222067505887e+00,6.489661034083615050e+03,-1.190037528652803121e+04
8.085958021410876885e+06,-2.771169441453501525e-01,-1.485040189217139872e+00,6.520062620265071018e+03,-1.173853384594593263e+04
8.149129568453148939e+06,-2.743573992788834737e-01,-1.489962998135136107e+00,6.549903688451778180e+03,-1.157755367413700878e+04
8.212301115495421924e+06,-2.715853699593825943e-01,-1.494818008551021649e+00,6.579194538158674732e+03,-1.141741609292206886e+04
8.275472662537693977e+06,-2.688010864083695828e-01,-1.499605572394149933e+00,6.607945154715611352e+03,-1.125810283413847901e+04
8.338644209579966962e+06,-2.660047746952508563e-01,-1.504326033963934606e+00,6.636165220284465249e+03,-1.109959602598016318e+04
8.401815756622239947e+06,-2.631966568630956793e-01,-1.508979730094427874e+00,6.663864124391878249e+03,-1.094187817985762013e+04
8.464987303664511070e+06,-2.603769510500646422e-01,-1.513566990313454319e+00,6.691050974001996110e+03,-1.078493217775378980e+04
8.528158850706784055e+06,-2.575458716066775788e-01,-1.518088136996506909e+00,6.717734603152149248e+03,-1.062874126005288963e+04
8.591330397749057040e+06,-2.547036292091020004e-01,-1.522543485515598150e+00,6.743923582173098112e+03,-1.047328901382060212e+04
8.654501944791330025e+06,-2.518504309686311893e-01,-1.526933344383256230e+00,6.769626226514257723e+03,-1.031855936151496462e+04
8.717673491833601147e+06,-2.489864805375162360e-01,-1.531258015391839589e+00,6.794850605193133561e+03,-1.016453655010854527e+04
8.780845038875874132e+06,-2.461119782113057319e-01,-1.535517793748342852e+00,6.819604548887136843e+03,-1.001120514060332607e+04
8.844016585918147117e+06,-2.432271210278418860e-01,-1.539712968204853816e+00,6.843895657684910475e+03,-9.858549997920819806e+03
8.907188132960418239e+06,-2.403321028630516221e-01,-1.543843821184819776e+00,6.867731308513385557e+03,-9.706556281150642462e+03
8.970359680002691224e+06,-2.374271145236675207e-01,-1.547910628905265762e+00,6.891118662255851632e+03,-9.555209434141717793e+03
9.033531227044964209e+06,-2.345123438370061153e-01,-1.551913661495112784e+00,6.914064670575511627e+03,-9.404495176421107317e+03
9.096702774087237194e+06,-2.315879757379237514e-01,-1.555853183109726201e+00,6.936576082458204837e+03,-9.254399494426039382e+03
9.159874321129508317e+06,-2.286541923530676090e-01,-1.559729452041824116e+00,6.958659450487230060e+03,-9.104908633035587627e+03
9.223045868171781301e+06,-2.257111730825301643e-01,-1.563542720828874799e+00,6.980321136862522508e+03,-8.956009087388967600e+03
9.286217415214054286e+06,-2.227590946790154736e-01,-1.567293236357093056e+00,7.001567319175763259e+03,-8.807687594978186098e+03
9.349388962256327271e+06,-2.197981313246150370e-01,-1.570981239962156328e+00,7.022403995952407968e+03,-8.659931128003192498e+03
9.412560509298598394e+06,-2.168284547052915789e-01,-1.574606967526745116e+00,7.042836991971028510e+03,-8.512726885978401697e+03
9.475732056340871379e+06,-2.138502340831612281e-01,-1.578170649575012074e+00,7.062871963369818332e+03,-8.366062288579852975e+03
9.538903603383144364e+06,-2.108636363666636093e-01,-1.581672511364080602e+00,7.082514402549601073e+03,-8.219924968722911217e+03
9.602075150425415486e+06,-2.078688261787021985e-01,-1.585112772972666839e+00,7.101769642882199150e+03,-8.074302765860702493e+03
9.665246697467688471e+06,-2.048659659228358743e-01,-1.588491649386917004e+00,7.120642863232561467e+03,-7.929183719494065372e+03
9.728418244509961456e+06,-2.018552158475999947e-01,-1.591809350583546223e+00,7.139139092302608333e+03,-7.784556062884217681e+03
9.791589791552234441e+06,-1.988367341090282459e-01,-1.595066081610365893e+00,7.157263212804371506e+03,-7.640408216959605852e+03
9.854761338594505563e+06,-1.958106768314476775e-01,-1.598262042664274851e+00,7.175019965469590716e+03,-7.496728784408946012e+03
9.917932885636778548e+06,-1.927771981666136780e-01,-1.601397429166797393e+00,7.192413952902596066e+03,-7.353506543952687935e+03
9.981104432679051533e+06,-1.897364503512504463e-01,-1.604472431837234758e+00,7.209449643282934630e+03,-7.210730444785607688e+03
1.004427597972132452e+07,-1.866885837630579414e-01,-1.607487236763509131e+00,7.226131373923903993e+03,-7.068389601183393097e+03
1.010744752676359564e+07,-1.836337469752460094e-01,-1.610442025470759653e+00,7.242463354692822577e+03,-6.926473287266543593e+03
1.017061907380586863e+07,-1.805720868096519771e-01,-1.613336974987763073e+00,7.258449671298605608e+03,-6.784970931915083384e+03
1.023379062084814161e+07,-1.775037483884977785e-01,-1.616172257911233423e+00,7.274094288451902685e+03,-6.643872113827967041e+03
1.029696216789041273e+07,-1.744288751848382668e-01,-1.618948042468069559e+00,7.289401052902837364e+03,-6.503166556721185771e+03
1.036013371493268572e+07,-1.713476090717512279e-01,-1.621664492575600525e+00,7.304373696361110888e+03,-6.362844124658927285e+03
1.042330526197495870e+07,-1.682600903703196649e-01,-1.624321767899886693e+00,7.319015838303003875e+03,-6.222894817512397822e+03
1.048647680901723169e+07,-1.651664578964507080e-01,-1.626920023912130642e+00,7.333330988669606086e+03,-6.083308766540996658e+03
1.054964835605950281e+07,-1.620668490065780010e-01,-1.629459411943244840e+00,7.347322550460370621e+03,-5.944076230090911849e+03
1.061281990310177580e+07,-1.589613996422897801e-01,-1.631940079236630536e+00,7.360993822225911572e+03,-5.805187589406275947e+03
1.067599145014404878e+07,-1.558502443739258336e-01,-1.634362168999206277e+00,7.374348000463749486e+03,-5.666633344548332389e+03
1.073916299718632177e+07,-1.527335164431817827e-01,-1.636725820450738667e+00,7.387388181920557145e+03,-5.528404110418091477e+03
1.080233454422859289e+07,-1.496113478047607914e-01,-1.639031168871513566e+00,7.400117365804272595e+03,-5.390490612878280444e+03
1.086550609127086587e+07,-1.464838691671092319e-01,-1.641278345648389703e+00,7.412538455909274489e+03,-5.252883684970433933e+03
1.092867763831313886e+07,-1.433512100322736071e-01,-1.643467478319273534e+00,7.424654262657682921e+03,-5.115574263223243179e+03
1.099184918535540998e+07,-1.402134987349118456e-01,-1.645598690616056681e+00,7.436467505059681571e+03,-4.978553384048289445e+03
1.105502073239768296e+07,-1.370708624804934939e-01,-1.647672102506045677e+00,7.447980812595631505e+03,-4.841812180219534639e+03
1.111819227943995595e+07,-1.339234273827218102e-01,-1.649687830231924890e+00,7.459196727022596860e+03,-4.705341877433076661e+03
1.118136382648222893e+07,-1.307713185002079836e-01,-1.651645986350280593e+00,7.470117704107795362e+03,-4.569133790943694294e+03
1.124453537352450006e+07,-1.276146598724286763e-01,-1.653546679768723715e+00,7.480746115291348360e+03,-4.433179322274964761e+03
1.130770692056677304e+07,-1.244535745549952693e-01,-1.655390015781634583e+00,7.491084249280597760e+03,-4.297469955999729791e+03
1.137087846760904603e+07,-1.212881846542652881e-01,-1.657176096104564955e+00,7.501134313578136243e+03,-4.161997256587919765e+03
1.143405001465131901e+07,-1.181186113613209715e-01,-1.658905018907322448e+00,7.510898435945616257e+03,-4.026752865318696422e+03
1.149722156169359013e+07,-1.149449749853435065e-01,-1.660576878845762883e+00,7.520378665805262244e+03,-3.891728497254115155e+03
1.156039310873586312e+07,-1.117673949864078781e-01,-1.662191767092318528e+00,7.529576975580956059e+03,-3.756915938271487903e+03
1.162356465577813610e+07,-1.085859900077247170e-01,-1.663749771365284680e+00,7.538495261980634496e+03,-3.622307042151832320e+03
1.168673620282040723e+07,-1.054008779073517532e-01,-1.665250975956887425e+00,7.547135347221681513e+03,-3.487893727721726918e+03
1.174990774986268021e+07,-1.022121757893998395e-01,-1.666695461760156816e+00,7.555498980200890401e+03,-3.353667976046091098e+03
1.181307929690495320e+07,-9.902000003475701362e-02,-1.668083306294623203e+00,7.563587837610492898e+03,-3.219621827669477625e+03
1.187625084394722618e+07,-9.582446633135155434e-02,-1.669414583730860491e+00,7.571403525001687740e+03,-3.085747379903422370e+03
1.193942239098949730e+07,-9.262568970397735968e-02,-1.670689364913890751e+00,7.578947577797000122e+03,-2.952036784157608054e+03
1.200259393803177029e+07,-8.942378454370185359e-02,-1.671907717385474168e+00,7.586221462252760830e+03,-2.818482243312542778e+03
1.206576548507404327e+07,-8.621886463687868096e-02,-1.673069705405293428e+00,7.593226576372893760e+03,-2.685076009131632418e+03
1.212893703211631626e+07,-8.301104319378378726e-02,-1.674175389971056971e+00,7.599964250775155051e+03,-2.551810379710428151e+03
1.219210857915858738e+07,-7.980043287689594922e-02,-1.675224828837531987e+00,7.606435749510892492e+03,-2.418677696961036418e+03
1.225528012620086037e+07,-7.658714582884039446e-02,-1.676218076534520041e+00,7.612642270839332014e+03,-2.285670344129609930e+03
1.231845167324313335e+07,-7.337129370001574391e-02,-1.677155184383793962e+00,7.618584947957328041e+03,-2.152780743344996154e+03
1.238162322028540447e+07,-7.015298767592119400e-02,-1.678036200515003351e+00,7.624264849685482659e+03,-2.020001353196526907e+03
1.244479476732767746e+07,-6.693233850420306219e-02,-1.678861169880564663e+00,7.629682981111443041e+03,-1.887324666339083478e+03
1.250796631436995044e+07,-6.370945652143948645e-02,-1.679630134269544994e+00,7.634840284191160208e+03,-1.754743207123603042e+03
1.257113786141222343e+07,-6.048445167967893277e-02,-1.680343132320550215e+00,7.639737638308830356e+03,-1.622249529251126887e+03
1.263430940845449455e+07,-5.725743357275151629e-02,-1.681000199533627448e+00,7.644375860796176312e+03,-1.489836213448651506e+03
1.269748095549676754e+07,-5.402851146236889446e-02,-1.681601368281189002e+00,7.648755707411690310e+03,-1.357495865164968791e+03
1.276065250253904052e+07,-5.079779430403115470e-02,-1.682146667817970176e+00,7.652877872780402868e+03,-1.225221112284815490e+03
1.282382404958131164e+07,-4.756539077275530325e-02,-1.682636124290022295e+00,7.656742990794688922e+03,-1.093004602859542729e+03
1.288699559662358463e+07,-4.433140928864275077e-02,-1.683069760742752052e+00,7.660351634976583227e+03,-9.608390028526450806e+02
1.295016714366585761e+07,-4.109595804230261468e-02,-1.683447597128013173e+00,7.663704318802017951e+03,-8.287169938985100544e+02
1.301333869070813060e+07,-3.785914502014519484e-02,-1.683769650310250166e+00,7.666801495987369890e+03,-6.966312710726580235e+02
1.307651023775040172e+07,-3.462107802956290031e-02,-1.684035934071706819e+00,7.669643560738625638e+03,-5.645745406718933737e+02
1.313968178479267471e+07,-3.138186472401317817e-02,-1.684246459116697237e+00,7.672230847963469387e+03,-4.325395180026923185e+02
1.320285333183494769e+07,-2.814161262802075680e-02,-1.684401233074943827e+00,7.674563633446509812e+03,-3.005189251762733420e+02
1.326602487887722068e+07,-2.490042916211251608e-02,-1.684500260503986935e+00,7.676642133987860689e+03,-1.685054889086634091e+02
1.332919642591949180e+07,-2.165842166770226909e-02,-1.684543542890665435e+00,7.678466507505209847e+03,-3.649193832422250239e+01
1.339236797296176478e+07,-1.841569743193946507e-02,-1.684531078651669622e+00,7.680036853099493783e+03,9.552899723901799689e+01
1.345553952000403777e+07,-1.517236371253884164e-02,-1.684462863133168620e+00,7.681353211084238865e+03,2.275645904237340176e+02
1.351871106704630889e+07,-1.192852776260447042e-02,-1.684338888609510532e+00,7.682415562978583694e+03,3.596221180490726397e+02
1.358188261408858187e+07,-8.684296855464419124e-03,-1.684159144280995335e+00,7.683223831463974420e+03,4.917088633093608223e+02
1.364505416113085486e+07,-5.439778309532245469e-03,-1.683923616270715851e+00,7.683777880304451173e+03,6.238321179773238327e+02
1.370822570817312784e+07,-2.195079513208906749e-03,-1.683632287620471679e+00,7.684077514230430097e+03,7.559991846134922753e+02
1.377139725521539897e+07,1.049692050157959022e-03,-1.683285138285744109e+00,7.684122478785820931e+03,8.882173787833478400e+02
1.383456880225767195e+07,4.294428777242984691e-03,-1.682882145129735774e+00,7.683912460138286406e+03,1.020494031283879394e+03
1.389774034929994494e+07,7.539022919623131376e-03,-1.682423281916466840e+00,7.683447084852405169e+03,1.152836490381122076e+03
1.396091189634221792e+07,1.078336655855502597e-02,-1.681908519302922844e+00,7.682725919625448114e+03,1.285252124060407823e+03
1.402408344338448904e+07,1.402735157963221242e-02,-1.681337824830251515e+00,7.681748470985442509e+03,1.417748322290933402e+03
1.408725499042676203e+07,1.727086964730743107e-02,-1.680711162913997914e+00,7.680514184951145580e+03,1.550332499306377485e+03
1.415042653746903501e+07,2.051381217926226755e-02,-1.680028494833373687e+00,7.679022446653504630e+03,1.683012095903213776e+03
1.421359808451130614e+07,2.375607032060959162e-02,-1.679289778719552206e+00,7.677272579918135307e+03,1.815794581758526419e+03
1.427676963155357912e+07,2.699753491791135468e-02,-1.678494969542979831e+00,7.675263846808293238e+03,1.948687457769048933e+03
1.433994117859585211e+07,3.023809649299412372e-02,-1.677644019099695294e+00,7.672995447127777879e+03,2.081698258413179246e+03
1.440311272563812509e+07,3.347764521654707920e-02,-1.676736875996645226e+00,7.670466517883142842e+03,2.214834554137863506e+03
1.446628427268039621e+07,3.671607088148363951e-02,-1.675773485635988047e+00,7.667676132704547854e+03,2.348103953772134901e+03
1.452945581972266920e+07,3.995326287605023563e-02,-1.674753790198371339e+00,7.664623301224522038e+03,2.481514106969247678e+03
1.459262736676494218e+07,4.318911015666281744e-02,-1.673677728625172945e+00,7.661306968413863615e+03,2.615072706679264684e+03
1.465579891380721517e+07,4.642350122045461186e-02,-1.672545236599688678e+00,7.657726013873835655e+03,2.748787491654150926e+03
1.471897046084948629e+07,4.965632407751515570e-02,-1.671356246527258005e+00,7.653879251083771123e+03,2.882666248987322888e+03
1.478214200789175928e+07,5.288746622280247889e-02,-1.670110687514308356e+00,7.649765426603127707e+03,3.016716816689761345e+03
1.484531355493403226e+07,5.611681460770767682e-02,-1.668808485346302328e+00,7.645383219226981055e+03,3.150947086304740424e+03
1.490848510197630338e+07,5.934425561125370591e-02,-1.667449562464574875e+00,7.640731239093871409e+03,3.285365005563414343e+03
1.497165664901857637e+07,6.256967501090712758e-02,-1.666033837942037632e+00,7.635808026744865856e+03,3.419978581083451445e+03
1.503482819606084935e+07,6.579295795298123473e-02,-1.664561227457735715e+00,7.630612052132614735e+03,3.554795881112964707e+03
1.509799974310312234e+07,6.901398892261087492e-02,-1.663031643270235227e+00,7.625141713579119823e+03,3.689825038322169348e+03
1.516117129014539346e+07,7.223265171327544754e-02,-1.661444994189821944e+00,7.619395336680856417e+03,3.825074252645119486e+03
1.522434283718766645e+07,7.544882939584894588e-02,-1.659801185549487856e+00,7.613371173159805949e+03,3.960551794174066799e+03
1.528751438422993943e+07,7.866240428715202959e-02,-1.658100119174685361e+00,7.607067399658889371e+03,4.096266006108944566e+03
1.535068593127221242e+07,8.187325791798444330e-02,-1.656341693351823352e+00,7.600482116480198783e+03,4.232225307764707395e+03
1.541385747831448354e+07,8.508127100061170511e-02,-1.654525802795480338e+00,7.593613346264338361e+03,4.368438197639201462e+03
1.547702902535675652e+07,8.828632339568186216e-02,-1.652652338614309047e+00,7.586459032609098358e+03,4.504913256544430624e+03
1.554020057239902951e+07,9.148829407854501550e-02,-1.650721188275604989e+00,7.579017038625590430e+03,4.641659150804086494e+03
1.560337211944130063e+07,9.468706110495030137e-02,-1.648732235568510784e+00,7.571285145429873410e+03,4.778684635520424308e+03
1.566654366648357362e+07,9.788250157609200419e-02,-1.646685360565824041e+00,7.563261050567988605e+03,4.915998557913592776e+03
1.572971521352584660e+07,1.010744916029753387e-01,-1.644580439584381493e+00,7.554942366372235483e+03,5.053609860736602968e+03
1.579288676056811959e+07,1.042629062700741877e-01,-1.642417345143983409e+00,7.546326618246373982e+03,5.191527585769375946e+03
1.585605830761039071e+07,1.074476195982485976e-01,-1.640195945924824983e+00,7.537411242877355107e+03,5.329760877395281568e+03
1.591922985465266369e+07,1.106285045068919337e-01,-1.637916106723400045e+00,7.528193586371031415e+03,5.468318986263820079e+03
1.598240140169493668e+07,1.138054327752732464e-01,-1.635577688406839147e+00,7.518670902309179837e+03,5.607211273043134497e+03
1.604557294873720966e+07,1.169782750030429891e-01,-1.633180547865643151e+00,7.508840349725036504e+03,5.746447212266313727e+03
1.610874449577948079e+07,1.201469005698656417e-01,-1.630724537964772791e+00,7.498698990994384985e+03,5.886036396275468178e+03
1.617191604282175377e+07,1.233111775941440058e-01,-1.628209507493049601e+00,7.488243789639106581e+03,6.025988539267822489e+03
1.623508758986402676e+07,1.264709728907958963e-01,-1.625635301110829101e+00,7.477471608039929379e+03,6.166313481448128186e+03
1.629825913690629788e+07,1.296261519280462460e-01,-1.623001759295894519e+00,7.466379205054951854e+03,6.307021193292018324e+03
1.636143068394857086e+07,1.327765787831929334e-01,-1.620308718287527316e+00,7.454963233540339388e+03,6.448121779924996190e+03
1.642460223099084385e+07,1.359221160973035636e-01,-1.617556010028702307e+00,7.443220237769413870e+03,6.589625485621949338e+03
1.648777377803311683e+07,1.390626250288011512e-01,-1.614743462106357663e+00,7.431146650746148225e+03,6.731542698432396719e+03
1.655094532507538795e+07,1.421979652058918409e-01,-1.611870897689684501e+00,7.418738791408890393e+03,6.873883954936753980e+03
1.661411687211766094e+07,1.453279946777884801e-01,-1.608938135466376762e+00,7.405992861719912980e+03,7.016659945139246702e+03
1.667728841915993392e+07,1.484525698646792791e-01,-1.605944989576788773e+00,7.392904943636160169e+03,7.159881517503224131e+03
1.674045996620220691e+07,1.515715455063922912e-01,-1.602891269545932751e+00,7.379470995956326988e+03,7.303559684135027055e+03
1.680363151324447989e+07,1.546847746097011478e-01,-1.599776780213256311e+00,7.365686851039152316e+03,7.447705626122698050e+03
1.686680306028674915e+07,1.577921083942167013e-01,-1.596601321660130912e+00,7.351548211387528681e+03,7.592330699036166152e+03
1.692997460732902214e+07,1.608933962368079007e-01,-1.593364689134982415e+00,7.337050646092764509e+03,7.737446438595879044e+03
1.699314615437129512e+07,1.639884856144887548e-01,-1.590066672975991358e+00,7.322189587133035275e+03,7.883064566516995910e+03
1.705631770141356811e+07,1.670772220457121260e-01,-1.586707058531288128e+00,7.306960325519720755e+03,8.029196996536866209e+03
1.711948924845584109e+07,1.701594490300022688e-01,-1.583285626076560426e+00,7.291358007285026360e+03,8.175855840633598746e+03
1.718266079549811408e+07,1.732350079858581415e-01,-1.579802150729995303e+00,7.275377629303901813e+03,8.323053415444046550e+03
1.724583234254038706e+07,1.763037381868566289e-01,-1.576256402364466291e+00,7.259014034942920262e+03,8.470802248889884140e+03
1.730900388958266005e+07,1.793654766958801272e-01,-1.572648145516876816e+00,7.242261909528362594e+03,8.619115087020847568e+03
1.737217543662492931e+07,1.824200582973908302e-01,-1.568977139294567502e+00,7.225115775625354217e+03,8.768004901084674202e+03
1.743534698366720229e+07,1.854673154276711700e-01,-1.565243137278686580e+00,7.207569988119431400e+03,8.917484894833751241e+03
1.749851853070947528e+07,1.885070781029419551e-01,-1.561445887424426360e+00,7.189618729091470414e+03,9.067568512078816639e+03
1.756169007775174826e+07,1.915391738452730808e-01,-1.557585131958012070e+00,7.171256002476377034e+03,9.218269444500872851e+03
1.762486162479402125e+07,1.945634276061904144e-01,-1.553660607270338057e+00,7.152475628495435558e+03,9.369601639732685726e+03
1.768803317183629423e+07,1.975796616878819356e-01,-1.549672043807131416e+00,7.133271237851628939e+03,9.521579309722024846e+03
1.775120471887856722e+07,2.005876956619010720e-01,-1.545619165955521845e+00,7.113636265676647781e+03,9.674216939389345498e+03
1.781437626592083648e+07,2.035873462852590687e-01,-1.541501691926893569e+00,7.093563945217674700e+03,9.827529295593229108e+03
1.787754781296310946e+07,2.065784274137953125e-01,-1.537319333635879692e+00,7.073047301251329372e+03,9.981531436417679288e+03
1.794071936000538245e+07,2.095607499127049023e-01,-1.533071796575369516e+00,7.052079143211481096e+03,1.013623872079587090e+04
1.800389090704765543e+07,2.125341215641031734e-01,-1.528758779687373615e+00,7.030652058016800765e+03,1.029166681848606095e+04
1.806706245408992842e+07,2.154983469714945310e-01,-1.524379975229601669e+00,7.008758402583178395e+03,1.044783172041582293e+04
1.813023400113220140e+07,2.184532274610105906e-01,-1.519935068637591646e+00,6.986390296005200980e+03,1.060474974941187065e+04
1.819340554817447439e+07,2.213985609792737952e-01,-1.515423738382221996e+00,6.963539611389991478e+03,1.076243757133352665e+04
1.825657709521674365e+07,2.243341419877361853e-01,-1.510845655822435463e+00,6.940197967325705577e+03,1.092091220662891828e+04
1.831974864225901663e+07,2.272597613533359484e-01,-1.506200485052988647e+00,6.916356718965907021e+03,1.108019104233401413e+04
1.838292018930128962e+07,2.301752062353028538e-01,-1.501487882747039482e+00,6.892006948709967219e+03,1.124029184453558446e+04
1.844609173634356260e+07,2.330802599679411835e-01,-1.496707497993369884e+00,6.867139456458347013e+03,1.140123277132057592e+04
1.850926328338583559e+07,2.359747019392030298e-01,-1.491858972128030425e+00,6.841744749420405242e+03,1.156303238623537254e+04
1.857243483042810857e+07,2.388583074648595039e-01,-1.486941938560194520e+00,6.815813031450957169e+03,1.172570967227986876e+04
1.863560637747038156e+07,2.417308476580648791e-01,-1.481956022591981226e+00,6.789334191890336115e+03,1.188928404646265153e+04
1.869877792451265454e+07,2.445920892940991465e-01,-1.476900841232011263e+00,6.762297793881150938e+03,1.205377537494506214e+04
1.876194947155492380e+07,2.474417946700610826e-01,-1.471776003002439381e+00,6.734693062133217609e+03,1.221920398880348512e+04
1.882512101859719679e+07,2.502797214592740183e-01,-1.466581107739189482e+00,6.706508870106345967e+03,1.238559070044098735e+04
1.888829256563946977e+07,2.531056225601491239e-01,-1.461315746385125625e+00,6.677733726578730057e+03,1.255295682068101269e+04
1.895146411268174276e+07,2.559192459392425900e-01,-1.455979500775846036e+00,6.648355761566575893e+03,1.272132417657808583e+04
1.901463565972401574e+07,2.587203344682232897e-01,-1.450571943417804155e+00,6.618362711558397677e+03,1.289071512998223261e+04
1.907780720676628873e+07,2.615086257544539383e-01,-1.445092637258422075e+00,6.587741904024996074e+03,1.306115259689615232e+04
1.914097875380856171e+07,2.642838519648705864e-01,-1.439541135447856002e+00,6.556480241163555547e+03,1.323266006766652754e+04
1.920415030085083097e+07,2.670457396428289054e-01,-1.433916981092052012e+00,6.524564182831522885e+03,1.340526162805327112e+04
1.926732184789310396e+07,2.697940095175648256e-01,-1.428219706996709304e+00,6.491979728622934999e+03,1.357898198122333451e+04
1.933049339493537694e+07,2.725283763058953812e-01,-1.422448835401757483e+00,6.458712399036694478e+03,1.375384647071828476e+04
1.939366494197764993e+07,2.752485485057679093e-01,-1.416603877705915115e+00,6.424747215682752540e+03,1.392988110444831364e+04
1.945683648901992291e+07,2.779542281812367732e-01,-1.410684334180891675e+00,6.390068680468507409e+03,1.410711257976825982e+04
1.952000803606219590e+07,2.806451107384254073e-01,-1.404689693674763262e+00,6.354660753703658884e+03,1.428556830969493603e+04
1.958317958310446888e+07,2.833208846920025614e-01,-1.398619433304024939e+00,6.318506831057423369e+03,1.446527645032878354e+04
1.964635113014673814e+07,2.859812314216738649e-01,-1.392473018133795870e+00,6.281589719297337979e+03,1.464626592954688385e+04
1.970952267718901113e+07,2.886258249181584135e-01,-1.386249900845629268e+00,6.243891610733789094e+03,1.482856647703881572e+04
1.977269422423128411e+07,2.912543315180854409e-01,-1.379949521392343392e+00,6.205394056288964748e+03,1.501220865576125470e+04
1.983586577127355710e+07,2.938664096272144977e-01,-1.373571306639253642e+00,6.166077937102927535e+03,1.519722389489261150e+04
1.989903731831583008e+07,2.964617094313399814e-01,-1.367114669991158715e+00,6.125923434583147355e+03,1.538364452437404361e+04
1.996220886535810307e+07,2.990398725942019498e-01,-1.360579011004390271e+00,6.084909998796832951e+03,1.557150381112917421e+04
2.002538041240037605e+07,3.016005319416820707e-01,-1.353963714983196009e+00,6.043016315097856022e+03,1.576083599706105633e+04
2.008855195944264904e+07,3.041433111315132720e-01,-1.347268152559684795e+00,6.000220268871862572e+03,1.595167633893166203e+04
2.015172350648491830e+07,3.066678243076831900e-01,-1.340491679256513802e+00,5.956498908274263158e+03,1.614406115023642269e+04
2.021489505352719128e+07,3.091736757386568946e-01,-1.333633635031451492e+00,5.911828404826086626e+03,1.633802784519428678e+04
2.027806660056946427e+07,3.116604594384808080e-01,-1.326693343802896718e+00,5.866184011722216383e+03,1.653361498498196670e+04
2.034123814761173725e+07,3.141277587697725582e-01,-1.319670112955375618e+00,5.819540019694937655e+03,1.673086232635063061e+04
2.040440969465401024e+07,3.165751460275273432e-01,-1.312563232823980464e+00,5.771869710263344132e+03,1.692981087277275219e+04
2.046758124169628322e+07,3.190021820025987775e-01,-1.305371976156648461e+00,5.723145306185426307e+03,1.713050292827780868e+04
2.053075278873855621e+07,3.214084155236321405e-01,-1.298095597553112324e+00,5.673337918914820875e+03,1.733298215414702281e+04
2.059392433578082547e+07,3.237933829761404647e-01,-1.290733332879272277e+00,5.622417492847912399e+03,1.753729362864992072e+04
2.065709588282309845e+07,3.261566077973204747e-01,-1.283284398655665903e+00,5.570352746129173283e+03,1.774348391001919299e+04
2.072026742986537144e+07,3.284975999450999717e-01,-1.275747991418629601e+00,5.517111107763203108e+03,1.795160110287487623e+04
2.078343897690764442e+07,3.308158553398043988e-01,-1.268123287052639325e+00,5.462658650760497039e+03,1.816169492832539981e+04
2.084661052394991741e+07,3.331108552767024777e-01,-1.260409440092231881e+00,5.406960021020646309e+03,1.837381679799007907e+04
2.090978207099219039e+07,3.353820658075658545e-01,-1.252605582991794364e+00,5.349978361630936888e+03,1.858801989220688483e+04
2.097295361803446338e+07,3.376289370892331942e-01,-1.244710825361397877e+00,5.291675232230070833e+03,1.880435924271001204e+04
2.103612516507673264e+07,3.398509026970156777e-01,-1.236724253166719079e+00,5.232010523055681915e+03,1.902289182008426724e+04
2.109929671211900562e+07,3.420473789006129861e-01,-1.228644927890966798e+00,5.170942363260072852e+03,1.924367662632804058e+04
2.116246825916127861e+07,3.442177639000236766e-01,-1.220471885656582822e+00,5.108427023040960194e+03,1.946677479288327231e+04
2.122563980620355159e+07,3.463614370187375058e-01,-1.212204136304324553e+00,5.044418809092277115e+03,1.969224968452060784e+04
2.128881135324582458e+07,3.484777578512745499e-01,-1.203840662427169805e+00,4.978869952834202195e+03,1.992016700949965161e+04
2.135198290028809756e+07,3.505660653619001033e-01,-1.195380418356301933e+00,4.911730490830659619e+03,2.015059493645969269e+04
2.141515444733037055e+07,3.526256769310808226e-01,-1.186822329096227646e+00,4.842948136746232194e+03,2.038360421853475782e+04
2.147832599437264353e+07,3.546558873459626504e-01,-1.178165289205866495e+00,4.772468144131958070e+03,2.061926832522912810e+04
2.154149754141491279e+07,3.566559677308349108e-01,-1.169408161622214504e+00,4.700233159260186767e+03,2.085766358263597795e+04
2.160466908845718578e+07,3.586251644132016914e-01,-1.160549776422921786e+00,4.626183063151561328e+03,2.109886932263288691e+04
2.166784063549945876e+07,3.605626977206989325e-01,-1.151588929523862159e+00,4.550254801851553566e+03,2.134296804174390854e+04
2.173101218254173175e+07,3.624677607036821958e-01,-1.142524381307439940e+00,4.472382203918264167e+03,2.159004557042027955e+04
2.179418372958400473e+07,3.643395177778452343e-01,-1.133354855177078013e+00,4.392495783976723942e+03,2.184019125355962024e+04
2.185735527662627771e+07,3.661771032807241699e-01,-1.124079036032947121e+00,4.310522531075695952e+03,2.209349814315910407e+04
2.192052682366855070e+07,3.679796199353791430e-01,-1.114695568663613301e+00,4.226385680449695428e+03,2.235006320408126703e+04
2.198369837071081996e+07,3.697461372139260738e-01,-1.105203056047840304e+00,4.140004467139547160e+03,2.260998753400331407e+04
2.204686991775309294e+07,3.714756895929015035e-01,-1.095600057560315976e+00,4.051293859757091013e+03,2.287337659872286895e+04
2.211004146479536593e+07,3.731672746916810390e-01,-1.085885087074554223e+00,3.960164272491314932e+03,2.314034048410608375e+04
2.217321301183763891e+07,3.748198512843258223e-01,-1.076056610955641535e+00,3.866521253240851820e+03,2.341099416609023683e+04
2.223638455887991190e+07,3.764323371742874791e-01,-1.066113045934895087e+00,3.770265145518753343e+03,2.368545780029212983e+04
2.229955610592218488e+07,3.780036069203522864e-01,-1.056052756857786434e+00,3.671290721505161855e+03,2.396385703292957260e+04
2.236272765296445787e+07,3.795324894010341232e-01,-1.045874054295751421e+00,3.569486783317880509e+03,2.424632333493648184e+04
2.242589920000672713e+07,3.810177652033175377e-01,-1.035575192011652490e+00,3.464735729224415081e+03,2.453299436134569623e+04
2.248907074704900011e+07,3.824581638201861589e-01,-1.025154364267753637e+00,3.356913081125700046e+03,2.482401433823006300e+04
2.255224229409127310e+07,3.838523606397304389e-01,-1.014609702964047511e+00,3.245886969194468293e+03,2.511953447973402945e+04
2.261541384113354608e+07,3.851989737067855746e-01,-1.003939274593638631e+00,3.131517569041130628e+03,2.541971343799994065e+04
2.267858538817581907e+07,3.864965602359750618e-01,-9.931410770006549038e-01,3.013656486198045968e+03,2.572471778909705972e+04
2.274175693521809205e+07,3.877436128526988157e-01,-9.822130359247666087e-01,2.892146082046774609e+03,2.603472255840398066e+04
2.280492848226036504e+07,3.889385555359668456e-01,-9.711530013148582663e-01,2.766818734549145574e+03,2.634991178928013323e+04
2.286810002930263802e+07,3.900797392339946379e-01,-9.599587433926870528e-01,2.637496026265329419e+03,2.667047915929633382e+04
2.293127157634490728e+07,3.911654371200930513e-01,-9.486279484454629429e-01,2.503987851131438219e+03,2.699662864878454639e+04
2.299444312338718027e+07,3.921938394525462113e-01,-9.371582143241488083e-01,2.366091430302577464e+03,2.732857526702143878e+04
2.305761467042945325e+07,3.931630479977982207e-01,-9.255470456219272446e-01,2.223590226017811801e+03,2.766654584198774683e+04
2.312078621747172624e+07,3.940710699712840492e-01,-9.137918485045932737e-01,2.076252740877972428e+03,2.801077988035811723e+04
2.318395776451399922e+07,3.949158114445420198e-01,-9.018899251616856461e-01,1.923831188107597427e+03,2.836153050518446253e+04
2.324712931155627221e+07,3.956950701607150345e-01,-8.898384678438079343e-01,1.766060016250598892e+03,2.871906547965687059e+04
2.331030085859854519e+07,3.964065276930509585e-01,-8.776345524478429416e-01,1.602654269269516362e+03,2.908366832637526022e+04
2.337347240564081445e+07,3.970477408723777635e-01,-8.652751316075308896e-01,1.433307760111553762e+03,2.945563955276291745e+04
2.343664395268308744e+07,3.976161323995661134e-01,-8.527570272421058917e-01,1.257691032387649102e+03,2.983529799462310984e+04
2.349981549972536042e+07,3.981089805474579135e-01,-8.400769225103109639e-01,1.075449080782345618e+03,3.022298229140854892e+04
2.356298704676763341e+07,3.985234078433560478e-01,-8.272313531109815044e-01,8.861987960470306689e+02,3.061905250857427382e+04
2.362615859380990639e+07,3.988563686075917158e-01,-8.142166978644999054e-01,6.895260947757373060e+02,3.102389192445198933e+04
2.368933014085217938e+07,3.991046352055001578e-01,-8.010291685015543672e-01,4.849826874315868395e+02,3.143790900146443892e+04
2.375250168789445236e+07,3.992647828488420370e-01,-7.876647985767034621e-01,2.720824300507423459e+02,3.186153956424110220e+04
2.381567323493672162e+07,3.993331727576885370e-01,-7.741194314140747990e-01,5.029719540918159737e+01,3.229524921036170781e+04
2.387884478197899461e+07,3.993059334643020986e-01,-7.603887069809001087e-01,-1.809478121664562025e+02,3.273953598311144742e+04
2.394201632902126759e+07,3.991789400056645620e-01,-7.464680475713310059e-01,-4.222793881830967848e+02,3.319493333986136713e+04
2.400518787606354058e+07,3.989477907098939458e-01,-7.323526421677495346e-01,-6.743824124102565065e+02,3.366201345458522701e+04
2.406835942310581356e+07,3.986077812324481107e-01,-7.180374293293873000e-01,-9.380068139283475830e+02,3.414139089869541203e+04
2.413153097014808655e+07,3.981538754389698509e-01,-7.035170784380427866e-01,-1.213975569735425779e+03,3.463372675095210434e+04
2.419470251719035953e+07,3.975806726606993524e-01,-6.887859691076962942e-01,-1.503193921038355711e+03,3.513973319481014914e+04
2.425787406423263252e+07,3.968823707627878727e-01,-6.738381685383658670e-01,-1.806660029887518249e+03,3.566017867037331598e+04
2.432104561127490178e+07,3.960527243621001503e-01,-6.586674065640937270e-01,-2.125477346667269558e+03,3.619589365829404414e+04
2.438421715831717476e+07,3.950849974047326851e-01,-6.432670481098816673e-01,-2.460869018700096603e+03,3.674777718466345686e+04
2.444738870535944775e+07,3.939719091588032573e-01,-6.276300627320540171e-01,-2.814194745234854508e+03,3.731680414934780856e+04
2.451056025240172073e+07,3.927055724877389631e-01,-6.117489908700863843e-01,-3.186970578827379995e+03,3.790403359548356093e+04
2.457373179944399372e+07,3.912774230337907055e-01,-5.956159063847233925e-01,-3.580892293511773914e+03,3.851061805500561604e+04
2.463690334648626670e+07,3.896781376484025339e-01,-5.792223748963090113e-01,-3.997863094150879988e+03,3.913781412407894095e+04
2.470007489352853969e+07,3.878975400390334838e-01,-5.625594073680248997e-01,-4.440026639676134437e+03,3.978699444279463933e+04
2.476324644057080895e+07,3.859244911394256183e-01,-5.456174083006721798e-01,-4.909806610197997543e+03,4.045966127468745981e+04
2.482641798761308193e+07,3.837467611232412978e-01,-5.283861178187310159e-01,-5.409954384270692572e+03,4.115746190196411044e+04
2.488958953465535492e+07,3.813508792305410067e-01,-5.108545468326513017e-01,-5.943606835771553961e+03,4.188220606891458010e+04
2.495276108169762790e+07,3.787219566098665169e-01,-4.930109043621447862e-01,-6.514356848888602144e+03,4.263588571372545994e+04
2.501593262873990089e+07,3.758434761232203880e-01,-4.748425160052188176e-01,-7.126339939727846286e+03,4.342069721903201571e+04
2.507910417578217387e+07,3.726970414165319267e-01,-4.563357324480394328e-01,-7.784341442877464033e+03,4.423906636904346669e+04
2.514227572282444686e+07,3.692620753836309277e-01,-4.374758268502058622e-01,-8.493930184875312989e+03,4.509367610047924973e+04
2.520544726986671612e+07,3.655154552482068886e-01,-4.182468799415297589e-01,-9.261626590736363141e+03,4.598749693258062325e+04
2.526861881690898910e+07,3.614310675704584530e-01,-3.986316517869707976e-01,-1.009511600178496155e+04,4.692381958424940240e+04
2.533179036395126209e+07,3.569792611393057258e-01,-3.786114395144610789e-01,-1.100352199450737498e+04,4.790628860691720911e+04
2.539496191099353507e+07,3.521261683286912025e-01,-3.581659210258018589e-01,-1.199776024710273487e+04,4.893893465947302320e+04
2.545813345803580806e+07,3.468328551703775409e-01,-3.372729861187873657e-01,-1.309100187843307322e+04,5.002620093831632403e+04
2.552130500507808104e+07,3.410542457525399529e-01,-3.159085590559125301e-01,-1.429928755859149351e+04,5.117295555782234442e+04
2.558447655212035403e+07,3.347377454821289233e-01,-2.940464213385108327e-01,-1.564235225702500247e+04,5.238447509268124122e+04
2.564764809916262329e+07,3.278214569500820241e-01,-2.716580519375514369e-01,-1.714474881620372616e+04,5.366637270180546329e+04
2.571081964620489627e+07,3.202318363684789615e-01,-2.487125175287437373e-01,-1.883740249308187776e+04,5.502442280494977604e+04
2.577399119324716926e+07,3.118805693328181028e-01,-2.251764730777826573e-01,-2.075979803867859300e+04,5.646419450543840503e+04
2.583716274028944224e+07,3.026603380809179122e-01,-2.010143843892903404e-01,-2.296311247689598167e+04,5.799033044638500724e+04
2.590033428733171523e+07,2.924389852925795008e-01,-1.761891806918804426e-01,-2.551478898066386319e+04,5.960516051784136653e+04
2.596350583437398821e+07,2.810513128813964534e-01,-1.506637313908654185e-01,-2.850534840278318734e+04,6.130604351453294657e+04
2.602667738141626120e+07,2.682873231102442246e-01,-1.244039108231784485e-01,-3.205873378380922804e+04,6.308021237339554500e+04
2.608984892845853418e+07,2.538750086829939523e-01,-9.738477507716718218e-02,-3.634829172004569409e+04,6.489456133547994250e+04
2.615302047550080344e+07,2.374546785263938753e-01,-6.960299918732726354e-02,-4.162169589865507442e+04,6.667479663688736036e+04
2.621619202254307643e+07,2.185401493492927505e-01,-4.110233634296384803e-02,-4.823935829397392081e+04,6.826129469067443279e+04
2.627936356958534941e+07,1.964603618510808170e-01,-1.202720533522979446e-02,-5.672932075273892406e+04,6.931194700488496164e+04
2.634253511662762240e+07,1.702765845234199826e-01,1.726083168490531727e-02,-6.784248304648214253e+04,6.908179118155871402e+04
2.640570666366989538e+07,1.386933407113760119e-01,4.592466147794031089e-02,-8.248760026016361371e+04,6.592973009819304571e+04
2.646887821071216837e+07,1.001023743987314446e-01,7.210031308407849338e-02,-1.009847928734074521e+05,5.640501308972117840e+04
2.653204975775444135e+07,5.333344406631033291e-02,9.200513351862613098e-02,-1.200533531298230228e+05,3.503504827406397817e+04
2.659522130479671061e+07,1.287340456352323054e-04,1.000211545623824194e-01,-1.288502400842487114e+05,7.665194244338199496e+02
2.665839285183898360e+07,-5.300646399245979856e-02,9.298104599138330706e-02,-1.194623508788748150e+05,-3.307375051161074953e+04
2.672156439888125658e+07,-9.968566567992172278e-02,7.412824558922279095e-02,-1.006130052080388559e+05,-5.405739953929459443e+04
2.678473594592352957e+07,-1.382770765480757502e-01,4.897320836735621907e-02,-8.245387503494905832e+04,-6.366876885792207759e+04
2.684790749296580255e+07,-1.699231741247850258e-01,2.121848433766890252e-02,-6.795217073294449074e+04,-6.707905788176898204e+04
2.691107904000807554e+07,-1.961750337998199034e-01,-7.277748461092413933e-03,-5.683006941927432490e+04,-6.755692095791328757e+04
2.697425058705034852e+07,-2.182910311171318563e-01,-3.565567634991073653e-02,-4.825270271833168226e+04,-6.669779559686058201e+04
2.703742213409261778e+07,-2.371921146337167552e-01,-6.352804798211236781e-02,-4.151414320368826156e+04,-6.524748578163213824e+04
2.710059368113489076e+07,-2.535428270651315374e-01,-9.072901425154018817e-02,-3.610926702183819725e+04,-6.355904754280842462e+04
2.716376522817716375e+07,-2.678285567507192599e-01,-1.171984153663322148e-01,-3.168863379747427825e+04,-6.180291097330233606e+04
2.722693677521943673e+07,-2.804108967518973428e-01,-1.429273339655770247e-01,-2.800954136286120774e+04,-6.006193523762453697e+04
2.729010832226170972e+07,-2.915649079404140642e-01,-1.679316133768695707e-01,-2.490065594481278822e+04,-5.837560067431495554e+04
2.735327986930398270e+07,-3.015040236275047247e-01,-1.922385813656778131e-01,-2.223860145756392740e+04,-5.676133544213064306e+04
2.741645141634625569e+07,-3.103968853418429541e-01,-2.158802495924713183e-01,-1.993273210379862576e+04,-5.522518722768764565e+04
2.747962296338852867e+07,-3.183789282816367194e-01,-2.388897997197445833e-01,-1.791516658727995673e+04,-5.376733215573665802e+04
2.754279451043079793e+07,-3.255605108455270069e-01,-2.612997855356739008e-01,-1.613416746334699565e+04,-5.238498865124191070e+04
2.760596605747307092e+07,-3.320327303244153261e-01,-2.831412499864099930e-01,-1.454966265406543425e+04,-5.107398410748436436e+04
2.766913760451534390e+07,-3.378716602058493002e-01,-3.044433359940685313e-01,-1.313015888597518642e+04,-4.982960289310717053e+04
2.773230915155761689e+07,-3.431414905057281750e-01,-3.252331641176050003e-01,-1.185057532919959704e+04,-4.864704255965692573e+04
2.779548069859988987e+07,-3.478968919425999284e-01,-3.455358523862634423e-01,-1.069069659084259911e+04,-4.752165301950360299e+04
2.785865224564216286e+07,-3.521848216230998863e-01,-3.653746089185165857e-01,-9.634049982660788373e+03,-4.644905437229540257e+04
2.792182379268443584e+07,-3.560459205126129123e-01,-3.847708584791776909e-01,-8.667078368352433245e+03,-4.542518678341648774e+04
2.798499533972670510e+07,-3.595156081622400412e-01,-4.037443812950938238e-01,-7.778522234112543629e+03,-4.444632267299114756e+04
2.804816688676897809e+07,-3.626249498731529131e-01,-4.223134522262104174e-01,-6.958952079075190341e+03,-4.350905853791654954e+04
2.811133843381125107e+07,-3.654013506693955526e-01,-4.404949740004235892e-01,-6.200410317864349054e+03,-4.261029637262325559e+04
2.817450998085352406e+07,-3.678691159342130090e-01,-4.583046014481202968e-01,-5.496134006119448713e+03,-4.174722041131948208e+04
2.823768152789579704e+07,-3.700499082936026252e-01,-4.757568555177027481e-01,-4.840337939802840992e+03,-4.091727244151919876e+04
2.830085307493807003e+07,-3.719631229647944459e-01,-4.928652268906866807e-01,-4.228043362926177906e+03,-4.011812748771651968e+04
2.836402462198034301e+07,-3.736261984382019952e-01,-5.096422695774545097e-01,-3.654941492599352387e+03,-3.934767081103948294e+04
2.842719616902261227e+07,-3.750548754309186439e-01,-5.260996851584821554e-01,-3.117283884990408751e+03,-3.860397667112638010e+04
2.849036771606488526e+07,-3.762634141298383805e-01,-5.422483984571192517e-01,-2.611793683371402494e+03,-3.788528900737012736e+04
2.855353926310715824e+07,-3.772647775506786649e-01,-5.580986254581606909e-01,-2.135593252125063827e+03,-3.719000403345889936e+04
2.861671081014943123e+07,-3.780707871779868667e-01,-5.736599342630968046e-01,-1.686144772372723310e+03,-3.651665465120951558e+04
2.867988235719170421e+07,-3.786922557806595147e-01,-5.889412998227316898e-01,-1.261201168156934955e+03,-3.586389654656218772e+04
2.874305390423397720e+07,-3.791391013174026936e-01,-6.039511531256146482e-01,-8.587653248253466245e+02,-3.523049581380742893e+04
2.880622545127625018e+07,-3.794204450843942644e-01,-6.186974254548888164e-01,-4.770560080947585107e+02,-3.461531795243601664e+04
2.886939699831852317e+07,-3.795446966602072925e-01,-6.331875882615870532e-01,-1.144792319811303400e+02,-3.401731808763717709e+04
2.893256854536079243e+07,-3.795196277317424149e-01,-6.474286891416402012e-01,2.303959158884036924e+02,-3.343553227631681511e+04
2.899574009240306541e+07,-3.793524365104345986e-01,-6.614273843481397464e-01,5.588577820544876431e+02,-3.286906977312354138e+04
2.905891163944533840e+07,-3.790498041485369507e-01,-6.751899682200982467e-01,8.720696222466280005e+02,-3.231710614393367723e+04
2.912208318648761138e+07,-3.786179443243531395e-01,-6.887223998640962241e-01,1.171084555404283265e+03,-3.177887712675776129e+04
2.918525473352988437e+07,-3.780626469703318726e-01,-7.020303273854169301e-01,1.456858412006333765e+03,-3.125367315167981360e+04
2.924842628057215735e+07,-3.773893169593096619e-01,-7.151191099302258714e-01,1.730260815547846960e+03,-3.074083444203736872e+04
2.931159782761443034e+07,-3.766030084344510476e-01,-7.279938377695331919e-01,1.992084775019369999e+03,-3.023974662854872440e+04
2.937476937465669960e+07,-3.757084553617969780e-01,-7.406593506286478501e-01,2.243055017340073391e+03,-2.974983681652073210e+04
2.943794092169897258e+07,-3.747100987962637686e-01,-7.531202544421543577e-01,2.483835249271197426e+03,-2.927057005369487160e+04
2.950111246874124557e+07,-3.736121112788799437e-01,-7.653809366936825676e-01,2.715034506391742070e+03,-2.880144615280059224e+04
2.956428401578351855e+07,-3.724184187221752929e-01,-7.774455804815988413e-01,2.937212720710845588e+03,-2.834199682857501830e+04
2.962745556282579154e+07,-3.711327200897168721e-01,-7.893181774357971303e-01,3.150885617217921208e+03,-2.789178311397395373e+04
2.969062710986806452e+07,-3.697585051330151695e-01,-8.010025395968207729e-01,3.356529032195133368e+03,-2.745039302462452179e+04
2.975379865691033751e+07,-3.682990704129660009e-01,-8.125023103562833970e-01,3.554582731697697909e+03,-2.701743944433736760e+04
2.981697020395260677e+07,-3.667575338024842702e-01,-8.238209745467885980e-01,3.745453796662960485e+03,-2.659255820777715053e+04
2.988014175099487975e+07,-3.651368476410800645e-01,-8.349618677600725292e-01,3.929519631175987342e+03,-2.617540635924773233e+04
2.994331329803715274e+07,-3.634398106900622039e-01,-8.459281849637348971e-01,4.107130642127522151e+03,-2.576566056903991193e+04
3.000648484507942572e+07,-3.616690790181902870e-01,-8.567229884795775074e-01,4.278612631554345171e+03,-2.536301569096165986e+04
3.006965639212169871e+07,-3.598271759314317642e-01,-8.673492153800413940e-01,4.444268937112471576e+03,-2.496718344656906993e+04
3.013282793916397169e+07,-3.579165010465781838e-01,-8.778096843534877181e-01,4.604382351208861110e+03,-2.457789122327430960e+04
3.019599948620624468e+07,-3.559393385964880752e-01,-8.881071020839644836e-01,4.759216845150031077e+03,-2.419488097495878901e+04
3.025917103324851766e+07,-3.538978650443613816e-01,-8.982440691865669624e-01,4.909019121129033920e+03,-2.381790821499184312e+04
3.032234258029078692e+07,-3.517941560754636043e-01,-9.082230857354843812e-01,5.054020011861342937e+03,-2.344674109267176391e+04
3.038551412733305991e+07,-3.496301930269120617e-01,-9.180465564182378468e-01,5.194435745109736672e+03,-2.308115954508685536e+04
3.044868567437533289e+07,-3.474078688093311107e-01,-9.277167953464175998e-01,5.330469088137487233e+03,-2.272095451725799285e+04
3.051185722141760588e+07,-3.451289933682413213e-01,-9.372360305503903977e-01,5.462310385240492906e+03,-2.236592724418427679e+04
3.057502876845987886e+07,-3.427952987278469199e-01,-9.466064081828844401e-01,5.590138499882988981e+03,-2.201588858908557086e+04
3.063820031550215185e+07,-3.404084436553219128e-01,-9.558299964540846183e-01,5.714121671559069000e+03,-2.167065843272870916e+04
3.070137186254442483e+07,-3.379700179796839010e-01,-9.649087893188253995e-01,5.834418296289110003e+03,-2.133006510924960457e+04
3.076454340958669409e+07,-3.354815465958087550e-01,-9.738447099346281277e-01,5.951177638608618508e+03,-2.099394488434903542e+04
3.082771495662896708e+07,-3.329444931810185415e-01,-9.826396139076828407e-01,6.064540481993349204e+03,-2.066214147215305275e+04
3.089088650367124006e+07,-3.303602636489179067e-01,-9.912952923423764551e-01,6.174639723868779583e+03,-2.033450558739664848e+04
3.095405805071351305e+07,-3.277302093627016411e-01,-9.998134747086461216e-01,6.281600920657967436e+03,-2.001089452991568760e+04
3.101722959775578603e+07,-3.250556301279898808e-01,-1.008195831540209531e+00,6.385542787714438418e+03,-1.969117179872420093e+04
3.108040114479805902e+07,-3.223377769833134510e-01,-1.016443976975639041e+00,6.486577658454920311e+03,-1.937520673321391951e+04
3.114357269184033200e+07,-3.195778548046491752e-01,-1.024559471153253298e+00,6.584811906539680422e+03,-1.906287417924555484e+04
3.120674423888260126e+07,-3.167770247388708715e-01,-1.032543822469904393e+00,6.680346334537404800e+03,-1.875405417810944346e+04
3.126991578592487425e+07,-3.139364064796069109e-01,-1.040398489712923924e+00,6.773276532149634477e+03,-1.844863167651948243e+04
3.133308733296714723e+07,-3.110570803977674159e-01,-1.048124884073750041e+00,6.863693206750076570e+03,-1.814649625597206250e+04
3.139625888000942022e+07,-3.081400895378986760e-01,-1.055724371051091737e+00,6.951682488711721817e+03,-1.784754187995131724e+04
3.145943042705169320e+07,-3.051864414905349765e-01,-1.063198272250863052e+00,7.037326213744181587e+03,-1.755166665759787429e+04
3.152260197409396619e+07,-3.021971101498252543e-01,-1.070547867089577831e+00,7.120702184241657960e+03,-1.725877262257972689e+04
3.158577352113623917e+07,-2.991730373649114094e-01,-1.077774394407367442e+00,7.201884411444539182e+03,-1.696876552601371804e+04
3.164894506817851216e+07,-2.961151344928101281e-01,-1.084879053996339549e+00,7.280943340041934789e+03,-1.668155464238529385e+04
3.171211661522078142e+07,-2.930242838598974831e-01,-1.091863008049551498e+00,7.357946056685816984e+03,-1.639705258750370194e+04
3.177528816226305440e+07,-2.899013401385036603e-01,-1.098727382535500174e+00,7.432956483747665516e+03,-1.611517514761084203e+04
3.183845970930532739e+07,-2.867471316445928675e-01,-1.105473268502654927e+00,7.506035559523388656e+03,-1.583584111883566766e+04
3.190163125634760037e+07,-2.835624615620131461e-01,-1.112101723318253743e+00,7.577241405980527816e+03,-1.555897215625206445e+04
3.196480280338987336e+07,-2.803481090983661606e-01,-1.118613771845266891e+00,7.646629485041249609e+03,-1.528449263185914788e+04
3.202797435043214634e+07,-2.771048305771425246e-01,-1.125010407561159553e+00,7.714252744304630141e+03,-1.501232950085744960e+04
3.209114589747441933e+07,-2.738333604704070723e-01,-1.131292593621839426e+00,7.780161753030723958e+03,-1.474241217564457838e+04
3.215431744451668859e+07,-2.705344123759845787e-01,-1.137461263873928541e+00,7.844404829136010449e+03,-1.447467240699937247e+04
3.221748899155896157e+07,-2.672086799427950687e-01,-1.143517323818297182e+00,7.907028157884149550e+03,-1.420904417196493523e+04
3.228066053860123456e+07,-2.638568377477130689e-01,-1.149461651527583284e+00,7.968075902896624029e+03,-1.394546356797906810e+04
3.234383208564350754e+07,-2.604795421270691969e-01,-1.155295098520256136e+00,8.027590310054414658e+03,-1.368386871283460823e+04
3.240700363268578053e+07,-2.570774319656858320e-01,-1.161018490593594743e+00,8.085611804813306662e+03,-1.342419965008429244e+04
3.247017517972805351e+07,-2.536511294461251120e-01,-1.166632628617810807e+00,8.142179083411634565e+03,-1.316639825953329273e+04
3.253334672677032650e+07,-2.502012407606339361e-01,-1.172138289293387814e+00,8.197329198409493983e+03,-1.291040817248914573e+04
3.259651827381259575e+07,-2.467283567880936557e-01,-1.177536225873585529e+00,8.251097638962366545e+03,-1.265617469146299300e+04
3.265968982085486874e+07,-2.432330537381179880e-01,-1.182827168853924027e+00,8.303518406199362289e+03,-1.240364471403819516e+04
3.272286136789714172e+07,-2.397158937642958343e-01,-1.188011826630353873e+00,8.354624084046383359e+03,-1.215276666064308483e+04
3.278603291493941471e+07,-2.361774255484317964e-01,-1.193090886127707417e+00,8.404445905807511735e+03,-1.190349040598282227e+04
3.284920446198168769e+07,-2.326181848575166744e-01,-1.198065013399927770e+00,8.453013816793063597e+03,-1.165576721390311832e+04
3.291237600902396068e+07,-2.290386950750393780e-01,-1.202934854203480119e+00,8.500356533260279321e+03,-1.140954967547408523e+04
3.297554755606623366e+07,-2.254394677081447973e-01,-1.207701034545262786e+00,8.546501597911965291e+03,-1.116479165009720055e+04
3.303871910310850292e+07,-2.218210028720432048e-01,-1.212364161206253677e+00,8.591475432179615382e+03,-1.092144820945184074e+04
3.310189065015077591e+07,-2.181837897529824433e-01,-1.216924822242058557e+00,8.635303385500303193e+03,-1.067947558411011414e+04
3.316506219719304889e+07,-2.145283070510148604e-01,-1.221383587461449594e+00,8.678009781780832782e+03,-1.043883111266050582e+04
3.322823374423532188e+07,-2.108550234037034621e-01,-1.225741008883923344e+00,8.719617963228245571e+03,-1.019947319319091548e+04
3.329140529127759486e+07,-2.071643977918476431e-01,-1.229997621177247202e+00,8.760150331712449770e+03,-9.961361236991922851e+03
3.335457683831986785e+07,-2.034568799282361617e-01,-1.234153942075898458e+00,8.799628387814616872e+03,-9.724455624349884602e+03
3.341774838536214083e+07,-1.997329106303745994e-01,-1.238210472781259064e+00,8.838072767703770296e+03,-9.488717662307901264e+03
3.348091993240441382e+07,-1.959929221780760678e-01,-1.242167698344366578e+00,8.875503277973692093e+03,-9.254109544280439877e+03
3.354409147944668308e+07,-1.922373386567503006e-01,-1.246026088031985335e+00,8.911938928562836736e+03,-9.020594311414559343e+03
3.360726302648895979e+07,-1.884665762871750028e-01,-1.249786095676713060e+00,8.947397963871178945e+03,-8.788135815597257533e+03
3.367043457353123277e+07,-1.846810437424926954e-01,-1.253448160011795265e+00,8.981897892179847986e+03,-8.556698684014976607e+03
3.373360612057349831e+07,-1.808811424531212853e-01,-1.257012704991288476e+00,9.015455513472055827e+03,-8.326248285176290665e+03
3.379677766761577129e+07,-1.770672669002393285e-01,-1.260480140096170265e+00,9.048086945746872516e+03,-8.096750696314901688e+03
3.385994921465804428e+07,-1.732398048984657157e-01,-1.263850860626959172e+00,9.079807649911066619e+03,-7.868172672094769041e+03
3.392312076170031726e+07,-1.693991378683104843e-01,-1.267125247983384106e+00,9.110632453328449628e+03,-7.640481614543230535e+03
3.398629230874259025e+07,-1.655456410989538107e-01,-1.270303669931603929e+00,9.140575572100591671e+03,-7.413645544143085317e+03
3.404946385578486323e+07,-1.616796840018717707e-01,-1.273386480859452830e+00,9.169650632147831857e+03,-7.187633072017980339e+03
3.411263540282713622e+07,-1.578016303558021360e-01,-1.276374022020160925e+00,9.197870689154782667e+03,-6.962413373149353902e+03
3.417580694986940920e+07,-1.539118385435169767e-01,-1.279266621764970635e+00,9.225248247440220439e+03,-6.737956160566553081e+03
3.423897849691168219e+07,-1.500106617808440734e-01,-1.282064595765053827e+00,9.251795277807170351e+03,-6.514231660454956909e+03
3.430215004395395517e+07,-1.460984483383571675e-01,-1.284768247223098125e+00,9.277523234425298142e+03,-6.291210588129892130e+03
3.436532159099622816e+07,-1.421755417561327006e-01,-1.287377867074924298e+00,9.302443070794177402e+03,-6.068864124826899570e+03
3.442849313803850114e+07,-1.382422810519519651e-01,-1.289893734181467799e+00,9.326565254832774372e+03,-5.847163895261471225e+03
3.449166468508077413e+07,-1.342990009233081816e-01,-1.292316115511435326e+00,9.349899783137436316e+03,-5.626081945913779236e+03
3.455483623212304711e+07,-1.303460319435617021e-01,-1.294645266314941257e+00,9.372456194447844609e+03,-5.405590723996150700e+03
3.461800777916532010e+07,-1.263837007525694944e-01,-1.296881430288397752e+00,9.394243582357727064e+03,-5.185663057063106862e+03
3.468117932620758563e+07,-1.224123302421010057e-01,-1.299024839730923198e+00,9.415270607304662917e+03,-4.966272133225748803e+03
3.474435087324985862e+07,-1.184322397363355150e-01,-1.301075715692519230e+00,9.435545507870969232e+03,-4.747391481933881551e+03
3.480752242029213160e+07,-1.144437451677321332e-01,-1.303034268114243055e+00,9.455076111425456475e+03,-4.528994955291488623e+03
3.487069396733440459e+07,-1.104471592485357784e-01,-1.304900695960600210e+00,9.473869844133869265e+03,-4.311056709871802013e+03
3.493386551437667757e+07,-1.064427916381870121e-01,-1.306675187344354283e+00,9.491933740363794641e+03,-4.093551189000570503e+03
3.499703706141895056e+07,-1.024309491068836897e-01,-1.308357919643952760e+00,9.509274451508092170e+03,-3.876453105476915425e+03
3.506020860846122354e+07,-9.841193569553539910e-02,-1.309949059613740863e+00,9.525898254249135789e+03,-3.659737424702580029e+03
3.512338015550349653e+07,-9.438605287234271002e-02,-1.311448763487134128e+00,9.541811058284565661e+03,-3.443379348191501776e+03
3.518655170254576951e+07,-9.035359968622425075e-02,-1.312857177072902060e+00,9.557018413533705825e+03,-3.227354297432690146e+03
3.524972324958804250e+07,-8.631487291730732814e-02,-1.314174435844708722e+00,9.571525516842350044e+03,-3.011637898080371087e+03
3.531289479663031548e+07,-8.227016722469022991e-02,-1.315400665024040405e+00,9.585337218202255826e+03,-2.796205964446251073e+03
3.537606634367258847e+07,-7.821977529167807586e-02,-1.316535979656646260e+00,9.598458026500344204e+03,-2.581034484269577206e+03
3.543923789071486145e+07,-7.416398796868786669e-02,-1.317580484682600472e+00,9.610892114811389547e+03,-2.366099603741422015e+03
3.550240943775713444e+07,-7.010309441401257891e-02,-1.318534275000091238e+00,9.622643325246748645e+03,-2.151377612760298234e+03
3.556558098479940742e+07,-6.603738223262965723e-02,-1.319397435523028683e+00,9.633715173370559569e+03,-1.936844930396835707e+03
3.562875253184167296e+07,-6.196713761323449643e-02,-1.320170041232554548e+00,9.644110852193713072e+03,-1.722478090545824443e+03
3.569192407888394594e+07,-5.789264546367262759e-02,-1.320852157222530243e+00,9.653833235754875204e+03,-1.508253727744251592e+03
3.575509562592621893e+07,-5.381418954495016671e-02,-1.321443838739064569e+00,9.662884882296762953e+03,-1.294148563134926690e+03
3.581826717296849191e+07,-4.973205260398241151e-02,-1.321945131214147029e+00,9.671268037044923403e+03,-1.080139390554788861e+03
3.588143872001076490e+07,-4.564651650525426013e-02,-1.322356070293422947e+00,9.678984634595281022e+03,-8.662030627281998250e+02
3.594461026705303788e+07,-4.155786236155357277e-02,-1.322676681858161674e+00,9.686036300915764514e+03,-6.523164775452675030e+02
3.600778181409531087e+07,-3.746637066394004761e-02,-1.322906982041444302e+00,9.692424354966429746e+03,-4.384565644056513065e+02
3.607095336113758385e+07,-3.337232141110980932e-02,-1.323046977238592881e+00,9.698149809941560306e+03,-2.246002706084390184e+02
3.613412490817985684e+07,-2.927599423831493339e-02,-1.323096664111861775e+00,9.703213374136341372e+03,-1.072454776881033922e+01
3.619729645522212982e+07,-2.517766854599582868e-02,-1.323056029589393390e+00,9.707615451439825847e+03,2.031936617577276536e+02
3.626046800226440281e+07,-2.107762362828428937e-02,-1.322925050858440255e+00,9.711356141455025863e+03,4.171774384627277072e+02
3.632363954930667579e+07,-1.697613880153450716e-02,-1.322703695352844599e+00,9.714435239246084166e+03,6.312498993030319525e+02
3.638681109634894878e+07,-1.287349353303973015e-02,-1.322391920734755200e+00,9.716852234711604979e+03,8.454342113691429859e+02
3.644998264339122176e+07,-8.769967570092778580e-03,-1.321989674870561071e+00,9.718606311582345370e+03,1.059753605623161548e+03
3.651315419043348730e+07,-4.665841069550044108e-03,-1.321496895801003824e+00,9.719696346040578646e+03,1.274231390725869460e+03
3.657632573747576028e+07,-5.613947280565780235e-04,-1.320913511705430476e+00,9.720120904957530001e+03,1.488890966972940760e+03
3.663949728451803327e+07,3.543090086898306301e-03,-1.320239440860133451e+00,9.719878243744387873e+03,1.703755840360014190e+03
3.670266883156030625e+07,7.647331204940290700e-03,-1.319474591590722445e+00,9.718966303811457692e+03,1.918849636797578114e+03
3.676584037860257924e+07,1.175104551961012739e-02,-1.318618862218456256e+00,9.717382709629047895e+03,2.134196116496125796e+03
3.682901192564485222e+07,1.585394885383772934e-02,-1.317672141000461705e+00,9.715124765382743135e+03,2.349819188543007385e+03
3.689218347268712521e+07,1.995575582391681535e-02,-1.316634306063753534e+00,9.712189451214659130e+03,2.565742925692739391e+03
3.695535501972939819e+07,2.405617970180325832e-02,-1.315505225332958883e+00,9.708573419041269517e+03,2.781991579393111806e+03
3.701852656677167118e+07,2.815493227555626241e-02,-1.314284756451641556e+00,9.704272987937298240e+03,2.998589595070063297e+03
3.708169811381394416e+07,3.225172370773659453e-02,-1.312972746697117277e+00,9.699284139074035920e+03,3.215561627694982690e+03
3.714486966085621715e+07,3.634626239157117550e-02,-1.311569032888626696e+00,9.693602510199303651e+03,3.432932557658854421e+03
3.720804120789849013e+07,4.043825480468746236e-02,-1.310073441288739371e+00,9.687223389645010684e+03,3.650727506978491419e+03
3.727121275494076312e+07,4.452740536021503048e-02,-1.308485787497838171e+00,9.680141709847024686e+03,3.868971855861008407e+03
3.733438430198303610e+07,4.861341625504490838e-02,-1.306805876341528228e+00,9.672352040360690808e+03,4.087691259653665384e+03
3.739755584902530909e+07,5.269598731502998096e-02,-1.305033501750804570e+00,9.663848580353926081e+03,4.306911666207281087e+03
3.746072739606757462e+07,5.677481583690119349e-02,-1.303168446634791477e+00,9.654625150558344103e+03,4.526659333682542638e+03
3.752389894310984761e+07,6.084959642666928903e-02,-1.301210482745867036e+00,9.644675184657260615e+03,4.746960848829964561e+03
3.758707049015212059e+07,6.492002083426233472e-02,-1.299159370536962621e+00,9.633991720087788053e+03,4.967843145775053927e+03
3.765024203719439358e+07,6.898577778415594663e-02,-1.297014859010816146e+00,9.622567388232426310e+03,5.189333525342592111e+03
3.771341358423666656e+07,7.304655280172592247e-02,-1.294776685560945051e+00,9.610394403973732551e+03,5.411459674954598086e+03
3.777658513127893955e+07,7.710202803505115943e-02,-1.292444575804092555e+00,9.597464554583602876e+03,5.634249689138770918e+03
3.783975667832121253e+07,8.115188207187892799e-02,-1.290018243403874054e+00,9.583769187916615920e+03,5.857732090685814001e+03
3.790292822536348552e+07,8.519578975145199184e-02,-1.287497389885348786e+00,9.569299199874605620e+03,6.081935852496044390e+03
3.796609977240575850e+07,8.923342197088243721e-02,-1.284881704440211214e+00,9.554045021107225693e+03,6.306890420157737026e+03
3.802927131944803149e+07,9.326444548574143456e-02,-1.282170863722286835e+00,9.537996602910681759e+03,6.532625735301936402e+03
3.809244286649030447e+07,9.728852270451827933e-02,-1.279364531632993796e+00,9.521143402284047625e+03,6.759172259780845707e+03
3.815561441353257746e+07,1.013053114765836843e-01,-1.276462359096412147e+00,9.503474366099631879e+03,6.986561000719500043e+03
3.821878596057485044e+07,1.053144648732734362e-01,-1.273463983823581058e+00,9.484977914340681309e+03,7.214823536493219763e+03
3.828195750761712343e+07,1.093156309616881705e-01,-1.270369030065620075e+00,9.465641922356311625e+03,7.443992043686305806e+03
3.834512905465939641e+07,1.133084525707831608e-01,-1.267177108355252102e+00,9.445453702079908908e+03,7.674099325090652201e+03
3.840830060170166194e+07,1.172925670492977190e-01,-1.263887815236269585e+00,9.424399982153301607e+03,7.905178838806375097e+03
3.847147214874393493e+07,1.212676060150522650e-01,-1.260500732980469607e+00,9.402466886894779236e+03,8.137264728510434907e+03
3.853464369578620791e+07,1.252331950951036943e-01,-1.257015429291551190e+00,9.379639914044504621e+03,8.370391854962655998e+03
3.859781524282848090e+07,1.291889536562375596e-01,-1.253431456995429683e+00,9.355903911215889821e+03,8.604595828823757984e+03
3.866098678987075388e+07,1.331344945252273537e-01,-1.249748353716405802e+00,9.331243050976281665e+03,8.839913044863682444e+03
3.872415833691302687e+07,1.370694236982678560e-01,-1.245965641538580471e+00,9.305640804474523975e+03,9.076380717644018659e+03
3.878732988395529985e+07,1.409933400389499214e-01,-1.242082826651874194e+00,9.279079913526788005e+03,9.314036918763473295e+03
3.885050143099757284e+07,1.449058349641057786e-01,-1.238099398981975074e+00,9.251542361065376099e+03,9.552920615761107911e+03
3.891367297803984582e+07,1.488064921168124055e-01,-1.234014831803487589e+00,9.223009339847931187e+03,9.793071712778251822e+03
3.897684452508211881e+07,1.526948870257949786e-01,-1.229828581335524529e+00,9.193461219316630377e+03,1.003453109308668718e+04
3.904001607212439179e+07,1.565705867504248450e-01,-1.225540086318925415e+00,9.162877510488409825e+03,1.027734066359790268e+04
3.910318761916666478e+07,1.604331495104534544e-01,-1.221148767574239402e+00,9.131236828748013068e+03,1.052154340147597031e+04
3.916635916620893776e+07,1.642821242995681219e-01,-1.216654027539558314e+00,9.098516854405572303e+03,1.076718340298502699e+04
3.922953071325121075e+07,1.681170504817944278e-01,-1.212055249787229005e+00,9.064694290869507313e+03,1.101430593471139036e+04
3.929270226029347628e+07,1.719374573697043385e-01,-1.207351798518405017e+00,9.029744820273597725e+03,1.126295748731014828e+04
3.935587380733574927e+07,1.757428637833212404e-01,-1.202543018034342603e+00,8.993643056384064039e+03,1.151318583193685481e+04
3.941904535437802225e+07,1.795327775885276478e-01,-1.197628232183274744e+00,8.956362494598442936e+03,1.176504007953588189e+04
3.948221690142029524e+07,1.833066952137136774e-01,-1.192606743781607914e+00,8.917875458832408185e+03,1.201857074317042861e+04
3.954538844846256822e+07,1.870641011432999101e-01,-1.187477834008126454e+00,8.878153045073961039e+03,1.227382980359170688e+04
3.960855999550484121e+07,1.908044673866799990e-01,-1.182240761769785875e+00,8.837165061365842121e+03,1.253087077826006680e+04
3.967173154254711419e+07,1.945272529210203272e-01,-1.176894763037593883e+00,8.794879963956838765e+03,1.278974879404655803e+04
3.973490308958938718e+07,1.982319031062402814e-01,-1.171439050150969718e+00,8.751264789340471907e+03,1.305052066386073602e+04
3.979807463663166016e+07,2.019178490703731621e-01,-1.165872811088873418e+00,8.706285081875281321e+03,1.331324496746937075e+04
3.986124618367393315e+07,2.055845070633724736e-01,-1.160195208705870007e+00,8.659904816654197930e+03,1.357798213679113542e+04
3.992441773071620613e+07,2.092312777772820931e-01,-1.154405379931182196e+00,8.612086317261211661e+03,1.384479454597472613e+04
3.998758927775847912e+07,2.128575456305295543e-01,-1.148502434928633464e+00,8.562790168021234422e+03,1.411374660659214715e+04
4.005076082480075210e+07,2.164626780139278228e-01,-1.142485456215255324e+00,8.511975120313549269e+03,1.438490486830543523e+04
4.011393237184302509e+07,2.200460244957808120e-01,-1.136353497736160234e+00,8.459597992480044923e+03,1.465833812539411520e+04
4.017710391888529807e+07,2.236069159832817788e-01,-1.130105583893123322e+00,8.405613562816181002e+03,1.493411752956232885e+04
4.024027546592756361e+07,2.271446638371668325e-01,-1.123740708524123999e+00,8.349974455084857254e+03,1.521231670947924613e+04
4.030344701296983659e+07,2.306585589363411848e-01,-1.117257833830897606e+00,8.292631015940425641e+03,1.549301189754454026e+04
4.036661856001210958e+07,2.341478706889161265e-01,-1.110655889251348727e+00,8.233531183591681838e+03,1.577628206441166367e+04
4.042979010705438256e+07,2.376118459858128362e-01,-1.103933770273411774e+00,8.172620346967467412e+03,1.606220906184845990e+04
4.049296165409665555e+07,2.410497080927482549e-01,-1.097090337186721998e+00,8.109841194576679300e+03,1.635087777456367803e+04
4.055613320113892853e+07,2.444606554760690165e-01,-1.090124413768159828e+00,8.045133552174136639e+03,1.664237628168378433e+04
4.061930474818120152e+07,2.478438605575030707e-01,-1.083034785897043273e+00,7.978434208254601799e+03,1.693679602862493994e+04
4.068247629522347450e+07,2.511984683924656792e-01,-1.075820200095406909e+00,7.909676726297755522e+03,1.723423201017195242e+04
4.074564784226574749e+07,2.545235952660782619e-01,-1.068479361988453391e+00,7.838791242575927754e+03,1.753478296564970879e+04
4.080881938930802047e+07,2.578183272005311610e-01,-1.061010934679868178e+00,7.765704248212285165e+03,1.783855158715415382e+04
4.087199093635029346e+07,2.610817183668390218e-01,-1.053413537036263392e+00,7.690338354038299258e+03,1.814564474189982138e+04
4.093516248339256644e+07,2.643127893933912009e-01,-1.045685741874550434e+00,7.612612036643638930e+03,1.845617370984064837e+04
4.099833403043483943e+07,2.675105255629870449e-01,-1.037826074045527625e+00,7.532439363836850134e+03,1.877025443783117953e+04
4.106150557747711241e+07,2.706738748892500990e-01,-1.029833008406410011e+00,7.449729697538712571e+03,1.908800781171778726e+04
4.112467712451937795e+07,2.738017460624367905e-01,-1.021704967674413655e+00,7.364387371908869682e+03,1.940955994788552198e+04
4.118784867156165093e+07,2.768930062536748005e-01,-1.013440320152825258e+00,7.276311344256693701e+03,1.973504250593779216e+04
4.125102021860392392e+07,2.799464787655680520e-01,-1.005037377320263881e+00,7.185394816005581561e+03,2.006459302435374047e+04
4.131419176564619690e+07,2.829609405158976521e-01,-9.964943912729916642e-01,7.091524820660382829e+03,2.039835528115737543e+04
4.137736331268846989e+07,2.859351193397736690e-01,-9.878095520092592396e-01,6.994581775366226793e+03,2.073647968184088677e+04
4.144053485973074287e+07,2.888676910940735088e-01,-9.789809845436593383e-01,6.894438992235877777e+03,2.107912367701983385e+04
4.150370640677301586e+07,2.917572765462904116e-01,-9.700067458383644370e-01,6.790962145155227518e+03,2.142645221256010336e+04
4.156687795381528884e+07,2.946024380279934629e-01,-9.608848215369066859e-01,6.684008687243447639e+03,2.177863821521083810e+04
4.163004950085756183e+07,2.974016758309385167e-01,-9.516131224848125569e-01,6.573427213535384908e+03,2.213586311710786322e+04
4.169322104789983481e+07,3.001534243214308839e-01,-9.421894810199005210e-01,6.459056762756753415e+03,2.249831742288360329e+04
4.175639259494210780e+07,3.028560477457890587e-01,-9.326116470133902769e-01,6.340726051263192858e+03,2.286620132353765803e+04
4.181956414198438078e+07,3.055078356966415831e-01,-9.228772836411199831e-01,6.218252631295214087e+03,2.323972536169390514e+04
4.188273568902665377e+07,3.081069982062586976e-01,-9.129839628621038150e-01,6.091441964642282073e+03,2.361911115340262040e+04
4.194590723606892675e+07,3.106516604291059136e-01,-9.029291605793589026e-01,5.960086401586677312e+03,2.400459217224875101e+04
4.200907878311119974e+07,3.131398568712400188e-01,-8.927102514553572066e-01,5.823964053582701126e+03,2.439641460221015950e+04
4.207225033015346527e+07,3.155695251189529760e-01,-8.823245033515801916e-01,5.682837546484870472e+03,2.479483826648442118e+04
4.213542187719573826e+07,3.179384990131113864e-01,-8.717690713584115292e-01,5.536452639228696171e+03,2.520013764038374575e+04
4.219859342423801124e+07,3.202445012088005472e-01,-8.610409913780057156e-01,5.384536690640488814e+03,2.561260295739929643e+04
4.226176497128028423e+07,3.224851350520405169e-01,-8.501371732186457919e-01,5.226796954447076132e+03,2.603254141868129955e+04
4.232493651832255721e+07,3.246578756962899548e-01,-8.390543931545519918e-01,5.062918679502035957e+03,2.646027851748595276e+04
4.238810806536483020e+07,3.267600603710162366e-01,-8.277892858998895376e-01,4.892562988651698106e+03,2.689615949163568075e+04
4.245127961240710318e+07,3.287888777025161358e-01,-8.163383359398734829e-01,4.715364505425750394e+03,2.734055091875199651e+04
4.251445115944937617e+07,3.307413559731311459e-01,-8.046978681552254820e-01,4.530928692721452535e+03,2.779384247098673586e+04
4.257762270649164915e+07,3.326143501886503206e-01,-7.928640376687128288e-01,4.338828861695645173e+03,2.825644884823857865e+04
4.264079425353392214e+07,3.344045278045966185e-01,-7.808328188339445086e-01,4.138602801985270162e+03,2.872881191144583863e+04
4.270396580057619512e+07,3.361083529397173031e-01,-7.685999932768641241e-01,3.929748975897624859e+03,2.921140304054986700e+04
4.276713734761846811e+07,3.377220688786947145e-01,-7.561611368892792173e-01,3.711722209038357960e+03,2.970472574519245609e+04
4.283030889466074109e+07,3.392416786350777036e-01,-7.435116056610941992e-01,3.483928797593587660e+03,3.020931856022252396e+04
4.289348044170301408e+07,3.406629233087131170e-01,-7.306465202234110334e-01,3.245720937669608702e+03,3.072575826273245912e+04
4.295665198874528706e+07,3.419812579283453280e-01,-7.175607489580513310e-01,2.996390364110173778e+03,3.125466345272793478e+04
4.301982353578755260e+07,3.431918244180389155e-01,-7.042488895099934254e-01,2.735161064284855456e+03,3.179669854577789374e+04
4.308299508282982558e+07,3.442894212638116791e-01,-6.907052485173011958e-01,2.461180905487686232e+03,3.235257823323399862e+04
4.314616662987209857e+07,3.452684693819975670e-01,-6.769238193479584220e-01,2.173511981542542799e+03,3.292307247400730557e+04
4.320933817691437155e+07,3.461229736004623470e-01,-6.628982576039446073e-01,1.871119443351954033e+03,3.350901209162652231e+04
4.327250972395664454e+07,3.468464790541271325e-01,-6.486218541194997966e-01,1.552858527344909362e+03,3.411129506156250864e+04
4.333568127099891752e+07,3.474320216625888524e-01,-6.340875051419345709e-01,1.217459432322814109e+03,3.473089358679836732e+04
4.339885281804119051e+07,3.478720716938709101e-01,-6.192876793389108236e-01,8.635096154624673090e+02,3.536886207454755640e+04
4.346202436508346349e+07,3.481584692166679873e-01,-6.042143812249385348e-01,4.894329774356917255e+02,3.602634614404712192e+04
4.352519591212573647e+07,3.482823499936855693e-01,-5.888591105410060367e-01,9.346527839058012432e+01,3.670459281457749603e+04
4.358836745916800946e+07,3.482340600575475897e-01,-5.732128170538629552e-01,-3.263750376187778102e+02,3.740496204423656309e+04
4.365153900621028244e+07,3.480030568207569952e-01,-5.572658501646539086e-01,-7.723216438002248196e+02,3.812893981320274179e+04
4.371471055325255543e+07,3.475777940791666687e-01,-5.410079026297317517e-01,-1.246902066265934081e+03,3.887815296945474984e+04
4.377788210029482841e+07,3.469455876433549246e-01,-5.244279475994477746e-01,-1.752988022680112181e+03,3.965438607853472786e+04
4.384105364733710140e+07,3.460924575324053065e-01,-5.075141680743576744e-01,-2.293856506940094732e+03,4.045960053888677794e+04
4.390422519437936693e+07,3.450029416330222531e-01,-4.902538777652191704e-01,-2.873264394338622878e+03,4.129595623512075690e+04
4.396739674142163992e+07,3.436598743856005833e-01,-4.726334322290361434e-01,-3.495540189588502926e+03,4.216583599375694757e+04
4.403056828846391290e+07,3.420441222995191932e-01,-4.546381290493242688e-01,-4.165697689843414082e+03,4.307187306331632863e+04
4.409373983550618589e+07,3.401342657707325801e-01,-4.362520957546555667e-01,-4.889577909954239658e+03,4.401698173524974845e+04
4.415691138254845887e+07,3.379062135604818384e-01,-4.174581641612694627e-01,-5.674027798695518868e+03,4.500439100670227344e+04
4.422008292959073186e+07,3.353327320858454641e-01,-3.982377299450183261e-01,-6.527127331338369913e+03,4.603768077922902739e+04
4.428325447663300484e+07,3.323828659222906046e-01,-3.785705966030976088e-01,-7.458480900067097537e+03,4.712081934905514208e+04
4.434642602367527783e+07,3.290212179647985513e-01,-3.584348037437514733e-01,-8.479595156344508723e+03,4.825819962979490811e+04
4.440959757071755081e+07,3.252070465510353836e-01,-3.378064411682851764e-01,-9.604374544023097769e+03,4.945466922594767675e+04
4.447276911775982380e+07,3.208931210221449004e-01,-3.166594530573215716e-01,-1.084977920181661102e+04,5.071554537075833650e+04
4.453594066480209678e+07,3.160242543818911898e-01,-2.949654417629101189e-01,-1.223671011072010333e+04,5.204659844187243289e+04
4.459911221184436977e+07,3.105353983107683735e-01,-2.726934900862349465e-01,-1.379121721709659141e+04,5.345397463942292234e+04
4.466228375888664275e+07,3.043491360675516511e-01,-2.498100378912571917e-01,-1.554617421124209432e+04,5.494400443294366414e+04
4.472545530592891574e+07,2.973723334989566980e-01,-2.262788798825693670e-01,-1.754363945530136698e+04,5.652279873124985170e+04
4.478862685297118872e+07,2.894915922599849978e-01,-2.020614087584295948e-01,-1.983824445878006372e+04,5.819544961655870429e+04
4.485179840001345426e+07,2.805669671211827865e-01,-1.771173363884749330e-01,-2.250215024437481043e+04,5.996448577192696393e+04
4.491496994705572724e+07,2.704231186011666899e-01,-1.514063357606877380e-01,-2.563243982050275736e+04,6.182689586226447136e+04
4.497814149409800023e+07,2.588366030698374121e-01,-1.248914657612842927e-01,-2.936235426571398057e+04,6.376832823626376194e+04
4.504131304114027321e+07,2.455172443565439011e-01,-9.754610682272442379e-02,-3.387863992846872134e+04,6.575154296501319914e+04
4.510448458818254620e+07,2.300803362009306574e-01,-6.936799271303133174e-02,-3.944849555487204634e+04,6.769272617991938023e+04
4.516765613522481918e+07,2.120047257998375068e-01,-4.040806572970899457e-02,-4.646061173355880601e+04,6.941114419807991362e+04
4.523082768226709217e+07,1.905703178417172128e-01,-1.083144070442635179e-02,-5.548173645472375938e+04,7.051813122095109429e+04
4.529399922930936515e+07,1.647719186432656802e-01,1.894992858643144290e-02,-6.730401756000016758e+04,7.016631526828817732e+04
4.535717077635163814e+07,1.332374953548822183e-01,4.798475471130032866e-02,-8.282548017380585952e+04,6.650019196964611183e+04
4.542034232339391112e+07,9.432982339680988371e-02,7.417565173317088034e-02,-1.020853482914706838e+05,5.572538737981281156e+04
4.548351387043618411e+07,4.709510900851942433e-02,9.340102200338169791e-02,-1.208520494920061901e+05,3.240144341587440795e+04
4.554668541747845709e+07,-6.077888454007190390e-03,1.000269893838138385e-01,-1.276548259015293006e+05,-2.836598660713370919e+03
4.560985696452073008e+07,-5.830857329680939893e-02,9.164807149332954150e-02,-1.166223312340827106e+05,-3.554147012473244831e+04
4.567302851156300306e+07,-1.037023851400278862e-01,7.206295708614640638e-02,-9.756773841736960458e+04,-5.513008382569605601e+04
4.573620005860527605e+07,-1.410609984743657619e-01,4.663239855930644689e-02,-7.969336744186254509e+04,-6.399556325322882185e+04
4.579937160564754158e+07,-1.715952656979099211e-01,1.881792723510544024e-02,-6.543261854397199204e+04,-6.707970024257400655e+04
4.586254315268981457e+07,-1.968129559955731911e-01,-9.642754664109349019e-03,-5.443589272790407995e+04,-6.740443849025321833e+04
4.592571469973208755e+07,-2.179292520647718723e-01,-3.793575851046704361e-02,-4.590181728471782844e+04,-6.645341510517323331e+04
4.598888624677436054e+07,-2.358379520390276873e-01,-6.568924108723406263e-02,-3.915897175198711193e+04,-6.493006909068953973e+04
4.605205779381663352e+07,-2.511885262402254737e-01,-9.274158896211097403e-02,-3.372435191710636718e+04,-6.317249265251829638e+04
4.611522934085890651e+07,-2.644585480634076280e-01,-1.190330666420150729e-01,-2.926128769453383939e+04,-6.134631963859339885e+04
4.617840088790117949e+07,-2.760059058208747529e-01,-1.445540662864497061e-01,-2.553422925746260444e+04,-5.953328432966028777e+04
4.624157243494345248e+07,-2.861042411273921893e-01,-1.693195805890572447e-01,-2.237580129570733334e+04,-5.777299386238328589e+04
4.630474398198572546e+07,-2.949668250024948257e-01,-1.933562337562111100e-01,-1.966478857959571178e+04,-5.608335828027181560e+04
4.636791552902799845e+07,-3.027628147547831716e-01,-2.166955507300861727e-01,-1.731169065137214420e+04,-5.447094027775751601e+04
4.643108707607027143e+07,-3.096285117186480806e-01,-2.393704307448395185e-01,-1.524919443281118038e+04,-5.293636033320590650e+04
4.649425862311254442e+07,-3.156753043327589769e-01,-2.614133132455934705e-01,-1.342580188665809692e+04,-5.147718839090052643e+04
4.655743017015481740e+07,-3.209953778020073201e-01,-2.828552565322330348e-01,-1.180149397391934326e+04,-5.008951694025690813e+04
4.662060171719709039e+07,-3.256658917372542983e-01,-3.037255150477205512e-01,-1.034472675102217727e+04,-4.876882355690492113e+04
4.668377326423935592e+07,-3.297520878315436943e-01,-3.240513899116539420e-01,-9.030313380693307408e+03,-4.751044217004673555e+04
4.674694481128162891e+07,-3.333096372140078589e-01,-3.438582276122318926e-01,-7.837905535025405698e+03,-4.630981532861360756e+04
4.681011635832390189e+07,-3.363864386060647638e-01,-3.631694964845576523e-01,-6.750887296922825954e+03,-4.516262262064026436e+04
4.687328790536617488e+07,-3.390240136749250732e-01,-3.820069010996145487e-01,-5.755557620703926659e+03,-4.406483883414588490e+04
4.693645945240844786e+07,-3.412586027349492901e-01,-4.003905119878887198e-01,-4.840517800155868827e+03,-4.301275250617767597e+04
4.699963099945072085e+07,-3.431220345821712203e-01,-4.183388980682162805e-01,-3.996206717027212107e+03,-4.200296258152647351e+04
4.706280254649299383e+07,-3.446424239928879141e-01,-4.358692549224249535e-01,-3.214544075472819259e+03,-4.103236349248812621e+04
4.712597409353526682e+07,-3.458447362384394763e-01,-4.529975254156868858e-01,-2.488653551207744385e+03,-4.009812466132748523e+04
4.718914564057753980e+07,-3.467512479031417683e-01,-4.697385111123571488e-01,-1.812645785191701634e+03,-3.919766789253289608e+04
4.725231718761981279e+07,-3.473819260529990016e-01,-4.861059740549023012e-01,-1.181446689553459919e+03,-3.832864461994728481e+04
4.731548873466208577e+07,-3.477547425315067886e-01,-5.021127290973371737e-01,-5.906604177278046564e+02,-3.748891408057003719e+04
4.737866028170435876e+07,-3.478859362760256535e-01,-5.177707273146681111e-01,-3.645910955403371645e+01,-3.667652295630024310e+04
4.744183182874663174e+07,-3.477902336570403707e-01,-5.330911311660322394e-01,4.845064952271590073e+02,-3.588968671235226066e+04
4.750500337578890473e+07,-3.474810346678974815e-01,-5.480843821437106911e-01,9.751800407718070574e+02,-3.512677268021587952e+04
4.756817492283117771e+07,-3.469705711411419924e-01,-5.627602616366533805e-01,1.438159543767846571e+03,-3.438628483186800440e+04
4.763134646987344325e+07,-3.462700419021751963e-01,-5.771279457019790060e-01,1.875747009644099762e+03,-3.366685013888943649e+04
4.769451801691571623e+07,-3.453897287931740334e-01,-5.911960543870007356e-01,2.289989711569297469e+03,-3.296720638589376176e+04
4.775768956395798922e+07,-3.443390967386488755e-01,-6.049726961870750541e-01,2.682714723739951296e+03,-3.228619130039498486e+04
4.782086111100026220e+07,-3.431268804263997163e-01,-6.184655081666077248e-01,3.055557962550115917e+03,-3.162273286364798332e+04
4.788403265804253519e+07,-3.417611597053415440e-01,-6.316816922147195923e-01,3.409988729872818567e+03,-3.097584067465144108e+04
4.794720420508480817e+07,-3.402494254259117445e-01,-6.446280478552072202e-01,3.747330552122880363e+03,-3.034459824969476176e+04
4.801037575212708116e+07,-3.385986371479232648e-01,-6.573110019830603612e-01,4.068778952580339592e+03,-2.972815615095049361e+04
4.807354729916935414e+07,-3.368152738983963834e-01,-6.697366358571632539e-01,4.375416672000705148e+03,-2.912572584871957952e+04
4.813671884621162713e+07,-3.349053789655939695e-01,-6.819107096407694968e-01,4.668226755922234588e+03,-2.853657423250751526e+04
4.819989039325390011e+07,-3.328745995555947301e-01,-6.938386847476012420e-01,4.948103850387223247e+03,-2.796001869588053523e+04
4.826306194029617310e+07,-3.307282220068349932e-01,-7.055257442216288366e-01,5.215863986563909748e+03,-2.739542272891327229e+04
4.832623348733844608e+07,-3.284712031503546070e-01,-7.169768113523373732e-01,5.472253085601353632e+03,-2.684219195997570932e+04
4.838940503438071907e+07,-3.261081983144595853e-01,-7.281965667041996326e-01,5.717954375382591024e+03,-2.629977059565283707e+04
4.845257658142299205e+07,-3.236435863986015793e-01,-7.391894637187913508e-01,5.953594878669940954e+03,-2.576763821380767331e+04
4.851574812846526504e+07,-3.210814923796423970e-01,-7.499597430301577772e-01,6.179751105919157453e+03,-2.524530687026204032e+04
4.857891967550753057e+07,-3.184258075620706729e-01,-7.605114456183841298e-01,6.396954064576220844e+03,-2.473231848435795109e+04
4.864209122254980356e+07,-3.156802078403645462e-01,-7.708484249125616694e-01,6.605693679022990182e+03,-2.422824247285113233e+04
4.870526276959207654e+07,-3.128481702051067459e-01,-7.809743579422041559e-01,6.806422700765596346e+03,-2.373267360525066397e+04
4.876843431663434952e+07,-3.099329876934683314e-01,-7.908927556255521685e-01,6.999560176379902259e+03,-2.324523005691501021e+04
4.883160586367662251e+07,-3.069377829583616601e-01,-8.006069722737519934e-01,7.185494530673643567e+03,-2.276555163901094420e+04
4.889477741071889549e+07,-3.038655206081198878e-01,-8.101202143816317314e-01,7.364586314127192054e+03,-2.229329818688223895e+04
4.895794895776116848e+07,-3.007190184493726548e-01,-8.194355487684519268e-01,7.537170656634377337e+03,-2.182814809051052362e+04
4.902112050480344146e+07,-2.975009577493302748e-01,-8.285559101255229875e-01,7.703559463642592164e+03,-2.136979695261890083e+04
4.908429205184571445e+07,-2.942138926195264070e-01,-8.374841080218334843e-01,7.864043385793196649e+03,-2.091795636160556387e+04
4.914746359888798743e+07,-2.908602586108561261e-01,-8.462228334137300578e-01,8.018893588931467093e+03,-2.047235276792950026e+04
4.921063514593026042e+07,-2.874423805991790926e-01,-8.547746647001593923e-01,8.168363347761494879e+03,-2.003272645383025883e+04
4.927380669297253340e+07,-2.839624800315903030e-01,-8.631420733609455054e-01,8.312689483360281884e+03,-1.959883058737095052e+04
4.933697824001480639e+07,-2.804226815954929397e-01,-8.713274292119828068e-01,8.452093662150447926e+03,-1.917043035276815135e+04
4.940014978705707937e+07,-2.768250193656609515e-01,-8.793330053080162800e-01,8.586783571691197722e+03,-1.874730214983118276e+04
4.946332133409934491e+07,-2.731714424784076334e-01,-8.871609825208102151e-01,8.716953986723558046e+03,-1.832923285609106824e+04
4.952649288114161789e+07,-2.694638203766613893e-01,-8.948134538179479680e-01,8.842787737249680504e+03,-1.791601914586878047e+04
4.958966442818389088e+07,-2.657039476650903675e-01,-9.022924282651866301e-01,8.964456588995879429e+03,-1.750746686112591487e+04
4.965283597522616386e+07,-2.618935486103020072e-01,-9.095998347732527911e-01,9.082122045372492721e+03,-1.710339042946428526e+04
4.971600752226843685e+07,-2.580342813175411365e-01,-9.167375256080839696e-01,9.195936078970089511e+03,-1.670361232510842092e+04
4.977917906931070983e+07,-2.541277416121076049e-01,-9.237072796818646125e-01,9.306041799699105468e+03,-1.630796256911788987e+04
4.984235061635298282e+07,-2.501754666508926861e-01,-9.305108056406945494e-01,9.412574065867343961e+03,-1.591627826544488744e+04
4.990552216339525580e+07,-2.461789382869278286e-01,-9.371497447633700961e-01,9.515660043780293563e+03,-1.552840316978058581e+04
4.996869371043752879e+07,-2.421395862076134720e-01,-9.436256736845328730e-01,9.615419720828613208e+03,-1.514418728842637393e+04
5.003186525747980177e+07,-2.380587908653195583e-01,-9.499401069543257359e-01,9.711966376483032946e+03,-1.476348650468753112e+04
5.009503680452207476e+07,-2.339378862172833140e-01,-9.560944994456916923e-01,9.805407015139056966e+03,-1.438616223052066380e+04
5.015820835156434774e+07,-2.297781622901566012e-01,-9.620902486195387349e-01,9.895842764333317973e+03,-1.401208108137557792e+04
5.022137989860662073e+07,-2.255808675831486310e-01,-9.679286966571646333e-01,9.983369241482683719e+03,-1.364111457236000570e+04
5.028455144564889371e+07,-2.213472113224480287e-01,-9.736111324685766677e-01,1.006807689196974570e+04,-1.327313883402407919e+04
5.034772299269116670e+07,-2.170783655784806754e-01,-9.791387935846644908e-01,1.015005130110861319e+04,-1.290803434621290398e+04
5.041089453973343223e+07,-2.127754672565428384e-01,-9.845128679405464878e-01,1.022937348226811991e+04,-1.254568568857188257e+04
5.047406608677570522e+07,-2.084396199704353636e-01,-9.897344955568520009e-01,1.030612014320166054e+04,-1.218598130641189891e+04
5.053723763381797820e+07,-2.040718958079125178e-01,-9.948047701251607755e-01,1.038036393242994018e+04,-1.182881329075304893e+04
5.060040918086025119e+07,-1.996733369960004001e-01,-9.997247405033696799e-01,1.045217366734270399e+04,-1.147407717146404684e+04
5.066358072790252417e+07,-1.952449574735894422e-01,-1.004495412126291676e+00,1.052161454552410396e+04,-1.112167172250619842e+04
5.072675227494479716e+07,-1.907877443780899851e-01,-1.009117748336410880e+00,1.058874834066261792e+04,-1.077149877837165332e+04
5.078992382198707014e+07,-1.863026594523961854e-01,-1.013592671639339526e+00,1.065363358427764615e+04,-1.042346306087985613e+04
5.085309536902934313e+07,-1.817906403779084024e-01,-1.017921064888185789e+00,1.071632573437943211e+04,-1.007747201556310574e+04
5.091626691607161611e+07,-1.772526020389139645e-01,-1.022103772400730026e+00,1.077687733207543533e+04,-9.733435656932930215e+03
5.097943846311388910e+07,-1.726894377232191802e-01,-1.026141601013022875e+00,1.083533814704314500e+04,-9.391266421974107288e+03
5.104261001015616208e+07,-1.681020202635543359e-01,-1.030035321072745536e+00,1.089175531270550346e+04,-9.050879031263337311e+03
5.110578155719843507e+07,-1.634912031239370012e-01,-1.033785667375435979e+00,1.094617345186957755e+04,-8.712190357155090169e+03
5.116895310424070805e+07,-1.588578214348726481e-01,-1.037393340046455448e+00,1.099863479352087961e+04,-8.375119298518606229e+03
5.123212465128298104e+07,-1.542026929809910685e-01,-1.040859005371356893e+00,1.104917928140406366e+04,-8.039586661547741642e+03
5.129529619832524657e+07,-1.495266191444656056e-01,-1.044183296577126718e+00,1.109784467496488469e+04,-7.705515046199732751e+03
5.135846774536751956e+07,-1.448303858073239636e-01,-1.047366814566589088e+00,1.114466664317767209e+04,-7.372828737849939898e+03
5.142163929240979254e+07,-1.401147642155613493e-01,-1.050410128608090465e+00,1.118967885173645482e+04,-7.041453603778979414e+03
5.148481083945206553e+07,-1.353805118077534286e-01,-1.053313776982431449e+00,1.123291304404622679e+04,-6.711316994133219850e+03
5.154798238649433851e+07,-1.306283730107098973e-01,-1.056078267588862918e+00,1.127439911641248182e+04,-6.382347647024673279e+03
5.161115393353661150e+07,-1.258590800045377989e-01,-1.058704078511825353e+00,1.131416518779246144e+04,-6.054475597457036201e+03
5.167432548057888448e+07,-1.210733534593401300e-01,-1.061191658549988093e+00,1.135223766443966815e+04,-5.727632089784558048e+03
5.173749702762115747e+07,-1.162719032456413365e-01,-1.063541427709017828e+00,1.138864129974404386e+04,-5.401749493428227652e+03
5.180066857466343045e+07,-1.114554291205095554e-01,-1.065753777659399715e+00,1.142339924954340859e+04,-5.076761221590050809e+03
5.186384012170570344e+07,-1.066246213912341589e-01,-1.067829072160522363e+00,1.145653312315712174e+04,-4.752601652720945822e+03
5.192701166874797642e+07,-1.017801615583155406e-01,-1.069767647452143144e+00,1.148806303037020371e+04,-4.429206054511186267e+03
5.199018321579024941e+07,-9.692272293943342276e-02,-1.071569812614248551e+00,1.151800762457514429e+04,-4.106510510184454688e+03
5.205335476283252239e+07,-9.205297127597529550e-02,-1.073235849896242433e+00,1.154638414225914494e+04,-3.784451846887528973e+03
5.211652630987479538e+07,-8.717156532363196098e-02,-1.074766015016301646e+00,1.157320843900644832e+04,-3.462967565977488448e+03
5.217969785691706836e+07,-8.227915742849904734e-02,-1.076160537431660513e+00,1.159849502216852125e+04,-3.141995775017175220e+03
5.224286940395933390e+07,-7.737639409006256963e-02,-1.077419620580509108e+00,1.162225708033905357e+04,-2.821475121297585702e+03
5.230604095100160688e+07,-7.246391651238791309e-02,-1.078543442096111082e+00,1.164450650975591816e+04,-2.501344726712603915e+03
5.236921249804387987e+07,-6.754236114479549025e-02,-1.079532153993676635e+00,1.166525393773820906e+04,-2.181544123818435764e+03
5.243238404508615285e+07,-6.261236021324281809e-02,-1.080385882830456445e+00,1.168450874325328914e+04,-1.862013192914152796e+03
5.249555559212842584e+07,-5.767454224361585197e-02,-1.081104729839454048e+00,1.170227907469610182e+04,-1.542692099985660434e+03
5.255872713917069882e+07,-5.272953257808812855e-02,-1.081688771037090602e+00,1.171857186495099813e+04,-1.223521235358495687e+03
5.262189868621297181e+07,-4.777795388568283758e-02,-1.082138057305084944e+00,1.173339284379471792e+04,-9.044411529082833567e+02
5.268507023325524479e+07,-4.282042666815041865e-02,-1.082452614446758554e+00,1.174674654768796427e+04,-5.853925096801347081e+02
5.274824178029751778e+07,-3.785756976225601589e-02,-1.082632443217901086e+00,1.175863632699213122e+04,-2.663160057701005030e+02
5.281141332733979076e+07,-3.289000083955853637e-02,-1.082677519332281735e+00,1.176906435063704885e+04,5.284767567703295299e+01
5.287458487438206375e+07,-2.791833690475377036e-02,-1.082587793441820656e+00,1.177803160825513805e+04,3.721579284987789151e+02
5.293775642142433673e+07,-2.294319479365028100e-02,-1.082363191091380905e+00,1.178553790978694815e+04,6.916742837200890790e+02
5.300092796846660972e+07,-1.796519167184637208e-02,-1.082003612648074986e+00,1.179158188255264577e+04,1.011456470078608390e+03
5.306409951550888270e+07,-1.298494553518132408e-02,-1.081508933204917922e+00,1.179616096577359895e+04,1.331564475017436507e+03
5.312727106255115569e+07,-8.003075713042765577e-03,-1.080879002458603910e+00,1.179927140251764467e+04,1.652058606294821857e+03
5.319044260959342122e+07,-3.020203375626168141e-03,-1.080113644561105923e+00,1.180090822903086701e+04,1.972999554362871095e+03
5.325361415663569421e+07,1.963047953743698917e-03,-1.079212657944747411e+00,1.180106526140769347e+04,2.294448455671013107e+03
5.331678570367796719e+07,6.946051880084433243e-03,-1.078175815120320236e+00,1.179973507953980697e+04,2.616466957053246006e+03
5.337995725072024018e+07,1.192817861086882016e-02,-1.077002862447753673e+00,1.179690900827252881e+04,2.939117281364354312e+03
5.344312879776251316e+07,1.690879442157359677e-02,-1.075693519878776705e+00,1.179257709568512109e+04,3.262462294534560442e+03
5.350630034480478615e+07,2.188726111143331210e-02,-1.074247480670931898e+00,1.178672808839854952e+04,3.586565574219281643e+03
5.356947189184705913e+07,2.686293544812073941e-02,-1.072664411072234314e+00,1.177934940380069020e+04,3.911491480227661668e+03
5.363264343888933212e+07,3.183516860002645610e-02,-1.070943949975679876e+00,1.177042709906463824e+04,4.237305226921773283e+03
5.369581498593160510e+07,3.680330555475445908e-02,-1.069085708542731661e+00,1.175994583682051598e+04,4.564072957787526320e+03
5.375898653297387809e+07,4.176668452238844337e-02,-1.067089269794819550e+00,1.174788884732489350e+04,4.891861822388512337e+03
5.382215808001615107e+07,4.672463632201372813e-02,-1.064954188171805649e+00,1.173423788695454641e+04,5.220740055925300112e+03
5.388532962705842406e+07,5.167648374990304466e-02,-1.062679989056262153e+00,1.171897319283249453e+04,5.550777061635211794e+03
5.394850117410069704e+07,5.662154092768866692e-02,-1.060266168262308240e+00,1.170207343337415659e+04,5.882043496281389707e+03
5.401167272114297003e+07,6.155911262874966955e-02,-1.057712191487654607e+00,1.168351565451955867e+04,6.214611358995164665e+03
5.407484426818523556e+07,6.648849358093843198e-02,-1.055017493727371081e+00,1.166327522139397115e+04,6.548554083752408587e+03
5.413801581522750854e+07,7.140896774366065070e-02,-1.052181478647785884e+00,1.164132575511357572e+04,6.883946635783207967e+03
5.420118736226978153e+07,7.631980755718527354e-02,-1.049203517918790851e+00,1.161763906442488951e+04,7.220865612233545107e+03
5.426435890931205451e+07,8.122027316194339874e-02,-1.046082950502679410e+00,1.159218507183603651e+04,7.559389347421198181e+03
5.432753045635432750e+07,8.610961158540356153e-02,-1.042819081897505384e+00,1.156493173386467060e+04,7.899598023051007658e+03
5.439070200339660048e+07,9.098705589395687798e-02,-1.039411183332787481e+00,1.153584495499072182e+04,8.241573783782156170e+03
5.445387355043887347e+07,9.585182430705932455e-02,-1.035858490915208874e+00,1.150488849486203435e+04,8.585400858569102638e+03
5.451704509748114645e+07,1.007031192706789730e-01,-1.032160204721778829e+00,1.147202386825682697e+04,8.931165688229995794e+03
5.458021664452341944e+07,1.055401264868763012e-01,-1.028315487837728304e+00,1.143721023725829764e+04,9.278957059731661502e+03
5.464338819156569242e+07,1.103620138961049352e-01,-1.024323465336189898e+00,1.140040429504311396e+04,9.628866247719006424e+03
5.470655973860796541e+07,1.151679306085546806e-01,-1.020183223196486688e+00,1.136156014062628492e+04,9.980987163859292195e+03
5.476973128565023839e+07,1.199570057805681433e-01,-1.015893807157598028e+00,1.132062914383940733e+04,1.033541651461854599e+04
5.483290283269251138e+07,1.247283474318412744e-01,-1.011454221503107709e+00,1.127755979974663205e+04,1.069225396813890256e+04
5.489607437973478436e+07,1.294810411987657728e-01,-1.006863427773633024e+00,1.123229757162213355e+04,1.105160233094245632e+04
5.495924592677705735e+07,1.342141490188827058e-01,-1.002120343402431280e+00,1.118478472152326322e+04,1.141356773524968776e+04
5.502241747381932288e+07,1.389267077409876983e-01,-9.972238402695118298e-01,1.113496012739385878e+04,1.177825983776950852e+04
5.508558902086159587e+07,1.436177276549585879e-01,-9.921727431692227706e-01,1.108275908552095825e+04,1.214579203089438670e+04
5.514876056790386885e+07,1.482861909348425489e-01,-9.869658281858639803e-01,1.102811309704418090e+04,1.251628166731728197e+04
5.521193211494614184e+07,1.529310499881811336e-01,-9.816018209714197917e-01,1.097094963707796705e+04,1.288985029918165492e+04
5.527510366198841482e+07,1.575512257038917119e-01,-9.760793949190292862e-01,1.091119190485165564e+04,1.326662393297743074e+04
5.533827520903068781e+07,1.621456055903259252e-01,-9.703971692252664205e-01,1.084875855309782128e+04,1.364673330151083974e+04
5.540144675607296079e+07,1.667130417943345488e-01,-9.645537068337182163e-01,1.078356339472337095e+04,1.403031415440259116e+04
5.546461830311523378e+07,1.712523489912923247e-01,-9.585475122517062019e-01,1.071551508457741147e+04,1.441750756870962141e+04
5.552778985015750676e+07,1.757623021350626646e-01,-9.523770292312880859e-01,1.064451677388127246e+04,1.480846028142233263e+04
5.559096139719977975e+07,1.802416340557951024e-01,-9.460406383049045909e-01,1.057046573460540822e+04,1.520332504576359679e+04
5.565413294424205273e+07,1.846890328922374258e-01,-9.395366541651777315e-01,1.049325295076039220e+04,1.560226101341031062e+04
5.571730449128432572e+07,1.891031393438877828e-01,-9.328633228774314556e-01,1.041276267320944680e+04,1.600543414497535923e+04
5.578047603832659870e+07,1.934825437267967130e-01,-9.260188189124630709e-01,1.032887193420155745e+04,1.641301765133057052e+04
5.584364758536887169e+07,1.978257828151271380e-01,-9.190012419859527881e-01,1.024145001735971346e+04,1.682519246862292130e+04
5.590681913241114467e+07,2.021313364486700681e-01,-9.118086136896275118e-01,1.015035787832953611e+04,1.724214777014081847e+04
5.596999067945341021e+07,2.063976238843642230e-01,-9.044388738978930142e-01,1.005544751068924779e+04,1.766408151852909941e+04
5.603316222649568319e+07,2.106229998674483961e-01,-8.968898769320884368e-01,9.956561251030474523e+03,1.809120106223604671e+04
5.609633377353795618e+07,2.148057503951298908e-01,-8.891593874628008765e-01,9.853531016326964163e+03,1.852372378050741463e+04
5.615950532058022916e+07,2.189440881425753771e-01,-8.812450761287300427e-01,9.746177465797236437e+03,1.896187778173200059e+04
5.622267686762250215e+07,2.230361475175063057e-01,-8.731445148484758834e-01,9.634309078418929857e+03,1.940590266049253478e+04
5.628584841466477513e+07,2.270799793057077243e-01,-8.648551717992177812e-01,9.517721136042151556e+03,1.985605031929979305e+04
5.634901996170704812e+07,2.310735448652233848e-01,-8.563744060335886088e-01,9.396194600649201675e+03,2.031258586169336922e+04
5.641219150874932110e+07,2.350147098218395014e-01,-8.476994617030575441e-01,9.269494872684486836e+03,2.077578856419348085e+04
5.647536305579159409e+07,2.389012372125509931e-01,-8.388274618527893356e-01,9.137370415491004678e+03,2.124595293549845155e+04
5.653853460283386707e+07,2.427307800169307417e-01,-8.297554017491878264e-01,8.999551228689790150e+03,2.172338987235866080e+04
5.660170614987614006e+07,2.465008730085491151e-01,-8.204801416971044814e-01,8.855747150767538187e+03,2.220842792273932719e+04
5.666487769691841304e+07,2.502089238496364998e-01,-8.109983992989362456e-01,8.705645968124299543e+03,2.270141466823402880e+04
5.672804924396068603e+07,2.538522033418496027e-01,-8.013067411024639153e-01,8.548911304291392298e+03,2.320271823923489865e+04
5.679122079100295901e+07,2.574278347340437367e-01,-7.914015735782169436e-01,8.385180258854445128e+03,2.371272897813505915e+04
5.685439233804522455e+07,2.609327819740774879e-01,-7.812791333602820965e-01,8.214060760679241866e+03,2.423186126787016110e+04
5.691756388508749753e+07,2.643638367755260510e-01,-7.709354766766759459e-01,8.035128594180675464e+03,2.476055554544225743e+04
5.698073543212977052e+07,2.677176043513242454e-01,-7.603664678865776905e-01,7.847924050403883484e+03,2.529928052275833761e+04
5.704390697917204350e+07,2.709904876443002819e-01,-7.495677670316075458e-01,7.651948146358871782e+03,2.584853564022148566e+04
5.710707852621431649e+07,2.741786698586241577e-01,-7.385348162969000985e-01,7.446658346068898936e+03,2.640885378209603368e+04
5.717025007325658947e+07,2.772780950656499876e-01,-7.272628252645870761e-01,7.231463704782278910e+03,2.698080428681753983e+04
5.723342162029886246e+07,2.802844466214947095e-01,-7.157467548273195312e-01,7.005719343290119468e+03,2.756499629022325098e+04
5.729659316734113544e+07,2.831931230908115160e-01,-7.039812996122747357e-01,6.768720141697483996e+03,2.816208244525136615e+04
5.735976471438340843e+07,2.859992113201178521e-01,-6.919608687463774110e-01,6.519693520564973369e+03,2.877276306812543044e+04
5.742293626142568141e+07,2.886974562429220903e-01,-6.796795647708006038e-01,6.257791151119786264e+03,2.939779076855154926e+04
5.748610780846795440e+07,2.912822269254854990e-01,-6.671311604867271594e-01,5.982079404011866245e+03,3.003797563018079381e+04
5.754927935551022738e+07,2.937474782735071677e-01,-6.543090734842968992e-01,5.691528306294202594e+03,3.069419101771863279e+04
5.761245090255250037e+07,2.960867077127240510e-01,-6.412063380719994488e-01,5.384998726907502714e+03,3.136738009881087783e+04
5.767562244959477335e+07,2.982929060257826781e-01,-6.278155742837631115e-01,5.061227449305534719e+03,3.205856318243098940e+04
5.773879399663704634e+07,3.003585013679055393e-01,-6.141289535948176725e-01,4.718809712504203162e+03,3.276884599117274774e+04
5.780196554367931187e+07,3.022752952872812537e-01,-6.001381609241339676e-01,4.356178704203391135e+03,3.349942900283724885e+04
5.786513709072158486e+07,3.040343893329792158e-01,-5.858343524398501589e-01,3.971581365640021431e+03,3.425161801716607442e+04
5.792830863776385784e+07,3.056261005307585599e-01,-5.712081086135786245e-01,3.563049709351073489e+03,3.502683612656635523e+04
5.799148018480613083e+07,3.070398636286635341e-01,-5.562493818886604657e-01,3.128366647077725247e+03,3.582663729503607465e+04
5.805465173184840381e+07,3.082641175375681053e-01,-5.409474382356277422e-01,2.665025060701483198e+03,3.665272177663806360e+04
5.811782327889067680e+07,3.092861727872925903e-01,-5.252907917646116864e-01,2.170178503878894389e+03,3.750695363249629008e+04
5.818099482593294978e+07,3.100920560467426701e-01,-5.092671314496439727e-01,1.640581467572119436e+03,3.839138063084622263e+04
5.824416637297522277e+07,3.106663267627241543e-01,-4.928632388954245491e-01,1.072516539306568575e+03,3.930825683350730833e+04
5.830733792001749575e+07,3.109918596826883319e-01,-4.760648959476300734e-01,4.617049777374053292e+02,4.026006817602933006e+04
5.837050946705976874e+07,3.110495853393455690e-01,-4.588567808222786537e-01,-1.968038689253570510e+02,4.124956132342311321e+04
5.843368101410204172e+07,3.108181783468471626e-01,-4.412223513251148366e-01,-9.087703652093463234e+02,4.227977600429915765e+04
5.849685256114431471e+07,3.102736803869834969e-01,-4.231437136792588483e-01,-1.680937737585985815e+03,4.335408085139220930e+04
5.856002410818658769e+07,3.093890407606526005e-01,-4.046014755327911883e-01,-2.521251575923921791e+03,4.447621243372492609e+04
5.862319565522886068e+07,3.081335519264830070e-01,-3.855745819723768175e-01,-3.439140762307083151e+03,4.565031653054169874e+04
5.868636720227112621e+07,3.064721499315803399e-01,-3.660401339895484329e-01,-4.445880729646100008e+03,4.688098955273584579e+04
5.874953874931339920e+07,3.043645391468631223e-01,-3.459731901210309490e-01,-5.555068411187065976e+03,4.817331598157675762e+04
5.881271029635567218e+07,3.017640858752836386e-01,-3.253465544203015258e-01,-6.783250699567560332e+03,4.953289408381191606e+04
5.887588184339794517e+07,2.986164040972962286e-01,-3.041305584151342556e-01,-8.150766864182871359e+03,5.096583573435613653e+04
5.893905339044021815e+07,2.948575255731939460e-01,-2.822928528903787537e-01,-9.682893688326561460e+03,5.247871462969023560e+04
5.900222493748249114e+07,2.904115005462368782e-01,-2.597982401892687254e-01,-1.141142583914122406e+04,5.407841614186512015e+04
5.906539648452476412e+07,2.851872060405878373e-01,-2.366086048410193377e-01,-1.337689274899896191e+04,5.577180306391907652e+04
5.912856803156703711e+07,2.790740326069547361e-01,-2.126830504295278979e-01,-1.563172317348111574e+04,5.756503759254796751e+04
5.919173957860931009e+07,2.719359548314960184e-01,-1.879784448879315839e-01,-1.824484681809462199e+04,5.946225619377684779e+04
5.925491112565158308e+07,2.636032285497635352e-01,-1.624507578883715719e-01,-2.130851454100793853e+04,6.146300619864627515e+04
5.931808267269385606e+07,2.538605366322466139e-01,-1.360579332383057838e-01,-2.494859754703991712e+04,6.355725703871803853e+04
5.938125421973612905e+07,2.424297271235425766e-01,-1.087657736443509160e-01,-2.934039233849883021e+04,6.571551902040261484e+04
5.944442576677840203e+07,2.289442158617095435e-01,-8.055987186353703866e-02,-3.473307618300375179e+04,6.786874540125481144e+04
5.950759731382067502e+07,2.129105628938840200e-01,-5.147004892068698240e-02,-4.148706837376928161e+04,6.986607899973131134e+04
5.957076886086294800e+07,1.936510938382239033e-01,-2.162156833448167920e-02,-5.012701679751562915e+04,7.138281502679745608e+04
5.963394040790521353e+07,1.702229251789552089e-01,8.654505169578503854e-03,-6.139570988351989217e+04,7.171441973718059307e+04
5.969711195494748652e+07,1.413292717524027575e-01,3.857930096614742982e-02,-7.620240317355269508e+04,6.932158015458026784e+04
5.976028350198975950e+07,1.053444027779145281e-01,6.641421982662257251e-02,-9.498106000205191958e+04,6.098312044432340190e+04
5.982345504903203249e+07,6.094981954267703061e-02,8.861058377558291010e-02,-1.150615778348703316e+05,4.141727442649781005e+04
5.988662659607430547e+07,9.353303311127048048e-03,9.966012298956630766e-02,-1.265920497974188474e+05,8.444957790381689847e+03
5.994979814311657846e+07,-4.350803688841105299e-02,9.569788338143658812e-02,-1.202293551227745193e+05,-2.669575281746208930e+04
6.001296969015885144e+07,-9.079720208399812142e-02,7.899445105951631574e-02,-1.023208512711846852e+05,-5.031444386240465246e+04
6.007614123720112443e+07,-1.300271522250526779e-01,5.496950732116383243e-02,-8.358385398081172025e+04,-6.191324628158632549e+04
6.013931278424339741e+07,-1.619498352991766976e-01,2.769919445750778850e-02,-6.809321181513363263e+04,-6.641883923671759840e+04
6.020248433128567040e+07,-1.880593890140597191e-01,-6.425586814114371461e-04,-5.602400391270003456e+04,-6.741326447607683076e+04
6.026565587832794338e+07,-2.096617999306510938e-01,-2.900916023277351485e-02,-4.664540266537546995e+04,-6.674753131402528379e+04
6.032882742537021637e+07,-2.277414153127579333e-01,-5.691086674694841724e-02,-3.924916188392938056e+04,-6.531419132085231831e+04
6.039199897241248935e+07,-2.430185856046786774e-01,-8.412574597291258560e-02,-3.330501192260226526e+04,-6.354546568095809198e+04
6.045517051945476234e+07,-2.560233853700256135e-01,-1.105625543759624491e-01,-2.843834305261497138e+04,-6.165477203598468623e+04
6.051834206649703532e+07,-2.671523593654205886e-01,-1.361949997781163602e-01,-2.438604860809334059e+04,-5.974890091165130434e+04
6.058151361353930086e+07,-2.767079123865917034e-01,-1.610292748266489438e-01,-2.096118888466514181e+04,-5.788102252276191575e+04
6.064468516058157384e+07,-2.849250628535838215e-01,-1.850875237403014073e-01,-1.802862155463594172e+04,-5.607658366889738681e+04
6.070785670762384683e+07,-2.919896983299432591e-01,-2.083992133761791987e-01,-1.548881080297960943e+04,-5.434641228815878276e+04
6.077102825466611981e+07,-2.980512107216532480e-01,-2.309965617282795092e-01,-1.326709926934602117e+04,-5.269356263544636749e+04
6.083419980170839280e+07,-3.032313954871197481e-01,-2.529121117179608524e-01,-1.130652566203519018e+04,-5.111698626152549696e+04
6.089737134875066578e+07,-3.076308337030366769e-01,-2.741774663327314898e-01,-9.562941561511423060e+03,-4.961354020063227654e+04
6.096054289579293877e+07,-3.113335498372033494e-01,-2.948226629924884379e-01,-8.001634314637080024e+03,-4.817909920698426868e+04
6.102371444283521175e+07,-3.144104676892328087e-01,-3.148759027284586121e-01,-6.594951065461360486e+03,-4.680917373714386486e+04
6.108688598987748474e+07,-3.169220142642201199e-01,-3.343634758956291475e-01,-5.320599188942312139e+03,-4.549925014757753524e+04
6.115005753691975772e+07,-3.189201096565081328e-01,-3.533097948859482140e-01,-4.160411341539634122e+03,-4.424497266681429755e+04
6.121322908396203071e+07,-3.204497076890595042e-01,-3.717374826492830797e-01,-3.099434837317745405e+03,-4.304223457122871332e+04
6.127640063100430369e+07,-3.215500031324357577e-01,-3.896674876265737719e-01,-2.125250928815624320e+03,-4.188721725145651726e+04
6.133957217804657668e+07,-3.222553881674578569e-01,-4.071192082851696203e-01,-1.227459445121168983e+03,-4.077639966335365898e+04
6.140274372508884966e+07,-3.225962179299567412e-01,-4.241106177967848834e-01,-3.972839942765119758e+02,-3.970655136238722480e+04
6.146591527213111520e+07,-3.225994290308576429e-01,-4.406583837217029065e-01,3.727338007479376074e+02,-3.867471690008244332e+04
6.152908681917338818e+07,-3.222890436497126698e-01,-4.567779801100413928e-01,1.088973528975266618e+03,-3.767819615953963512e+04
6.159225836621566117e+07,-3.216865836927719768e-01,-4.724837909240413580e-01,1.756924936923977839e+03,-3.671452329736027605e+04
6.165542991325793415e+07,-3.208114136155630902e-01,-4.877892045479419458e-01,2.381338479773231938e+03,-3.578144581294456293e+04
6.171860146030020714e+07,-3.196810261791005470e-01,-5.027066996353540818e-01,2.966346268583228266e+03,-3.487690457628345030e+04
6.178177300734248012e+07,-3.183112821901737943e-01,-5.172479227995439022e-01,3.515559982702049638e+03,-3.399901523128078406e+04
6.184494455438475311e+07,-3.167166128594601227e-01,-5.314237587711510002e-01,4.032150705255683988e+03,-3.314605114535472967e+04
6.190811610142702609e+07,-3.149101915791499562e-01,-5.452443936865437601e-01,4.518914458488534365e+03,-3.231642793234896089e+04
6.197128764846929908e+07,-3.129040805203103792e-01,-5.587193721624252873e-01,4.978326341227635567e+03,-3.150868949483767574e+04
6.203445919551157206e+07,-3.107093563689891647e-01,-5.718576487793461949e-01,5.412585517171332867e+03,-3.072149548926503485e+04
6.209763074255384505e+07,-3.083362186791899773e-01,-5.846676345511645501e-01,5.823652809890829303e+03,-2.995361009788823139e+04
6.216080228959611803e+07,-3.057940836619356673e-01,-5.971572389068556808e-01,6.213282285710767610e+03,-2.920389198580697121e+04
6.222397383663839102e+07,-3.030916657096044964e-01,-6.093339076598880411e-01,6.583047918437014232e+03,-2.847128532363472914e+04
6.228714538368066400e+07,-3.002370485415212231e-01,-6.212046573911967906e-01,6.934366208123538854e+03,-2.775481176299454091e+04
6.235031693072293699e+07,-2.972377475263566771e-01,-6.327761066259164346e-01,7.268515453589357094e+03,-2.705356326079176506e+04
6.241348847776520252e+07,-2.941007644710475488e-01,-6.440545041420825401e-01,7.586652243344185990e+03,-2.636669565779072218e+04
6.247666002480747551e+07,-2.908326359508320857e-01,-6.550457547116446122e-01,7.889825623154980349e+03,-2.569342292661196916e+04
6.253983157184974849e+07,-2.874394760799833803e-01,-6.657554425401989162e-01,8.178989314102439494e+03,-2.503301201343028515e+04
6.260300311889202148e+07,-2.839270144796655071e-01,-6.761888526417357825e-01,8.455012287683912291e+03,-2.438477820615239762e+04
6.266617466593429446e+07,-2.803006300816979768e-01,-6.863509903579122495e-01,8.718687950553499832e+03,-2.374808096959820978e+04
6.272934621297656745e+07,-2.765653813098473690e-01,-6.962465992077697674e-01,8.970742147986733471e+03,-2.312232019516811852e+04
6.279251776001884043e+07,-2.727260330996693627e-01,-7.058801772329571511e-01,9.211840159907853376e+03,-2.250693281868283884e+04
6.285568930706111342e+07,-2.687870811507768742e-01,-7.152559919851442238e-01,9.442592834619354107e+03,-2.190138976557665592e+04
6.291886085410338640e+07,-2.647527737492370026e-01,-7.243780942861187677e-01,9.663561981900376850e+03,-2.130519318747142097e+04
6.298203240114565939e+07,-2.606271314506268255e-01,-7.332503308767828187e-01,9.875265127856288018e+03,-2.071787395842077967e+04
6.304520394818793237e+07,-2.564139648745034084e-01,-7.418763560586802974e-01,1.007817971799179941e+04,-2.013898940285569552e+04
6.310837549523020536e+07,-2.521168908274004639e-01,-7.502596424205857373e-01,1.027274684180034455e+04,-1.956812123054289259e+04
