time,x,y,vx,vy
0.000000000000000000e+00,0.000000000000000000e+00,9.832899999999999974e-01,-3.029090109819997087e+04,0.000000000000000000e+00
1.262419993903384784e+04,-2.556136150948738403e-03,9.832867321660929694e-01,-3.029080043041305908e+04,-7.744929111991984882e+01
2.524839987806769568e+04,-5.112255311944705755e-03,9.832769286871813064e-01,-3.029049842782207270e+04,-1.548980416505823996e+02
3.787259981710154534e+04,-7.668340493131570353e-03,9.832605896316930494e-01,-3.028999509273629155e+04,-2.323457110001607475e+02
5.049679975613539136e+04,-1.022437470497902616e-02,9.832377151136733051e-01,-3.028929042900432250e+04,-3.097917585955067352e+02
6.312099969516923738e+04,-1.278034099682926091e-02,9.832083052878385354e-01,-3.028838444153146702e+04,-3.872356483853278633e+02
7.574519963420309068e+04,-1.533622242373693101e-02,9.831723603532787070e-01,-3.028727713665531701e+04,-4.646768453299987982e+02
8.836939957323693670e+04,-1.789200197626579156e-02,9.831298805628029269e-01,-3.028596852305348148e+04,-5.421148069569886729e+02
1.009935995122707827e+05,-2.044766264772416436e-02,9.830808662147473287e-01,-3.028445861093490385e+04,-6.195489909172788430e+02
1.136177994513046287e+05,-2.300318743479391748e-02,9.830253176528961356e-01,-3.028274741203214944e+04,-6.969788550574572810e+02
1.262419993903384748e+05,-2.555855933753049120e-02,9.829632352664821049e-01,-3.028083493960139094e+04,-7.744038574197179514e+02
1.388661993293723208e+05,-2.811376135936286685e-02,9.828946194901858613e-01,-3.027872120842241929e+04,-8.518234562418612086e+02
1.514903992684061814e+05,-3.066877650709358763e-02,9.828194708041367855e-01,-3.027640623479863643e+04,-9.292371099572936828e+02
1.641145992074400128e+05,-3.322358779089876202e-02,9.827377897339126811e-01,-3.027389003655705892e+04,-1.006644277195028394e+03
1.767387991464738734e+05,-3.577817822432804995e-02,9.826495768505394413e-01,-3.027117263304831795e+04,-1.084044416779684525e+03
1.893629990855077049e+05,-3.833253082430466280e-02,9.825548327704910490e-01,-3.026825404514665570e+04,-1.161436987731487534e+03
2.019871990245415654e+05,-4.088662861112537378e-02,9.824535581556903541e-01,-3.026513429524993626e+04,-1.238821449266269610e+03
2.146113989635754260e+05,-4.344045460846052142e-02,9.823457537135081852e-01,-3.026181340727962743e+04,-1.316197260795468310e+03
2.272355989026092575e+05,-4.599399184335397489e-02,9.822314201967641267e-01,-3.025829140668081527e+04,-1.393563881926128488e+03
2.398597988416431181e+05,-4.854722334622320334e-02,9.821105584037251868e-01,-3.025456832042220412e+04,-1.470920772460900480e+03
2.524839987806769495e+05,-5.110013215085918575e-02,9.819831691781075733e-01,-3.025064417699610931e+04,-1.548267392398041238e+03
2.651081987197108101e+05,-5.365270129442649416e-02,9.818492534090755841e-01,-3.024651900641845350e+04,-1.625603201931414105e+03
2.777323986587446416e+05,-5.620491381746323817e-02,9.817088120312416066e-01,-3.024219284022878492e+04,-1.702927661450488813e+03
2.903565985977784730e+05,-5.875675276388109963e-02,9.815618460246666732e-01,-3.023766571149025549e+04,-1.780240231540341028e+03
3.029807985368123627e+05,-6.130820118096529103e-02,9.814083564148600169e-01,-3.023293765478963905e+04,-1.857540372981653263e+03
3.156049984758461942e+05,-6.385924211937460404e-02,9.812483442727789607e-01,-3.022800870623732044e+04,-1.934827546750713282e+03
3.282291984148800257e+05,-6.640985863314141646e-02,9.810818107148295830e-01,-3.022287890346729546e+04,-2.012101214019416147e+03
3.408533983539139153e+05,-6.896003377967156733e-02,9.809087569028662745e-01,-3.021754828563717456e+04,-2.089360836155263314e+03
3.534775982929477468e+05,-7.150975061974454428e-02,9.807291840441910713e-01,-3.021201689342818645e+04,-2.166605874721361033e+03
3.661017982319815783e+05,-7.405899221751338635e-02,9.805430933915553204e-01,-3.020628476904517447e+04,-2.243835791476423765e+03
3.787259981710154098e+05,-7.660774164050460078e-02,9.803504862431580147e-01,-3.020035195621658931e+04,-2.321050048374770995e+03
3.913501981100492994e+05,-7.915598195961838501e-02,9.801513639426466806e-01,-3.019421850019449630e+04,-2.398248107566329963e+03
4.039743980490831309e+05,-8.170369624912839079e-02,9.799457278791172676e-01,-3.018788444775458265e+04,-2.475429431396631117e+03
4.165985979881169624e+05,-8.425086758668186293e-02,9.797335794871137038e-01,-3.018134984719614295e+04,-2.552593482406813564e+03
4.292227979271508520e+05,-8.679747905329961155e-02,9.795149202466287841e-01,-3.017461474834208639e+04,-2.629739723333624625e+03
4.418469978661846835e+05,-8.934351373337598434e-02,9.792897516831031712e-01,-3.016767920253893317e+04,-2.706867617109413459e+03
4.544711978052185150e+05,-9.188895471467886655e-02,9.790580753674261727e-01,-3.016054326265682903e+04,-2.783976626862137437e+03
4.670953977442523465e+05,-9.443378508834979201e-02,9.788198929159351858e-01,-3.015320698308951978e+04,-2.861066215915361681e+03
4.797195976832862361e+05,-9.697798794890374885e-02,9.785752059904159195e-01,-3.014567041975437678e+04,-2.938135847788256797e+03
4.923437976223200676e+05,-9.952154639422930438e-02,9.783240162981027277e-01,-3.013793363009237146e+04,-3.015184986195597048e+03
5.049679975613538991e+05,-1.020644435255886190e-01,9.780663255916780541e-01,-3.012999667306810443e+04,-3.092213095047768093e+03
5.175921975003877888e+05,-1.046066624476174045e-01,9.778021356692727650e-01,-3.012185960916978365e+04,-3.169219638450756975e+03
5.302163974394216202e+05,-1.071481947981125227e-01,9.775314375033000713e-01,-3.011352313426329056e+04,-3.246204394928476177e+03
5.428405973784554517e+05,-1.096890352340079422e-01,9.772542180302133952e-01,-3.010498817714742108e+04,-3.323167263777655080e+03
5.554647973174892832e+05,-1.122291661055043466e-01,9.769704797772081895e-01,-3.009625475741266200e+04,-3.400107696960440080e+03
5.680889972565231146e+05,-1.147685696952970846e-01,9.766802254204616229e-01,-3.008732288996273201e+04,-3.477025143804727577e+03
5.807131971955569461e+05,-1.173072283072053995e-01,9.763834576727365988e-01,-3.007819259158305795e+04,-3.553919054246936867e+03
5.933373971345908940e+05,-1.198451242661724703e-01,9.760801792833824209e-01,-3.006886388094076756e+04,-3.630788878832013324e+03
6.059615970736247255e+05,-1.223822399182653980e-01,9.757703930383337942e-01,-3.005933677858468945e+04,-3.707634068713422948e+03
6.185857970126585569e+05,-1.249185576306751089e-01,9.754541017601117137e-01,-3.004961130694536405e+04,-3.784454075653158725e+03
6.312099969516923884e+05,-1.274540597917165341e-01,9.751313083078233523e-01,-3.003968749033503263e+04,-3.861248352021736082e+03
6.438341968907262199e+05,-1.299887288108284855e-01,9.748020155771612849e-01,-3.002956535494764103e+04,-3.938016350798194708e+03
6.564583968297600513e+05,-1.325225471185736692e-01,9.744662265004044865e-01,-3.001924492885883592e+04,-4.014757525570096732e+03
6.690825967687938828e+05,-1.350554971666386994e-01,9.741239440464178889e-01,-3.000872624202597581e+04,-4.091471330533531727e+03
6.817067967078278307e+05,-1.375875614278341819e-01,9.737751712206523802e-01,-2.999800932628811643e+04,-4.168157220493108980e+03
6.943309966468616622e+05,-1.401187223960944639e-01,9.734199110651442499e-01,-2.998709421536602167e+04,-4.244814650861962946e+03
7.069551965858954936e+05,-1.426489625864779676e-01,9.730581666585167433e-01,-2.997598094486215996e+04,-4.321443077661753705e+03
7.195793965249293251e+05,-1.451782645351669121e-01,9.726899411159782849e-01,-2.996466955226070058e+04,-4.398041957522662415e+03
7.322035964639631566e+05,-1.477066107994675359e-01,9.723152375893234778e-01,-2.995316007692752100e+04,-4.474610747683396767e+03
7.448277964029969880e+05,-1.502339839578098746e-01,9.719340592669333256e-01,-2.994145256011020319e+04,-4.551148905991185529e+03
7.574519963420308195e+05,-1.527603666097479274e-01,9.715464093737737894e-01,-2.992954704493802637e+04,-4.627655890901784915e+03
7.700761962810647674e+05,-1.552857413759596850e-01,9.711522911713980077e-01,-2.991744357642198520e+04,-4.704131161479472212e+03
7.827003962200985989e+05,-1.578100908982468242e-01,9.707517079579444097e-01,-2.990514220145476793e+04,-4.780574177397048516e+03
7.953245961591324303e+05,-1.603333978395351800e-01,9.703446630681371587e-01,-2.989264296881077826e+04,-4.856984398935839636e+03
8.079487960981662618e+05,-1.628556448838743564e-01,9.699311598732869300e-01,-2.987994592914611349e+04,-4.933361286985696097e+03
8.205729960372000933e+05,-1.653768147364379215e-01,9.695112017812902439e-01,-2.986705113499857907e+04,-5.009704303044989501e+03
8.331971959762339247e+05,-1.678968901235233235e-01,9.690847922366292444e-01,-2.985395864078768864e+04,-5.086012909220618894e+03
8.458213959152677562e+05,-1.704158537925518635e-01,9.686519347203724761e-01,-2.984066850281465304e+04,-5.162286568228004398e+03
8.584455958543017041e+05,-1.729336885120689726e-01,9.682126327501743290e-01,-2.982718077926239857e+04,-5.238524743391093580e+03
8.710697957933355356e+05,-1.754503770717437128e-01,9.677668898802748165e-01,-2.981349553019554151e+04,-5.314726898642351443e+03
8.836939957323693670e+05,-1.779659022823691650e-01,9.673147097015003526e-01,-2.979961281756041353e+04,-5.390892498522771348e+03
8.963181956714031985e+05,-1.804802469758624572e-01,9.668560958412631967e-01,-2.978553270518504360e+04,-5.467021008181871366e+03
9.089423956104370300e+05,-1.829933940052644037e-01,9.663910519635613428e-01,-2.977125525877917244e+04,-5.543111893377690649e+03
9.215665955494708614e+05,-1.855053262447398932e-01,9.659195817689791852e-01,-2.975678054593423803e+04,-5.619164620476795790e+03
9.341907954885046929e+05,-1.880160265895776117e-01,9.654416889946867419e-01,-2.974210863612338653e+04,-5.695178656454272641e+03
9.468149954275386408e+05,-1.905254779561903200e-01,9.649573774144399874e-01,-2.972723960070146859e+04,-5.771153468893733589e+03
9.594391953665724723e+05,-1.930336632821144371e-01,9.644666508385810744e-01,-2.971217351290503211e+04,-5.847088525987313915e+03
9.720633953056063037e+05,-1.955405655260104847e-01,9.639695131140381124e-01,-2.969691044785234408e+04,-5.922983296535674526e+03
9.846875952446401352e+05,-1.980461676676628924e-01,9.634659681243249452e-01,-2.968145048254336143e+04,-5.998837249947998316e+03
9.973117951836739667e+05,-2.005504527079798316e-01,9.629560197895414841e-01,-2.966579369585974928e+04,-6.074649856241992893e+03
1.009935995122707798e+06,-2.030534036689936317e-01,9.624396720663738192e-01,-2.964994016856488452e+04,-6.150420586043888761e+03
1.022560195061741630e+06,-2.055550035938603637e-01,9.619169289480937746e-01,-2.963388998330383765e+04,-6.226148910588441140e+03
1.035184395000775578e+06,-2.080552355468600623e-01,9.613877944645589091e-01,-2.961764322460339099e+04,-6.301834301718930874e+03
1.047808594939809409e+06,-2.105540826133965593e-01,9.608522726822134041e-01,-2.960119997887202771e+04,-6.377476231887158065e+03
1.060432794878843240e+06,-2.130515278999978168e-01,9.603103677040870645e-01,-2.958456033439993553e+04,-6.453074174153449349e+03
1.073056994817876955e+06,-2.155475545343154831e-01,9.597620836697953184e-01,-2.956772438135901029e+04,-6.528627602186656077e+03
1.085681194756910903e+06,-2.180421456651253642e-01,9.592074247555401056e-01,-2.955069221180284512e+04,-6.604135990264155225e+03
1.098305394695944851e+06,-2.205352844623268971e-01,9.586463951741091005e-01,-2.953346391966674491e+04,-6.679598813271843028e+03
1.110929594634978566e+06,-2.230269541169435377e-01,9.580789991748757117e-01,-2.951603960076771182e+04,-6.755015546704138615e+03
1.123553794574012514e+06,-2.255171378411228444e-01,9.575052410437998596e-01,-2.949841935280445614e+04,-6.830385666663991287e+03
1.136177994513046229e+06,-2.280058188681359232e-01,9.569251251034270878e-01,-2.948060327535739634e+04,-6.905708649862870516e+03
1.148802194452080177e+06,-2.304929804523781212e-01,9.563386557128885634e-01,-2.946259146988864450e+04,-6.980983973620768666e+03
1.161426394391113892e+06,-2.329786058693684991e-01,9.557458372679021874e-01,-2.944438403974203175e+04,-7.056211115866203727e+03
1.174050594330147840e+06,-2.354626784157502206e-01,9.551466742007713728e-01,-2.942598109014307920e+04,-7.131389555136218405e+03
1.186674794269181788e+06,-2.379451814092900241e-01,9.545411709803853784e-01,-2.940738272819901977e+04,-7.206518770576376482e+03
1.199298994208215503e+06,-2.404260981888788340e-01,9.539293321122198632e-01,-2.938858906289879451e+04,-7.281598241940764638e+03
1.211923194147249451e+06,-2.429054121145314826e-01,9.533111621383358880e-01,-2.936960020511303446e+04,-7.356627449592001540e+03
1.224547394086283166e+06,-2.453831065673864886e-01,9.526866656373812470e-01,-2.935041626759408973e+04,-7.431605874501216931e+03
1.237171594025317114e+06,-2.478591649497066396e-01,9.520558472245886916e-01,-2.933103736497601130e+04,-7.506532998248078002e+03
1.249795793964350829e+06,-2.503335706848782705e-01,9.514187115517778182e-01,-2.931146361377454741e+04,-7.581408303020764833e+03
1.262419993903384777e+06,-2.528063072174118742e-01,9.507752633073539572e-01,-2.929169513238716172e+04,-7.656231271615989499e+03
1.275044193842418725e+06,-2.552773580129417130e-01,9.501255072163080628e-01,-2.927173204109300787e+04,-7.731001387438979691e+03
1.287668393781452440e+06,-2.577467065582260131e-01,9.494694480402174896e-01,-2.925157446205295855e+04,-7.805718134503494184e+03
1.300292593720486388e+06,-2.602143363611469362e-01,9.488070905772453267e-01,-2.923122251930958373e+04,-7.880380997431812830e+03
1.312916793659520103e+06,-2.626802309507104138e-01,9.481384396621403976e-01,-2.921067633878715787e+04,-7.954989461454736556e+03
1.325540993598554051e+06,-2.651443738770465908e-01,9.474635001662383704e-01,-2.918993604829165997e+04,-8.029543012411596465e+03
1.338165193537587766e+06,-2.676067487114091592e-01,9.467822769974597596e-01,-2.916900177751076990e+04,-8.104041136750242003e+03
1.350789393476621713e+06,-2.700673390461760803e-01,9.460947751003115913e-01,-2.914787365801388296e+04,-8.178483321527050975e+03
1.363413593415655661e+06,-2.725261284948488627e-01,9.454009994558870700e-01,-2.912655182325208443e+04,-8.252869054406921350e+03
1.376037793354689376e+06,-2.749831006920531173e-01,9.447009550818652457e-01,-2.910503640855817503e+04,-8.327197823663271265e+03
1.388661993293723324e+06,-2.774382392935383912e-01,9.439946470325104588e-01,-2.908332755114665270e+04,-8.401469118178054487e+03
1.401286193232757039e+06,-2.798915279761781116e-01,9.432820803986742275e-01,-2.906142539011372719e+04,-8.475682427441737673e+03
1.413910393171790987e+06,-2.823429504379695865e-01,9.425632603077928051e-01,-2.903933006643730550e+04,-8.549837241553317654e+03
1.426534593110824702e+06,-2.847924903980340594e-01,9.418381919238895117e-01,-2.901704172297699915e+04,-8.623933051220312336e+03
1.439158793049858650e+06,-2.872401315966166546e-01,9.411068804475727356e-01,-2.899456050447412781e+04,-8.697969347758760705e+03
1.451782992988892598e+06,-2.896858577950865432e-01,9.403693311160372659e-01,-2.897188655755171567e+04,-8.771945623093233735e+03
1.464407192927926313e+06,-2.921296527759364436e-01,9.396255492030638479e-01,-2.894902003071448780e+04,-8.845861369756818021e+03
1.477031392866960261e+06,-2.945715003427833989e-01,9.388755400190191835e-01,-2.892596107434887745e+04,-8.919716080891128513e+03
1.489655592805993976e+06,-2.970113843203681103e-01,9.381193089108560423e-01,-2.890270984072301508e+04,-8.993509250246304873e+03
1.502279792745027924e+06,-2.994492885545554373e-01,9.373568612621128171e-01,-2.887926648398674661e+04,-9.067240372181004204e+03
1.514903992684061639e+06,-3.018851969123336754e-01,9.365882024929138572e-01,-2.885563116017161519e+04,-9.140908941662415600e+03
1.527528192623095587e+06,-3.043190932818157224e-01,9.358133380599700235e-01,-2.883180402719086487e+04,-9.214514454266245593e+03
1.540152392562129535e+06,-3.067509615722378569e-01,9.350322734565778005e-01,-2.880778524483945512e+04,-9.288056406176732708e+03
1.552776592501163250e+06,-3.091807857139602378e-01,9.342450142126195178e-01,-2.878357497479403537e+04,-9.361534294186625630e+03
1.565400792440197198e+06,-3.116085496584672931e-01,9.334515658945636840e-01,-2.875917338061297050e+04,-9.434947615697212314e+03
1.578024992379230913e+06,-3.140342373783671648e-01,9.326519341054647638e-01,-2.873458062773632992e+04,-9.508295868718290876e+03
1.590649192318264861e+06,-3.164578328673919305e-01,9.318461244849628455e-01,-2.870979688348588024e+04,-9.581578551868196882e+03
1.603273392257298576e+06,-3.188793201403974376e-01,9.310341427092843070e-01,-2.868482231706509265e+04,-9.654795164373777880e+03
1.615897592196332524e+06,-3.212986832333636356e-01,9.302159944912415934e-01,-2.865965709955915372e+04,-9.727945206070409768e+03
1.628521792135366471e+06,-3.237159062033944101e-01,9.293916855802329957e-01,-2.863430140393494003e+04,-9.801028177401998619e+03
1.641145992074400187e+06,-3.261309731287174163e-01,9.285612217622426501e-01,-2.860875540504103992e+04,-9.874043579420962487e+03
1.653770192013434134e+06,-3.285438681086841894e-01,9.277246088598406493e-01,-2.858301927960774992e+04,-9.946990913788249600e+03
1.666394391952467849e+06,-3.309545752637703675e-01,9.268818527321832645e-01,-2.855709320624706015e+04,-1.001986968277333290e+04
1.679018591891501797e+06,-3.333630787355753577e-01,9.260329592750127237e-01,-2.853097736545267253e+04,-1.009267938925420822e+04
1.691642791830535512e+06,-3.357693626868223369e-01,9.251779344206568778e-01,-2.850467193959999349e+04,-1.016541953671739248e+04
1.704266991769569460e+06,-3.381734113013588061e-01,9.243167841380299787e-01,-2.847817711294613036e+04,-1.023808962925793094e+04
1.716891191708603408e+06,-3.405752087841558695e-01,9.234495144326316796e-01,-2.845149307162989862e+04,-1.031068917157939359e+04
1.729515391647637123e+06,-3.429747393613085671e-01,9.225761313465485891e-01,-2.842462000367181463e+04,-1.038321766899386421e+04
1.742139591586671071e+06,-3.453719872800358748e-01,9.216966409584520514e-01,-2.839755809897409927e+04,-1.045567462742196221e+04
1.754763791525704786e+06,-3.477669368086807045e-01,9.208110493836003663e-01,-2.837030754932068157e+04,-1.052805955339282627e+04
1.767387991464738734e+06,-3.501595722367099039e-01,9.199193627738371237e-01,-2.834286854837719147e+04,-1.060037195404411978e+04
1.780012191403772449e+06,-3.525498778747140349e-01,9.190215873175924255e-01,-2.831524129169095977e+04,-1.067261133712202354e+04
1.792636391342806397e+06,-3.549378380544079836e-01,9.181177292398821077e-01,-2.828742597669103270e+04,-1.074477721098125403e+04
1.805260591281840345e+06,-3.573234371286300171e-01,9.172077948023077409e-01,-2.825942280268814648e+04,-1.081686908458504331e+04
1.817884791220874060e+06,-3.597066594713427823e-01,9.162917903030571853e-01,-2.823123197087475637e+04,-1.088888646750514636e+04
1.830508991159908008e+06,-3.620874894776326403e-01,9.153697220769040355e-01,-2.820285368432501127e+04,-1.096082886992184831e+04
1.843133191098941723e+06,-3.644659115637096658e-01,9.144415964952081755e-01,-2.817428814799476459e+04,-1.103269580262395175e+04
1.855757391037975671e+06,-3.668419101669082028e-01,9.135074199659152239e-01,-2.814553556872158151e+04,-1.110448677700878943e+04
1.868381590977009386e+06,-3.692154697456863088e-01,9.125671989335566447e-01,-2.811659615522472814e+04,-1.117620130508221337e+04
1.881005790916043334e+06,-3.715865747796260332e-01,9.116209398792501917e-01,-2.808747011810517142e+04,-1.124783889945860210e+04
1.893629990855077282e+06,-3.739552097694330834e-01,9.106686493206991306e-01,-2.805815766984558286e+04,-1.131939907336085162e+04
1.906254190794110997e+06,-3.763213592369374361e-01,9.097103338121932392e-01,-2.802865902481034936e+04,-1.139088134062039171e+04
1.918878390733144945e+06,-3.786850077250927815e-01,9.087459999446079184e-01,-2.799897439924554419e+04,-1.146228521567716962e+04
1.931502590672178660e+06,-3.810461397979768572e-01,9.077756543454046367e-01,-2.796910401127895966e+04,-1.153361021357965365e+04
1.944126790611212607e+06,-3.834047400407911144e-01,9.067993036786307082e-01,-2.793904808092008534e+04,-1.160485584998485137e+04
1.956750990550246323e+06,-3.857607930598609403e-01,9.058169546449196252e-01,-2.790880683006011532e+04,-1.167602164115827327e+04
1.969375190489280270e+06,-3.881142834826358801e-01,9.048286139814907258e-01,-2.787838048247195184e+04,-1.174710710397396542e+04
1.981999390428314218e+06,-3.904651959576891374e-01,9.038342884621491935e-01,-2.784776926381019803e+04,-1.181811175591449864e+04
1.994623590367347933e+06,-3.928135151547177961e-01,9.028339848972862791e-01,-2.781697340161116517e+04,-1.188903511507095754e+04
2.007247790306381881e+06,-3.951592257645430983e-01,9.018277101338794122e-01,-2.778599312529285817e+04,-1.195987670014296964e+04
2.019871990245415596e+06,-3.975023124991099444e-01,9.008154710554917566e-01,-2.775482866615500461e+04,-1.203063603043866169e+04
2.032496190184449544e+06,-3.998427600914874480e-01,8.997972745822724328e-01,-2.772348025737901844e+04,-1.210131262587470701e+04
2.045120390123483259e+06,-4.021805532958682150e-01,8.987731276709565176e-01,-2.769194813402802902e+04,-1.217190600697629270e+04
2.057744590062517207e+06,-4.045156768875690090e-01,8.977430373148651555e-01,-2.766023253304686659e+04,-1.224241569487711968e+04
2.070368790001551155e+06,-4.068481156630306406e-01,8.967070105439055583e-01,-2.762833369326206230e+04,-1.231284121131943175e+04
2.082992989940584870e+06,-4.091778544398175788e-01,8.956650544245705614e-01,-2.759625185538185906e+04,-1.238318207865398290e+04
2.095617189879618818e+06,-4.115048780566182285e-01,8.946171760599392897e-01,-2.756398726199619705e+04,-1.245343781984005909e+04
2.108241389818652533e+06,-4.138291713732450416e-01,8.935633825896767135e-01,-2.753154015757672823e+04,-1.252360795844546737e+04
2.120865589757686481e+06,-4.161507192706344060e-01,8.925036811900335376e-01,-2.749891078847679819e+04,-1.259369201864653951e+04
2.133489789696720429e+06,-4.184695066508463124e-01,8.914380790738470894e-01,-2.746609940293146428e+04,-1.266368952522812469e+04
2.146113989635753911e+06,-4.207855184370648538e-01,8.903665834905398757e-01,-2.743310625105749205e+04,-1.273360000358360048e+04
2.158738189574787859e+06,-4.230987395735983370e-01,8.892892017261209148e-01,-2.739993158485334061e+04,-1.280342297971487278e+04
2.171362389513821807e+06,-4.254091550258785048e-01,8.882059411031849594e-01,-2.736657565819918455e+04,-1.287315798023236493e+04
2.183986589452855755e+06,-4.277167497804612584e-01,8.871168089809127189e-01,-2.733303872685688839e+04,-1.294280453235503592e+04
2.196610789391889703e+06,-4.300215088450263234e-01,8.860218127550709699e-01,-2.729932104847003939e+04,-1.301236216391034031e+04
2.209234989330923185e+06,-4.323234172483772508e-01,8.849209598580123348e-01,-2.726542288256391839e+04,-1.308183040333429017e+04
2.221859189269957133e+06,-4.346224600404416938e-01,8.838142577586757254e-01,-2.723134449054550350e+04,-1.315120877967140405e+04
2.234483389208991081e+06,-4.369186222922712970e-01,8.827017139625855657e-01,-2.719708613570349553e+04,-1.322049682257472523e+04
2.247107589148025028e+06,-4.392118890960411970e-01,8.815833360118524586e-01,-2.716264808320828161e+04,-1.328969406230582172e+04
2.259731789087058976e+06,-4.415022455650508548e-01,8.804591314851730743e-01,-2.712803060011196794e+04,-1.335880002973478622e+04
2.272355989026092459e+06,-4.437896768337232789e-01,8.793291079978297065e-01,-2.709323395534835436e+04,-1.342781425634023981e+04
2.284980188965126406e+06,-4.460741680576059687e-01,8.781932732016911602e-01,-2.705825841973294519e+04,-1.349673627420932098e+04
2.297604388904160354e+06,-4.483557044133696379e-01,8.770516347852116423e-01,-2.702310426596296020e+04,-1.356556561603768932e+04
2.310228588843194302e+06,-4.506342710988093248e-01,8.759042004734317599e-01,-2.698777176861731277e+04,-1.363430181512954005e+04
2.322852788782227784e+06,-4.529098533328437814e-01,8.747509780279778546e-01,-2.695226120415662444e+04,-1.370294440539757852e+04
2.335476988721261732e+06,-4.551824363555160291e-01,8.735919752470622246e-01,-2.691657285092322127e+04,-1.377149292136304211e+04
2.348101188660295680e+06,-4.574520054279924697e-01,8.724271999654833465e-01,-2.688070698914113018e+04,-1.383994689815569654e+04
2.360725388599329628e+06,-4.597185458325639962e-01,8.712566600546252094e-01,-2.684466390091608628e+04,-1.390830587151382497e+04
2.373349588538363576e+06,-4.619820428726447159e-01,8.700803634224583138e-01,-2.680844387023552918e+04,-1.397656937778422434e+04
2.385973788477397058e+06,-4.642424818727731717e-01,8.688983180135388951e-01,-2.677204718296859937e+04,-1.404473695392223090e+04
2.398597988416431006e+06,-4.664998481786117868e-01,8.677105318090091446e-01,-2.673547412686614916e+04,-1.411280813749170920e+04
2.411222188355464954e+06,-4.687541271569468093e-01,8.665170128265969884e-01,-2.669872499156072445e+04,-1.418078246666502309e+04
2.423846388294498902e+06,-4.710053041956882014e-01,8.653177691206168642e-01,-2.666180006856657928e+04,-1.424865948022308658e+04
2.436470588233532850e+06,-4.732533647038701385e-01,8.641128087819688330e-01,-2.662469965127967589e+04,-1.431643871755532018e+04
2.449094788172566332e+06,-4.754982941116505657e-01,8.629021399381386903e-01,-2.658742403497768464e+04,-1.438411971865968007e+04
2.461718988111600280e+06,-4.777400778703112527e-01,8.616857707531985211e-01,-2.654997351681996588e+04,-1.445170202414263622e+04
2.474343188050634228e+06,-4.799787014522581274e-01,8.604637094278064779e-01,-2.651234839584759538e+04,-1.451918517521918693e+04
2.486967387989668176e+06,-4.822141503510204985e-01,8.592359641992065589e-01,-2.647454897298334981e+04,-1.458656871371285888e+04
2.499591587928701658e+06,-4.844464100812524432e-01,8.580025433412283853e-01,-2.643657555103171399e+04,-1.465385218205568890e+04
2.512215787867735606e+06,-4.866754661787312530e-01,8.567634551642879792e-01,-2.639842843467886996e+04,-1.472103512328826037e+04
2.524839987806769554e+06,-4.889013042003582665e-01,8.555187080153874302e-01,-2.636010793049270796e+04,-1.478811708105965226e+04
2.537464187745803501e+06,-4.911239097241590357e-01,8.542683102781142290e-01,-2.632161434692282273e+04,-1.485509759962749740e+04
2.550088387684837449e+06,-4.933432683492827708e-01,8.530122703726422673e-01,-2.628294799430051717e+04,-1.492197622385792420e+04
2.562712587623870932e+06,-4.955593656960021187e-01,8.517505967557313928e-01,-2.624410918483878777e+04,-1.498875249922560033e+04
2.575336787562904879e+06,-4.977721874057146612e-01,8.504832979207271881e-01,-2.620509823263235012e+04,-1.505542597181371821e+04
2.587960987501938827e+06,-4.999817191409413053e-01,8.492103823975614141e-01,-2.616591545365760976e+04,-1.512199618831399130e+04
2.600585187440972775e+06,-5.021879465853267277e-01,8.479318587527516771e-01,-2.612656116577268403e+04,-1.518846269602665780e+04
2.613209387380006723e+06,-5.043908554436399294e-01,8.466477355894016510e-01,-2.608703568871739481e+04,-1.525482504286046969e+04
2.625833587319040205e+06,-5.065904314417734033e-01,8.453580215472009662e-01,-2.604733934411326845e+04,-1.532108277733271825e+04
2.638457787258074153e+06,-5.087866603267439114e-01,8.440627253024248766e-01,-2.600747245546353224e+04,-1.538723544856921217e+04
2.651081987197108101e+06,-5.109795278666917628e-01,8.427618555679352585e-01,-2.596743534815311432e+04,-1.545328260630428485e+04
2.663706187136142049e+06,-5.131690198508818135e-01,8.414554210931793898e-01,-2.592722834944866190e+04,-1.551922380088078717e+04
2.676330387075175531e+06,-5.153551220897020224e-01,8.401434306641908378e-01,-2.588685178849851218e+04,-1.558505858325010195e+04
2.688954587014209479e+06,-5.175378204146645622e-01,8.388258931035889043e-01,-2.584630599633271049e+04,-1.565078650497213312e+04
2.701578786953243427e+06,-5.197171006784058189e-01,8.375028172705789586e-01,-2.580559130586301399e+04,-1.571640711821530931e+04
2.714202986892277375e+06,-5.218929487546859480e-01,8.361742120609524376e-01,-2.576470805188286613e+04,-1.578191997575658388e+04
2.726827186831311323e+06,-5.240653505383886523e-01,8.348400864070866234e-01,-2.572365657106744038e+04,-1.584732463098142398e+04
2.739451386770344805e+06,-5.262342919455219592e-01,8.335004492779447549e-01,-2.568243720197358925e+04,-1.591262063788382875e+04
2.752075586709378753e+06,-5.283997589132176653e-01,8.321553096790760273e-01,-2.564105028503989161e+04,-1.597780755106633660e+04
2.764699786648412701e+06,-5.305617373997314479e-01,8.308046766526158144e-01,-2.559949616258660535e+04,-1.604288492573997792e+04
2.777323986587446649e+06,-5.327202133844428644e-01,8.294485592772851135e-01,-2.555777517881571839e+04,-1.610785231772433326e+04
2.789948186526480597e+06,-5.348751728678555750e-01,8.280869666683912111e-01,-2.551588767981091223e+04,-1.617270928344749336e+04
2.802572386465514079e+06,-5.370266018715967871e-01,8.267199079778272397e-01,-2.547383401353756562e+04,-1.623745537994607002e+04
2.815196586404548027e+06,-5.391744864384182545e-01,8.253473923940719548e-01,-2.543161452984277275e+04,-1.630209016486522160e+04
2.827820786343581975e+06,-5.413188126321947236e-01,8.239694291421908456e-01,-2.538922958045532505e+04,-1.636661319645860567e+04
2.840444986282615922e+06,-5.434595665379260421e-01,8.225860274838346919e-01,-2.534667951898572210e+04,-1.643102403358840820e+04
2.853069186221649405e+06,-5.455967342617344951e-01,8.211971967172404518e-01,-2.530396470092616801e+04,-1.649532223572533985e+04
2.865693386160683353e+06,-5.477303019308675802e-01,8.198029461772309290e-01,-2.526108548365056777e+04,-1.655950736294865419e+04
2.878317586099717300e+06,-5.498602556936961205e-01,8.184032852352153276e-01,-2.521804222641453816e+04,-1.662357897594610404e+04
2.890941786038751248e+06,-5.519865817197149305e-01,8.169982232991883642e-01,-2.517483529035538231e+04,-1.668753663601397420e+04
2.903565985977785196e+06,-5.541092661995425939e-01,8.155877698137308229e-01,-2.513146503849213332e+04,-1.675137990505707421e+04
2.916190185916818678e+06,-5.562282953449216860e-01,8.141719342600097775e-01,-2.508793183572551061e+04,-1.681510834558872739e+04
2.928814385855852626e+06,-5.583436553887191067e-01,8.127507261557775919e-01,-2.504423604883793814e+04,-1.687872152073081452e+04
2.941438585794886574e+06,-5.604553325849249701e-01,8.113241550553731418e-01,-2.500037804649355530e+04,-1.694221899421369744e+04
2.954062785733920522e+06,-5.625633132086536037e-01,8.098922305497213703e-01,-2.495635819923820236e+04,-1.700560033037629182e+04
2.966686985672954470e+06,-5.646675835561436596e-01,8.084549622663326218e-01,-2.491217687949940955e+04,-1.706886509416600893e+04
2.979311185611987952e+06,-5.667681299447568932e-01,8.070123598693037525e-01,-2.486783446158643346e+04,-1.713201285113882113e+04
2.991935385551021900e+06,-5.688649387129794954e-01,8.055644330593173530e-01,-2.482333132169022065e+04,-1.719504316745919641e+04
3.004559585490055848e+06,-5.709579962204216486e-01,8.041111915736418592e-01,-2.477866783788342218e+04,-1.725795560990013109e+04
3.017183785429089796e+06,-5.730472888478171933e-01,8.026526451861317746e-01,-2.473384439012040093e+04,-1.732074974584315351e+04
3.029807985368123278e+06,-5.751328029970238509e-01,8.011888037072278923e-01,-2.468886136023722065e+04,-1.738342514327831668e+04
3.042432185307157226e+06,-5.772145250910233338e-01,7.997196769839562958e-01,-2.464371913195164962e+04,-1.744598137080418019e+04
3.055056385246191174e+06,-5.792924415739214572e-01,7.982452748999295800e-01,-2.459841809086315698e+04,-1.750841799762785013e+04
3.067680585185225122e+06,-5.813665389109475834e-01,7.967656073753461854e-01,-2.455295862445292005e+04,-1.757073459356494277e+04
3.080304785124259070e+06,-5.834368035884552883e-01,7.952806843669903980e-01,-2.450734112208381339e+04,-1.763293072903959546e+04
3.092928985063292552e+06,-5.855032221139218063e-01,7.937905158682327933e-01,-2.446156597500043426e+04,-1.769500597508448118e+04
3.105553185002326500e+06,-5.875657810159486960e-01,7.922951119090292371e-01,-2.441563357632906263e+04,-1.775695990334079397e+04
3.118177384941360448e+06,-5.896244668442610637e-01,7.907944825559222179e-01,-2.436954432107769753e+04,-1.781879208605824169e+04
3.130801584880394395e+06,-5.916792661697077849e-01,7.892886379120401807e-01,-2.432329860613602796e+04,-1.788050209609506419e+04
3.143425784819428343e+06,-5.937301655842618375e-01,7.877775881170968608e-01,-2.427689683027546926e+04,-1.794208950691802966e+04
3.156049984758461826e+06,-5.957771517010204132e-01,7.862613433473927271e-01,-2.423033939414911947e+04,-1.800355389260242009e+04
3.168674184697495773e+06,-5.978202111542043617e-01,7.847399138158139831e-01,-2.418362670029178844e+04,-1.806489482783204221e+04
3.181298384636529721e+06,-5.998593305991581914e-01,7.832133097718324555e-01,-2.413675915311999779e+04,-1.812611188789923835e+04
3.193922584575563669e+06,-6.018944967123507350e-01,7.816815415015062607e-01,-2.408973715893195913e+04,-1.818720464870486103e+04
3.206546784514597151e+06,-6.039256961913742616e-01,7.801446193274795826e-01,-2.404256112590760313e+04,-1.824817268675828745e+04
3.219170984453631099e+06,-6.059529157549456979e-01,7.786025536089822285e-01,-2.399523146410855406e+04,-1.830901557917743776e+04
3.231795184392665047e+06,-6.079761421429049628e-01,7.770553547418304063e-01,-2.394774858547814802e+04,-1.836973290368873131e+04
3.244419384331698995e+06,-6.099953621162167439e-01,7.755030331584257253e-01,-2.390011290384141466e+04,-1.843032423862711948e+04
3.257043584270732943e+06,-6.120105624569689429e-01,7.739455993277563062e-01,-2.385232483490509912e+04,-1.849078916293608563e+04
3.269667784209766425e+06,-6.140217299683738972e-01,7.723830637553958933e-01,-2.380438479625765467e+04,-1.855112725616762691e+04
3.282291984148800373e+06,-6.160288514747677135e-01,7.708154369835042985e-01,-2.375629320736922091e+04,-1.861133809848226883e+04
3.294916184087834321e+06,-6.180319138216100461e-01,7.692427295908271789e-01,-2.370805048959164924e+04,-1.867142127064906163e+04
3.307540384026868269e+06,-6.200309038754847624e-01,7.676649521926968145e-01,-2.365965706615851013e+04,-1.873137635404558023e+04
3.320164583965901751e+06,-6.220258085240994994e-01,7.660821154410303313e-01,-2.361111336218506040e+04,-1.879120293065790975e+04
3.332788783904935699e+06,-6.240166146762864408e-01,7.644942300243317002e-01,-2.356241980466826135e+04,-1.885090058308068546e+04
3.345412983843969647e+06,-6.260033092620005402e-01,7.629013066676906263e-01,-2.351357682248679339e+04,-1.891046889451704192e+04
3.358037183783003595e+06,-6.279858792323215200e-01,7.613033561327824383e-01,-2.346458484640103052e+04,-1.896990744877865291e+04
3.370661383722037543e+06,-6.299643115594530940e-01,7.597003892178689766e-01,-2.341544430905304762e+04,-1.902921583028570603e+04
3.383285583661071025e+06,-6.319385932367220793e-01,7.580924167577978157e-01,-2.336615564496663501e+04,-1.908839362406691725e+04
3.395909783600104973e+06,-6.339087112785800615e-01,7.564794496240023758e-01,-2.331671929054727661e+04,-1.914744041575952724e+04
3.408533983539138921e+06,-6.358746527206017296e-01,7.548614987245019226e-01,-2.326713568408216815e+04,-1.920635579160929774e+04
3.421158183478172868e+06,-6.378364046194867631e-01,7.532385750039023442e-01,-2.321740526574020987e+04,-1.926513933847051885e+04
3.433782383417206816e+06,-6.397939540530572788e-01,7.516106894433948193e-01,-2.316752847757199925e+04,-1.932379064380600539e+04
3.446406583356240299e+06,-6.417472881202608281e-01,7.499778530607567051e-01,-2.311750576350984193e+04,-1.938230929568708598e+04
3.459030783295274246e+06,-6.436963939411679547e-01,7.483400769103513150e-01,-2.306733756936774807e+04,-1.944069488279362122e+04
3.471654983234308194e+06,-6.456412586569734158e-01,7.466973720831281414e-01,-2.301702434284143965e+04,-1.949894699441399280e+04
3.484279183173342142e+06,-6.475818694299955158e-01,7.450497497066221886e-01,-2.296656653350832130e+04,-1.955706522044510712e+04
3.496903383112375624e+06,-6.495182134436767729e-01,7.433972209449551949e-01,-2.291596459282753494e+04,-1.961504915139239893e+04
3.509527583051409572e+06,-6.514502779025838075e-01,7.417397969988338557e-01,-2.286521897413989063e+04,-1.967289837836982042e+04
3.522151782990443520e+06,-6.533780500324070095e-01,7.400774891055516003e-01,-2.281433013266793569e+04,-1.973061249309984487e+04
3.534775982929477468e+06,-6.553015170799604272e-01,7.384103085389874810e-01,-2.276329852551588920e+04,-1.978819108791348117e+04
3.547400182868511416e+06,-6.572206663131822113e-01,7.367382666096066179e-01,-2.271212461166970752e+04,-1.984563375575025202e+04
3.560024382807544898e+06,-6.591354850211342820e-01,7.350613746644601987e-01,-2.266080885199702971e+04,-1.990294009015820120e+04
3.572648582746578846e+06,-6.610459605140026618e-01,7.333796440871851452e-01,-2.260935170924720296e+04,-1.996010968529391539e+04
3.585272782685612794e+06,-6.629520801230974758e-01,7.316930862980044470e-01,-2.255775364805128629e+04,-2.001714213592248416e+04
3.597896982624646742e+06,-6.648538312008521745e-01,7.300017127537273831e-01,-2.250601513492203230e+04,-2.007403703741752906e+04
3.610521182563680690e+06,-6.667512011208245326e-01,7.283055349477484119e-01,-2.245413663825389813e+04,-2.013079398576118911e+04
3.623145382502714172e+06,-6.686441772776964276e-01,7.266045644100487255e-01,-2.240211862832307088e+04,-2.018741257754414619e+04
3.635769582441748120e+06,-6.705327470872728401e-01,7.248988127071951393e-01,-2.234996157728739854e+04,-2.024389240996558874e+04
3.648393782380782068e+06,-6.724168979864836304e-01,7.231882914423405362e-01,-2.229766595918646999e+04,-2.030023308083322991e+04
3.661017982319816016e+06,-6.742966174333818730e-01,7.214730122552236447e-01,-2.224523224994155680e+04,-2.035643418856331482e+04
3.673642182258849498e+06,-6.761718929071448558e-01,7.197529868221693716e-01,-2.219266092735564962e+04,-2.041249533218059878e+04
3.686266382197883446e+06,-6.780427119080740805e-01,7.180282268560882475e-01,-2.213995247111343269e+04,-2.046841611131837999e+04
3.698890582136917394e+06,-6.799090619575939298e-01,7.162987441064770922e-01,-2.208710736278130207e+04,-2.052419612621846318e+04
3.711514782075951342e+06,-6.817709305982538881e-01,7.145645503594186820e-01,-2.203412608580734741e+04,-2.057983497773119234e+04
3.724138982014985289e+06,-6.836283053937263210e-01,7.128256574375815280e-01,-2.198100912552137743e+04,-2.063533226731542163e+04
3.736763181954018772e+06,-6.854811739288086958e-01,7.110820772002204304e-01,-2.192775696913489810e+04,-2.069068759703853357e+04
3.749387381893052720e+06,-6.873295238094213611e-01,7.093338215431755911e-01,-2.187437010574111264e+04,-2.074590056957643901e+04
3.762011581832086667e+06,-6.891733426626088788e-01,7.075809023988737234e-01,-2.182084902631493969e+04,-2.080097078821356627e+04
3.774635781771120615e+06,-6.910126181365400244e-01,7.058233317363273862e-01,-2.176719422371299515e+04,-2.085589785684287563e+04
3.787259981710154563e+06,-6.928473379005066768e-01,7.040611215611348728e-01,-2.171340619267360307e+04,-2.091068137996584483e+04
3.799884181649188045e+06,-6.946774896449254832e-01,7.022942839154809880e-01,-2.165948542981679566e+04,-2.096532096269247268e+04
3.812508381588221993e+06,-6.965030610813369716e-01,7.005228308781357160e-01,-2.160543243364429873e+04,-2.101981621074128270e+04
3.825132581527255941e+06,-6.983240399424049949e-01,6.987467745644556638e-01,-2.155124770453954261e+04,-2.107416673043934497e+04
3.837756781466289889e+06,-7.001404139819177308e-01,6.969661271263830615e-01,-2.149693174476768036e+04,-2.112837212872221062e+04
3.850380981405323371e+06,-7.019521715418474139e-01,6.951808978134039751e-01,-2.144248523591650519e+04,-2.118243246597343750e+04
3.863005181344357319e+06,-7.037593091862964778e-01,6.933910551125386235e-01,-2.138791125702088902e+04,-2.123635413170762331e+04
3.875629381283391267e+06,-7.055618183760768991e-01,6.915965979276279540e-01,-2.133321090347277277e+04,-2.129013892819754255e+04
3.888253581222425215e+06,-7.073596878099573937e-01,6.897975401456136746e-01,-2.127838434965452689e+04,-2.134378636465630552e+04
3.900877781161459163e+06,-7.091529062220304214e-01,6.879938956620849089e-01,-2.122343177186964385e+04,-2.139729595250472266e+04
3.913501981100492645e+06,-7.109414623817110757e-01,6.861856783812769756e-01,-2.116835334834274545e+04,-2.145066720537129368e+04
3.926126181039526593e+06,-7.127253450937374168e-01,6.843729022160727204e-01,-2.111314925921958275e+04,-2.150389963909221842e+04
3.938750380978560541e+06,-7.145045431981710271e-01,6.825555810880016283e-01,-2.105781968656705067e+04,-2.155699277171139329e+04
3.951374580917594489e+06,-7.162790455703959003e-01,6.807337289272402669e-01,-2.100236481437315888e+04,-2.160994612348040391e+04
3.963998780856628437e+06,-7.180488411211194411e-01,6.789073596726118431e-01,-2.094678482854705726e+04,-2.166275921685853609e+04
3.976622980795661919e+06,-7.198139187963719099e-01,6.770764872715872018e-01,-2.089107991691902862e+04,-2.171543157651276852e+04
3.989247180734695867e+06,-7.215742675775067561e-01,6.752411256802830497e-01,-2.083525026924047779e+04,-2.176796272931778731e+04
4.001871380673729815e+06,-7.233298764812005066e-01,6.734012888634638427e-01,-2.077929607718394982e+04,-2.182035220435596057e+04
4.014495580612763762e+06,-7.250807345594524334e-01,6.715569907945408978e-01,-2.072321753434311177e+04,-2.187259953291735292e+04
4.027119780551797245e+06,-7.268268308995848859e-01,6.697082454555719488e-01,-2.066701483623276727e+04,-2.192470424849973642e+04
4.039743980490831193e+06,-7.285681546242435136e-01,6.678550668372621457e-01,-2.061068818028885289e+04,-2.197666588680856512e+04
4.052368180429865140e+06,-7.303046948913969327e-01,6.659974689389633884e-01,-2.055423776586843087e+04,-2.202848398575700412e+04
4.064992380368899088e+06,-7.320364408943365042e-01,6.641354657686745488e-01,-2.049766379424969637e+04,-2.208015808546589687e+04
4.077616580307933036e+06,-7.337633818616768888e-01,6.622690713430413600e-01,-2.044096646863197384e+04,-2.213168772826379427e+04
4.090240780246966518e+06,-7.354855070573557141e-01,6.603982996873566380e-01,-2.038414599413572796e+04,-2.218307245868693644e+04
4.102864980186000466e+06,-7.372028057806336854e-01,6.585231648355597267e-01,-2.032720257780253814e+04,-2.223431182347927097e+04
4.115489180125034414e+06,-7.389152673660943638e-01,6.566436808302374972e-01,-2.027013642859513129e+04,-2.228540537159242740e+04
4.128113380064068362e+06,-7.406228811836444992e-01,6.547598617226231266e-01,-2.021294775739734905e+04,-2.233635265418573545e+04
4.140737580003102310e+06,-7.423256366385138083e-01,6.528717215725972078e-01,-2.015563677701418055e+04,-2.238715322462622862e+04
4.153361779942135792e+06,-7.440235231712549746e-01,6.509792744486873062e-01,-2.009820370217173331e+04,-2.243780663848862241e+04
4.165985979881169740e+06,-7.457165302577440924e-01,6.490825344280671816e-01,-2.004064874951725142e+04,-2.248831245355533974e+04
4.178610179820203688e+06,-7.474046474091796677e-01,6.471815155965584543e-01,-1.998297213761910825e+04,-2.253867022981649279e+04
4.191234379759237636e+06,-7.490878641720839504e-01,6.452762320486290504e-01,-1.992517408696680650e+04,-2.258887952946989390e+04
4.203858579698271118e+06,-7.507661701283013800e-01,6.433666978873939790e-01,-1.986725481997098905e+04,-2.263893991692104828e+04
4.216482779637305066e+06,-7.524395548950000290e-01,6.414529272246153324e-01,-1.980921456096341353e+04,-2.268885095878315406e+04
4.229106979576339014e+06,-7.541080081246710476e-01,6.395349341807019528e-01,-1.975105353619698508e+04,-2.273861222387711678e+04
4.241731179515372962e+06,-7.557715195051283308e-01,6.376127328847097653e-01,-1.969277197384572355e+04,-2.278822328323152033e+04
4.254355379454406910e+06,-7.574300787595088513e-01,6.356863374743414452e-01,-1.963437010400479994e+04,-2.283768371008266331e+04
4.266979579393440858e+06,-7.590836756462725488e-01,6.337557620959466398e-01,-1.957584815869049271e+04,-2.288699307987452266e+04
4.279603779332474805e+06,-7.607322999592026624e-01,6.318210209045220793e-01,-1.951720637184023144e+04,-2.293615097025878640e+04
4.292227979271507822e+06,-7.623759415274050655e-01,6.298821280637113551e-01,-1.945844497931257138e+04,-2.298515696109482087e+04
4.304852179210541770e+06,-7.640145902153093749e-01,6.279390977458046974e-01,-1.939956421888718614e+04,-2.303401063444970714e+04
4.317476379149575718e+06,-7.656482359226673973e-01,6.259919441317396416e-01,-1.934056433026489321e+04,-2.308271157459821188e+04
4.330100579088609666e+06,-7.672768685845542391e-01,6.240406814111004730e-01,-1.928144555506763572e+04,-2.313125936802280194e+04
4.342724779027643614e+06,-7.689004781713684178e-01,6.220853237821185600e-01,-1.922220813683849701e+04,-2.317965360341362975e+04
4.355348978966677561e+06,-7.705190546888311953e-01,6.201258854516720209e-01,-1.916285232104167517e+04,-2.322789387166855522e+04
4.367973178905711509e+06,-7.721325881779865785e-01,6.181623806352859463e-01,-1.910337835506251577e+04,-2.327597976589313112e+04
4.380597378844745457e+06,-7.737410687152022071e-01,6.161948235571323984e-01,-1.904378648820748276e+04,-2.332391088140060310e+04
4.393221578783779405e+06,-7.753444864121681324e-01,6.142232284500303008e-01,-1.898407697170417669e+04,-2.337168681571191337e+04
4.405845778722813353e+06,-7.769428314158980386e-01,6.122476095554454378e-01,-1.892425005870133100e+04,-2.341930716855570063e+04
4.418469978661846370e+06,-7.785360939087280219e-01,6.102679811234911211e-01,-1.886430600426880846e+04,-2.346677154186830012e+04
4.431094178600880317e+06,-7.801242641083179219e-01,6.082843574129265241e-01,-1.880424506539759386e+04,-2.351407953979373997e+04
4.443718378539914265e+06,-7.817073322676498792e-01,6.062967526911585692e-01,-1.874406750099981582e+04,-2.356123076868375574e+04
4.456342578478948213e+06,-7.832852886750295562e-01,6.043051812342408180e-01,-1.868377357190872863e+04,-2.360822483709776134e+04
4.468966778417982161e+06,-7.848581236540855821e-01,6.023096573268739151e-01,-1.862336354087871950e+04,-2.365506135580287446e+04
4.481590978357016109e+06,-7.864258275637693307e-01,6.003101952624051441e-01,-1.856283767258530133e+04,-2.370173993777391297e+04
4.494215178296050057e+06,-7.879883907983554758e-01,5.983068093428290934e-01,-1.850219623362511993e+04,-2.374826019819338035e+04
4.506839378235084005e+06,-7.895458037874417689e-01,5.962995138787868799e-01,-1.844143949251595768e+04,-2.379462175445149114e+04
4.519463578174117953e+06,-7.910980569959485953e-01,5.942883231895667029e-01,-1.838056771969672263e+04,-2.384082422614613824e+04
4.532087778113150969e+06,-7.926451409241198620e-01,5.922732516031041783e-01,-1.831958118752745941e+04,-2.388686723508291470e+04
4.544711978052184917e+06,-7.941870461075223320e-01,5.902543134559808946e-01,-1.825848017028933100e+04,-2.393275040527512829e+04
4.557336177991218865e+06,-7.957237631170457348e-01,5.882315230934261896e-01,-1.819726494418464063e+04,-2.397847336294375782e+04
4.569960377930252813e+06,-7.972552825589027670e-01,5.862048948693157069e-01,-1.813593578733682443e+04,-2.402403573651748957e+04
4.582584577869286761e+06,-7.987815950746293137e-01,5.841744431461726172e-01,-1.807449297979044422e+04,-2.406943715663270268e+04
4.595208777808320709e+06,-8.003026913410842269e-01,5.821401822951666194e-01,-1.801293680351119474e+04,-2.411467725613347284e+04
4.607832977747354656e+06,-8.018185620704494365e-01,5.801021266961146061e-01,-1.795126754238590001e+04,-2.415975567007157588e+04
4.620457177686388604e+06,-8.033291980102297281e-01,5.780602907374798871e-01,-1.788948548222252430e+04,-2.420467203570647325e+04
4.633081377625422552e+06,-8.048345899432529649e-01,5.760146888163734102e-01,-1.782759091075014658e+04,-2.424942599250533021e+04
4.645705577564455569e+06,-8.063347286876704212e-01,5.739653353385526513e-01,-1.776558411761899333e+04,-2.429401718214300490e+04
4.658329777503489517e+06,-8.078296050969557829e-01,5.719122447184219471e-01,-1.770346539440040215e+04,-2.433844524850206290e+04
4.670953977442523465e+06,-8.093192100599063687e-01,5.698554313790324954e-01,-1.764123503458686537e+04,-2.438270983767274083e+04
4.683578177381557412e+06,-8.108035345006420203e-01,5.677949097520830213e-01,-1.757889333359198645e+04,-2.442681059795299370e+04
4.696202377320591360e+06,-8.122825693786059897e-01,5.657306942779184444e-01,-1.751644058875051269e+04,-2.447074717984845847e+04
4.708826577259625308e+06,-8.137563056885643853e-01,5.636627994055309898e-01,-1.745387709931831341e+04,-2.451451923607247954e+04
4.721450777198659256e+06,-8.152247344606062818e-01,5.615912395925597433e-01,-1.739120316647239451e+04,-2.455812642154608693e+04
4.734074977137693204e+06,-8.166878467601439429e-01,5.595160293052907630e-01,-1.732841909331089482e+04,-2.460156839339801081e+04
4.746699177076727152e+06,-8.181456336879124880e-01,5.574371830186570786e-01,-1.726552518485307155e+04,-2.464484481096467789e+04
4.759323377015761100e+06,-8.195980863799703364e-01,5.553547152162383593e-01,-1.720252174803932940e+04,-2.468795533579021139e+04
4.771947576954794116e+06,-8.210451960076984301e-01,5.532686403902616901e-01,-1.713940909173119871e+04,-2.473089963162642016e+04
4.784571776893828064e+06,-8.224869537778014550e-01,5.511789730416004618e-01,-1.707618752671132825e+04,-2.477367736443282774e+04
4.797195976832862012e+06,-8.239233509323066196e-01,5.490857276797754816e-01,-1.701285736568351058e+04,-2.481628820237663604e+04
4.809820176771895960e+06,-8.253543787485643213e-01,5.469889188229543064e-01,-1.694941892327267124e+04,-2.485873181583275436e+04
4.822444376710929908e+06,-8.267800285392479243e-01,5.448885609979515765e-01,-1.688587251602485776e+04,-2.490100787738378494e+04
4.835068576649963856e+06,-8.282002916523538705e-01,5.427846687402284598e-01,-1.682221846240725426e+04,-2.494311606182001560e+04
4.847692776588997804e+06,-8.296151594712017907e-01,5.406772565938936514e-01,-1.675845708280817053e+04,-2.498505604613944524e+04
4.860316976528031752e+06,-8.310246234144337274e-01,5.385663391117021526e-01,-1.669458869953706017e+04,-2.502682750954776202e+04
4.872941176467065699e+06,-8.324286749360156890e-01,5.364519308550563803e-01,-1.663061363682448791e+04,-2.506843013345834333e+04
4.885565376406098716e+06,-8.338273055252358734e-01,5.343340463940053908e-01,-1.656653222082216962e+04,-2.510986360149227403e+04
4.898189576345132664e+06,-8.352205067067062227e-01,5.322127003072453233e-01,-1.650234477960293589e+04,-2.515112759947833183e+04
4.910813776284166612e+06,-8.366082700403610906e-01,5.300879071821191779e-01,-1.643805164316075752e+04,-2.519222181545298008e+04
4.923437976223200560e+06,-8.379905871214584634e-01,5.279596816146167049e-01,-1.637365314341073099e+04,-2.523314593966039320e+04
4.936062176162234508e+06,-8.393674495805785174e-01,5.258280382093749594e-01,-1.630914961418908933e+04,-2.527389966455243120e+04
4.948686376101268455e+06,-8.407388490836252837e-01,5.236929915796776358e-01,-1.624454139125319125e+04,-2.531448268478865066e+04
4.961310576040302403e+06,-8.421047773318255381e-01,5.215545563474555113e-01,-1.617982881228153019e+04,-2.535489469723630828e+04
4.973934775979336351e+06,-8.434652260617289121e-01,5.194127471432862242e-01,-1.611501221687372890e+04,-2.539513540097035366e+04
4.986558975918370299e+06,-8.448201870452082263e-01,5.172675786063943848e-01,-1.605009194655054125e+04,-2.543520449727343657e+04
4.999183175857403316e+06,-8.461696520894592677e-01,5.151190653846515755e-01,-1.598506834475385767e+04,-2.547510168963588876e+04
5.011807375796437263e+06,-8.475136130370011234e-01,5.129672221345759064e-01,-1.591994175684668153e+04,-2.551482668375575668e+04
5.024431575735471211e+06,-8.488520617656756251e-01,5.108120635213327931e-01,-1.585471253011316549e+04,-2.555437918753877238e+04
5.037055775674505159e+06,-8.501849901886475713e-01,5.086536042187347340e-01,-1.578938101375858787e+04,-2.559375891109836084e+04
5.049679975613539107e+06,-8.515123902544050605e-01,5.064918589092407553e-01,-1.572394755890935630e+04,-2.563296556675565807e+04
5.062304175552573055e+06,-8.528342539467590466e-01,5.043268422839571885e-01,-1.565841251861300952e+04,-2.567199886903946754e+04
5.074928375491607003e+06,-8.541505732848433396e-01,5.021585690426368931e-01,-1.559277624783822102e+04,-2.571085853468632558e+04
5.087552575430640951e+06,-8.554613403231152713e-01,4.999870538936799780e-01,-1.552703910347478995e+04,-2.574954428264042872e+04
5.100176775369674899e+06,-8.567665471513548070e-01,4.978123115541333576e-01,-1.546120144433364840e+04,-2.578805583405368816e+04
5.112800975308707915e+06,-8.580661858946651011e-01,4.956343567496909741e-01,-1.539526363114686319e+04,-2.582639291228571528e+04
5.125425175247741863e+06,-8.593602487134723855e-01,4.934532042146933528e-01,-1.532922602656761956e+04,-2.586455524290380345e+04
5.138049375186775811e+06,-8.606487278035255262e-01,4.912688686921283798e-01,-1.526308899517025202e+04,-2.590254255368294980e+04
5.150673575125809759e+06,-8.619316153958970217e-01,4.890813649336305802e-01,-1.519685290345020621e+04,-2.594035457460585167e+04
5.163297775064843707e+06,-8.632089037569821155e-01,4.868907076994815619e-01,-1.513051811982407889e+04,-2.597799103786288833e+04
5.175921975003877655e+06,-8.644805851884989067e-01,4.846969117586099052e-01,-1.506408501462958338e+04,-2.601545167785214653e+04
5.188546174942911603e+06,-8.657466520274887944e-01,4.824999918885908290e-01,-1.499755396012556957e+04,-2.605273623117940224e+04
5.201170374881945550e+06,-8.670070966463160334e-01,4.802999628756469130e-01,-1.493092533049201666e+04,-2.608984443665813524e+04
5.213794574820979498e+06,-8.682619114526681781e-01,4.780968395146472094e-01,-1.486419950183003311e+04,-2.612677603530951092e+04
5.226418774760013446e+06,-8.695110888895553058e-01,4.758906366091080753e-01,-1.479737685216186765e+04,-2.616353077036239847e+04
5.239042974699046463e+06,-8.707546214353109049e-01,4.736813689711926734e-01,-1.473045776143089097e+04,-2.620010838725335998e+04
5.251667174638080411e+06,-8.719925016035917631e-01,4.714690514217108608e-01,-1.466344261150159946e+04,-2.623650863362665405e+04
5.264291374577114359e+06,-8.732247219433770802e-01,4.692536987901195777e-01,-1.459633178615962970e+04,-2.627273125933423216e+04
5.276915574516148306e+06,-8.744512750389694666e-01,4.670353259145229585e-01,-1.452912567111174940e+04,-2.630877601643574599e+04
5.289539774455182254e+06,-8.756721535099944997e-01,4.648139476416717208e-01,-1.446182465398585555e+04,-2.634464265919854006e+04
5.302163974394216202e+06,-8.768873500114003905e-01,4.625895788269636655e-01,-1.439442912433097445e+04,-2.638033094409765545e+04
5.314788174333250150e+06,-8.780968572334593159e-01,4.603622343344434542e-01,-1.432693947361726350e+04,-2.641584062981582974e+04
5.327412374272284098e+06,-8.793006679017656424e-01,4.581319290368028319e-01,-1.425935609523601306e+04,-2.645117147724349343e+04
5.340036574211318046e+06,-8.804987747772369255e-01,4.558986778153801822e-01,-1.419167938449964277e+04,-2.648632324947877714e+04
5.352660774150351062e+06,-8.816911706561139095e-01,4.536624955601611942e-01,-1.412390973864170519e+04,-2.652129571182750442e+04
5.365284974089385010e+06,-8.828778483699605273e-01,4.514233971697779735e-01,-1.405604755681687675e+04,-2.655608863180319895e+04
5.377909174028418958e+06,-8.840588007856634567e-01,4.491813975515100421e-01,-1.398809324010097771e+04,-2.659070177912707368e+04
5.390533373967452906e+06,-8.852340208054323423e-01,4.469365116212835609e-01,-1.392004719149094308e+04,-2.662513492572803807e+04
5.403157573906486854e+06,-8.864035013668001284e-01,4.446887543036717183e-01,-1.385190981590485353e+04,-2.665938784574270539e+04
5.415781773845520802e+06,-8.875672354426227262e-01,4.424381405318947302e-01,-1.378368152018191358e+04,-2.669346031551537453e+04
5.428405973784554750e+06,-8.887252160410789026e-01,4.401846852478195626e-01,-1.371536271308246251e+04,-2.672735211359804816e+04
5.441030173723588698e+06,-8.898774362056706133e-01,4.379284034019601535e-01,-1.364695380528796159e+04,-2.676106302075042186e+04
5.453654373662622645e+06,-8.910238890152227809e-01,4.356693099534775793e-01,-1.357845520940101414e+04,-2.679459281993988043e+04
5.466278573601655662e+06,-8.921645675838834055e-01,4.334074198701797220e-01,-1.350986733994535280e+04,-2.682794129634151250e+04
5.478902773540689610e+06,-8.932994650611234544e-01,4.311427481285208807e-01,-1.344119061336583036e+04,-2.686110823733810685e+04
5.491526973479723558e+06,-8.944285746317370833e-01,4.288753097136031034e-01,-1.337242544802843804e+04,-2.689409343252013423e+04
5.504151173418757506e+06,-8.955518895158414150e-01,4.266051196191749106e-01,-1.330357226422030362e+04,-2.692689667368577284e+04
5.516775373357791454e+06,-8.966694029688763168e-01,4.243321928476317950e-01,-1.323463148414967509e+04,-2.695951775484089012e+04
5.529399573296825401e+06,-8.977811082816050670e-01,4.220565444100161656e-01,-1.316560353194593881e+04,-2.699195647219905732e+04
5.542023773235859349e+06,-8.988869987801136885e-01,4.197781893260175701e-01,-1.309648883365961046e+04,-2.702421262418152764e+04
5.554647973174893297e+06,-8.999870678258116152e-01,4.174971426239723060e-01,-1.302728781726233683e+04,-2.705628601141726540e+04
5.567272173113927245e+06,-9.010813088154309147e-01,4.152134193408635876e-01,-1.295800091264689399e+04,-2.708817643674292049e+04
5.579896373052961193e+06,-9.021697151810268434e-01,4.129270345223214900e-01,-1.288862855162718915e+04,-2.711988370520284298e+04
5.592520572991994210e+06,-9.032522803899776243e-01,4.106380032226235044e-01,-1.281917116793826426e+04,-2.715140762404907582e+04
5.605144772931028157e+06,-9.043289979449848914e-01,4.083463405046930950e-01,-1.274962919723628511e+04,-2.718274800274136214e+04
5.617768972870062105e+06,-9.053998613840725795e-01,4.060520614401015860e-01,-1.268000307709854678e+04,-2.721390465294713795e+04
5.630393172809096053e+06,-9.064648642805882561e-01,4.037551811090667742e-01,-1.261029324702349186e+04,-2.724487738854153213e+04
5.643017372748130001e+06,-9.075240002432024555e-01,4.014557146004534283e-01,-1.254050014843067765e+04,-2.727566602560737738e+04
5.655641572687163949e+06,-9.085772629159084568e-01,3.991536770117732891e-01,-1.247062422466079624e+04,-2.730627038243519200e+04
5.668265772626197897e+06,-9.096246459780227278e-01,3.968490834491850694e-01,-1.240066592097567445e+04,-2.733669027952320175e+04
5.680889972565231845e+06,-9.106661431441848142e-01,3.945419490274943985e-01,-1.233062568455826658e+04,-2.736692553957731798e+04
5.693514172504265793e+06,-9.117017481643572285e-01,3.922322888701537669e-01,-1.226050396451265988e+04,-2.739697598751115584e+04
5.706138372443298809e+06,-9.127314548238255609e-01,3.899201181092628588e-01,-1.219030121186407996e+04,-2.742684145044601246e+04
5.718762572382332757e+06,-9.137552569431983684e-01,3.876054518855675535e-01,-1.212001787955885629e+04,-2.745652175771089969e+04
5.731386772321366705e+06,-9.147731483784073969e-01,3.852883053484614240e-01,-1.204965442246447856e+04,-2.748601674084251863e+04
5.744010972260400653e+06,-9.157851230207071369e-01,3.829686936559847932e-01,-1.197921129736955481e+04,-2.751532623358525598e+04
5.756635172199434601e+06,-9.167911747966753788e-01,3.806466319748247340e-01,-1.190868896298382970e+04,-2.754445007189120952e+04
5.769259372138468549e+06,-9.177912976682128798e-01,3.783221354803152914e-01,-1.183808787993816986e+04,-2.757338809392015537e+04
5.781883572077502497e+06,-9.187854856325433639e-01,3.759952193564375378e-01,-1.176740851078457854e+04,-2.760214014003958437e+04
5.794507772016536444e+06,-9.197737327222132997e-01,3.736658987958194622e-01,-1.169665131999619553e+04,-2.763070605282466931e+04
5.807131971955570392e+06,-9.207560330050930109e-01,3.713341889997358036e-01,-1.162581677396728082e+04,-2.765908567705828682e+04
5.819756171894603409e+06,-9.217323805843748996e-01,3.690001051781087171e-01,-1.155490534101323465e+04,-2.768727885973100274e+04
5.832380371833637357e+06,-9.227027695985751121e-01,3.666636625495064972e-01,-1.148391749137057559e+04,-2.771528545004108673e+04
5.845004571772671305e+06,-9.236671942215325393e-01,3.643248763411450764e-01,-1.141285369719696428e+04,-2.774310529939449407e+04
5.857628771711705253e+06,-9.246256486624090387e-01,3.619837617888868042e-01,-1.134171443257119063e+04,-2.777073826140488381e+04
5.870252971650739200e+06,-9.255781271656897680e-01,3.596403341372413354e-01,-1.127050017349317204e+04,-2.779818419189361157e+04
5.882877171589773148e+06,-9.265246240111822962e-01,3.572946086393651854e-01,-1.119921139788396067e+04,-2.782544294888972581e+04
5.895501371528807096e+06,-9.274651335140179365e-01,3.549466005570615645e-01,-1.112784858558573796e+04,-2.785251439262996428e+04
5.908125571467841044e+06,-9.283996500246507466e-01,3.525963251607809879e-01,-1.105641221836181467e+04,-2.787939838555877213e+04
5.920749771406874992e+06,-9.293281679288578623e-01,3.502437977296203875e-01,-1.098490277989663446e+04,-2.790609479232828380e+04
5.933373971345908940e+06,-9.302506816477390528e-01,3.478890335513241672e-01,-1.091332075579577213e+04,-2.793260347979833023e+04
5.945998171284941956e+06,-9.311671856377180534e-01,3.455320479222834806e-01,-1.084166663358593723e+04,-2.795892431703643524e+04
5.958622371223975904e+06,-9.320776743905404560e-01,3.431728561475360650e-01,-1.076994090271495406e+04,-2.798505717531783012e+04
5.971246571163009852e+06,-9.329821424332758184e-01,3.408114735407668516e-01,-1.069814405455179804e+04,-2.801100192812543173e+04
5.983870771102043800e+06,-9.338805843283164432e-01,3.384479154243077992e-01,-1.062627658238656295e+04,-2.803675845114984986e+04
5.996494971041077748e+06,-9.347729946733774886e-01,3.360821971291378940e-01,-1.055433898143047918e+04,-2.806232662228939807e+04
6.009119170980111696e+06,-9.356593681014969688e-01,3.337143339948824283e-01,-1.048233174881590458e+04,-2.808770632165008283e+04
6.021743370919145644e+06,-9.365396992810366417e-01,3.313443413698143325e-01,-1.041025538359633538e+04,-2.811289743154560711e+04
6.034367570858179592e+06,-9.374139829156807879e-01,3.289722346108532314e-01,-1.033811038674638803e+04,-2.813789983649737042e+04
6.046991770797213539e+06,-9.382822137444366550e-01,3.265980290835654998e-01,-1.026589726116181555e+04,-2.816271342323446152e+04
6.059615970736246556e+06,-9.391443865416347903e-01,3.242217401621648176e-01,-1.019361651165950752e+04,-2.818733808069367296e+04
6.072240170675280504e+06,-9.400004961169287077e-01,3.218433832295111152e-01,-1.012126864497747010e+04,-2.821177370001949021e+04
6.084864370614314452e+06,-9.408505373152945550e-01,3.194629736771118500e-01,-1.004885416977484783e+04,-2.823602017456409158e+04
6.097488570553348400e+06,-9.416945050170323350e-01,3.170805269051213959e-01,-9.976373596631925466e+03,-2.826007739988735921e+04
6.110112770492382348e+06,-9.425323941377641290e-01,3.146960583223406549e-01,-9.903827438050097044e+03,-2.828394527375686448e+04
6.122736970431416295e+06,-9.433641996284360953e-01,3.123095833462179449e-01,-9.831216208451916827e+03,-2.830762369614787531e+04
6.135361170370450243e+06,-9.441899164753162488e-01,3.099211174028480564e-01,-9.758540424181041089e+03,-2.833111256924335612e+04
6.147985370309484191e+06,-9.450095396999964592e-01,3.075306759269730850e-01,-9.685800603502280865e+03,-2.835441179743396424e+04
6.160609570248518139e+06,-9.458230643593917852e-01,3.051382743619815985e-01,-9.612997266601552838e+03,-2.837752128731806442e+04
6.173233770187551156e+06,-9.466304855457391421e-01,3.027439281599098031e-01,-9.540130935585935731e+03,-2.840044094770169613e+04
6.185857970126585104e+06,-9.474317983865998549e-01,3.003476527814401553e-01,-9.467202134483608461e+03,-2.842317068959861717e+04
6.198482170065619051e+06,-9.482269980448576607e-01,2.979494636959020837e-01,-9.394211389243899248e+03,-2.844571042623026733e+04
6.211106370004652999e+06,-9.490160797187193742e-01,2.955493763812724883e-01,-9.321159227737260153e+03,-2.846806007302578655e+04
6.223730569943686947e+06,-9.497990386417144437e-01,2.931474063241747419e-01,-9.248046179755281628e+03,-2.849021954762200767e+04
6.236354769882720895e+06,-9.505758700826959506e-01,2.907435690198792444e-01,-9.174872777010681602e+03,-2.851218876986346731e+04
6.248978969821754843e+06,-9.513465693458398320e-01,2.883378799723033681e-01,-9.101639553137301846e+03,-2.853396766180238410e+04
6.261603169760788791e+06,-9.521111317706452137e-01,2.859303546940113461e-01,-9.028347043690124337e+03,-2.855555614769868407e+04
6.274227369699822739e+06,-9.528695527319336334e-01,2.835210087062144391e-01,-8.954995786145251259e+03,-2.857695415401999344e+04
6.286851569638856687e+06,-9.536218276398502613e-01,2.811098575387708243e-01,-8.881586319899935916e+03,-2.859816160944161311e+04
6.299475769577889703e+06,-9.543679519398629019e-01,2.786969167301856509e-01,-8.808119186272542720e+03,-2.861917844484655870e+04
6.312099969516923651e+06,-9.551079211127633251e-01,2.762822018276104852e-01,-8.734594928502572657e+03,-2.864000459332553874e+04
6.324724169455957599e+06,-9.558417306746647135e-01,2.738657283868445314e-01,-8.661014091750654188e+03,-2.866063999017695460e+04
6.337348369394991547e+06,-9.565693761770046599e-01,2.714475119723335772e-01,-8.587377223098563263e+03,-2.868108457290690058e+04
6.349972569334025495e+06,-9.572908532065431686e-01,2.690275681571704380e-01,-8.513684871549185118e+03,-2.870133828122916748e+04
6.362596769273059443e+06,-9.580061573853634327e-01,2.666059125230947346e-01,-8.439937588026548838e+03,-2.872140105706525355e+04
6.375220969212093391e+06,-9.587152843708716121e-01,2.641825606604931709e-01,-8.366135925375810984e+03,-2.874127284454433175e+04
6.387845169151127338e+06,-9.594182298557970556e-01,2.617575281683992006e-01,-8.292280438363259236e+03,-2.876095359000329699e+04
6.400469369090161286e+06,-9.601149895681919677e-01,2.593308306544935271e-01,-8.218371683676312387e+03,-2.878044324198671166e+04
6.413093569029194303e+06,-9.608055592714316306e-01,2.569024837351033819e-01,-8.144410219923527620e+03,-2.879974175124684916e+04
6.425717768968228251e+06,-9.614899347642144045e-01,2.544725030352029682e-01,-8.070396607634569591e+03,-2.881884907074368675e+04
6.438341968907262199e+06,-9.621681118805612831e-01,2.520409041884138501e-01,-7.996331409260261353e+03,-2.883776515564488363e+04
6.450966168846296147e+06,-9.628400864898171152e-01,2.496077028370038697e-01,-7.922215189172540704e+03,-2.885648996332580282e+04
6.463590368785330094e+06,-9.635058544966494942e-01,2.471729146318885351e-01,-7.848048513664485654e+03,-2.887502345336949656e+04
6.476214568724364042e+06,-9.641654118410482033e-01,2.447365552326295213e-01,-7.773831950950294413e+03,-2.889336558756671366e+04
6.488838768663397990e+06,-9.648187544983271025e-01,2.422986403074360862e-01,-7.699566071165309040e+03,-2.891151632991590304e+04
6.501462968602431938e+06,-9.654658784791226855e-01,2.398591855331640155e-01,-7.625251446365988159e+03,-2.892947564662320656e+04
6.514087168541465886e+06,-9.661067798293945241e-01,2.374182065953160392e-01,-7.550888650529934239e+03,-2.894724350610246620e+04
6.526711368480498902e+06,-9.667414546304248235e-01,2.349757191880421925e-01,-7.476478259555879049e+03,-2.896481987897521321e+04
6.539335568419532850e+06,-9.673698989988198660e-01,2.325317390141389273e-01,-7.402020851263669101e+03,-2.898220473807068265e+04
6.551959768358566798e+06,-9.679921090865074573e-01,2.300862817850499453e-01,-7.327517005394305670e+03,-2.899939805842579517e+04
6.564583968297600746e+06,-9.686080810807400354e-01,2.276393632208655871e-01,-7.252967303609902956e+03,-2.901639981728517523e+04
6.577208168236634694e+06,-9.692178112040918947e-01,2.251909990503236647e-01,-7.178372329493720827e+03,-2.903320999410114018e+04
6.589832368175668642e+06,-9.698212957144607405e-01,2.227412050108082409e-01,-7.103732668550130256e+03,-2.904982857053370390e+04
6.602456568114702590e+06,-9.704185309050675778e-01,2.202899968483508775e-01,-7.029048908204655163e+03,-2.906625553045057677e+04
6.615080768053736538e+06,-9.710095131044557126e-01,2.178373903176297477e-01,-6.954321637803934209e+03,-2.908249085992716209e+04
6.627704967992770486e+06,-9.715942386764926386e-01,2.153834011819699690e-01,-6.879551448615746267e+03,-2.909853454724655967e+04
6.640329167931803502e+06,-9.721727040203673731e-01,2.129280452133439916e-01,-6.804738933829001326e+03,-2.911438658289956948e+04
6.652953367870837450e+06,-9.727449055705936765e-01,2.104713381923704052e-01,-6.729884688553727756e+03,-2.913004695958468074e+04
6.665577567809871398e+06,-9.733108397970067216e-01,2.080132959083151045e-01,-6.654989309821099596e+03,-2.914551567220808283e+04
6.678201767748905346e+06,-9.738705032047659804e-01,2.055539341590914004e-01,-6.580053396583407448e+03,-2.916079271788366168e+04
6.690825967687939294e+06,-9.744238923343530034e-01,2.030932687512588541e-01,-6.505077549714096676e+03,-2.917587809593299608e+04
6.703450167626973242e+06,-9.749710037615731961e-01,2.006313155000243875e-01,-6.430062372007718295e+03,-2.919077180788536498e+04
6.716074367566007189e+06,-9.755118340975542646e-01,1.981680902292415891e-01,-6.355008468179968986e+03,-2.920547385747773660e+04
6.728698567505041137e+06,-9.760463799887474368e-01,1.957036087714107420e-01,-6.279916444867665632e+03,-2.921998425065477568e+04
6.741322767444075085e+06,-9.765746381169266854e-01,1.932378869676797950e-01,-6.204786910628770784e+03,-2.923430299556885075e+04
6.753946967383109033e+06,-9.770966051991893941e-01,1.907709406678431419e-01,-6.129620475942359917e+03,-2.924843010258001596e+04
6.766571167322142050e+06,-9.776122779879552471e-01,1.883027857303422592e-01,-6.054417753208665090e+03,-2.926236558425603289e+04
6.779195367261175998e+06,-9.781216532709681166e-01,1.858334380222652071e-01,-5.979179356749011276e+03,-2.927610945537234511e+04
6.791819567200209945e+06,-9.786247278712935094e-01,1.833629134193471288e-01,-5.903905902805887308e+03,-2.928966173291210362e+04
6.804443767139243893e+06,-9.791214986473210091e-01,1.808912278059704448e-01,-5.828598009542904038e+03,-2.930302243606614502e+04
6.817067967078277841e+06,-9.796119624927630554e-01,1.784183970751642145e-01,-5.753256297044796156e+03,-2.931619158623302064e+04
6.829692167017311789e+06,-9.800961163366543882e-01,1.759444371286045528e-01,-5.677881387317442204e+03,-2.932916920701894560e+04
6.842316366956345737e+06,-9.805739571433541579e-01,1.734693638766140744e-01,-5.602473904287828191e+03,-2.934195532423786426e+04
6.854940566895379685e+06,-9.810454819125431491e-01,1.709931932381630049e-01,-5.527034473804103982e+03,-2.935454996591139570e+04
6.867564766834413633e+06,-9.815106876792258905e-01,1.685159411408679309e-01,-5.451563723635523274e+03,-2.936695316226886280e+04
6.880188966773446649e+06,-9.819695715137297665e-01,1.660376235209930218e-01,-5.376062283472485433e+03,-2.937916494574728131e+04
6.892813166712480597e+06,-9.824221305217055722e-01,1.635582563234481146e-01,-5.300530784926506385e+03,-2.939118535099137080e+04
6.905437366651514545e+06,-9.828683618441264036e-01,1.610778555017914893e-01,-5.224969861530251364e+03,-2.940301441485352552e+04
6.918061566590548493e+06,-9.833082626572891005e-01,1.585964370182273986e-01,-5.149380148737503987e+03,-2.941465217639386537e+04
6.930685766529582441e+06,-9.837418301728129144e-01,1.561140168436074005e-01,-5.073762283923180803e+03,-2.942609867688018130e+04
6.943309966468616389e+06,-9.841690616376405076e-01,1.536306109574297474e-01,-4.998116906383336755e+03,-2.943735395978797169e+04
6.955934166407650337e+06,-9.845899543340377313e-01,1.511462353478396914e-01,-4.922444657335145166e+03,-2.944841807080043145e+04
6.968558366346684285e+06,-9.850045055795928484e-01,1.486609060116298731e-01,-4.846746179916921392e+03,-2.945929105780844475e+04
6.981182566285718232e+06,-9.854127127272180875e-01,1.461746389542388780e-01,-4.771022119188099168e+03,-2.946997297091059590e+04
6.993806766224751249e+06,-9.858145731651475341e-01,1.436874501897535406e-01,-4.695273122129270632e+03,-2.948046386241316577e+04
7.006430966163785197e+06,-9.862100843169394615e-01,1.411993557409058908e-01,-4.619499837642117200e+03,-2.949076378683012808e+04
7.019055166102819145e+06,-9.865992436414743327e-01,1.387103716390763741e-01,-4.543702916549482325e+03,-2.950087280088315310e+04
7.031679366041853093e+06,-9.869820486329559106e-01,1.362205139242918805e-01,-4.467883011595331482e+03,-2.951079096350161126e+04
7.044303565980887040e+06,-9.873584968209112578e-01,1.337297986452262721e-01,-4.392040777444763080e+03,-2.952051833582256222e+04
7.056927765919920988e+06,-9.877285857701900706e-01,1.312382418592002165e-01,-4.316176870683993911e+03,-2.953005498119076219e+04
7.069551965858954936e+06,-9.880923130809653454e-01,1.287458596321812698e-01,-4.240291949820402806e+03,-2.953940096515867481e+04
7.082176165797988884e+06,-9.884496763887330451e-01,1.262526680387840716e-01,-4.164386675282465148e+03,-2.954855635548643477e+04
7.094800365737022832e+06,-9.888006733643118773e-01,1.237586831622699973e-01,-4.088461709419800172e+03,-2.955752122214189876e+04
7.107424565676056780e+06,-9.891453017138441828e-01,1.212639210945477136e-01,-4.012517716503163683e+03,-2.956629563730060909e+04
7.120048765615089796e+06,-9.894835591787946028e-01,1.187683979361725817e-01,-3.936555362724440783e+03,-2.957487967534579730e+04
7.132672965554123744e+06,-9.898154435359514114e-01,1.162721297963467820e-01,-3.860575316196634958e+03,-2.958327341286840237e+04
7.145297165493157692e+06,-9.901409525974257386e-01,1.137751327929191758e-01,-3.784578246953900816e+03,-2.959147692866704892e+04
7.157921365432191640e+06,-9.904600842106517922e-01,1.112774230523866231e-01,-3.708564826951496798e+03,-2.959949030374806171e+04
7.170545565371225588e+06,-9.907728362583861914e-01,1.087790167098916377e-01,-3.632535730065850657e+03,-2.960731362132546565e+04
7.183169765310259536e+06,-9.910792066587097437e-01,1.062799299092245936e-01,-3.556491632094479428e+03,-2.961494696682097128e+04
7.195793965249293484e+06,-9.913791933650252242e-01,1.037801788028219346e-01,-3.480433210756062181e+03,-2.962239042786399659e+04
7.208418165188327432e+06,-9.916727943660591515e-01,1.012797795517681732e-01,-3.404361145690400008e+03,-2.962964409429164880e+04
7.221042365127361380e+06,-9.919600076858604565e-01,9.877874832579353059e-02,-3.328276118458412384e+03,-2.963670805814872801e+04
7.233666565066394396e+06,-9.922408313838015914e-01,9.627710130327611637e-02,-3.252178812542169908e+03,-2.964358241368773815e+04
7.246290765005428344e+06,-9.925152635545781976e-01,9.377485467124031804e-02,-3.176069913344857923e+03,-2.965026725736886874e+04
7.258914964944462292e+06,-9.927833023282082170e-01,9.127202462535756455e-02,-3.099950108190794708e+03,-2.965676268786002038e+04
7.271539164883496240e+06,-9.930449458700333354e-01,8.876862736994677039e-02,-3.023820086325438751e+03,-2.966306880603677200e+04
7.284163364822530188e+06,-9.933001923807174283e-01,8.626467911797304489e-02,-2.947680538915374200e+03,-2.966918571498240999e+04
7.296787564761564136e+06,-9.935490400962488922e-01,8.376019609104880248e-02,-2.871532159048318135e+03,-2.967511351998791361e+04
7.309411764700598083e+06,-9.937914872879373140e-01,8.125519451943341576e-02,-2.795375641733113298e+03,-2.968085232855195500e+04
7.322035964639632031e+06,-9.940275322624165799e-01,7.874969064203282687e-02,-2.719211683899739000e+03,-2.968640225038090284e+04
7.334660164578665979e+06,-9.942571733616432095e-01,7.624370070640074104e-02,-2.643040984399307490e+03,-2.969176339738882962e+04
7.347284364517698996e+06,-9.944804089628968002e-01,7.373724096873665590e-02,-2.566864244004049397e+03,-2.969693588369749705e+04
7.359908564456732944e+06,-9.946972374787799165e-01,7.123032769388790153e-02,-2.490682165407342836e+03,-2.970191982563635611e+04
7.372532764395766892e+06,-9.949076573572180893e-01,6.872297715534801676e-02,-2.414495453223677032e+03,-2.970671534174256522e+04
7.385156964334800839e+06,-9.951116670814603715e-01,6.621520563525797043e-02,-2.338304813988692331e+03,-2.971132255276097203e+04
7.397781164273834787e+06,-9.953092651700780058e-01,6.370702942440603644e-02,-2.262110956159147463e+03,-2.971574158164412074e+04
7.410405364212868735e+06,-9.955004501769660896e-01,6.119846482222623257e-02,-2.185914590112945007e+03,-2.971997255355225934e+04
7.423029564151902683e+06,-9.956852206913420211e-01,5.868952813680047148e-02,-2.109716428149095009e+03,-2.972401559585331779e+04
7.435653764090936631e+06,-9.958635753377467204e-01,5.618023568485749908e-02,-2.033517184487762279e+03,-2.972787083812292985e+04
7.448277964029970579e+06,-9.960355127760441851e-01,5.367060379177246432e-02,-1.957317575270233647e+03,-2.973153841214442218e+04
7.460902163969004527e+06,-9.962010317014210470e-01,5.116064879156796003e-02,-1.881118318558921601e+03,-2.973501845190882159e+04
7.473526363908037543e+06,-9.963601308443875704e-01,4.865038702691348166e-02,-1.804920134337389754e+03,-2.973831109361485142e+04
7.486150563847071491e+06,-9.965128089707758763e-01,4.613983484912484445e-02,-1.728723744510294637e+03,-2.974141647566891697e+04
7.498774763786105439e+06,-9.966590648817429399e-01,4.362900861816548792e-02,-1.652529872903454816e+03,-2.974433473868514193e+04
7.511398963725139387e+06,-9.967988974137668157e-01,4.111792470264557381e-02,-1.576339245263814519e+03,-2.974706602548532828e+04
7.524023163664173335e+06,-9.969323054386501903e-01,3.860659947982206935e-02,-1.500152589259443630e+03,-2.974961048109897820e+04
7.536647363603207283e+06,-9.970592878635178291e-01,3.609504933559917750e-02,-1.423970634479552245e+03,-2.975196825276329037e+04
7.549271563542241231e+06,-9.971798436308174640e-01,3.358329066452750422e-02,-1.347794112434457929e+03,-2.975413948992316728e+04
7.561895763481275178e+06,-9.972939717183205710e-01,3.107133986980509591e-02,-1.271623756555647560e+03,-2.975612434423118975e+04
7.574519963420309126e+06,-9.974016711391214818e-01,2.855921336327649565e-02,-1.195460302195697295e+03,-2.975792296954764606e+04
7.587144163359342143e+06,-9.975029409416370507e-01,2.604692756543388818e-02,-1.119304486628348968e+03,-2.975953552194052463e+04
7.599768363298376091e+06,-9.975977802096074321e-01,2.353449890541525411e-02,-1.043157049048444605e+03,-2.976096215968549950e+04
7.612392563237410039e+06,-9.976861880620958578e-01,2.102194382100640649e-02,-9.670187305719919095e+02,-2.976220304326594123e+04
7.625016763176443987e+06,-9.977681636534887488e-01,1.850927875863978000e-02,-8.908902742360842240e+02,-2.976325833537292783e+04
7.637640963115477934e+06,-9.978437061734954927e-01,1.599652017339471891e-02,-8.147724249989987584e+02,-2.976412820090521564e+04
7.650265163054511882e+06,-9.979128148471481108e-01,1.348368452899800264e-02,-7.386659297401056392e+02,-2.976481280696927206e+04
7.662889362993545830e+06,-9.979754889348019242e-01,1.097078829782210593e-02,-6.625715372599188413e+02,-2.976531232287925377e+04
7.675513562932579778e+06,-9.980317277321355540e-01,8.457847960887950045e-03,-5.864899982800743601e+02,-2.976562692015701396e+04
7.688137762871613726e+06,-9.980815305701501439e-01,5.944880007862253860e-03,-5.104220654433484015e+02,-2.976575677253209869e+04
7.700761962810646743e+06,-9.981248968151704704e-01,3.431900937059269904e-03,-4.343684933136610198e+02,-2.976570205594175059e+04
7.713386162749680690e+06,-9.981618258688436107e-01,9.189272554395543210e-04,-3.583300383760361001e+02,-2.976546294853091968e+04
7.726010362688714638e+06,-9.981923171681404972e-01,-1.594024521388497572e-03,-2.823074590366377379e+02,-2.976503963065223070e+04
7.738634562627748586e+06,-9.982163701853541404e-01,-4.106937869170592011e-03,-2.063015156227702391e+02,-2.976443228486602311e+04
7.751258762566782534e+06,-9.982339844281016283e-01,-6.619796255004393309e-03,-1.303129703828526544e+02,-2.976364109594032197e+04
7.763882962505816482e+06,-9.982451594393221272e-01,-9.132583137341769575e-03,-5.434258748646243475e+01,-2.976266625085085252e+04
7.776507162444850430e+06,-9.982498947972786585e-01,-1.164528196598685339e-02,2.160886697572641424e+01,-2.976150793878102922e+04
7.789131362383884378e+06,-9.982481901155563220e-01,-1.415787618209696057e-02,9.754062499188148649e+01,-2.976016635112197400e+04
7.801755562322918326e+06,-9.982400450430646277e-01,-1.667034921818279225e-02,1.734519166290556313e+02,-2.975864168147249438e+04
7.814379762261952274e+06,-9.982254592640344981e-01,-1.918268449810793183e-02,2.493419700331651256e+02,-2.975693412563909806e+04
7.827003962200985290e+06,-9.982044324980210437e-01,-2.169486543708893170e-02,3.252100114289823978e+02,-2.975504388163598560e+04
7.839628162140019238e+06,-9.981769644999021196e-01,-2.420687544169584232e-02,4.010552651201833214e+02,-2.975297114968505775e+04
7.852252362079053186e+06,-9.981430550598781037e-01,-2.671869790985158255e-02,4.768769534892780939e+02,-2.975071613221590815e+04
7.864876562018087134e+06,-9.981027040034733400e-01,-2.923031623083175920e-02,5.526742969976694440e+02,-2.974827903386583057e+04
7.877500761957121082e+06,-9.980559111915348058e-01,-3.174171378526524645e-02,6.284465141856089758e+02,-2.974566006147980079e+04
7.890124961896155030e+06,-9.980026765202317796e-01,-3.425287394513441136e-02,7.041928216722299112e+02,-2.974285942411050928e+04
7.902749161835188977e+06,-9.979429999210573943e-01,-3.676378007377410079e-02,7.799124341555325373e+02,-2.973987733301833214e+04
7.915373361774222925e+06,-9.978768813608277499e-01,-3.927441552587253998e-02,8.556045644123914826e+02,-2.973671400167134561e+04
7.927997561713256873e+06,-9.978043208416819132e-01,-4.178476364747123889e-02,9.312684232985302515e+02,-2.973336964574531157e+04
7.940621761652289890e+06,-9.977253184010816955e-01,-4.429480777596407626e-02,1.006903219748572155e+03,-2.972984448312369932e+04
7.953245961591323838e+06,-9.976398741118124303e-01,-4.680453124009902738e-02,1.082508160775974829e+03,-2.972613873389766377e+04
7.965870161530357786e+06,-9.975479880819820844e-01,-4.931391735997633224e-02,1.158082451473110268e+03,-2.972225262036606728e+04
7.978494361469391733e+06,-9.974496604550215917e-01,-5.182294944704932821e-02,1.233625295011170238e+03,-2.971818636703546508e+04
7.991118561408425681e+06,-9.973448914096852969e-01,-5.433161080412492183e-02,1.309135892640246311e+03,-2.971394020062009804e+04
8.003742761347459629e+06,-9.972336811600502893e-01,-5.683988472536270764e-02,1.384613443689289852e+03,-2.970951435004191444e+04
8.016366961286493577e+06,-9.971160299555167361e-01,-5.934775449627514160e-02,1.460057145566119289e+03,-2.970490904643055546e+04
8.028991161225527525e+06,-9.969919380808081044e-01,-6.185520339372879706e-02,1.535466193757434667e+03,-2.970012452312334790e+04
8.041615361164561473e+06,-9.968614058559703839e-01,-6.436221468594188755e-02,1.610839781828788546e+03,-2.969516101566533689e+04
8.054239561103594489e+06,-9.967244336363729751e-01,-6.686877163248654277e-02,1.686177101424600551e+03,-2.969001876180923864e+04
8.066863761042628437e+06,-9.965810218127084674e-01,-6.937485748428794119e-02,1.761477342268179200e+03,-2.968469800151547679e+04
8.079487960981662385e+06,-9.964311708109919730e-01,-7.188045548362446968e-02,1.836739692161696439e+03,-2.967919897695217514e+04
8.092112160920696333e+06,-9.962748810925616816e-01,-7.438554886412707123e-02,1.911963336986176728e+03,-2.967352193249514676e+04
8.104736360859730281e+06,-9.961121531540794161e-01,-7.689012085077999437e-02,1.987147460701529781e+03,-2.966766711472790485e+04
8.117360560798764229e+06,-9.959429875275292998e-01,-7.939415465992044618e-02,2.062291245346539654e+03,-2.966163477244164824e+04
8.129984760737798177e+06,-9.957673847802192002e-01,-8.189763349923903646e-02,2.137393871038824727e+03,-2.965542515663528320e+04
8.142608960676832125e+06,-9.955853455147792852e-01,-8.440054056777944458e-02,2.212454515974917740e+03,-2.964903852051540161e+04
8.155233160615866072e+06,-9.953968703691633557e-01,-8.690285905593790605e-02,2.287472356430193031e+03,-2.964247511949631007e+04
8.167857360554899089e+06,-9.952019600166476243e-01,-8.940457214546407294e-02,2.362446566758895642e+03,-2.963573521119998986e+04
8.180481560493933037e+06,-9.950006151658322695e-01,-9.190566300946056977e-02,2.437376319394152233e+03,-2.962881905545612244e+04
8.193105760432966985e+06,-9.947928365606393264e-01,-9.440611481238349312e-02,2.512260784847956529e+03,-2.962172691430209670e+04
8.205729960372000933e+06,-9.945786249803149071e-01,-9.690591071004163448e-02,2.587099131711147493e+03,-2.961445905198299079e+04
8.218354160311034881e+06,-9.943579812394277573e-01,-9.940503384959704924e-02,2.661890526653467532e+03,-2.960701573495156481e+04
8.230978360250068828e+06,-9.941309061878691455e-01,-1.019034673695642795e-01,2.736634134423511568e+03,-2.959939723186830088e+04
8.243602560189102776e+06,-9.938974007108541953e-01,-1.044011943998114506e-01,2.811329117848730675e+03,-2.959160381360135216e+04
8.256226760128136724e+06,-9.936574657289205526e-01,-1.068981980615601596e-01,2.885974637835475733e+03,-2.958363575322659017e+04
8.268850960067170672e+06,-9.934111021979292744e-01,-1.093944614673842963e-01,2.960569853368935583e+03,-2.957549332602756112e+04
8.281475160006204620e+06,-9.931583111090638294e-01,-1.118899677212111393e-01,3.035113921513187961e+03,-2.956717680949551868e+04
8.294099359945237637e+06,-9.928990945047944106e-01,-1.143847011553105475e-01,3.109606326330208049e+03,-2.955868645183153058e+04
8.306723559884271584e+06,-9.926335060447422087e-01,-1.168787083300703994e-01,3.184063179700122873e+03,-2.955002082138104015e+04
8.319347759823305532e+06,-9.923615780848198398e-01,-1.193720081574959208e-01,3.258493478540251544e+03,-2.954117890573643308e+04
8.331971959762339480e+06,-9.920833140114485582e-01,-1.218645839606152942e-01,3.332896794881431106e+03,-2.953216054999908010e+04
8.344596159701373428e+06,-9.917987172383807559e-01,-1.243564190818040316e-01,3.407272701015011990e+03,-2.952296560177972060e+04
8.357220359640407376e+06,-9.915077912066990740e-01,-1.268474968827850435e-01,3.481620769492858926e+03,-2.951359391119847351e+04
8.369844559579441324e+06,-9.912105393848170687e-01,-1.293378007446285560e-01,3.555940573127349580e+03,-2.950404533088481912e+04
8.382468759518475272e+06,-9.909069652684779905e-01,-1.318273140677521105e-01,3.630231684991376824e+03,-2.949431971597762458e+04
8.395092959457509220e+06,-9.905970723807564493e-01,-1.343160202719207441e-01,3.704493678418346462e+03,-2.948441692412511838e+04
8.407717159396542236e+06,-9.902808642720568599e-01,-1.368039027962465459e-01,3.778726127002173598e+03,-2.947433681548490858e+04
8.420341359335577115e+06,-9.899583445201145526e-01,-1.392909450991897113e-01,3.852928604597308549e+03,-2.946407925272397188e+04
8.432965559274610132e+06,-9.896295167299952178e-01,-1.417771306585564883e-01,3.927100685318677279e+03,-2.945364410101866451e+04
8.445589759213645011e+06,-9.892943845340949061e-01,-1.442624429715019807e-01,4.001241943541764158e+03,-2.944303122805470775e+04
8.458213959152678028e+06,-9.889529515921405833e-01,-1.467468655545272338e-01,4.075351953902522837e+03,-2.943224050402719877e+04
8.470838159091711044e+06,-9.886052215911893537e-01,-1.492303819434816770e-01,4.149430291297455369e+03,-2.942127180164061065e+04
8.483462359030745924e+06,-9.882511982456286814e-01,-1.517129756935620410e-01,4.223476530883574014e+03,-2.941012499610878513e+04
8.496086558969778940e+06,-9.878908852971769461e-01,-1.541946303793114148e-01,4.297490248078376680e+03,-2.939879996515493985e+04
8.508710758908813819e+06,-9.875242865148825544e-01,-1.566753295946217150e-01,4.371471018559916956e+03,-2.938729658901166476e+04
8.521334958847846836e+06,-9.871514056951251614e-01,-1.591550569527305781e-01,4.445418418266717708e+03,-2.937561475042091843e+04
8.533959158786881715e+06,-9.867722466616137833e-01,-1.616337960862246903e-01,4.519332023397859302e+03,-2.936375433463403897e+04
8.546583358725914732e+06,-9.863868132653892395e-01,-1.641115306470365132e-01,4.593211410412895930e+03,-2.935171522941173680e+04
8.559207558664949611e+06,-9.859951093848217107e-01,-1.665882443064472807e-01,4.667056156031936553e+03,-2.933949732502408733e+04
8.571831758603982627e+06,-9.855971389256122928e-01,-1.690639207550842238e-01,4.740865837235559411e+03,-2.932710051425054917e+04
8.584455958543015644e+06,-9.851929058207931078e-01,-1.715385437029229299e-01,4.814640031264891149e+03,-2.931452469237994592e+04
8.597080158482050523e+06,-9.847824140307258611e-01,-1.740120968792863987e-01,4.888378315621571346e+03,-2.930176975721047711e+04
8.609704358421083540e+06,-9.843656675431033953e-01,-1.764845640328438769e-01,4.962080268067722500e+03,-2.928883560904971819e+04
8.622328558360118419e+06,-9.839426703729486912e-01,-1.789559289316134394e-01,5.035745466626023699e+03,-2.927572215071460960e+04
8.634952758299151435e+06,-9.835134265626154226e-01,-1.814261753629589913e-01,5.109373489579623310e+03,-2.926242928753147862e+04
8.647576958238186315e+06,-9.830779401817876240e-01,-1.838952871335933215e-01,5.182963915472229019e+03,-2.924895692733601027e+04
8.660201158177219331e+06,-9.826362153274803557e-01,-1.863632480695751048e-01,5.256516323108016877e+03,-2.923530498047326910e+04
8.672825358116254210e+06,-9.821882561240380394e-01,-1.888300420163118443e-01,5.330030291551723167e+03,-2.922147335979769196e+04
8.685449558055287227e+06,-9.817340667231366780e-01,-1.912956528385568178e-01,5.403505400128551628e+03,-2.920746198067309160e+04
8.698073757994320244e+06,-9.812736513037823016e-01,-1.937600644204119371e-01,5.476941228424254405e+03,-2.919327076097265308e+04
8.710697957933355123e+06,-9.808070140723115227e-01,-1.962232606653263045e-01,5.550337356285097485e+03,-2.917889962107892279e+04
8.723322157872388139e+06,-9.803341592623913137e-01,-1.986852254960953801e-01,5.623693363817827048e+03,-2.916434848388384125e+04
8.735946357811423019e+06,-9.798550911350193404e-01,-2.011459428548634243e-01,5.697008831389746774e+03,-2.914961727478869943e+04
8.748570557750456035e+06,-9.793698139785236290e-01,-2.036053967031205558e-01,5.770283339628633257e+03,-2.913470592170417876e+04
8.761194757689490914e+06,-9.788783321085628986e-01,-2.060635710217057770e-01,5.843516469422818773e+03,-2.911961435505032568e+04
8.773818957628523931e+06,-9.783806498681261177e-01,-2.085204498108038651e-01,5.916707801921104874e+03,-2.910434250775656255e+04
8.786443157567558810e+06,-9.778767716275326149e-01,-2.109760170899485643e-01,5.989856918532852433e+03,-2.908889031526167673e+04
8.799067357506591827e+06,-9.773667017844329674e-01,-2.134302568980193937e-01,6.062963400927889779e+03,-2.907325771551383878e+04
8.811691557445626706e+06,-9.768504447638072241e-01,-2.158831532932447284e-01,6.136026831036608201e+03,-2.905744464897058788e+04
8.824315757384659722e+06,-9.763280050179667935e-01,-2.183346903531988015e-01,6.209046791049862804e+03,-2.904145105859883915e+04
8.836939957323692739e+06,-9.757993870265530001e-01,-2.207848521748043968e-01,6.282022863419062560e+03,-2.902527688987486908e+04
8.849564157262727618e+06,-9.752645952965380838e-01,-2.232336228743315443e-01,6.354954630856123913e+03,-2.900892209078434462e+04
8.862188357201760635e+06,-9.747236343622242005e-01,-2.256809865873966037e-01,6.427841676333446230e+03,-2.899238661182229043e+04
8.874812557140795514e+06,-9.741765087852447547e-01,-2.281269274689646798e-01,6.500683583083990015e+03,-2.897567040599311076e+04
8.887436757079828531e+06,-9.736232231545630667e-01,-2.305714296933469021e-01,6.573479934601180503e+03,-2.895877342881058939e+04
8.900060957018863410e+06,-9.730637820864733722e-01,-2.330144774542029784e-01,6.646230314639004064e+03,-2.894169563829786784e+04
8.912685156957896426e+06,-9.724981902246000454e-01,-2.354560549645388079e-01,6.718934307211917258e+03,-2.892443699498747083e+04
8.925309356896931306e+06,-9.719264522398978201e-01,-2.378961464567088679e-01,6.791591496594935052e+03,-2.890699746192129533e+04
8.937933556835964322e+06,-9.713485728306526790e-01,-2.403347361824135497e-01,6.864201467323538964e+03,-2.888937700465060698e+04
8.950557756774997339e+06,-9.707645567224804095e-01,-2.427718084127019060e-01,6.936763804193760734e+03,-2.887157559123605461e+04
8.963181956714032218e+06,-9.701744086683273816e-01,-2.452073474379702633e-01,7.009278092262144128e+03,-2.885359319224763749e+04
8.975806156653065234e+06,-9.695781334484707692e-01,-2.476413375679608619e-01,7.081743916845714921e+03,-2.883542978076475993e+04
8.988430356592100114e+06,-9.689757358705179957e-01,-2.500737631317652698e-01,7.154160863522054569e+03,-2.881708533237616939e+04
9.001054556531133130e+06,-9.683672207694072886e-01,-2.525046084778205802e-01,7.226528518129221084e+03,-2.879855982518000383e+04
9.013678756470168009e+06,-9.677525930074065696e-01,-2.549338579739128807e-01,7.298846466765821788e+03,-2.877985323978376982e+04
9.026302956409201026e+06,-9.671318574741153418e-01,-2.573614960071742841e-01,7.371114295790938741e+03,-2.876096555930434624e+04
9.038927156348235905e+06,-9.665050190864625801e-01,-2.597875069840852591e-01,7.443331591824211500e+03,-2.874189676936797696e+04
9.051551356287268922e+06,-9.658720827887087301e-01,-2.622118753304726324e-01,7.515497941745748903e+03,-2.872264685811029995e+04
9.064175556226301938e+06,-9.652330535524439314e-01,-2.646345854915114759e-01,7.587612932696208190e+03,-2.870321581617630363e+04
9.076799756165336818e+06,-9.645879363765893499e-01,-2.670556219317242186e-01,7.659676152076757717e+03,-2.868360363672035601e+04
9.089423956104369834e+06,-9.639367362873962897e-01,-2.694749691349795362e-01,7.731687187549048758e+03,-2.866381031540620825e+04
9.102048156043404713e+06,-9.632794583384466369e-01,-2.718926116044950159e-01,7.803645627035291000e+03,-2.864383585040697290e+04
9.114672355982437730e+06,-9.626161076106529713e-01,-2.743085338628341030e-01,7.875551058718161585e+03,-2.862368024240513842e+04
9.127296555921472609e+06,-9.619466892122581214e-01,-2.767227204519089323e-01,7.947403071040898794e+03,-2.860334349459256555e+04
9.139920755860505626e+06,-9.612712082788357204e-01,-2.791351559329777743e-01,8.019201252707208369e+03,-2.858282561267049823e+04
9.152544955799540505e+06,-9.605896699732893174e-01,-2.815458248866473112e-01,8.090945192681357184e+03,-2.856212660484953085e+04
9.165169155738573521e+06,-9.599020794858537098e-01,-2.839547119128706387e-01,8.162634480188076850e+03,-2.854124648184965190e+04
9.177793355677606538e+06,-9.592084420340937223e-01,-2.863618016309490422e-01,8.234268704712649196e+03,-2.852018525690021488e+04
9.190417555616641417e+06,-9.585087628629044287e-01,-2.887670786795309974e-01,8.305847456000870807e+03,-2.849894294573994557e+04
9.203041755555674434e+06,-9.578030472445121513e-01,-2.911705277166114492e-01,8.377370324059018458e+03,-2.847751956661694203e+04
9.215665955494709313e+06,-9.570913004784732392e-01,-2.935721334195342536e-01,8.448836899153924605e+03,-2.845591514028867823e+04
9.228290155433742329e+06,-9.563735278916744020e-01,-2.959718804849889029e-01,8.520246771812893712e+03,-2.843412969002200043e+04
9.240914355372777209e+06,-9.556497348383329316e-01,-2.983697536290138008e-01,8.591599532823791378e+03,-2.841216324159311989e+04
9.253538555311810225e+06,-9.549199266999970348e-01,-3.007657375869933758e-01,8.662894773234946115e+03,-2.839001582328763834e+04
9.266162755250845104e+06,-9.541841088855447239e-01,-3.031598171136606346e-01,8.734132084355245752e+03,-2.836768746590051524e+04
9.278786955189878121e+06,-9.534422868311854815e-01,-3.055519769830946641e-01,8.805311057754057401e+03,-2.834517820273608595e+04
9.291411155128911138e+06,-9.526944660004580401e-01,-3.079422019887229633e-01,8.876431285261282028e+03,-2.832248806960806542e+04
9.304035355067946017e+06,-9.519406518842326026e-01,-3.103304769433203325e-01,8.947492358967345353e+03,-2.829961710483952629e+04
9.316659555006979033e+06,-9.511808500007095102e-01,-3.127167866790078743e-01,9.018493871223145106e+03,-2.827656534926293534e+04
9.329283754946013913e+06,-9.504150658954193531e-01,-3.151011160472554917e-01,9.089435414640141971e+03,-2.825333284622011342e+04
9.341907954885046929e+06,-9.496433051412237480e-01,-3.174834499188790016e-01,9.160316582090265001e+03,-2.822991964156226823e+04
9.354532154824081808e+06,-9.488655733383144497e-01,-3.198637731840429654e-01,9.231136966706004387e+03,-2.820632578364996516e+04
9.367156354763114825e+06,-9.480818761142139062e-01,-3.222420707522579697e-01,9.301896161880315049e+03,-2.818255132335316375e+04
9.379780554702149704e+06,-9.472922191237748146e-01,-3.246183275523832346e-01,9.372593761266714864e+03,-2.815859631405117398e+04
9.392404754641182721e+06,-9.464966080491807876e-01,-3.269925285326241160e-01,9.443229358779190079e+03,-2.813446081163269992e+04
9.405028954580215737e+06,-9.456950485999451317e-01,-3.293646586605341597e-01,9.513802548592266248e+03,-2.811014487449579610e+04
9.417653154519250616e+06,-9.448875465129126239e-01,-3.317347029230144906e-01,9.584312925140999141e+03,-2.808564856354790390e+04
9.430277354458283633e+06,-9.440741075522578463e-01,-3.341026463263123136e-01,9.654760083120909258e+03,-2.806097194220584424e+04
9.442901554397318512e+06,-9.432547375094861852e-01,-3.364684738960237453e-01,9.725143617488083692e+03,-2.803611507639578849e+04
9.455525754336351529e+06,-9.424294422034333873e-01,-3.388321706770907049e-01,9.795463123459077906e+03,-2.801107803455330577e+04
9.468149954275386408e+06,-9.415982274802660035e-01,-3.411937217338041894e-01,9.865718196511006681e+03,-2.798586088762331929e+04
9.480774154214419425e+06,-9.407610992134803896e-01,-3.435531121498007212e-01,9.935908432381453167e+03,-2.796046370906013908e+04
9.493398354153454304e+06,-9.399180633039043720e-01,-3.459103270280659004e-01,1.000603342706855256e+04,-2.793488657482743292e+04
9.506022554092487320e+06,-9.390691256796953601e-01,-3.482653514909310744e-01,1.007609277683092114e+04,-2.790912956339825905e+04
9.518646754031522200e+06,-9.382142922963416787e-01,-3.506181706800765019e-01,1.014608607818772725e+04,-2.788319275575503343e+04
9.531270953970555216e+06,-9.373535691366622347e-01,-3.529687697565283000e-01,1.021601292791860760e+04,-2.785707623538955886e+04
9.543895153909588233e+06,-9.364869622108064062e-01,-3.553171339006609974e-01,1.028587292306374911e+04,-2.783078008830299950e+04
9.556519353848623112e+06,-9.356144775562532656e-01,-3.576632483121967021e-01,1.035566566092385256e+04,-2.780430440300588816e+04
9.569143553787656128e+06,-9.347361212378141326e-01,-3.600070982102032691e-01,1.042539073906009435e+04,-2.777764927051815175e+04
9.581767753726691008e+06,-9.338518993476290220e-01,-3.623486688330979089e-01,1.049504775529421750e+04,-2.775081478436906764e+04
9.594391953665724024e+06,-9.329618180051695298e-01,-3.646879454386434682e-01,1.056463630770843338e+04,-2.772380104059730365e+04
9.607016153604758903e+06,-9.320658833572371682e-01,-3.670249133039516498e-01,1.063415599464550178e+04,-2.769660813775088536e+04
9.619640353543791920e+06,-9.311641015779642538e-01,-3.693595577254800144e-01,1.070360641470866176e+04,-2.766923617688722152e+04
9.632264553482826799e+06,-9.302564788688135744e-01,-3.716918640190351453e-01,1.077298716676170443e+04,-2.764168526157308952e+04
9.644888753421859816e+06,-9.293430214585784999e-01,-3.740218175197690398e-01,1.084229784992890200e+04,-2.761395549788464632e+04
9.657512953360892832e+06,-9.284237356033826494e-01,-3.763494035821827732e-01,1.091153806359505688e+04,-2.758604699440741024e+04
9.670137153299927711e+06,-9.274986275866801133e-01,-3.786746075801242228e-01,1.098070740740549809e+04,-2.755795986223627551e+04
9.682761353238960728e+06,-9.265677037192557863e-01,-3.809974149067879012e-01,1.104980548126603389e+04,-2.752969421497551957e+04
9.695385553177995607e+06,-9.256309703392247012e-01,-3.833178109747168438e-01,1.111883188534302462e+04,-2.750125016873878121e+04
9.708009753117028624e+06,-9.246884338120329172e-01,-3.856357812158003884e-01,1.118778622006330261e+04,-2.747262784214908243e+04
9.720633953056063503e+06,-9.237401005304560764e-01,-3.879513110812761179e-01,1.125666808611426677e+04,-2.744382735633880293e+04
9.733258152995096520e+06,-9.227859769146014024e-01,-3.902643860417280841e-01,1.132547708444377167e+04,-2.741484883494971291e+04
9.745882352934131399e+06,-9.218260694119060350e-01,-3.925749915870886397e-01,1.139421281626024211e+04,-2.738569240413294028e+04
9.758506552873164415e+06,-9.208603844971374741e-01,-3.948831132266365507e-01,1.146287488303256941e+04,-2.735635819254899616e+04
9.771130752812197432e+06,-9.198889286723939129e-01,-3.971887364889984950e-01,1.153146288649018243e+04,-2.732684633136776392e+04
9.783754952751232311e+06,-9.189117084671041269e-01,-3.994918469221490631e-01,1.159997642862303655e+04,-2.729715695426848833e+04
9.796379152690265328e+06,-9.179287304380272516e-01,-4.017924300934085924e-01,1.166841511168156285e+04,-2.726729019743980461e+04
9.809003352629300207e+06,-9.169400011692530050e-01,-4.040904715894464982e-01,1.173677853817675168e+04,-2.723724619957970572e+04
9.821627552568333223e+06,-9.159455272722015762e-01,-4.063859570162780543e-01,1.180506631088005997e+04,-2.720702510189557142e+04
9.834251752507368103e+06,-9.149453153856235144e-01,-4.086788719992673347e-01,1.187327803282350760e+04,-2.717662704810413925e+04
9.846875952446401119e+06,-9.139393721755999511e-01,-4.109692021831244935e-01,1.194141330729957917e+04,-2.714605218443153353e+04
9.859500152385435998e+06,-9.129277043355428223e-01,-4.132569332319080413e-01,1.200947173786132225e+04,-2.711530065961323635e+04
9.872124352324469015e+06,-9.119103185861939798e-01,-4.155420508290227910e-01,1.207745292832225459e+04,-2.708437262489412387e+04
9.884748552263502032e+06,-9.108872216756263018e-01,-4.178245406772220782e-01,1.214535648275643325e+04,-2.705326823402842274e+04
9.897372752202536911e+06,-9.098584203792424718e-01,-4.201043884986060961e-01,1.221318200549843277e+04,-2.702198764327974277e+04
9.909996952141569927e+06,-9.088239214997767546e-01,-4.223815800346216176e-01,1.228092910114331607e+04,-2.699053101142107334e+04
9.922621152080604807e+06,-9.077837318672928868e-01,-4.246561010460643826e-01,1.234859737454669630e+04,-2.695889849973476521e+04
9.935245352019637823e+06,-9.067378583391856317e-01,-4.269279373130757671e-01,1.241618643082465678e+04,-2.692709027201254867e+04
9.947869551958672702e+06,-9.056863078001801126e-01,-4.291970746351460031e-01,1.248369587535384017e+04,-2.689510649455552266e+04
9.960493751897705719e+06,-9.046290871623319241e-01,-4.314634988311112362e-01,1.255112531377135929e+04,-2.686294733617416568e+04
9.973117951836740598e+06,-9.035662033650269098e-01,-4.337271957391565791e-01,1.261847435197488267e+04,-2.683061296818831761e+04
9.985742151775773615e+06,-9.024976633749821620e-01,-4.359881512168127804e-01,1.268574259612255992e+04,-2.679810356442721240e+04
9.998366351714806631e+06,-9.014234741862444666e-01,-4.382463511409593337e-01,1.275292965263307087e+04,-2.676541930122942722e+04
1.001099055165384151e+07,-9.003436428201914143e-01,-4.405017814078226457e-01,1.282003512818561649e+04,-2.673256035744293331e+04
1.002361475159287453e+07,-8.992581763255312888e-01,-4.427544279329759802e-01,1.288705862971988063e+04,-2.669952691442507421e+04
1.003623895153190941e+07,-8.981670817783025118e-01,-4.450042766513408465e-01,1.295399976443610649e+04,-2.666631915604255482e+04
1.004886315147094242e+07,-8.970703662818743096e-01,-4.472513135171850007e-01,1.302085813979500017e+04,-2.663293726867146688e+04
1.006148735140997730e+07,-8.959680369669460465e-01,-4.494955245041248881e-01,1.308763336351783619e+04,-2.659938144119725621e+04
1.007411155134901032e+07,-8.948601009915480020e-01,-4.517368956051228679e-01,1.315432504358634287e+04,-2.656565186501477001e+04
1.008673575128804520e+07,-8.937465655410405940e-01,-4.539754128324900995e-01,1.322093278824282424e+04,-2.653174873402819503e+04
1.009935995122707821e+07,-8.926274378281150446e-01,-4.562110622178836006e-01,1.328745620599004360e+04,-2.649767224465112304e+04
1.011198415116611123e+07,-8.915027250927928248e-01,-4.584438298123089672e-01,1.335389490559131445e+04,-2.646342259580649625e+04
1.012460835110514611e+07,-8.903724346024258773e-01,-4.606737016861190415e-01,1.342024849607046417e+04,-2.642899998892662916e+04
1.013723255104417913e+07,-8.892365736516969488e-01,-4.629006639290131342e-01,1.348651658671180303e+04,-2.639440462795322674e+04
1.014985675098321401e+07,-8.880951495626188130e-01,-4.651247026500388015e-01,1.355269878706018608e+04,-2.635963671933735168e+04
1.016248095092224702e+07,-8.869481696845354923e-01,-4.673458039775901240e-01,1.361879470692096402e+04,-2.632469647203944987e+04
1.017510515086128190e+07,-8.857956413941203699e-01,-4.695639540594097050e-01,1.368480395636001958e+04,-2.628958409752932494e+04
1.018772935080031492e+07,-8.846375720953786326e-01,-4.717791390625862835e-01,1.375072614570372207e+04,-2.625429980978618187e+04
1.020035355073934980e+07,-8.834739692196448280e-01,-4.739913451735568994e-01,1.381656088553898917e+04,-2.621884382529855793e+04
1.021297775067838281e+07,-8.823048402255847522e-01,-4.762005585981049505e-01,1.388230778671321968e+04,-2.618321636306440632e+04
1.022560195061741583e+07,-8.811301925991943396e-01,-4.784067655613623016e-01,1.394796646033434081e+04,-2.614741764459101978e+04
1.023822615055645071e+07,-8.799500338537999955e-01,-4.806099523078076197e-01,1.401353651777081723e+04,-2.611144789389507787e+04
1.025085035049548373e+07,-8.787643715300588187e-01,-4.828101051012665401e-01,1.407901757065156926e+04,-2.607530733750263607e+04
1.026347455043451861e+07,-8.775732131959581572e-01,-4.850072102249133321e-01,1.414440923086610019e+04,-2.603899620444911125e+04
1.027609875037355162e+07,-8.763765664468163852e-01,-4.872012539812676790e-01,1.420971111056436530e+04,-2.600251472627930707e+04
1.028872295031258650e+07,-8.751744389052815709e-01,-4.893922226921983976e-01,1.427492282215688101e+04,-2.596586313704739223e+04
1.030134715025161952e+07,-8.739668382213329201e-01,-4.915801026989207734e-01,1.434004397831464485e+04,-2.592904167331690769e+04
1.031397135019065440e+07,-8.727537720722797765e-01,-4.937648803619976157e-01,1.440507419196919545e+04,-2.589205057416077034e+04
1.032659555012968741e+07,-8.715352481627625103e-01,-4.959465420613388686e-01,1.447001307631255440e+04,-2.585489008116127297e+04
1.033921975006872229e+07,-8.703112742247510747e-01,-4.981250741962027773e-01,1.453486024479729531e+04,-2.581756043841006613e+04
1.035184395000775531e+07,-8.690818580175468933e-01,-5.003004631851932782e-01,1.459961531113646197e+04,-2.578006189250820171e+04
1.036446814994678833e+07,-8.678470073277810837e-01,-5.024726954662630529e-01,1.466427788930365205e+04,-2.574239469256607117e+04
1.037709234988582321e+07,-8.666067299694155679e-01,-5.046417574967120290e-01,1.472884759353296249e+04,-2.570455909020346007e+04
1.038971654982485622e+07,-8.653610337837432942e-01,-5.068076357531865472e-01,1.479332403831898591e+04,-2.566655533954952261e+04
1.040234074976389110e+07,-8.641099266393864609e-01,-5.089703167316815824e-01,1.485770683841686150e+04,-2.562838369724278164e+04
1.041496494970292412e+07,-8.628534164322991806e-01,-5.111297869475380784e-01,1.492199560884221319e+04,-2.559004442243114681e+04
1.042758914964195900e+07,-8.615915110857649273e-01,-5.132860329354456130e-01,1.498618996487120239e+04,-2.555153777677187463e+04
1.044021334958099201e+07,-8.603242185503986450e-01,-5.154390412494402884e-01,1.505028952204048073e+04,-2.551286402443162297e+04
1.045283754952002689e+07,-8.590515468041446390e-01,-5.175887984629058414e-01,1.511429389614724460e+04,-2.547402343208639650e+04
1.046546174945905991e+07,-8.577735038522789068e-01,-5.197352911685731991e-01,1.517820270324916237e+04,-2.543501626892160130e+04
1.047808594939809293e+07,-8.564900977274070293e-01,-5.218785059785210345e-01,1.524201555966445449e+04,-2.539584280663199752e+04
1.049071014933712780e+07,-8.552013364894655023e-01,-5.240184295241753221e-01,1.530573208197184795e+04,-2.535650331942170669e+04
1.050333434927616082e+07,-8.539072282257212931e-01,-5.261550484563085606e-01,1.536935188701056177e+04,-2.531699808400425536e+04
1.051595854921519570e+07,-8.526077810507713961e-01,-5.282883494450421047e-01,1.543287459188036155e+04,-2.527732737960251688e+04
1.052858274915422872e+07,-8.513030031065446090e-01,-5.304183191798429453e-01,1.549629981394148672e+04,-2.523749148794875509e+04
1.054120694909326360e+07,-8.499929025622983136e-01,-5.325449443695268181e-01,1.555962717081473784e+04,-2.519749069328458427e+04
1.055383114903229661e+07,-8.486774876146221391e-01,-5.346682117422558722e-01,1.562285628038137838e+04,-2.515732528236102371e+04
1.056645534897133149e+07,-8.473567664874350758e-01,-5.367881080455406684e-01,1.568598676078324024e+04,-2.511699554443842862e+04
1.057907954891036451e+07,-8.460307474319873622e-01,-5.389046200462378478e-01,1.574901823042261458e+04,-2.507650177128656287e+04
1.059170374884939753e+07,-8.446994387268589310e-01,-5.410177345305520191e-01,1.581195030796234823e+04,-2.503584425718453713e+04
1.060432794878843240e+07,-8.433628486779609634e-01,-5.431274383040357590e-01,1.587478261232578916e+04,-2.499502329892083799e+04
1.061695214872746542e+07,-8.420209856185346675e-01,-5.452337181915878350e-01,1.593751476269678824e+04,-2.495403919579334615e+04
1.062957634866650030e+07,-8.406738579091519448e-01,-5.473365610374553158e-01,1.600014637851972839e+04,-2.491289224960928914e+04
1.064220054860553332e+07,-8.393214739377152789e-01,-5.494359537052317943e-01,1.606267707949948272e+04,-2.487158276468528493e+04
1.065482474854456820e+07,-8.379638421194571807e-01,-5.515318830778591641e-01,1.612510648560147274e+04,-2.483011104784730560e+04
1.066744894848360121e+07,-8.366009708969416314e-01,-5.536243360576256212e-01,1.618743421705159199e+04,-2.478847740843072825e+04
1.068007314842263609e+07,-8.352328687400616403e-01,-5.557132995661679953e-01,1.624965989433628783e+04,-2.474668215828026587e+04
1.069269734836166911e+07,-8.338595441460423530e-01,-5.577987605444688635e-01,1.631178313820248877e+04,-2.470472561175003284e+04
1.070532154830070212e+07,-8.324810056394382762e-01,-5.598807059528596586e-01,1.637380356965765895e+04,-2.466260808570350127e+04
1.071794574823973700e+07,-8.310972617721343880e-01,-5.619591227710185599e-01,1.643572080996977456e+04,-2.462032989951351556e+04
1.073056994817877002e+07,-8.297083211233469147e-01,-5.640339979979706042e-01,1.649753448066731289e+04,-2.457789137506230691e+04
1.074319414811780490e+07,-8.283141922996219986e-01,-5.661053186520892400e-01,1.655924420353928144e+04,-2.453529283674145699e+04
1.075581834805683792e+07,-8.269148839348368085e-01,-5.681730717710942180e-01,1.662084960063517792e+04,-2.449253461145194888e+04
1.076844254799587280e+07,-8.255104046901979853e-01,-5.702372444120534789e-01,1.668235029426504479e+04,-2.444961702860410878e+04
1.078106674793490581e+07,-8.241007632542441952e-01,-5.722978236513814876e-01,1.674374590699941473e+04,-2.440654042011766433e+04
1.079369094787394069e+07,-8.226859683428427994e-01,-5.743547965848413428e-01,1.680503606166935060e+04,-2.436330512042168630e+04
1.080631514781297371e+07,-8.212660286991934067e-01,-5.764081503275417795e-01,1.686622038136640185e+04,-2.431991146645465051e+04
1.081893934775200672e+07,-8.198409530938249867e-01,-5.784578720139401664e-01,1.692729848944266996e+04,-2.427635979766437958e+04
1.083156354769104160e+07,-8.184107503245970916e-01,-5.805039487978411739e-01,1.698827000951074660e+04,-2.423265045600807571e+04
1.084418774763007462e+07,-8.169754292167004106e-01,-5.825463678523961075e-01,1.704913456544373912e+04,-2.418878378595232789e+04
1.085681194756910950e+07,-8.155349986226552161e-01,-5.845851163701043518e-01,1.710989178137527779e+04,-2.414476013447307196e+04
1.086943614750814252e+07,-8.140894674223133620e-01,-5.866201815628118155e-01,1.717054128169949399e+04,-2.410057985105564876e+04
1.088206034744717740e+07,-8.126388445228561741e-01,-5.886515506617130411e-01,1.723108269107105298e+04,-2.405624328769474232e+04
1.089468454738621041e+07,-8.111831388587962266e-01,-5.906792109173482075e-01,1.729151563440509926e+04,-2.401175079889443077e+04
1.090730874732524529e+07,-8.097223593919758988e-01,-5.927031495996065713e-01,1.735183973687732941e+04,-2.396710274166814634e+04
1.091993294726427831e+07,-8.082565151115689295e-01,-5.947233539977235806e-01,1.741205462392393383e+04,-2.392229947553871898e+04
1.093255714720331132e+07,-8.067856150340788624e-01,-5.967398114202824289e-01,1.747215992124161494e+04,-2.387734136253833276e+04
1.094518134714234620e+07,-8.053096682033396014e-01,-5.987525091952140555e-01,1.753215525478760537e+04,-2.383222876720853310e+04
1.095780554708137922e+07,-8.038286836905161881e-01,-6.007614346697958130e-01,1.759204025077963161e+04,-2.378696205660027772e+04
1.097042974702041410e+07,-8.023426705941039128e-01,-6.027665752106534658e-01,1.765181453569595760e+04,-2.374154160027385660e+04
1.098305394695944712e+07,-8.008516380399285373e-01,-6.047679182037589696e-01,1.771147773627532661e+04,-2.369596777029895748e+04
1.099567814689848199e+07,-7.993555951811458504e-01,-6.067654510544331359e-01,1.777102947951703391e+04,-2.365024094125463307e+04
1.100830234683751501e+07,-7.978545511982433336e-01,-6.087591611873425235e-01,1.783046939268085407e+04,-2.360436149022931204e+04
1.102092654677654989e+07,-7.963485152990373850e-01,-6.107490360465023249e-01,1.788979710328711371e+04,-2.355832979682078440e+04
1.103355074671558291e+07,-7.948374967186762063e-01,-6.127350630952742572e-01,1.794901223911661509e+04,-2.351214624313623062e+04
1.104617494665461779e+07,-7.933215047196379155e-01,-6.147172298163678938e-01,1.800811442821070523e+04,-2.346581121379218894e+04
1.105879914659365080e+07,-7.918005485917312125e-01,-6.166955237118394439e-01,1.806710329887121043e+04,-2.341932509591458438e+04
1.107142334653268382e+07,-7.902746376520952687e-01,-6.186699323030936393e-01,1.812597847966051631e+04,-2.337268827913869973e+04
1.108404754647171870e+07,-7.887437812451996155e-01,-6.206404431308819580e-01,1.818473959940148779e+04,-2.332590115560920458e+04
1.109667174641075172e+07,-7.872079887428446998e-01,-6.226070437553026249e-01,1.824338628717750908e+04,-2.327896411998013355e+04
1.110929594634978659e+07,-7.856672695441608845e-01,-6.245697217558023873e-01,1.830191817233249822e+04,-2.323187756941488624e+04
1.112192014628881961e+07,-7.841216330756098918e-01,-6.265284647311741839e-01,1.836033488447085256e+04,-2.318464190358626365e+04
1.113454434622785449e+07,-7.825710887909826941e-01,-6.284832602995592543e-01,1.841863605345752148e+04,-2.313725752467640268e+04
1.114716854616688751e+07,-7.810156461714019560e-01,-6.304340960984458064e-01,1.847682130941793730e+04,-2.308972483737684524e+04
1.115979274610592239e+07,-7.794553147253201475e-01,-6.323809597846694608e-01,1.853489028273806616e+04,-2.304204424888848007e+04
1.117241694604495540e+07,-7.778901039885205426e-01,-6.343238390344126953e-01,1.859284260406437897e+04,-2.299421616892159363e+04
1.118504114598398842e+07,-7.763200235241167757e-01,-6.362627215432062888e-01,1.865067790430385503e+04,-2.294624100969582651e+04
1.119766534592302330e+07,-7.747450829225527302e-01,-6.381975950259275443e-01,1.870839581462401111e+04,-2.289811918594019153e+04
1.121028954586205631e+07,-7.731652918016034270e-01,-6.401284472168016215e-01,1.876599596645285055e+04,-2.284985111489309202e+04
1.122291374580109119e+07,-7.715806598063734700e-01,-6.420552658694010928e-01,1.882347799147890328e+04,-2.280143721630228538e+04
1.123553794574012421e+07,-7.699911966092992666e-01,-6.439780387566452768e-01,1.888084152165121122e+04,-2.275287791242491949e+04
1.124816214567915909e+07,-7.683969119101463630e-01,-6.458967536708012380e-01,1.893808618917934291e+04,-2.270417362802749267e+04
1.126078634561819211e+07,-7.667978154360115539e-01,-6.478113984234835643e-01,1.899521162653334613e+04,-2.265532479038590463e+04
1.127341054555722699e+07,-7.651939169413218833e-01,-6.497219608456539230e-01,1.905221746644382802e+04,-2.260633182928539463e+04
1.128603474549626000e+07,-7.635852262078350883e-01,-6.516284287876213943e-01,1.910910334190187132e+04,-2.255719517702061057e+04
1.129865894543529302e+07,-7.619717530446392662e-01,-6.535307901190424706e-01,1.916586888615908538e+04,-2.250791526839554717e+04
1.131128314537432790e+07,-7.603535072881527634e-01,-6.554290327289210571e-01,1.922251373272762430e+04,-2.245849254072357144e+04
1.132390734531336091e+07,-7.587304988021250640e-01,-6.573231445256081384e-01,1.927903751538009601e+04,-2.240892743382745175e+04
1.133653154525239579e+07,-7.571027374776354568e-01,-6.592131134368026668e-01,1.933543986814967138e+04,-2.235922039003928512e+04
1.134915574519142881e+07,-7.554702332330942571e-01,-6.610989274095500079e-01,1.939172042533001513e+04,-2.230937185420059177e+04
1.136177994513046369e+07,-7.538329960142418074e-01,-6.629805744102438281e-01,1.944787882147531127e+04,-2.225938227366222054e+04
1.137440414506949671e+07,-7.521910357941495873e-01,-6.648580424246242071e-01,1.950391469140024492e+04,-2.220925209828442530e+04
1.138702834500853159e+07,-7.505443625732185486e-01,-6.667313194577798585e-01,1.955982767018004233e+04,-2.215898178043680309e+04
1.139965254494756460e+07,-7.488929863791813357e-01,-6.686003935341452431e-01,1.961561739315041268e+04,-2.210857177499835961e+04
1.141227674488659762e+07,-7.472369172671005089e-01,-6.704652526975034554e-01,1.967128349590760627e+04,-2.205802253935744375e+04
1.142490094482563250e+07,-7.455761653193685445e-01,-6.723258850109847806e-01,1.972682561430836358e+04,-2.200733453341177665e+04
1.143752514476466551e+07,-7.439107406457095006e-01,-6.741822785570660281e-01,1.978224338446996262e+04,-2.195650821956848449e+04
1.145014934470370039e+07,-7.422406533831771291e-01,-6.760344214375724192e-01,1.983753644277017520e+04,-2.190554406274402936e+04
1.146277354464273341e+07,-7.405659136961564304e-01,-6.778823017736754775e-01,1.989270442584728880e+04,-2.185444253036427472e+04
1.147539774458176829e+07,-7.388865317763618767e-01,-6.797259077058953602e-01,1.994774697060012477e+04,-2.180320409236443084e+04
1.148802194452080131e+07,-7.372025178428395220e-01,-6.815652273940978612e-01,2.000266371418799463e+04,-2.175182922118910210e+04
1.150064614445983618e+07,-7.355138821419650030e-01,-6.834002490174981848e-01,2.005745429403074013e+04,-2.170031839179225426e+04
1.151327034439886920e+07,-7.338206349474450940e-01,-6.852309607746569498e-01,2.011211834780870049e+04,-2.164867208163723990e+04
1.152589454433790222e+07,-7.321227865603168183e-01,-6.870573508834836307e-01,2.016665551346274515e+04,-2.159689077069676568e+04
1.153851874427693710e+07,-7.304203473089473375e-01,-6.888794075812342266e-01,2.022106542919425920e+04,-2.154497494145291421e+04
1.155114294421597011e+07,-7.287133275490351725e-01,-6.906971191245120378e-01,2.027534773346511429e+04,-2.149292507889715853e+04
1.156376714415500499e+07,-7.270017376636084272e-01,-6.925104737892685547e-01,2.032950206499774504e+04,-2.144074167053032579e+04
1.157639134409403801e+07,-7.252855880630264540e-01,-6.943194598708013476e-01,2.038352806277503987e+04,-2.138842520636262634e+04
1.158901554403307289e+07,-7.235648891849781883e-01,-6.961240656837565099e-01,2.043742536604045381e+04,-2.133597617891363188e+04
1.160163974397210591e+07,-7.218396514944843689e-01,-6.979242795621266593e-01,2.049119361429790661e+04,-2.128339508321230824e+04
1.161426394391114078e+07,-7.201098854838947627e-01,-6.997200898592527141e-01,2.054483244731189552e+04,-2.123068241679697530e+04
1.162688814385017380e+07,-7.183756016728910510e-01,-7.015114849478217840e-01,2.059834150510736799e+04,-2.117783867971532891e+04
1.163951234378920682e+07,-7.166368106084841649e-01,-7.032984532198688354e-01,2.065172042796981623e+04,-2.112486437452444807e+04
1.165213654372824170e+07,-7.148935228650161733e-01,-7.050809830867771355e-01,2.070496885644525537e+04,-2.107176000629076225e+04
1.166476074366727471e+07,-7.131457490441598379e-01,-7.068590629792753655e-01,2.075808643134019076e+04,-2.101852608259010958e+04
1.167738494360630959e+07,-7.113934997749176148e-01,-7.086326813474413955e-01,2.081107279372166522e+04,-2.096516311350765682e+04
1.169000914354534261e+07,-7.096367857136236523e-01,-7.104018266606991761e-01,2.086392758491720815e+04,-2.091167161163799028e+04
1.170263334348437749e+07,-7.078756175439412379e-01,-7.121664874078209584e-01,2.091665044651488279e+04,-2.085805209208503220e+04
1.171525754342341051e+07,-7.061100059768653514e-01,-7.139266520969254071e-01,2.096924102036326076e+04,-2.080430507246209527e+04
1.172788174336244538e+07,-7.043399617507204447e-01,-7.156823092554794874e-01,2.102169894857144027e+04,-2.075043107289185718e+04
1.174050594330147840e+07,-7.025654956311624399e-01,-7.174334474302968001e-01,2.107402387350900244e+04,-2.069643061600638248e+04
1.175313014324051142e+07,-7.007866184111771757e-01,-7.191800551875384695e-01,2.112621543780606589e+04,-2.064230422694709705e+04
1.176575434317954630e+07,-6.990033409110805174e-01,-7.209221211127138096e-01,2.117827328435327581e+04,-2.058805243336478452e+04
1.177837854311857931e+07,-6.972156739785201340e-01,-7.226596338106776596e-01,2.123019705630176031e+04,-2.053367576541964809e+04
1.179100274305761419e+07,-6.954236284884729447e-01,-7.243925819056344917e-01,2.128198639706317772e+04,-2.047917475578120502e+04
1.180362694299664721e+07,-6.936272153432472276e-01,-7.261209540411337482e-01,2.133364095030969474e+04,-2.042454993962839217e+04
1.181625114293568209e+07,-6.918264454724809553e-01,-7.278447388800743934e-01,2.138516035997400104e+04,-2.036980185464949318e+04
1.182887534287471510e+07,-6.900213298331435707e-01,-7.295639251047012497e-01,2.143654427024928373e+04,-2.031493104104218219e+04
1.184149954281374998e+07,-6.882118794095339886e-01,-7.312785014166072184e-01,2.148779232558926742e+04,-2.025993804151348741e+04
1.185412374275278300e+07,-6.863981052132825944e-01,-7.329884565367322802e-01,2.153890417070816693e+04,-2.020482340127983480e+04
1.186674794269181788e+07,-6.845800182833492453e-01,-7.346937792053638283e-01,2.158987945058073456e+04,-2.014958766806698986e+04
1.187937214263085090e+07,-6.827576296860252691e-01,-7.363944581821368907e-01,2.164071781044220916e+04,-2.009423139211012312e+04
1.189199634256988391e+07,-6.809309505149320207e-01,-7.380904822460331305e-01,2.169141889578837072e+04,-2.003875512615376647e+04
1.190462054250891879e+07,-6.790999918910206601e-01,-7.397818401953827339e-01,2.174198235237549306e+04,-1.998315942545179496e+04
1.191724474244795181e+07,-6.772647649625747057e-01,-7.414685208478617451e-01,2.179240782622036932e+04,-1.992744484776752506e+04
1.192986894238698669e+07,-6.754252809052060380e-01,-7.431505130404950643e-01,2.184269496360032281e+04,-1.987161195337356912e+04
1.194249314232601970e+07,-6.735815509218586739e-01,-7.448278056296535610e-01,2.189284341105315616e+04,-1.981566130505197725e+04
1.195511734226505458e+07,-6.717335862428061022e-01,-7.465003874910568493e-01,2.194285281537722767e+04,-1.975959346809412091e+04
1.196774154220408760e+07,-6.698813981256529493e-01,-7.481682475197704019e-01,2.199272282363137128e+04,-1.970340901030078749e+04
1.198036574214312248e+07,-6.680249978553337575e-01,-7.498313746302086580e-01,2.204245308313496935e+04,-1.964710850198209664e+04
1.199298994208215550e+07,-6.661643967441140957e-01,-7.514897577561316933e-01,2.209204324146787621e+04,-1.959069251595758396e+04
1.200561414202118851e+07,-6.642996061315900036e-01,-7.531433858506485501e-01,2.214149294647050556e+04,-1.953416162755612459e+04
1.201823834196022339e+07,-6.624306373846869933e-01,-7.547922478862145734e-01,2.219080184624375761e+04,-1.947751641461596591e+04
1.203086254189925641e+07,-6.605575018976629353e-01,-7.564363328546328535e-01,2.223996958914904462e+04,-1.942075745748476038e+04
1.204348674183829129e+07,-6.586802110921042841e-01,-7.580756297670537824e-01,2.228899582380832726e+04,-1.936388533901949268e+04
1.205611094177732430e+07,-6.567987764169297416e-01,-7.597101276539751646e-01,2.233788019910402727e+04,-1.930690064458655979e+04
1.206873514171635918e+07,-6.549132093483864825e-01,-7.613398155652418842e-01,2.238662236417912209e+04,-1.924980396206169098e+04
1.208135934165539220e+07,-6.530235213900545954e-01,-7.629646825700464596e-01,2.243522196843706843e+04,-1.919259588183003507e+04
1.209398354159442708e+07,-6.511297240728421976e-01,-7.645847177569289332e-01,2.248367866154189323e+04,-1.913527699678606587e+04
1.210660774153346010e+07,-6.492318289549900978e-01,-7.661999102337760936e-01,2.253199209341806636e+04,-1.907784790233366948e+04
1.211923194147249311e+07,-6.473298476220680220e-01,-7.678102491278224750e-01,2.258016191425061334e+04,-1.902030919638607884e+04
1.213185614141152799e+07,-6.454237916869766112e-01,-7.694157235856502464e-01,2.262818777448508990e+04,-1.896266147936590642e+04
1.214448034135056101e+07,-6.435136727899477549e-01,-7.710163227731885449e-01,2.267606932482751290e+04,-1.890490535420515153e+04
1.215710454128959589e+07,-6.415995025985425926e-01,-7.726120358757138096e-01,2.272380621624445848e+04,-1.884704142634516029e+04
1.216972874122862890e+07,-6.396812928076540672e-01,-7.742028520978498918e-01,2.277139809996298573e+04,-1.878907030373668385e+04
1.218235294116766378e+07,-6.377590551395042606e-01,-7.757887606635683886e-01,2.281884462747070938e+04,-1.873099259683980563e+04
1.219497714110669680e+07,-6.358328013436470583e-01,-7.773697508161876435e-01,2.286614545051570531e+04,-1.867280891862403223e+04
1.220760134104573168e+07,-6.339025431969655955e-01,-7.789458118183737456e-01,2.291330022110660502e+04,-1.861451988456819527e+04
1.222022554098476470e+07,-6.319682925036748111e-01,-7.805169329521399746e-01,2.296030859151253026e+04,-1.855612611266054228e+04
1.223284974092379771e+07,-6.300300610953191160e-01,-7.820831035188470226e-01,2.300717021426312567e+04,-1.849762822339864942e+04
1.224547394086283259e+07,-6.280878608307733924e-01,-7.836443128392032165e-01,2.305388474214855523e+04,-1.843902683978949062e+04
1.225809814080186561e+07,-6.261417035962442146e-01,-7.852005502532634074e-01,2.310045182821948038e+04,-1.838032258734942661e+04
1.227072234074090049e+07,-6.241916013052668522e-01,-7.867518051204309693e-01,2.314687112578710367e+04,-1.832151609410415404e+04
1.228334654067993350e+07,-6.222375658987090441e-01,-7.882980668194555784e-01,2.319314228842310331e+04,-1.826260799058878183e+04
1.229597074061896838e+07,-6.202796093447671133e-01,-7.898393247484351010e-01,2.323926496995971320e+04,-1.820359890984775120e+04
1.230859494055800140e+07,-6.183177436389694082e-01,-7.913755683248138162e-01,2.328523882448963923e+04,-1.814448948743493020e+04
1.232121914049703628e+07,-6.163519808041738601e-01,-7.929067869853846373e-01,2.333106350636614661e+04,-1.808528036141349003e+04
1.233384334043606929e+07,-6.143823328905693160e-01,-7.944329701862861137e-01,2.337673867020296530e+04,-1.802597217235604330e+04
1.234646754037510231e+07,-6.124088119756752047e-01,-7.959541074030057617e-01,2.342226397087438090e+04,-1.796656556334453489e+04
1.235909174031413719e+07,-6.104314301643404272e-01,-7.974701881303781770e-01,2.346763906351518017e+04,-1.790706117997027468e+04
1.237171594025317021e+07,-6.084501995887460213e-01,-7.989812018825842577e-01,2.351286360352065458e+04,-1.784745967033399211e+04
1.238434014019220509e+07,-6.064651324084020523e-01,-8.004871381931533136e-01,2.355793724654661128e+04,-1.778776168504573434e+04
1.239696434013123810e+07,-6.044762408101503892e-01,-8.019879866149614012e-01,2.360285964850937671e+04,-1.772796787722496811e+04
1.240958854007027298e+07,-6.024835370081620400e-01,-8.034837367202326552e-01,2.364763046558580027e+04,-1.766807890250049968e+04
1.242221274000930600e+07,-6.004870332439398162e-01,-8.049743781005374021e-01,2.369224935421321061e+04,-1.760809541901053308e+04
1.243483693994834088e+07,-5.984867417863158900e-01,-8.064599003667948240e-01,2.373671597108950300e+04,-1.754801808740261549e+04
1.244746113988737389e+07,-5.964826749314537935e-01,-8.079402931492697393e-01,2.378102997317303743e+04,-1.748784757083370641e+04
1.246008533982640691e+07,-5.944748450028469744e-01,-8.094155460975758221e-01,2.382519101768271139e+04,-1.742758453497010487e+04
1.247270953976544179e+07,-5.924632643513194630e-01,-8.108856488806734930e-01,2.386919876209795621e+04,-1.736722964798748581e+04
1.248533373970447481e+07,-5.904479453550263157e-01,-8.123505911868703633e-01,2.391305286415866431e+04,-1.730678358057092555e+04
1.249795793964350969e+07,-5.884289004194520611e-01,-8.138103627238216786e-01,2.395675298186529471e+04,-1.724624700591483634e+04
1.251058213958254270e+07,-5.864061419774132533e-01,-8.152649532185296533e-01,2.400029877347877482e+04,-1.718562059972303541e+04
1.252320633952157758e+07,-5.843796824890550301e-01,-8.167143524173449132e-01,2.404368989752059861e+04,-1.712490504020867957e+04
1.253583053946061060e+07,-5.823495344418551101e-01,-8.181585500859633875e-01,2.408692601277271388e+04,-1.706410100809433789e+04
1.254845473939964548e+07,-5.803157103506195735e-01,-8.195975360094308604e-01,2.413000677827763502e+04,-1.700320918661191536e+04
1.256107893933867849e+07,-5.782782227574868594e-01,-8.210312999921383081e-01,2.417293185333835572e+04,-1.694223026150272926e+04
1.257370313927771337e+07,-5.762370842319243236e-01,-8.224598318578258960e-01,2.421570089751841078e+04,-1.688116492101740732e+04
1.258632733921674639e+07,-5.741923073707315694e-01,-8.238831214495794253e-01,2.425831357064181066e+04,-1.682001385591603321e+04
1.259895153915577941e+07,-5.721439047980371173e-01,-8.253011586298333313e-01,2.430076953279312511e+04,-1.675877775946799011e+04
1.261157573909481429e+07,-5.700918891653001808e-01,-8.267139332803692398e-01,2.434306844431740683e+04,-1.669745732745206988e+04
1.262419993903384730e+07,-5.680362731513116659e-01,-8.281214353023149677e-01,2.438520996582023508e+04,-1.663605325815644028e+04
1.263682413897288218e+07,-5.659770694621913956e-01,-8.295236546161469660e-01,2.442719375816770116e+04,-1.657456625237861954e+04
1.264944833891191520e+07,-5.639142908313912184e-01,-8.309205811616890980e-01,2.446901948248639746e+04,-1.651299701342552726e+04
1.266207253885095008e+07,-5.618479500196921217e-01,-8.323122048981115295e-01,2.451068680016345752e+04,-1.645134624711342258e+04
1.267469673878998309e+07,-5.597780598152068965e-01,-8.336985158039322830e-01,2.455219537284650141e+04,-1.638961466176797694e+04
1.268732093872901797e+07,-5.577046330333771396e-01,-8.350795038770175704e-01,2.459354486244367945e+04,-1.632780296822419587e+04
1.269994513866805099e+07,-5.556276825169768063e-01,-8.364551591345792403e-01,2.463473493112365031e+04,-1.626591187982648989e+04
1.271256933860708401e+07,-5.535472211361092132e-01,-8.378254716131777746e-01,2.467576524131558836e+04,-1.620394211242862002e+04
1.272519353854611889e+07,-5.514632617882080368e-01,-8.391904313687211792e-01,2.471663545570917995e+04,-1.614189438439372498e+04
1.273781773848515190e+07,-5.493758173977145720e-01,-8.405500284785034637e-01,2.475734523754274051e+04,-1.607976941623761195e+04
1.275044193842418678e+07,-5.472848925336744053e-01,-8.419043075414331945e-01,2.479790189908964385e+04,-1.601755835356376156e+04
1.276306613836321980e+07,-5.451904929369905117e-01,-8.432533128259497301e-01,2.483831250397776967e+04,-1.595525222868222227e+04
1.277569033830225468e+07,-5.430926330015263259e-01,-8.445970359255574600e-01,2.487857662290650114e+04,-1.589285125012700519e+04
1.278831453824128769e+07,-5.409913271272259738e-01,-8.459354684666730018e-01,2.491869382866032902e+04,-1.583035562791498887e+04
1.280093873818032257e+07,-5.388865897201116084e-01,-8.472686021086266450e-01,2.495866369610890251e+04,-1.576776557354585020e+04
1.281356293811935559e+07,-5.367784351922858521e-01,-8.485964285436612409e-01,2.499848580220697113e+04,-1.570508130000212986e+04
1.282618713805838861e+07,-5.346668779619295764e-01,-8.499189394969330902e-01,2.503815972599444649e+04,-1.564230302174917961e+04
1.283881133799742348e+07,-5.325519324533032339e-01,-8.512361267265114995e-01,2.507768504859635868e+04,-1.557943095473518042e+04
1.285143553793645650e+07,-5.304336130967473029e-01,-8.525479820233781147e-01,2.511706135322285627e+04,-1.551646531639117529e+04
1.286405973787549138e+07,-5.283119343286801772e-01,-8.538544972114285869e-01,2.515628822516924993e+04,-1.545340632563100007e+04
1.287668393781452440e+07,-5.261869105916011646e-01,-8.551556641474705733e-01,2.519536525181594698e+04,-1.539025420285136352e+04
1.288930813775355928e+07,-5.240585563340873776e-01,-8.564514747212258472e-01,2.523429202262851322e+04,-1.532700916993176907e+04
1.290193233769259229e+07,-5.219268860107963981e-01,-8.577419208553280772e-01,2.527306812915763294e+04,-1.526367145023458943e+04
1.291455653763162717e+07,-5.197919140824639461e-01,-8.590269945053249367e-01,2.531169316503913069e+04,-1.520024126860499018e+04
1.292718073757066019e+07,-5.176536550159063221e-01,-8.603066876596765500e-01,2.535016672599394951e+04,-1.513671885137100981e+04
1.293980493750969321e+07,-5.155121232840182977e-01,-8.615809923397560466e-01,2.538848840982818001e+04,-1.507310442634349238e+04
1.295242913744872808e+07,-5.133673333657734483e-01,-8.628499005998503391e-01,2.542665781643303490e+04,-1.500939822281610941e+04
1.296505333738776110e+07,-5.112192997462262634e-01,-8.641134045271581243e-01,2.546467454778485626e+04,-1.494560047156540168e+04
1.297767753732679598e+07,-5.090680369165087038e-01,-8.653714962417923262e-01,2.550253820794513013e+04,-1.488171140485069373e+04
1.299030173726582900e+07,-5.069135593738334222e-01,-8.666241678967776529e-01,2.554024840306045371e+04,-1.481773125641419210e+04
1.300292593720486388e+07,-5.047558816214914312e-01,-8.678714116780533727e-01,2.557780474136258272e+04,-1.475366026148088895e+04
1.301555013714389689e+07,-5.025950181688537688e-01,-8.691132198044702051e-01,2.561520683316837676e+04,-1.468949865675864930e+04
1.302817433708293177e+07,-5.004309835313700550e-01,-8.703495845277930965e-01,2.565245429087985030e+04,-1.462524668043813836e+04
1.304079853702196479e+07,-4.982637922305697686e-01,-8.715804981326992218e-01,2.568954672898413264e+04,-1.456090457219288510e+04
1.305342273696099780e+07,-4.960934587940614704e-01,-8.728059529367793168e-01,2.572648376405348972e+04,-1.449647257317922231e+04
1.306604693690003268e+07,-4.939199977555325805e-01,-8.740259412905370118e-01,2.576326501474533507e+04,-1.443195092603632293e+04
1.307867113683906570e+07,-4.917434236547509885e-01,-8.752404555773884987e-01,2.579989010180218247e+04,-1.436733987488621096e+04
1.309129533677810058e+07,-4.895637510375622781e-01,-8.764494882136637521e-01,2.583635864805171150e+04,-1.430263966533371422e+04
1.310391953671713360e+07,-4.873809944558927798e-01,-8.776530316486051975e-01,2.587267027840669834e+04,-1.423785054446652430e+04
1.311654373665616848e+07,-4.851951684677470733e-01,-8.788510783643684876e-01,2.590882461986508497e+04,-1.417297276085512931e+04
1.312916793659520149e+07,-4.830062876372098746e-01,-8.800436208760222812e-01,2.594482130150991725e+04,-1.410800656455289209e+04
1.314179213653423637e+07,-4.808143665344443152e-01,-8.812306517315484644e-01,2.598065995450939590e+04,-1.404295220709596470e+04
1.315441633647326939e+07,-4.786194197356937186e-01,-8.824121635118412632e-01,2.601634021211682921e+04,-1.397780994150336846e+04
1.316704053641230240e+07,-4.764214618232801568e-01,-8.835881488307089082e-01,2.605186170967067665e+04,-1.391258002227693760e+04
1.317966473635133728e+07,-4.742205073856045616e-01,-8.847586003348720807e-01,2.608722408459452708e+04,-1.384726270540133009e+04
1.319228893629037030e+07,-4.720165710171483342e-01,-8.859235107039642454e-01,2.612242697639708786e+04,-1.378185824834406776e+04
1.320491313622940518e+07,-4.698096673184710137e-01,-8.870828726505326500e-01,2.615747002667221386e+04,-1.371636691005546891e+04
1.321753733616843820e+07,-4.675998108962124422e-01,-8.882366789200366597e-01,2.619235287909887847e+04,-1.365078895096871929e+04
1.323016153610747308e+07,-4.653870163630905998e-01,-8.893849222908496444e-01,2.622707517944119900e+04,-1.358512463299980300e+04
1.324278573604650609e+07,-4.631712983379040471e-01,-8.905275955742569804e-01,2.626163657554841120e+04,-1.351937421954757156e+04
1.325540993598554097e+07,-4.609526714455295382e-01,-8.916646916144580493e-01,2.629603671735489479e+04,-1.345353797549367118e+04
1.326803413592457399e+07,-4.587311503169239080e-01,-8.927962032885642385e-01,2.633027525688015157e+04,-1.338761616720262100e+04
1.328065833586360700e+07,-4.565067495891227956e-01,-8.939221235066009408e-01,2.636435184822882002e+04,-1.332160906252174027e+04
1.329328253580264188e+07,-4.542794839052408662e-01,-8.950424452115061102e-01,2.639826614759067525e+04,-1.325551693078118660e+04
1.330590673574167490e+07,-4.520493679144732546e-01,-8.961571613791303736e-01,2.643201781324060721e+04,-1.318934004279397413e+04
1.331853093568070978e+07,-4.498164162720928450e-01,-8.972662650182382515e-01,2.646560650553866071e+04,-1.312307867085591351e+04
1.333115513561974280e+07,-4.475806436394532684e-01,-8.983697491705062710e-01,2.649903188692999174e+04,-1.305673308874568283e+04
1.334377933555877768e+07,-4.453420646839860719e-01,-8.994676069105250749e-01,2.653229362194490022e+04,-1.299030357172475851e+04
1.335640353549781069e+07,-4.431006940792036053e-01,-9.005598313457972015e-01,2.656539137719880819e+04,-1.292379039653748805e+04
1.336902773543684557e+07,-4.408565465046958010e-01,-9.016464156167391941e-01,2.659832482139228159e+04,-1.285719384141100818e+04
1.338165193537587859e+07,-4.386096366461335605e-01,-9.027273528966798244e-01,2.663109362531100487e+04,-1.279051418605533399e+04
1.339427613531491347e+07,-4.363599791952656459e-01,-9.038026363918617578e-01,2.666369746182581002e+04,-1.272375171166326800e+04
1.340690033525394648e+07,-4.341075888499212887e-01,-9.048722593414396664e-01,2.669613600589264024e+04,-1.265690670091048742e+04
1.341952453519297950e+07,-4.318524803140083579e-01,-9.059362150174818940e-01,2.672840893455258629e+04,-1.258997943795547326e+04
1.343214873513201438e+07,-4.295946682975135822e-01,-9.069944967249701229e-01,2.676051592693186831e+04,-1.252297020843953396e+04
1.344477293507104740e+07,-4.273341675165041598e-01,-9.080470978017979311e-01,2.679245666424182855e+04,-1.245587929948684905e+04
1.345739713501008227e+07,-4.250709926931254823e-01,-9.090940116187732345e-01,2.682423082977896047e+04,-1.238870699970438363e+04
1.347002133494911529e+07,-4.228051585556033554e-01,-9.101352315796157333e-01,2.685583810892485781e+04,-1.232145359918197573e+04
1.348264553488815017e+07,-4.205366798382413340e-01,-9.111707511209592436e-01,2.688727818914628369e+04,-1.225411938949226351e+04
1.349526973482718319e+07,-4.182655712814239424e-01,-9.122005637123499211e-01,2.691855075999510154e+04,-1.218670466369074529e+04
1.350789393476621807e+07,-4.159918476316135649e-01,-9.132246628562472601e-01,2.694965551310832234e+04,-1.211920971631572320e+04
1.352051813470525108e+07,-4.137155236413531112e-01,-9.142430420880235387e-01,2.698059214220808644e+04,-1.205163484338836497e+04
1.353314233464428410e+07,-4.114366140692639617e-01,-9.152556949759640403e-01,2.701136034310165996e+04,-1.198398034241264395e+04
1.354576653458331898e+07,-4.091551336800466343e-01,-9.162626151212677206e-01,2.704195981368145294e+04,-1.191624651237536818e+04
1.355839073452235200e+07,-4.068710972444817831e-01,-9.172637961580455412e-01,2.707239025392499025e+04,-1.184843365374620407e+04
1.357101493446138687e+07,-4.045845195394284222e-01,-9.182592317533223580e-01,2.710265136589494796e+04,-1.178054206847760906e+04
1.358363913440041989e+07,-4.022954153478260353e-01,-9.192489156070354772e-01,2.713274285373911334e+04,-1.171257206000492079e+04
1.359626333433945477e+07,-4.000037994586918555e-01,-9.202328414520355437e-01,2.716266442369042488e+04,-1.164452393324626246e+04
1.360888753427848779e+07,-3.977096866671238629e-01,-9.212110030540859862e-01,2.719241578406693588e+04,-1.157639799460263202e+04
1.362151173421752267e+07,-3.954130917742983420e-01,-9.221833942118637939e-01,2.722199664527184359e+04,-1.150819455195782211e+04
1.363413593415655568e+07,-3.931140295874714918e-01,-9.231500087569580737e-01,2.725140671979346371e+04,-1.143991391467849462e+04
1.364676013409558870e+07,-3.908125149199784265e-01,-9.241108405538718262e-01,2.728064572220526316e+04,-1.137155639361411704e+04
1.365938433403462358e+07,-3.885085625912332308e-01,-9.250658835000206137e-01,2.730971336916582368e+04,-1.130312230109698612e+04
1.367200853397365659e+07,-3.862021874267304589e-01,-9.260151315257330040e-01,2.733860937941886004e+04,-1.123461195094226423e+04
1.368463273391269147e+07,-3.838934042580424699e-01,-9.269585785942510148e-01,2.736733347379323095e+04,-1.116602565844790661e+04
1.369725693385172449e+07,-3.815822279228223701e-01,-9.278962187017292251e-01,2.739588537520291720e+04,-1.109736374039473594e+04
1.370988113379075937e+07,-3.792686732648010706e-01,-9.288280458772353310e-01,2.742426480864702899e+04,-1.102862651504637324e+04
1.372250533372979239e+07,-3.769527551337902849e-01,-9.297540541827500338e-01,2.745247150120980950e+04,-1.095981430214931243e+04
1.373512953366882727e+07,-3.746344883856795871e-01,-9.306742377131674848e-01,2.748050518206064589e+04,-1.089092742293283300e+04
1.374775373360786028e+07,-3.723138878824391873e-01,-9.315885905962942859e-01,2.750836558245403648e+04,-1.082196620010909101e+04
1.376037793354689330e+07,-3.699909684921176001e-01,-9.324971069928502665e-01,2.753605243572962718e+04,-1.075293095787305174e+04
1.377300213348592818e+07,-3.676657450888425882e-01,-9.333997810964684838e-01,2.756356547731219325e+04,-1.068382202190250246e+04
1.378562633342496119e+07,-3.653382325528223284e-01,-9.342966071336946676e-01,2.759090444471162846e+04,-1.061463971935809786e+04
1.379825053336399607e+07,-3.630084457703427470e-01,-9.351875793639877754e-01,2.761806907752298139e+04,-1.054538437888328554e+04
1.381087473330302909e+07,-3.606763996337705724e-01,-9.360726920797198813e-01,2.764505911742640455e+04,-1.047605633060438595e+04
1.382349893324206397e+07,-3.583421090415503940e-01,-9.369519396061759542e-01,2.767187430818721259e+04,-1.040665590613050881e+04
1.383612313318109699e+07,-3.560055888982074923e-01,-9.378253163015537464e-01,2.769851439565582405e+04,-1.033718343855364037e+04
1.384874733312013187e+07,-3.536668541143451194e-01,-9.386928165569647931e-01,2.772497912776780868e+04,-1.026763926244855793e+04
1.386137153305916488e+07,-3.513259196066469969e-01,-9.395544347964324139e-01,2.775126825454385107e+04,-1.019802371387290987e+04
1.387399573299819790e+07,-3.489828002978753174e-01,-9.404101654768944885e-01,2.777738152808978339e+04,-1.012833713036715199e+04
1.388661993293723278e+07,-3.466375111168715772e-01,-9.412600030882005697e-01,2.780331870259656716e+04,-1.005857985095456752e+04
1.389924413287626579e+07,-3.442900669985572981e-01,-9.421039421531138824e-01,2.782907953434027877e+04,-9.988752216141299868e+03
1.391186833281530067e+07,-3.419404828839322508e-01,-9.429419772273109901e-01,2.785466378168214942e+04,-9.918854567916298038e+03
1.392449253275433369e+07,-3.395887737200767864e-01,-9.437741028993802406e-01,2.788007120506852880e+04,-9.848887249751365744e+03
1.393711673269336857e+07,-3.372349544601489502e-01,-9.446003137908246527e-01,2.790530156703089597e+04,-9.778850606601114123e+03
1.394974093263240159e+07,-3.348790400633878117e-01,-9.454206045560590299e-01,2.793035463218587029e+04,-9.708744984903018121e+03
1.396236513257143646e+07,-3.325210454951101346e-01,-9.462349698824116251e-01,2.795523016723520050e+04,-9.638570732577347371e+03
1.397498933251046948e+07,-3.301609857267133186e-01,-9.470434044901236970e-01,2.797992794096576108e+04,-9.568328199027249866e+03
1.398761353244950250e+07,-3.277988757356731231e-01,-9.478459031323495099e-01,2.800444772424955954e+04,-9.498017735138666467e+03
1.400023773238853738e+07,-3.254347305055446671e-01,-9.486424605951567779e-01,2.802878929004375095e+04,-9.427639693280374559e+03
1.401286193232757039e+07,-3.230685650259632058e-01,-9.494330716975254436e-01,2.805295241339059430e+04,-9.357194427304020792e+03
1.402548613226660527e+07,-3.207003942926419660e-01,-9.502177312913488993e-01,2.807693687141750343e+04,-9.286682292544035590e+03
1.403811033220563829e+07,-3.183302333073749213e-01,-9.509964342614336541e-01,2.810074244333701427e+04,-9.216103645817720462e+03
1.405073453214467317e+07,-3.159580970780339060e-01,-9.517691755254987784e-01,2.812436891044679578e+04,-9.145458845425178879e+03
1.406335873208370619e+07,-3.135840006185714457e-01,-9.525359500341772367e-01,2.814781605612964267e+04,-9.074748251149381758e+03
1.407598293202274106e+07,-3.112079589490179821e-01,-9.532967527710144440e-01,2.817108366585349359e+04,-9.003972224256089248e+03
1.408860713196177408e+07,-3.088299870954844817e-01,-9.540515787524683766e-01,2.819417152717140561e+04,-8.933131127493943495e+03
1.410123133190080896e+07,-3.064501000901601047e-01,-9.548004230279109050e-01,2.821707942972158344e+04,-8.862225325094364962e+03
1.411385553183984198e+07,-3.040683129713144806e-01,-9.555432806796264611e-01,2.823980716522734656e+04,-8.791255182771663385e+03
1.412647973177887499e+07,-3.016846407832954324e-01,-9.562801468228127044e-01,2.826235452749715478e+04,-8.720221067722937732e+03
1.413910393171790987e+07,-2.992990985765303091e-01,-9.570110166055801892e-01,2.828472131242460091e+04,-8.649123348628127133e+03
1.415172813165694289e+07,-2.969117014075267624e-01,-9.577358852089523644e-01,2.830690731798840352e+04,-8.577962395650029066e+03
1.416435233159597777e+07,-2.945224643388699159e-01,-9.584547478468661286e-01,2.832891234425241782e+04,-8.506738580434233882e+03
1.417697653153501078e+07,-2.921314024392261399e-01,-9.591675997661709419e-01,2.835073619336562842e+04,-8.435452276109208469e+03
1.418960073147404566e+07,-2.897385307833394430e-01,-9.598744362466293811e-01,2.837237866956215657e+04,-8.364103857286210769e+03
1.420222493141307868e+07,-2.873438644520345253e-01,-9.605752526009172509e-01,2.839383957916124200e+04,-8.292693700059367984e+03
1.421484913135211356e+07,-2.849474185322139475e-01,-9.612700441746235835e-01,2.841511873056727200e+04,-8.221222182005600189e+03
1.422747333129114658e+07,-2.825492081168611280e-01,-9.619588063462495287e-01,2.843621593426975596e+04,-8.149689682184703997e+03
1.424009753123017959e+07,-2.801492483050374571e-01,-9.626415345272101298e-01,2.845713100284333632e+04,-8.078096581139277987e+03
1.425272173116921447e+07,-2.777475542018839061e-01,-9.633182241618335473e-01,2.847786375094779214e+04,-8.006443260894749073e+03
1.426534593110824749e+07,-2.753441409186215827e-01,-9.639888707273599477e-01,2.849841399532802461e+04,-7.934730104959413438e+03
1.427797013104728237e+07,-2.729390235725496217e-01,-9.646534697339436137e-01,2.851878155481407885e+04,-7.862957498324351036e+03
1.429059433098631538e+07,-2.705322172870476827e-01,-9.653120167246511674e-01,2.853896625032111842e+04,-7.791125827463522000e+03
1.430321853092535026e+07,-2.681237371915733969e-01,-9.659645072754627915e-01,2.855896790484945086e+04,-7.719235480333676605e+03
1.431584273086438328e+07,-2.657135984216652536e-01,-9.666109369952712305e-01,2.857878634348450214e+04,-7.647286846374436209e+03
1.432846693080341816e+07,-2.633018161189393802e-01,-9.672513015258823454e-01,2.859842139339684582e+04,-7.575280316508220494e+03
1.434109113074245118e+07,-2.608884054310926515e-01,-9.678855965420152252e-01,2.861787288384217391e+04,-7.503216283140311134e+03
1.435371533068148419e+07,-2.584733815119004130e-01,-9.685138177513016311e-01,2.863714064616131145e+04,-7.431095140158800859e+03
1.436633953062051907e+07,-2.560567595212168146e-01,-9.691359608942869963e-01,2.865622451378023106e+04,-7.358917282934611649e+03
1.437896373055955209e+07,-2.536385546249769751e-01,-9.697520217444289825e-01,2.867512432221000927e+04,-7.286683108321532927e+03
1.439158793049858697e+07,-2.512187819951933743e-01,-9.703619961080988121e-01,2.869383990904688108e+04,-7.214393014656136074e+03
1.440421213043761998e+07,-2.487974568099593498e-01,-9.709658798245803801e-01,2.871237111397219269e+04,-7.142047401757878106e+03
1.441683633037665486e+07,-2.463745942534464051e-01,-9.715636687660711424e-01,2.873071777875243788e+04,-7.069646670928997992e+03
1.442946053031568788e+07,-2.439502095159062911e-01,-9.721553588376808941e-01,2.874887974723922889e+04,-6.997191224954616700e+03
1.444208473025472276e+07,-2.415243177936688967e-01,-9.727409459774329914e-01,2.876685686536932189e+04,-6.924681468102633517e+03
1.445470893019375578e+07,-2.390969342891448302e-01,-9.733204261562634629e-01,2.878464898116459517e+04,-6.852117806123840637e+03
1.446733313013278879e+07,-2.366680742108228375e-01,-9.738937953780215651e-01,2.880225594473206002e+04,-6.779500646251815851e+03
1.447995733007182367e+07,-2.342377527732709408e-01,-9.744610496794695598e-01,2.881967760826386439e+04,-6.706830397202971653e+03
1.449258153001085669e+07,-2.318059851971376317e-01,-9.750221851302827147e-01,2.883691382603728562e+04,-6.634107469176591621e+03
1.450520572994989157e+07,-2.293727867091492068e-01,-9.755771978330491923e-01,2.885396445441473043e+04,-6.561332273854746745e+03
1.451782992988892458e+07,-2.269381725421126261e-01,-9.761260839232702713e-01,2.887082935184373491e+04,-6.488505224402377280e+03
1.453045412982795946e+07,-2.245021579349126550e-01,-9.766688395693606806e-01,2.888750837885698274e+04,-6.415626735467225444e+03
1.454307832976699248e+07,-2.220647581325150000e-01,-9.772054609726470442e-01,2.890400139807226151e+04,-6.342697223179899083e+03
1.455570252970602736e+07,-2.196259883859632278e-01,-9.777359443673704353e-01,2.892030827419251727e+04,-6.269717105153793455e+03
1.456832672964506038e+07,-2.171858639523813750e-01,-9.782602860206838224e-01,2.893642887400581094e+04,-6.196686800485189451e+03
1.458095092958409339e+07,-2.147444000949717824e-01,-9.787784822326537348e-01,2.895236306638534370e+04,-6.123606729753160835e+03
1.459357512952312827e+07,-2.123016120830162057e-01,-9.792905293362595964e-01,2.896811072228944249e+04,-6.050477315019616071e+03
1.460619932946216129e+07,-2.098575151918767312e-01,-9.797964236973939478e-01,2.898367171476157455e+04,-5.977298979829331074e+03
1.461882352940119617e+07,-2.074121247029931392e-01,-9.802961617148622242e-01,2.899904591893032921e+04,-5.904072149209867348e+03
1.463144772934022918e+07,-2.049654559038862067e-01,-9.807897398203828665e-01,2.901423321200942883e+04,-5.830797249671662939e+03
1.464407192927926406e+07,-2.025175240881543492e-01,-9.812771544785875433e-01,2.902923347329773242e+04,-5.757474709207945125e+03
1.465669612921829708e+07,-2.000683445554767015e-01,-9.817584021870205957e-01,2.904404658417923201e+04,-5.684104957294819542e+03
1.466932032915733196e+07,-1.976179326116105361e-01,-9.822334794761400367e-01,2.905867242812304175e+04,-5.610688424891181057e+03
1.468194452909636497e+07,-1.951663035683934289e-01,-9.827023829093159968e-01,2.907311089068341244e+04,-5.537225544438791985e+03
1.469456872903539799e+07,-1.927134727437415096e-01,-9.831651090828323891e-01,2.908736185949973151e+04,-5.463716749862225697e+03
1.470719292897443287e+07,-1.902594554616500733e-01,-9.836216546258856885e-01,2.910142522429651217e+04,-5.390162476568884813e+03
1.471981712891346589e+07,-1.878042670521946345e-01,-9.840720162005858196e-01,2.911530087688340063e+04,-5.316563161449035761e+03
1.473244132885250077e+07,-1.853479228515289012e-01,-9.845161905019551574e-01,2.912898871115517613e+04,-5.242919242875732380e+03
1.474506552879153378e+07,-1.828904382018871622e-01,-9.849541742579297487e-01,2.914248862309174365e+04,-5.169231160704910508e+03
1.475768972873056866e+07,-1.804318284515813442e-01,-9.853859642293580912e-01,2.915580051075815572e+04,-5.095499356275287937e+03
1.477031392866960168e+07,-1.779721089550042878e-01,-9.858115572100022428e-01,2.916892427430456883e+04,-5.021724272408460820e+03
1.478293812860863656e+07,-1.755112950726268328e-01,-9.862309500265368234e-01,2.918185981596630154e+04,-4.947906353408819996e+03
1.479556232854766957e+07,-1.730494021710002606e-01,-9.866441395385495694e-01,2.919460704006378364e+04,-4.874046045063620113e+03
1.480818652848670259e+07,-1.705864456227542680e-01,-9.870511226385414449e-01,2.920716585300258885e+04,-4.800143794642934154e+03
1.482081072842573747e+07,-1.681224408065978004e-01,-9.874518962519265308e-01,2.921953616327341297e+04,-4.726200050899651615e+03
1.483343492836477049e+07,-1.656574031073199949e-01,-9.878464573370312474e-01,2.923171788145208120e+04,-4.652215264069527620e+03
1.484605912830380537e+07,-1.631913479157880154e-01,-9.882348028850956867e-01,2.924371092019956996e+04,-4.578189885871115621e+03
1.485868332824283838e+07,-1.607242906289499396e-01,-9.886169299202730576e-01,2.925551519426196319e+04,-4.504124369505845607e+03
1.487130752818187326e+07,-1.582562466498312614e-01,-9.889928354996290194e-01,2.926713062047048879e+04,-4.430019169657922248e+03
1.488393172812090628e+07,-1.557872313875386661e-01,-9.893625167131427922e-01,2.927855711774151132e+04,-4.355874742494443126e+03
1.489655592805994116e+07,-1.533172602572560883e-01,-9.897259706837063797e-01,2.928979460707651378e+04,-4.281691545665285958e+03
1.490918012799897417e+07,-1.508463486802488207e-01,-9.900831945671244583e-01,2.930084301156211586e+04,-4.207470038303203182e+03
1.492180432793800905e+07,-1.483745120838597664e-01,-9.904341855521153759e-01,2.931170225637007752e+04,-4.133210681023741927e+03
1.493442852787704207e+07,-1.459017659015124646e-01,-9.907789408603104864e-01,2.932237226875728084e+04,-4.058913935925324040e+03
1.494705272781607509e+07,-1.434281255727088145e-01,-9.911174577462533719e-01,2.933285297806573726e+04,-3.984580266589167877e+03
1.495967692775510997e+07,-1.409536065430297969e-01,-9.914497334974013976e-01,2.934314431572260219e+04,-3.910210138079330136e+03
1.497230112769414298e+07,-1.384782242641370009e-01,-9.917757654341248230e-01,2.935324621524014947e+04,-3.835804016942722228e+03
1.498492532763317786e+07,-1.360019941937697097e-01,-9.920955509097065805e-01,2.936315861221579326e+04,-3.761362371209059347e+03
1.499754952757221088e+07,-1.335249317957480364e-01,-9.924090873103430521e-01,2.937288144433207344e+04,-3.686885670390922314e+03
1.501017372751124576e+07,-1.310470525399698716e-01,-9.927163720551436255e-01,2.938241465135667022e+04,-3.612374385483681181e+03
1.502279792745027877e+07,-1.285683719024138527e-01,-9.930174025961303608e-01,2.939175817514238588e+04,-3.537828988965587996e+03
1.503542212738931365e+07,-1.260889053651366443e-01,-9.933121764182383240e-01,2.940091195962715574e+04,-3.463249954797676764e+03
1.504804632732834667e+07,-1.236086684162753385e-01,-9.936006910393163638e-01,2.940987595083405540e+04,-3.388637758423867126e+03
1.506067052726737969e+07,-1.211276765500450686e-01,-9.938829440101252244e-01,2.941865009687127895e+04,-3.313992876770862495e+03
1.507329472720641457e+07,-1.186459452667412845e-01,-9.941589329143395437e-01,2.942723434793216802e+04,-3.239315788248226454e+03
1.508591892714544758e+07,-1.161634900727385317e-01,-9.944286553685466323e-01,2.943562865629517910e+04,-3.164606972748357293e+03
1.509854312708448246e+07,-1.136803264804898267e-01,-9.946921090222471395e-01,2.944383297632391259e+04,-3.089866911646451626e+03
1.511116732702351548e+07,-1.111964700085291691e-01,-9.949492915578540542e-01,2.945184726446709101e+04,-3.015096087800598980e+03
1.512379152696255036e+07,-1.087119361814677387e-01,-9.952002006906941478e-01,2.945967147925858080e+04,-2.940294985551659920e+03
1.513641572690158337e+07,-1.062267405299979761e-01,-9.954448341690067537e-01,2.946730558131737052e+04,-2.865464090723373374e+03
1.514903992684061825e+07,-1.037408985908899461e-01,-9.956831897739443216e-01,2.947474953334758175e+04,-2.790603890622274776e+03
1.516166412677965127e+07,-1.012544259069945579e-01,-9.959152653195726401e-01,2.948200330013846906e+04,-2.715714874037767004e+03
1.517428832671868429e+07,-9.876733802724083078e-02,-9.961410586528698374e-01,2.948906684856442007e+04,-2.640797531242062178e+03
1.518691252665771917e+07,-9.627965050663724045e-02,-9.963605676537278244e-01,2.949594014758495177e+04,-2.565852353990194388e+03
1.519953672659675218e+07,-9.379137890627228802e-02,-9.965737902349510735e-01,2.950262316824471054e+04,-2.490879835520074266e+03
1.521216092653578706e+07,-9.130253879331272360e-02,-9.967807243422570629e-01,2.950911588367348304e+04,-2.415880470552390761e+03
1.522478512647482008e+07,-8.881314574100576675e-02,-9.969813679542766094e-01,2.951541826908617804e+04,-2.340854755290711182e+03
1.523740932641385496e+07,-8.632321532867656688e-02,-9.971757190825533135e-01,2.952153030178284462e+04,-2.265803187421404800e+03
1.525003352635288797e+07,-8.383276314173111754e-02,-9.973637757715437813e-01,2.952745196114865030e+04,-2.190726266113701058e+03
1.526265772629192285e+07,-8.134180477165303680e-02,-9.975455360986177356e-01,2.953318322865391019e+04,-2.115624492019620448e+03
1.527528192623095587e+07,-7.885035581600699506e-02,-9.977209981740582379e-01,2.953872408785405787e+04,-2.040498367274067277e+03
1.528790612616998889e+07,-7.635843187843537050e-02,-9.978901601410605782e-01,2.954407452438966720e+04,-1.965348395494740544e+03
1.530053032610902376e+07,-7.386604856866030300e-02,-9.980530201757337183e-01,2.954923452598644508e+04,-1.890175081782172128e+03
1.531315452604805678e+07,-7.137322150248420760e-02,-9.982095764870995147e-01,2.955420408245521685e+04,-1.814978932719763179e+03
1.532577872598709166e+07,-6.887996630178706836e-02,-9.983598273170928294e-01,2.955898318569195908e+04,-1.739760456373700436e+03
1.533840292592612468e+07,-6.638629859452997717e-02,-9.985037709405613082e-01,2.956357182967775952e+04,-1.664520162293045360e+03
1.535102712586515956e+07,-6.389223401475181696e-02,-9.986414056652660465e-01,2.956797001047885351e+04,-1.589258561509650463e+03
1.536365132580419257e+07,-6.139778820257176667e-02,-9.987727298318810343e-01,2.957217772624659847e+04,-1.513976166538242978e+03
1.537627552574322745e+07,-5.890297680418738607e-02,-9.988977418139928233e-01,2.957619497721748849e+04,-1.438673491376343009e+03
1.538889972568226047e+07,-5.640781547187672523e-02,-9.990164400181014148e-01,2.958002176571315067e+04,-1.363351051504339921e+03
1.540152392562129349e+07,-5.391231986399624976e-02,-9.991288228836202601e-01,2.958365809614033060e+04,-1.288009363885428684e+03
1.541414812556032836e+07,-5.141650564498126408e-02,-9.992348888828749276e-01,2.958710397499092869e+04,-1.212648946965635332e+03
1.542677232549936138e+07,-4.892038848534782658e-02,-9.993346365211044358e-01,2.959035941084196020e+04,-1.137270320673855167e+03
1.543939652543839626e+07,-4.642398406168973118e-02,-9.994280643364609196e-01,2.959342441435556975e+04,-1.061874006421765444e+03
1.545202072537742928e+07,-4.392730805668172700e-02,-9.995151709000095197e-01,2.959629899827904956e+04,-9.864605271039181389e+02
1.546464492531646416e+07,-4.143037615907587540e-02,-9.995959548157280494e-01,2.959898317744480300e+04,-9.110304070976653747e+02
1.547726912525549717e+07,-3.893320406370560927e-02,-9.996704147205081048e-01,2.960147696877038834e+04,-8.355841722632212623e+02
1.548989332519453205e+07,-3.643580747148166682e-02,-9.997385492841535104e-01,2.960378039125847135e+04,-7.601223499436055135e+02
1.550251752513356507e+07,-3.393820208939608146e-02,-9.998003572093814295e-01,2.960589346599686542e+04,-6.846454689647016494e+02
1.551514172507259808e+07,-3.144040363051837927e-02,-9.998558372318221421e-01,2.960781621615851327e+04,-6.091540596351915156e+02
1.552776592501163296e+07,-2.894242781399793130e-02,-9.999049881200187118e-01,2.960954866700148705e+04,-5.336486537465953006e+02
1.554039012495066598e+07,-2.644429036506428313e-02,-9.999478086754273187e-01,2.961109084586899189e+04,-4.581297845733024587e+02
1.555301432488970086e+07,-2.394600701502498999e-02,-9.999842977324177040e-01,2.961244278218935870e+04,-3.825979868724843982e+02
1.556563852482873388e+07,-2.144759350126817371e-02,-1.000014454158271837e+00,2.961360450747605864e+04,-3.070537968841872498e+02
1.557826272476776876e+07,-1.894906556725966043e-02,-1.000038276853184804e+00,2.961457605532768866e+04,-2.314977523312536505e+02
1.559088692470680177e+07,-1.645043896254626270e-02,-1.000055764750265253e+00,2.961535746142798234e+04,-1.559303924193973216e+02
1.560351112464583665e+07,-1.395172944275289983e-02,-1.000066916815534279e+00,2.961594876354579901e+04,-8.035225783712121483e+01
1.561613532458486967e+07,-1.145295276958445234e-02,-1.000071732047926654e+00,2.961635000153513829e+04,-4.763890755804823129e+00
1.562875952452390455e+07,-8.954124710824426167e-03,-1.000070209479289263e+00,2.961656121733511827e+04,7.083416517037767335e+01
1.564138372446293756e+07,-6.455261040336282390e-03,-1.000062348174382887e+00,2.961658245496999734e+04,1.464413648043919238e+02
1.565400792440197058e+07,-3.956377538062824835e-03,-1.000048147230881090e+00,2.961641376054917055e+04,2.220571615263852436e+02
1.566663212434100546e+07,-1.457489990024872593e-03,-1.000027605779369999e+00,2.961605518226715503e+04,2.976810072336793382e+02
1.567925632428003848e+07,1.041385811675576501e-03,-1.000000722983349188e+00,2.961550677040360461e+04,3.733123523407357425e+02
1.569188052421907336e+07,3.540234068858712745e-03,-9.999674980392313506e-01,2.961476857732329518e+04,4.489506457792213041e+02
1.570450472415810637e+07,6.039038977264465577e-03,-9.999279301763418504e-01,2.961384065747615386e+04,5.245953349979299674e+02
1.571712892409714125e+07,8.537784726554645959e-03,-9.998820186569195023e-01,2.961272306739722262e+04,6.002458659628555324e+02
1.572975312403617427e+07,1.103645550031019489e-02,-9.998297627761157935e-01,2.961141586570668005e+04,6.759016831571407238e+02
1.574237732397520915e+07,1.353503547603423542e-02,-9.997711618619949947e-01,2.960991911310983778e+04,7.515622295811099320e+02
1.575500152391424216e+07,1.603350882514933268e-02,-9.997062152755351594e-01,2.960823287239714045e+04,8.272269467522328341e+02
1.576762572385327518e+07,1.853185971299961890e-02,-9.996349224106269027e-01,2.960635720844415482e+04,9.028952747051644110e+02
1.578024992379231006e+07,2.103007229885029902e-02,-9.995572826940738453e-01,2.960429218821159157e+04,9.785666519917376718e+02
1.579287412373134308e+07,2.352813073588590556e-02,-9.994732955855927248e-01,2.960203788074528711e+04,1.054240515680919998e+03
1.580549832367037795e+07,2.602601917121305855e-02,-9.993829605778131731e-01,2.959959435717621454e+04,1.129916301358882265e+03
1.581812252360941097e+07,2.852372174585801265e-02,-9.992862771962780499e-01,2.959696169072046541e+04,1.205593443128918807e+03
1.583074672354844585e+07,3.102122259476880820e-02,-9.991832449994433318e-01,2.959413995667927884e+04,1.281271373611560193e+03
1.584337092348747887e+07,3.351850584681250605e-02,-9.990738635786774458e-01,2.959112923243901605e+04,1.356949523944409520e+03
1.585599512342651375e+07,3.601555562477927463e-02,-9.989581325582624904e-01,2.958792959747117493e+04,1.432627323782335225e+03
1.586861932336554676e+07,3.851235604537780327e-02,-9.988360515953931262e-01,2.958454113333237910e+04,1.508304201297292821e+03
1.588124352330457978e+07,4.100889121923875086e-02,-9.987076203801774632e-01,2.958096392366439250e+04,1.583979583178455869e+03
1.589386772324361466e+07,4.350514525091324358e-02,-9.985728386356361730e-01,2.957719805419409749e+04,1.659652894632161406e+03
1.590649192318264768e+07,4.600110223887234756e-02,-9.984317061177034880e-01,2.957324361273352406e+04,1.735323559381877203e+03
1.591911612312168255e+07,4.849674627550951134e-02,-9.982842226152258691e-01,2.956910068917982426e+04,1.810990999668289078e+03
1.593174032306071557e+07,5.099206144713672173e-02,-9.981303879499637821e-01,2.956476937551527953e+04,1.886654636249206305e+03
1.594436452299975045e+07,5.348703183398874350e-02,-9.979702019765900323e-01,2.956024976580731163e+04,1.962313888399627103e+03
1.595698872293878347e+07,5.598164151021946949e-02,-9.978036645826906526e-01,2.955554195620846440e+04,2.037968173911716804e+03
1.596961292287781835e+07,5.847587454390459211e-02,-9.976307756887645706e-01,2.955064604495641834e+04,2.113616909094807852e+03
1.598223712281685136e+07,6.096971499703963265e-02,-9.974515352482241637e-01,2.954556213237399788e+04,2.189259508775388895e+03
1.599486132275588438e+07,6.346314692554137771e-02,-9.972659432473944818e-01,2.954029032086913139e+04,2.264895386297126606e+03
1.600748552269491926e+07,6.595615437924788604e-02,-9.970739997055131365e-01,2.953483071493489842e+04,2.340523953520869327e+03
1.602010972263395227e+07,6.844872140191624044e-02,-9.968757046747319661e-01,2.952918342114951520e+04,2.416144620824585218e+03
1.603273392257298715e+07,7.094083203122603098e-02,-9.966710582401147045e-01,2.952334854817630548e+04,2.491756797103475037e+03
1.604535812251202017e+07,7.343247029877605914e-02,-9.964600605196386462e-01,2.951732620676374790e+04,2.567359889769844813e+03
1.605798232245105505e+07,7.592362023008723815e-02,-9.962427116641940916e-01,2.951111650974544682e+04,2.642953304753218617e+03
1.607060652239008807e+07,7.841426584459977589e-02,-9.960190118575841245e-01,2.950471957204012870e+04,2.718536446500243983e+03
1.608323072232912295e+07,8.090439115567610306e-02,-9.957889613165250564e-01,2.949813551065166757e+04,2.794108717974786487e+03
1.609585492226815596e+07,8.339398017059765356e-02,-9.955525602906463156e-01,2.949136444466905596e+04,2.869669520657813337e+03
1.610847912220718898e+07,8.588301689056804245e-02,-9.953098090624902250e-01,2.948440649526641937e+04,2.945218254547517063e+03
1.612110332214622386e+07,8.837148531071127577e-02,-9.950607079475116690e-01,2.947726178570302000e+04,3.020754318159246395e+03
1.613372752208525687e+07,9.085936942007105666e-02,-9.948052572940797589e-01,2.946993044132325304e+04,3.096277108525484437e+03
1.614635172202429175e+07,9.334665320161350532e-02,-9.945434574834751684e-01,2.946241258955663943e+04,3.171786021195925059e+03
1.615897592196332477e+07,9.583332063222343988e-02,-9.942753089298927982e-01,2.945470835991783679e+04,3.247280450237392870e+03
1.617160012190235965e+07,9.831935568270851189e-02,-9.940008120804395553e-01,2.944681788400662481e+04,3.322759788233912332e+03
1.618422432184139267e+07,1.008047423177950708e-01,-9.937199674151366846e-01,2.943874129550793441e+04,3.398223426286642280e+03
1.619684852178042755e+07,1.032894644961318414e-01,-9.934327754469168825e-01,2.943047873019180406e+04,3.473670754013945043e+03
1.620947272171946056e+07,1.057735061702871071e-01,-9.931392367216271833e-01,2.942203032591342344e+04,3.549101159551306409e+03
1.622209692165849358e+07,1.082568512867503191e-01,-9.928393518180267385e-01,2.941339622261310069e+04,3.624514029551419299e+03
1.623472112159752846e+07,1.107394837859322079e-01,-9.925331213477882608e-01,2.940457656231628425e+04,3.699908749184147382e+03
1.624734532153656147e+07,1.132213876021626875e-01,-9.922205459554974682e-01,2.939557148913354831e+04,3.775284702136466876e+03
1.625996952147559635e+07,1.157025466636941308e-01,-9.919016263186527516e-01,2.938638114926060371e+04,3.850641270612586595e+03
1.627259372141462937e+07,1.181829448926983855e-01,-9.915763631476658402e-01,2.937700569097829430e+04,3.925977835333842449e+03
1.628521792135366425e+07,1.206625662052686898e-01,-9.912447571858613582e-01,2.936744526465258241e+04,4.001293775538759292e+03
1.629784212129269727e+07,1.231413945114182701e-01,-9.909068092094768243e-01,2.935770002273457794e+04,4.076588468982996346e+03
1.631046632123173214e+07,1.256194137150822565e-01,-9.905625200276633180e-01,2.934777011976051654e+04,4.151861291939434523e+03
1.632309052117076516e+07,1.280966077141147685e-01,-9.902118904824841472e-01,2.933765571235176321e+04,4.227111619198067274e+03
1.633571472110979818e+07,1.305729604002922872e-01,-9.898549214489162917e-01,2.932735695921481602e+04,4.302338824066087909e+03
1.634833892104883306e+07,1.330484556593114764e-01,-9.894916138348495149e-01,2.931687402114130236e+04,4.377542278367864128e+03
1.636096312098786607e+07,1.355230773707890579e-01,-9.891219685810862527e-01,2.930620706100799362e+04,4.452721352444887088e+03
1.637358732092690095e+07,1.379968094082634489e-01,-9.887459866613428350e-01,2.929535624377677232e+04,4.527875415155873270e+03
1.638621152086593397e+07,1.404696356391928191e-01,-9.883636690822479309e-01,2.928432173649466858e+04,4.603003833876651697e+03
1.639883572080496885e+07,1.429415399249570617e-01,-9.879750168833432156e-01,2.927310370829383828e+04,4.678105974500262164e+03
1.641145992074400187e+07,1.454125061208555725e-01,-9.875800311370837026e-01,2.926170233039157392e+04,4.753181201436882475e+03
1.642408412068303674e+07,1.478825180761098590e-01,-9.871787129488375223e-01,2.925011777609028650e+04,4.828228877613879376e+03
1.643670832062206976e+07,1.503515596338608762e-01,-9.867710634568851447e-01,2.923835022077753456e+04,4.903248364475764902e+03
1.644933252056110464e+07,1.528196146311711079e-01,-9.863570838324209333e-01,2.922639984192600241e+04,4.978239021984250940e+03
1.646195672050013766e+07,1.552866668990230126e-01,-9.859367752795515916e-01,2.921426681909350009e+04,5.053200208618172837e+03
1.647458092043917067e+07,1.577527002623206054e-01,-9.855101390352973834e-01,2.920195133392297794e+04,5.128131281373569436e+03
1.648720512037820555e+07,1.602176985398883202e-01,-9.850771763695911343e-01,2.918945357014251204e+04,5.203031595763643054e+03
1.649982932031723857e+07,1.626816455444708154e-01,-9.846378885852788976e-01,2.917677371356531512e+04,5.277900505818737656e+03
1.651245352025627345e+07,1.651445250827343614e-01,-9.841922770181198432e-01,2.916391195208972204e+04,5.352737364086404341e+03
1.652507772019530647e+07,1.676063209552645650e-01,-9.837403430367862578e-01,2.915086847569921883e+04,5.427541521631306750e+03
1.653770192013434134e+07,1.700670169565696443e-01,-9.832820880428628785e-01,2.913764347646239912e+04,5.502312328035344763e+03
1.655032612007337436e+07,1.725265968750764045e-01,-9.828175134708480032e-01,2.912423714853300044e+04,5.577049131397519886e+03
1.656295032001240924e+07,1.749850444931342341e-01,-9.823466207881527135e-01,2.911064968814989697e+04,5.651751278334055314e+03
1.657557451995144226e+07,1.774423435870117471e-01,-9.818694114951018737e-01,2.909688129363708504e+04,5.726418113978290421e+03
1.658819871989047527e+07,1.798984779268993084e-01,-9.813858871249315774e-01,2.908293216540369758e+04,5.801048981980782628e+03
1.660082291982951015e+07,1.823534312769080068e-01,-9.808960492437929224e-01,2.906880250594399331e+04,5.875643224509231004e+03
1.661344711976854317e+07,1.848071873950684896e-01,-9.803998994507491238e-01,2.905449251983737486e+04,5.950200182248476267e+03
1.662607131970757805e+07,1.872597300333335157e-01,-9.798974393777757363e-01,2.904000241374836332e+04,6.024719194400599008e+03
1.663869551964661106e+07,1.897110429375753471e-01,-9.793886706897629857e-01,2.902533239642661647e+04,6.099199598684755983e+03
1.665131971958564594e+07,1.921611098475881629e-01,-9.788735950845126599e-01,2.901048267870692507e+04,6.173640731337354737e+03
1.666394391952467896e+07,1.946099144970855066e-01,-9.783522142927404408e-01,2.899545347350921656e+04,6.248041927111911718e+03
1.667656811946371384e+07,1.970574406137029777e-01,-9.778245300780744609e-01,2.898024499583853321e+04,6.322402519279143235e+03
1.668919231940274686e+07,1.995036719189957064e-01,-9.772905442370563023e-01,2.896485746278506849e+04,6.396721839626907240e+03
1.670181651934177987e+07,2.019485921284402130e-01,-9.767502585991403308e-01,2.894929109352413798e+04,6.470999218460257907e+03
1.671444071928081475e+07,2.043921849514340194e-01,-9.762036750266939178e-01,2.893354610931618663e+04,6.545233984601409247e+03
1.672706491921984777e+07,2.068344340912944279e-01,-9.756507954149978845e-01,2.891762273350679243e+04,6.619425465389716919e+03
1.673968911915888265e+07,2.092753232452602696e-01,-9.750916216922451696e-01,2.890152119152667365e+04,6.693572986681743714e+03
1.675231331909791566e+07,2.117148361044902116e-01,-9.745261558195428275e-01,2.888524171089166703e+04,6.767675872851175882e+03
1.676493751903695054e+07,2.141529563540650327e-01,-9.739543997909103634e-01,2.886878452120275324e+04,6.841733446788914080e+03
1.677756171897598356e+07,2.165896676729843762e-01,-9.733763556332801770e-01,2.885214985414603143e+04,6.915745029902978786e+03
1.679018591891501844e+07,2.190249537341706354e-01,-9.727920254064975625e-01,2.883533794349274467e+04,6.989709942118615800e+03
1.680281011885405332e+07,2.214587982044651515e-01,-9.722014112033218192e-01,2.881834902509926178e+04,7.063627501878179828e+03
1.681543431879308447e+07,2.238911847446301007e-01,-9.716045151494243637e-01,2.880118333690708823e+04,7.137497026141199967e+03
1.682805851873211935e+07,2.263220970093504647e-01,-9.710013394033897294e-01,2.878384111894284797e+04,7.211317830384441550e+03
1.684068271867115423e+07,2.287515186472295070e-01,-9.703918861567155663e-01,2.876632261331830887e+04,7.285089228601756986e+03
1.685330691861018538e+07,2.311794333007916591e-01,-9.697761576338128631e-01,2.874862806423037910e+04,7.358810533304173077e+03
1.686593111854922026e+07,2.336058246064838806e-01,-9.691541560920050591e-01,2.873075771796106710e+04,7.432481055519949223e+03
1.687855531848825514e+07,2.360306761946713849e-01,-9.685258838215290433e-01,2.871271182287754345e+04,7.506100104794457366e+03
1.689117951842729002e+07,2.384539716896417194e-01,-9.678913431455347105e-01,2.869449062943209719e+04,7.579666989190243839e+03
1.690380371836632118e+07,2.408756947096016843e-01,-9.672505364200849609e-01,2.867609439016215765e+04,7.653181015287003902e+03
1.691642791830535606e+07,2.432958288666809687e-01,-9.666034660341554785e-01,2.865752335969027263e+04,7.726641488181665409e+03
1.692905211824439093e+07,2.457143577669282375e-01,-9.659501344096349529e-01,2.863877779472412658e+04,7.800047711488261484e+03
1.694167631818342209e+07,2.481312650103126294e-01,-9.652905440013257454e-01,2.861985795405654426e+04,7.873398987338006918e+03
1.695430051812245697e+07,2.505465341907258670e-01,-9.646246972969422240e-01,2.860076409856546888e+04,7.946694616379312720e+03
1.696692471806149185e+07,2.529601488959786759e-01,-9.639525968171126502e-01,2.858149649121398397e+04,8.019933897777724269e+03
1.697954891800052673e+07,2.553720927078029779e-01,-9.632742451153780694e-01,2.856205539705030606e+04,8.093116129215957699e+03
1.699217311793955788e+07,2.577823492018510021e-01,-9.625896447781923104e-01,2.854244108320777741e+04,8.166240606893885342e+03
1.700479731787859276e+07,2.601909019476970064e-01,-9.618987984249223189e-01,2.852265381890486969e+04,8.239306625528626682e+03
1.701742151781762764e+07,2.625977345088350012e-01,-9.612017087078483790e-01,2.850269387544519486e+04,8.312313478354355539e+03
1.703004571775666252e+07,2.650028304426795267e-01,-9.604983783121631147e-01,2.848256152621749425e+04,8.385260457122481967e+03
1.704266991769569367e+07,2.674061733005650421e-01,-9.597888099559732655e-01,2.846225704669564220e+04,8.458146852101543118e+03
1.705529411763472855e+07,2.698077466277498115e-01,-9.590730063902974667e-01,2.844178071443862791e+04,8.530971952077308742e+03
1.706791831757376343e+07,2.722075339634097979e-01,-9.583509703990676920e-01,2.842113280909059904e+04,8.603735044352657496e+03
1.708054251751279458e+07,2.746055188406418823e-01,-9.576227047991296981e-01,2.840031361238081809e+04,8.676435414747627874e+03
1.709316671745182946e+07,2.770016847864659182e-01,-9.568882124402412481e-01,2.837932340812368057e+04,8.749072347599490968e+03
1.710579091739086434e+07,2.793960153218201237e-01,-9.561474962050732218e-01,2.835816248221871501e+04,8.821645125762619500e+03
1.711841511732989922e+07,2.817884939615645234e-01,-9.554005590092105038e-01,2.833683112265058298e+04,8.894153030608586050e+03
1.713103931726893038e+07,2.841791042144786728e-01,-9.546474038011504293e-01,2.831532961948908633e+04,8.966595342026101207e+03
1.714366351720796525e+07,2.865678295832652100e-01,-9.538880335623024509e-01,2.829365826488914172e+04,9.038971338421111795e+03
1.715628771714700013e+07,2.889546535645454162e-01,-9.531224513069903592e-01,2.827181735309079886e+04,9.111280296716648081e+03
1.716891191708603129e+07,2.913395596488612127e-01,-9.523506600824507284e-01,2.824980718041926229e+04,9.183521492352936548e+03
1.718153611702506617e+07,2.937225385118797383e-01,-9.515726669627199152e-01,2.822762778309944770e+04,9.255696010643308909e+03
1.719416031696410105e+07,2.961036437650123032e-01,-9.507885146984428326e-01,2.820527674947258856e+04,9.327820836206838067e+03
1.720678451690313593e+07,2.984828767295280016e-01,-9.499982183429233062e-01,2.818275327974711399e+04,9.399899869960787328e+03
1.721940871684216708e+07,3.008602210189628701e-01,-9.492017832668536714e-01,2.816005719337115443e+04,9.471932557271098631e+03
1.723203291678120196e+07,3.032356602679577851e-01,-9.483992148712429016e-01,2.813718831272828174e+04,9.543918344408022676e+03
1.724465711672023684e+07,3.056091781322540224e-01,-9.475905185874163861e-01,2.811414646313754929e+04,9.615856678546002513e+03
1.725728131665927172e+07,3.079807582886963657e-01,-9.467756998770163746e-01,2.809093147285347004e+04,9.687747007763749934e+03
1.726990551659830287e+07,3.103503844352312191e-01,-9.459547642320015326e-01,2.806754317306602024e+04,9.759588781044209099e+03
1.728252971653733775e+07,3.127180402909099932e-01,-9.451277171746462757e-01,2.804398139790061759e+04,9.831381448274638387e+03
1.729515391647637263e+07,3.150837095958844425e-01,-9.442945642575424348e-01,2.802024598441816124e+04,9.903124460246484887e+03
1.730777811641540378e+07,3.174473761114091075e-01,-9.434553110635983675e-01,2.799633677261501725e+04,9.974817268655444423e+03
1.732040231635443866e+07,3.198090236198431469e-01,-9.426099632060378486e-01,2.797225360542298586e+04,1.004645932610153068e+04
1.733302651629347354e+07,3.221686359246462295e-01,-9.417585263284020680e-01,2.794799632870935238e+04,1.011805008608894059e+04
1.734565071623250842e+07,3.245261968503813654e-01,-9.409010061045486317e-01,2.792356479127685452e+04,1.018958900302614893e+04
1.735827491617153957e+07,3.268816902427136295e-01,-9.400374082386516728e-01,2.789895884486370051e+04,1.026107553222585739e+04
1.737089911611057445e+07,3.292350999684126034e-01,-9.391677384652010740e-01,2.787417834414354002e+04,1.033250912990508186e+04
1.738352331604960933e+07,3.315864099153485456e-01,-9.382920025490041338e-01,2.784922314672550056e+04,1.040388925318502879e+04
1.739614751598864049e+07,3.339356039924942232e-01,-9.374102062851843442e-01,2.782409311315417654e+04,1.047521536009115334e+04
1.740877171592767537e+07,3.362826661299272990e-01,-9.365223554991812804e-01,2.779878810690959654e+04,1.054648690955322490e+04
1.742139591586671025e+07,3.386275802788257794e-01,-9.356284560467512668e-01,2.777330799440727787e+04,1.061770336140520340e+04
1.743402011580574512e+07,3.409703304114710676e-01,-9.347285138139678207e-01,2.774765264499818659e+04,1.068886417638531930e+04
1.744664431574477628e+07,3.433109005212465203e-01,-9.338225347172197655e-01,2.772182193096876290e+04,1.075996881613603546e+04
1.745926851568381116e+07,3.456492746226402235e-01,-9.329105247032131176e-01,2.769581572754088120e+04,1.083101674320412531e+04
1.747189271562284604e+07,3.479854367512406621e-01,-9.319924897489703097e-01,2.766963391287190461e+04,1.090200742104055098e+04
1.748451691556188092e+07,3.503193709637398845e-01,-9.310684358618300793e-01,2.764327636805464499e+04,1.097294031400055246e+04
1.749714111550091207e+07,3.526510613379316150e-01,-9.301383690794480241e-01,2.761674297711738836e+04,1.104381488734359300e+04
1.750976531543994695e+07,3.549804919727145291e-01,-9.292022954697957138e-01,2.759003362702385493e+04,1.111463060723345188e+04
1.752238951537898183e+07,3.573076469880876460e-01,-9.282602211311613560e-01,2.756314820767324636e+04,1.118538694073810257e+04
1.753501371531801298e+07,3.596325105251526599e-01,-9.273121521921502408e-01,2.753608661190023849e+04,1.125608335582975815e+04
1.754763791525704786e+07,3.619550667461159388e-01,-9.263580948116830749e-01,2.750884873547493044e+04,1.132671932138495868e+04
1.756026211519608274e+07,3.642752998342845827e-01,-9.253980551789982023e-01,2.748143447710291730e+04,1.139729430718442381e+04
1.757288631513511762e+07,3.665931939940688111e-01,-9.244320395136496060e-01,2.745384373842523928e+04,1.146780778391314743e+04
1.758551051507414877e+07,3.689087334509808525e-01,-9.234600540655083512e-01,2.742607642401841076e+04,1.153825922316035394e+04
1.759813471501318365e+07,3.712219024516377197e-01,-9.224821051147610307e-01,2.739813244139438393e+04,1.160864809741958379e+04
1.761075891495221853e+07,3.735326852637567141e-01,-9.214981989719122080e-01,2.737001170100059244e+04,1.167897388008856615e+04
1.762338311489125341e+07,3.758410661761587557e-01,-9.205083419777816411e-01,2.734171411621992593e+04,1.174923604546929710e+04
1.763600731483028457e+07,3.781470294987665515e-01,-9.195125405035063926e-01,2.731323960337074823e+04,1.181943406876800873e+04
1.764863151476931944e+07,3.804505595626073711e-01,-9.185108009505392745e-01,2.728458808170684642e+04,1.188956742609524190e+04
1.766125571470835432e+07,3.827516407198093829e-01,-9.175031297506505146e-01,2.725575947341751089e+04,1.195963559446573345e+04
1.767387991464738548e+07,3.850502573436030973e-01,-9.164895333659262011e-01,2.722675370362748072e+04,1.202963805179846349e+04
1.768650411458642036e+07,3.873463938283239205e-01,-9.154700182887686166e-01,2.719757070039693645e+04,1.209957427691673001e+04
1.769912831452545524e+07,3.896400345894074357e-01,-9.144445910418973478e-01,2.716821039472154371e+04,1.216944374954801970e+04
1.771175251446449012e+07,3.919311640633930671e-01,-9.134132581783479532e-01,2.713867272053242050e+04,1.223924595032409161e+04
1.772437671440352127e+07,3.942197667079218038e-01,-9.123760262814729627e-01,2.710895761469615900e+04,1.230898036078093355e+04
1.773700091434255615e+07,3.965058270017395303e-01,-9.113329019649404339e-01,2.707906501701478192e+04,1.237864646335884754e+04
1.774962511428159103e+07,3.987893294446924752e-01,-9.102838918727358397e-01,2.704899487022580070e+04,1.244824374140232430e+04
1.776224931422062218e+07,4.010702585577296531e-01,-9.092290026791611801e-01,2.701874712000218642e+04,1.251777167916010876e+04
1.777487351415965706e+07,4.033485988829048074e-01,-9.081682410888339829e-01,2.698832171495235525e+04,1.258722976178525278e+04
1.778749771409869194e+07,4.056243349833720813e-01,-9.071016138366889692e-01,2.695771860662019753e+04,1.265661747533500602e+04
1.780012191403772682e+07,4.078974514433890697e-01,-9.060291276879777200e-01,2.692693774948505961e+04,1.272593430677088145e+04
1.781274611397675797e+07,4.101679328683152659e-01,-9.049507894382676776e-01,2.689597910096176565e+04,1.279517974395862802e+04
1.782537031391579285e+07,4.124357638846147256e-01,-9.038666059134425890e-01,2.686484262140057035e+04,1.286435327566830711e+04
1.783799451385482773e+07,4.147009291398522923e-01,-9.027765839697032835e-01,2.683352827408720987e+04,1.293345439157416695e+04
1.785061871379386261e+07,4.169634133026960399e-01,-9.016807304935670064e-01,2.680203602524287999e+04,1.300248258225473182e+04
1.786324291373289376e+07,4.192232010629158290e-01,-9.005790524018674192e-01,2.677036584402425069e+04,1.307143733919275110e+04
1.787586711367192864e+07,4.214802771313863050e-01,-8.994715566417540442e-01,2.673851770252341521e+04,1.314031815477529381e+04
1.788849131361096352e+07,4.237346262400829011e-01,-8.983582501906938189e-01,2.670649157576796279e+04,1.320912452229361406e+04
1.790111551354999468e+07,4.259862331420833925e-01,-8.972391400564700970e-01,2.667428744172094230e+04,1.327785593594321654e+04
1.791373971348902956e+07,4.282350826115702280e-01,-8.961142332771817598e-01,2.664190528128083679e+04,1.334651189082392193e+04
1.792636391342806444e+07,4.304811594438265332e-01,-8.949835369212451042e-01,2.660934507828161804e+04,1.341509188293973784e+04
1.793898811336709931e+07,4.327244484552387749e-01,-8.938470580873928428e-01,2.657660681949270656e+04,1.348359540919894425e+04
1.795161231330613047e+07,4.349649344832953735e-01,-8.927048039046741046e-01,2.654369049461900431e+04,1.355202196741405714e+04
1.796423651324516535e+07,4.372026023865892563e-01,-8.915567815324538792e-01,2.651059609630083287e+04,1.362037105630189399e+04
1.797686071318420023e+07,4.394374370448140832e-01,-8.904029981604143495e-01,2.647732362011401347e+04,1.368864217548347369e+04
1.798948491312323138e+07,4.416694233587661889e-01,-8.892434610085545588e-01,2.644387306456982333e+04,1.375683482548406027e+04
1.800210911306226626e+07,4.438985462503463042e-01,-8.880781773271886337e-01,2.641024443111497385e+04,1.382494850773322833e+04
1.801473331300130114e+07,4.461247906625560034e-01,-8.869071543969483384e-01,2.637643772413166880e+04,1.389298272456475024e+04
1.802735751294033602e+07,4.483481415595001462e-01,-8.857303995287819642e-01,2.634245295093755703e+04,1.396093697921666171e+04
1.803998171287936717e+07,4.505685839263854353e-01,-8.845479200639538853e-01,2.630829012178576886e+04,1.402881077583123260e+04
1.805260591281840205e+07,4.527861027695232465e-01,-8.833597233740446697e-01,2.627394924986485785e+04,1.409660361945505065e+04
1.806523011275743693e+07,4.550006831163255216e-01,-8.821658168609519679e-01,2.623943035129887357e+04,1.416431501603888137e+04
1.807785431269647181e+07,4.572123100153077102e-01,-8.809662079568896242e-01,2.620473344514731070e+04,1.423194447243777540e+04
1.809047851263550296e+07,4.594209685360869933e-01,-8.797609041243886763e-01,2.616985855340514536e+04,1.429949149641100303e+04
1.810310271257453784e+07,4.616266437693851699e-01,-8.785499128562950233e-01,2.613480570100277691e+04,1.436695559662215237e+04
1.811572691251357272e+07,4.638293208270248269e-01,-8.773332416757725349e-01,2.609957491580609712e+04,1.443433628263900391e+04
1.812835111245260388e+07,4.660289848419311709e-01,-8.761108981363014969e-01,2.606416622861646465e+04,1.450163306493358323e+04
1.814097531239163876e+07,4.682256209681338599e-01,-8.748828898216776118e-01,2.602857967317066141e+04,1.456884545488223557e+04
1.815359951233067364e+07,4.704192143807632287e-01,-8.736492243460139973e-01,2.599281528614096533e+04,1.463597296476548763e+04
1.816622371226970851e+07,4.726097502760532310e-01,-8.724099093537400762e-01,2.595687310713510669e+04,1.470301510776814393e+04
1.817884791220873967e+07,4.747972138713392187e-01,-8.711649525196020205e-01,2.592075317869628270e+04,1.476997139797924137e+04
1.819147211214777455e+07,4.769815904050614952e-01,-8.699143615486615300e-01,2.588445554630312836e+04,1.483684135039212197e+04
1.820409631208680943e+07,4.791628651367609848e-01,-8.686581441762976086e-01,2.584798025836976740e+04,1.490362448090432372e+04
1.821672051202584058e+07,4.813410233470812871e-01,-8.673963081682062315e-01,2.581132736624577956e+04,1.497032030631763701e+04
1.822934471196487546e+07,4.835160503377703423e-01,-8.661288613203983466e-01,2.577449692421618602e+04,1.503692834433815733e+04
1.824196891190391034e+07,4.856879314316771001e-01,-8.648558114592025392e-01,2.573748898950148941e+04,1.510344811357617436e+04
1.825459311184294522e+07,4.878566519727534634e-01,-8.635771664412638104e-01,2.570030362225764839e+04,1.516987913354625380e+04
1.826721731178197637e+07,4.900221973260536767e-01,-8.622929341535436887e-01,2.566294088557609211e+04,1.523622092466718641e+04
1.827984151172101125e+07,4.921845528777359924e-01,-8.610031225133191191e-01,2.562540084548368395e+04,1.530247300826207538e+04
1.829246571166004613e+07,4.943437040350600609e-01,-8.597077394681849061e-01,2.558768357094277599e+04,1.536863490655821806e+04
1.830508991159908101e+07,4.964996362263881524e-01,-8.584067929960518262e-01,2.554978913385117266e+04,1.543470614268717873e+04
1.831771411153811216e+07,4.986523349011850459e-01,-8.571002911051474049e-01,2.551171760904214898e+04,1.550068624068475947e+04
1.833033831147714704e+07,5.008017855300196386e-01,-8.557882418340145847e-01,2.547346907428441045e+04,1.556657472549106387e+04
1.834296251141618192e+07,5.029479736045618932e-01,-8.544706532515141673e-01,2.543504361028215499e+04,1.563237112295039697e+04
1.835558671135521308e+07,5.050908846375840033e-01,-8.531475334568230373e-01,2.539644130067504375e+04,1.569807495981130887e+04
1.836821091129424796e+07,5.072305041629631139e-01,-8.518188905794339405e-01,2.535766223203816844e+04,1.576368576372666030e+04
1.838083511123328283e+07,5.093668177356767135e-01,-8.504847327791567047e-01,2.531870649388210586e+04,1.582920306325350612e+04
1.839345931117231771e+07,5.114998109318059649e-01,-8.491450682461176847e-01,2.527957417865289244e+04,1.589462638785317540e+04
1.840608351111134887e+07,5.136294693485335960e-01,-8.477999052007598735e-01,2.524026538173203880e+04,1.595995526789121868e+04
1.841870771105038375e+07,5.157557786041473413e-01,-8.464492518938416810e-01,2.520078020143647154e+04,1.602518923463750798e+04
1.843133191098941863e+07,5.178787243380349459e-01,-8.450931166064391542e-01,2.516111873901862418e+04,1.609032782026610221e+04
1.844395611092845351e+07,5.199982922106881622e-01,-8.437315076499445343e-01,2.512128109866637533e+04,1.615537055785533084e+04
1.845658031086748466e+07,5.221144679037001968e-01,-8.423644333660668115e-01,2.508126738750307413e+04,1.622031698138775573e+04
1.846920451080651954e+07,5.242272371197693737e-01,-8.409919021268302819e-01,2.504107771558750028e+04,1.628516662575024748e+04
1.848182871074555442e+07,5.263365855826938056e-01,-8.396139223345772118e-01,2.500071219591393310e+04,1.634991902673387267e+04
1.849445291068458557e+07,5.284424990373752795e-01,-8.382305024219657286e-01,2.496017094441210429e+04,1.641457372103394664e+04
1.850707711062362045e+07,5.305449632498195900e-01,-8.368416508519701535e-01,2.491945407994717607e+04,1.647913024625009712e+04
1.851970131056265533e+07,5.326439640071328752e-01,-8.354473761178815572e-01,2.487856172431981031e+04,1.654358814088613144e+04
1.853232551050169021e+07,5.347394871175252806e-01,-8.340476867433076480e-01,2.483749400226611397e+04,1.660794694435015481e+04
1.854494971044072136e+07,5.368315184103085169e-01,-8.326425912821732167e-01,2.479625104145766818e+04,1.667220619695447749e+04
1.855757391037975624e+07,5.389200437358990792e-01,-8.312320983187175827e-01,2.475483297250148462e+04,1.673636543991573490e+04
1.857019811031879112e+07,5.410050489658136952e-01,-8.298162164674984798e-01,2.471323992894006369e+04,1.680042421535474568e+04
1.858282231025782228e+07,5.430865199926724340e-01,-8.283949543733899468e-01,2.467147204725137271e+04,1.686438206629658816e+04
1.859544651019685715e+07,5.451644427301991502e-01,-8.269683207115809953e-01,2.462952946684880590e+04,1.692823853667064395e+04
1.860807071013589203e+07,5.472388031132189301e-01,-8.255363241875788294e-01,2.458741233008124618e+04,1.699199317131048883e+04
1.862069491007492691e+07,5.493095870976597572e-01,-8.240989735372061809e-01,2.454512078223303979e+04,1.705564551595397279e+04
1.863331911001395807e+07,5.513767806605524013e-01,-8.226562775266033078e-01,2.450265497152399257e+04,1.711919511724317999e+04
1.864594330995299295e+07,5.534403698000308625e-01,-8.212082449522252192e-01,2.446001504910934455e+04,1.718264152272449064e+04
1.865856750989202783e+07,5.555003405353309276e-01,-8.197548846408447831e-01,2.441720116907982811e+04,1.724598428084849002e+04
1.867119170983106270e+07,5.575566789067913920e-01,-8.182962054495511728e-01,2.437421348846162800e+04,1.730922294097003760e+04
1.868381590977009386e+07,5.596093709758526158e-01,-8.168322162657501995e-01,2.433105216721640318e+04,1.737235705334820523e+04
1.869644010970912874e+07,5.616584028250600769e-01,-8.153629260071630913e-01,2.428771736824123218e+04,1.743538616914639715e+04
1.870906430964816362e+07,5.637037605580593747e-01,-8.138883436218286027e-01,2.424420925736870049e+04,1.749830984043219360e+04
1.872168850958719477e+07,5.657454302995993389e-01,-8.124084780881022372e-01,2.420052800336684595e+04,1.756112762017743808e+04
1.873431270952622965e+07,5.677833981955330289e-01,-8.109233384146545820e-01,2.415667377793913693e+04,1.762383906225827377e+04
1.874693690946526453e+07,5.698176504128141806e-01,-8.094329336404738617e-01,2.411264675572453780e+04,1.768644372145504894e+04
1.875956110940429941e+07,5.718481731394999823e-01,-8.079372728348646060e-01,2.406844711429745803e+04,1.774894115345236787e+04
1.877218530934333056e+07,5.738749525847494093e-01,-8.064363650974484266e-01,2.402407503416779218e+04,1.781133091483906901e+04
1.878480950928236544e+07,5.758979749788259994e-01,-8.049302195581613528e-01,2.397953069878084352e+04,1.787361256310831959e+04
1.879743370922140032e+07,5.779172265730939673e-01,-8.034188453772582728e-01,2.393481429451742588e+04,1.793578565665745555e+04
1.881005790916043147e+07,5.799326936400204247e-01,-8.019022517453097132e-01,2.388992601069381271e+04,1.799784975478807610e+04
1.882268210909946635e+07,5.819443624731769349e-01,-8.003804478832016178e-01,2.384486603956169711e+04,1.805980441770608377e+04
1.883530630903850123e+07,5.839522193872354050e-01,-7.988534430421381227e-01,2.379963457630827543e+04,1.812164920652157889e+04
1.884793050897753611e+07,5.859562507179714164e-01,-7.973212465036387808e-01,2.375423181905618549e+04,1.818338368324893963e+04
1.886055470891656727e+07,5.879564428222624484e-01,-7.957838675795406713e-01,2.370865796886355383e+04,1.824500741080676016e+04
1.887317890885560215e+07,5.899527820780903209e-01,-7.942413156119955131e-01,2.366291322972391208e+04,1.830651995301795250e+04
1.888580310879463702e+07,5.919452548845378637e-01,-7.926935999734732174e-01,2.361699780856630605e+04,1.836792087460962648e+04
1.889842730873367190e+07,5.939338476617909146e-01,-7.911407300667596676e-01,2.357091191525522299e+04,1.842920974121315521e+04
1.891105150867270306e+07,5.959185468511373207e-01,-7.895827153249576069e-01,2.352465576259062072e+04,1.849038611936413872e+04
1.892367570861173794e+07,5.978993389149698245e-01,-7.880195652114848626e-01,2.347822956630789122e+04,1.855144957650249489e+04
1.893629990855077282e+07,5.998762103367815124e-01,-7.864512892200773431e-01,2.343163354507792246e+04,1.861239968097233941e+04
1.894892410848980397e+07,6.018491476211680347e-01,-7.848778968747871509e-01,2.338486792050705117e+04,1.867323600202202942e+04
1.896154830842883885e+07,6.038181372938299374e-01,-7.832993977299818056e-01,2.333793291713705912e+04,1.873395810980423994e+04
1.897417250836787373e+07,6.057831659015679993e-01,-7.817158013703464636e-01,2.329082876244520594e+04,1.879456557537582557e+04
1.898679670830690861e+07,6.077442200122867844e-01,-7.801271174108823647e-01,2.324355568684421814e+04,1.885505797069792243e+04
1.899942090824593976e+07,6.097012862149927548e-01,-7.785333554969078307e-01,2.319611392368228189e+04,1.891543486863590078e+04
1.901204510818497464e+07,6.116543511197962690e-01,-7.769345253040561561e-01,2.314850370924301751e+04,1.897569584295942695e+04
1.902466930812400952e+07,6.136034013579092505e-01,-7.753306365382786058e-01,2.310072528274553406e+04,1.903584046834237961e+04
1.903729350806304440e+07,6.155484235816464089e-01,-7.737216989358423058e-01,2.305277888634440023e+04,1.909586832036288979e+04
1.904991770800207555e+07,6.174894044644245739e-01,-7.721077222633313530e-01,2.300466476512965892e+04,1.915577897550333000e+04
1.906254190794111043e+07,6.194263307007651376e-01,-7.704887163176453724e-01,2.295638316712676169e+04,1.921557201115038333e+04
1.907516610788014531e+07,6.213591890062900580e-01,-7.688646909260012929e-01,2.290793434329667070e+04,1.927524700559492339e+04
1.908779030781917647e+07,6.232879661177240793e-01,-7.672356559459327929e-01,2.285931854753581501e+04,1.933480353803206526e+04
1.910041450775821134e+07,6.252126487928965082e-01,-7.656016212652886344e-01,2.281053603667603238e+04,1.939424118856124915e+04
1.911303870769724622e+07,6.271332238107371060e-01,-7.639625968022356606e-01,2.276158707048467477e+04,1.945355953818610215e+04
1.912566290763628110e+07,6.290496779712791975e-01,-7.623185925052563539e-01,2.271247191166452831e+04,1.951275816881452192e+04
1.913828710757531226e+07,6.309619980956578944e-01,-7.606696183531502786e-01,2.266319082585386423e+04,1.957183666325863669e+04
1.915091130751434714e+07,6.328701710261132041e-01,-7.590156843550324162e-01,2.261374408162637337e+04,1.963079460523488160e+04
1.916353550745338202e+07,6.347741836259850334e-01,-7.573568005503350520e-01,2.256413195049124624e+04,1.968963157936389689e+04
1.917615970739241317e+07,6.366740227797168528e-01,-7.556929770088075538e-01,2.251435470689313297e+04,1.974834717117055698e+04
1.918878390733144805e+07,6.385696753928561398e-01,-7.540242238305139288e-01,2.246441262821211421e+04,1.980694096708406141e+04
1.920140810727048293e+07,6.404611283920510489e-01,-7.523505511458364881e-01,2.241430599476375210e+04,1.986541255443778937e+04
1.921403230720951781e+07,6.423483687250535201e-01,-7.506719691154731811e-01,2.236403508979908293e+04,1.992376152146939785e+04
1.922665650714854896e+07,6.442313833607167251e-01,-7.489884879304391507e-01,2.231360019950459900e+04,1.998198745732078169e+04
1.923928070708758384e+07,6.461101592889991752e-01,-7.473001178120644017e-01,2.226300161300221953e+04,2.004008995203812810e+04
1.925190490702661872e+07,6.479846835209592815e-01,-7.456068690119971309e-01,2.221223962234936334e+04,2.009806859657183668e+04
1.926452910696565360e+07,6.498549430887593514e-01,-7.439087518122013964e-01,2.216131452253890166e+04,2.015592298277655937e+04
1.927715330690468475e+07,6.517209250456635905e-01,-7.422057765249582273e-01,2.211022661149917985e+04,2.021365270341120049e+04
1.928977750684371963e+07,6.535826164660402116e-01,-7.404979534928637364e-01,2.205897619009396294e+04,2.027125735213894950e+04
1.930240170678275451e+07,6.554400044453587704e-01,-7.387852930888318959e-01,2.200756356212250830e+04,2.032873652352721547e+04
1.931502590672178566e+07,6.572930761001912758e-01,-7.370678057160930940e-01,2.195598903431955114e+04,2.038608981304763438e+04
1.932765010666082054e+07,6.591418185682139663e-01,-7.353455018081933581e-01,2.190425291635524263e+04,2.044331681707616372e+04
1.934027430659985542e+07,6.609862190082042011e-01,-7.336183918289957973e-01,2.185235552083522634e+04,2.050041713289295876e+04
1.935289850653889030e+07,6.628262646000423475e-01,-7.318864862726799370e-01,2.180029716330060182e+04,2.055739035868243081e+04
1.936552270647792146e+07,6.646619425447110041e-01,-7.301497956637423847e-01,2.174807816222794645e+04,2.061423609353323991e+04
1.937814690641695634e+07,6.664932400642969990e-01,-7.284083305569946099e-01,2.169569883902924994e+04,2.067095393743834211e+04
1.939077110635599121e+07,6.683201444019880588e-01,-7.266621015375660519e-01,2.164315951805200893e+04,2.072754349129489492e+04
1.940339530629502237e+07,6.701426428220746967e-01,-7.249111192209027887e-01,2.159046052657918699e+04,2.078400435690429731e+04
1.941601950623405725e+07,6.719607226099514330e-01,-7.231553942527656487e-01,2.153760219482915636e+04,2.084033613697226974e+04
1.942864370617309213e+07,6.737743710721139090e-01,-7.213949373092337636e-01,2.148458485595579259e+04,2.089653843510871957e+04
1.944126790611212701e+07,6.755835755361612183e-01,-7.196297590967019042e-01,2.143140884604843450e+04,2.095261085582782107e+04
1.945389210605115816e+07,6.773883233507940194e-01,-7.178598703518821456e-01,2.137807450413188053e+04,2.100855300454798635e+04
1.946651630599019304e+07,6.791886018858174223e-01,-7.160852818418013133e-01,2.132458217216634876e+04,2.106436448759194172e+04
1.947914050592922792e+07,6.809843985321377691e-01,-7.143060043638044254e-01,2.127093219504757144e+04,2.112004491218658950e+04
1.949176470586826280e+07,6.827757007017644098e-01,-7.125220487455522500e-01,2.121712492060671866e+04,2.117559388646312436e+04
1.950438890580729395e+07,6.845624958278087036e-01,-7.107334258450227482e-01,2.116316069961044559e+04,2.123101101945694973e+04
1.951701310574632883e+07,6.863447713644864612e-01,-7.089401465505087430e-01,2.110903988576081247e+04,2.128629592110779777e+04
1.952963730568536371e+07,6.881225147871139480e-01,-7.071422217806215826e-01,2.105476283569539009e+04,2.134144820225958392e+04
1.954226150562439486e+07,6.898957135921107708e-01,-7.053396624842879215e-01,2.100032990898722346e+04,2.139646747466048328e+04
1.955488570556342974e+07,6.916643552970005437e-01,-7.035324796407506076e-01,2.094574146814475171e+04,2.145135335096295967e+04
1.956750990550246462e+07,6.934284274404075576e-01,-7.017206842595697935e-01,2.089099787861193909e+04,2.150610544472370384e+04
1.958013410544149950e+07,6.951879175820596668e-01,-6.999042873806220477e-01,2.083609950876818039e+04,2.156072337040363345e+04
1.959275830538053066e+07,6.969428133027867345e-01,-6.980833000741003547e-01,2.078104672992836277e+04,2.161520674336795491e+04
1.960538250531956553e+07,6.986931022045225204e-01,-6.962577334405134488e-01,2.072583991634278209e+04,2.166955517988611973e+04
1.961800670525860041e+07,7.004387719103023491e-01,-6.944275986106872578e-01,2.067047944519723387e+04,2.172376829713182451e+04
1.963063090519763157e+07,7.021798100642638873e-01,-6.925929067457650135e-01,2.061496569661299145e+04,2.177784571318298913e+04
1.964325510513666645e+07,7.039162043316489203e-01,-6.907536690372040322e-01,2.055929905364672595e+04,2.183178704702185496e+04
1.965587930507570133e+07,7.056479423988003541e-01,-6.889098967067806001e-01,2.050347990229062998e+04,2.188559191853484299e+04
1.966850350501473621e+07,7.073750119731643249e-01,-6.870616010065861978e-01,2.044750863147233031e+04,2.193925994851266296e+04
1.968112770495376736e+07,7.090974007832890891e-01,-6.852087932190294994e-01,2.039138563305494245e+04,2.199279075865025516e+04
1.969375190489280224e+07,7.108150965788269104e-01,-6.833514846568347068e-01,2.033511130183698697e+04,2.204618397154683771e+04
1.970637610483183712e+07,7.125280871305312846e-01,-6.814896866630432148e-01,2.027868603555249865e+04,2.209943921070586657e+04
1.971900030477087200e+07,7.142363602302589376e-01,-6.796234106110127238e-01,2.022211023487095372e+04,2.215255610053503915e+04
1.973162450470990315e+07,7.159399036909682712e-01,-6.777526679044182378e-01,2.016538430339730985e+04,2.220553426634629432e+04
1.974424870464893803e+07,7.176387053467224719e-01,-6.758774699772492900e-01,2.010850864767193707e+04,2.225837333435587789e+04
1.975687290458797291e+07,7.193327530526852920e-01,-6.739978282938136056e-01,2.005148367717070869e+04,2.231107293168423712e+04
1.976949710452700406e+07,7.210220346851232698e-01,-6.721137543487356591e-01,1.999430980430496857e+04,2.236363268635605709e+04
1.978212130446603894e+07,7.227065381414072842e-01,-6.702252596669542317e-01,1.993698744442147290e+04,2.241605222730033711e+04
1.979474550440507382e+07,7.243862513400091130e-01,-6.683323558037269629e-01,1.987951701580247391e+04,2.246833118435027427e+04
1.980736970434410870e+07,7.260611622205037641e-01,-6.664350543446266872e-01,1.982189893966569070e+04,2.252046918824333261e+04
1.981999390428313985e+07,7.277312587435682545e-01,-6.645333669055437653e-01,1.976413364016430569e+04,2.257246587062121034e+04
1.983261810422217473e+07,7.293965288909836087e-01,-6.626273051326833086e-01,1.970622154438691359e+04,2.262432086402990899e+04
1.984524230416120961e+07,7.310569606656326380e-01,-6.607168807025682877e-01,1.964816308235762699e+04,2.267603380191962788e+04
1.985786650410024449e+07,7.327125420915006071e-01,-6.588021053220382006e-01,1.958995868703599263e+04,2.272760431864483689e+04
1.987049070403927565e+07,7.343632612136747895e-01,-6.568829907282491831e-01,1.953160879431704961e+04,2.277903204946424376e+04
1.988311490397831053e+07,7.360091060983473543e-01,-6.549595486886718998e-01,1.947311384303124214e+04,2.283031663054085220e+04
1.989573910391734540e+07,7.376500648328110366e-01,-6.530317910010958737e-01,1.941447427494451404e+04,2.288145769894186378e+04
1.990836330385637656e+07,7.392861255254609132e-01,-6.510997294936267110e-01,1.935569053475829423e+04,2.293245489263874697e+04
1.992098750379541144e+07,7.409172763057971789e-01,-6.491633760246847684e-01,1.929676307010939490e+04,2.298330785050724808e+04
1.993361170373444632e+07,7.425435053244202610e-01,-6.472227424830089282e-01,1.923769233157016424e+04,2.303401621232733669e+04
1.994623590367348120e+07,7.441648007530335951e-01,-6.452778407876536004e-01,1.917847877264838462e+04,2.308457961878323476e+04
1.995886010361251235e+07,7.457811507844439580e-01,-6.433286828879903885e-01,1.911912284978731986e+04,2.313499771146340936e+04
1.997148430355154723e+07,7.473925436325610239e-01,-6.413752807637058684e-01,1.905962502236563523e+04,2.318527013286062720e+04
1.998410850349058211e+07,7.489989675323958096e-01,-6.394176464248044756e-01,1.899998575269752109e+04,2.323539652637184190e+04
1.999673270342961326e+07,7.506004107400624514e-01,-6.374557919116076166e-01,1.894020550603261654e+04,2.328537653629828128e+04
2.000935690336864814e+07,7.521968615327789820e-01,-6.354897292947510046e-01,1.888028475055598392e+04,2.333520980784546191e+04
2.002198110330768302e+07,7.537883082088643327e-01,-6.335194706751885452e-01,1.882022395738818523e+04,2.338489598712309453e+04
2.003460530324671790e+07,7.553747390877405543e-01,-6.315450281841906710e-01,1.876002360058523482e+04,2.343443472114517499e+04
2.004722950318574905e+07,7.569561425099323726e-01,-6.295664139833442308e-01,1.869968415713863214e+04,2.348382565782991878e+04
2.005985370312478393e+07,7.585325068370681878e-01,-6.275836402645510459e-01,1.863920610697526718e+04,2.353306844599985925e+04
2.007247790306381881e+07,7.601038204518771879e-01,-6.255967192500313523e-01,1.857858993295756227e+04,2.358216273538170572e+04
2.008510210300285369e+07,7.616700717581926794e-01,-6.236056631923209137e-01,1.851783612088337395e+04,2.363110817660645989e+04
2.009772630294188485e+07,7.632312491809490895e-01,-6.216104843742730202e-01,1.845694515948603657e+04,2.367990442120933949e+04
2.011035050288091972e+07,7.647873411661854082e-01,-6.196111951090552683e-01,1.839591754043429682e+04,2.372855112162988371e+04
2.012297470281995460e+07,7.663383361810419681e-01,-6.176078077401540023e-01,1.833475375833241560e+04,2.377704793121181137e+04
2.013559890275898576e+07,7.678842227137614440e-01,-6.156003346413713162e-01,1.827345431072011706e+04,2.382539450420310823e+04
2.014822310269802064e+07,7.694249892736905183e-01,-6.135887882168248320e-01,1.821201969807252317e+04,2.387359049575605241e+04
2.016084730263705552e+07,7.709606243912773271e-01,-6.115731809009499198e-01,1.815045042380028463e+04,2.392163556192713077e+04
2.017347150257609040e+07,7.724911166180730149e-01,-6.095535251584980330e-01,1.808874699424949358e+04,2.396952935967709345e+04
2.018609570251512155e+07,7.740164545267302909e-01,-6.075298334845377068e-01,1.802690991870170546e+04,2.401727154687091388e+04
2.019871990245415643e+07,7.755366267110072043e-01,-6.055021184044521165e-01,1.796493970937390259e+04,2.406486178227789787e+04
2.021134410239319131e+07,7.770516217857620367e-01,-6.034703924739426295e-01,1.790283688141857419e+04,2.411229972557151632e+04
2.022396830233222246e+07,7.785614283869554120e-01,-6.014346682790274734e-01,1.784060195292366916e+04,2.415958503732952158e+04
2.023659250227125734e+07,7.800660351716532936e-01,-5.993949584360391825e-01,1.777823544491255234e+04,2.420671737903394387e+04
2.024921670221029222e+07,7.815654308180215448e-01,-5.973512755916287054e-01,1.771573788134409187e+04,2.425369641307102575e+04
2.026184090214932710e+07,7.830596040253297030e-01,-5.953036324227629628e-01,1.765310978911260827e+04,2.430052180273127306e+04
2.027446510208835825e+07,7.845485435139494257e-01,-5.932520416367259575e-01,1.759035169804789621e+04,2.434719321220944767e+04
2.028708930202739313e+07,7.860322380253564889e-01,-5.911965159711161100e-01,1.752746414091515908e+04,2.439371030660457473e+04
2.029971350196642801e+07,7.875106763221277895e-01,-5.891370681938508103e-01,1.746444765341512539e+04,2.444007275191991357e+04
2.031233770190546289e+07,7.889838471879430104e-01,-5.870737111031621991e-01,1.740130277418394689e+04,2.448628021506296500e+04
2.032496190184449404e+07,7.904517394275847320e-01,-5.850064575276008316e-01,1.733803004479327501e+04,2.453233236384548945e+04
2.033758610178352892e+07,7.919143418669386536e-01,-5.829353203260309035e-01,1.727463000975015166e+04,2.457822886698352886e+04
2.035021030172256380e+07,7.933716433529923728e-01,-5.808603123876353580e-01,1.721110321649714751e+04,2.462396939409734478e+04
2.036283450166159496e+07,7.948236327538359403e-01,-5.787814466319137763e-01,1.714745021541228925e+04,2.466955361571143294e+04
2.037545870160062984e+07,7.962702989586634139e-01,-5.766987360086801573e-01,1.708367155980900861e+04,2.471498120325459240e+04
2.038808290153966472e+07,7.977116308777698617e-01,-5.746121934980666923e-01,1.701976780593625153e+04,2.476025182905983456e+04
2.040070710147869959e+07,7.991476174425539147e-01,-5.725218321105218777e-01,1.695573951297841631e+04,2.480536516636443412e+04
2.041333130141773075e+07,8.005782476055161023e-01,-5.704276648868109589e-01,1.689158724305537908e+04,2.485032088930989994e+04
2.042595550135676563e+07,8.020035103402605170e-01,-5.683297048980139321e-01,1.682731156122240645e+04,2.489511867294202966e+04
2.043857970129580051e+07,8.034233946414934824e-01,-5.662279652455293188e-01,1.676291303547030839e+04,2.493975819321083691e+04
2.045120390123483166e+07,8.048378895250229981e-01,-5.641224590610717238e-01,1.669839223672532898e+04,2.498423912697059495e+04
2.046382810117386654e+07,8.062469840277615152e-01,-5.620131995066707242e-01,1.663374973884913925e+04,2.502856115197985491e+04
2.047645230111290142e+07,8.076506672077228277e-01,-5.599001997746742010e-01,1.656898611863890983e+04,2.507272394690138026e+04
2.048907650105193630e+07,8.090489281440236269e-01,-5.577834730877456737e-01,1.650410195582727465e+04,2.511672719130220139e+04
2.050170070099096745e+07,8.104417559368827240e-01,-5.556630326988660773e-01,1.643909783308232727e+04,2.516057056565359380e+04
2.051432490093000233e+07,8.118291397076231597e-01,-5.535388918913309864e-01,1.637397433600757722e+04,2.520425375133111811e+04
2.052694910086903721e+07,8.132110685986688736e-01,-5.514110639787537238e-01,1.630873205314205370e+04,2.524777643061455092e+04
2.053957330080807209e+07,8.145875317735473686e-01,-5.492795623050646947e-01,1.624337157596022371e+04,2.529113828668791393e+04
2.055219750074710324e+07,8.159585184168878236e-01,-5.471444002445098320e-01,1.617789349887203025e+04,2.533433900363949215e+04
2.056482170068613812e+07,8.173240177344237578e-01,-5.450055912016510407e-01,1.611229841922282685e+04,2.537737826646184840e+04
2.057744590062517300e+07,8.186840189529897005e-01,-5.428631486113681959e-01,1.604658693729349761e+04,2.542025576105176151e+04
2.059007010056420416e+07,8.200385113205230780e-01,-5.407170859388569228e-01,1.598075965630035353e+04,2.546297117421025905e+04
2.060269430050323904e+07,8.213874841060649912e-01,-5.385674166796287077e-01,1.591481718239514703e+04,2.550552419364266098e+04
2.061531850044227391e+07,8.227309265997581056e-01,-5.364141543595127848e-01,1.584876012466513203e+04,2.554791450795849232e+04
2.062794270038130879e+07,8.240688281128479842e-01,-5.342573125346536944e-01,1.578258909513299841e+04,2.559014180667155597e+04
2.064056690032033995e+07,8.254011779776824209e-01,-5.320969047915139472e-01,1.571630470875692845e+04,2.563220578019988170e+04
2.065319110025937483e+07,8.267279655477132172e-01,-5.299329447468705823e-01,1.564990758343050584e+04,2.567410611986579897e+04
2.066581530019840971e+07,8.280491801974932953e-01,-5.277654460478183873e-01,1.558339833998282847e+04,2.571584251789582777e+04
2.067843950013744459e+07,8.293648113226789187e-01,-5.255944223717688990e-01,1.551677760217844298e+04,2.575741466742079501e+04
2.069106370007647574e+07,8.306748483400283600e-01,-5.234198874264497370e-01,1.545004599671737014e+04,2.579882226247571089e+04
2.070368790001551062e+07,8.319792806874035662e-01,-5.212418549499041598e-01,1.538320415323503767e+04,2.584006499799992162e+04
2.071631209995454550e+07,8.332780978237684932e-01,-5.190603387104931743e-01,1.531625270430239289e+04,2.588114256983696396e+04
2.072893629989357665e+07,8.345712892291891061e-01,-5.168753525068943144e-01,1.524919228542584642e+04,2.592205467473463068e+04
2.074156049983261153e+07,8.358588444048354882e-01,-5.146869101681000869e-01,1.518202353504720304e+04,2.596280101034500694e+04
2.075418469977164641e+07,8.371407528729792880e-01,-5.124950255534206356e-01,1.511474709454379445e+04,2.600338127522438299e+04
2.076680889971068129e+07,8.384170041769947179e-01,-5.102997125524830757e-01,1.504736360822840288e+04,2.604379516883331235e+04
2.077943309964971244e+07,8.396875878813586658e-01,-5.081009850852304943e-01,1.497987372334926840e+04,2.608404239153659728e+04
2.079205729958874732e+07,8.409524935716513605e-01,-5.058988571019215064e-01,1.491227809009005796e+04,2.612412264460333245e+04
2.080468149952778220e+07,8.422117108545553732e-01,-5.036933425831325861e-01,1.484457736156994179e+04,2.616403563020681031e+04
2.081730569946681336e+07,8.434652293578549509e-01,-5.014844555397568460e-01,1.477677219384356067e+04,2.620378105142458662e+04
2.082992989940584823e+07,8.447130387304380150e-01,-4.992722100130018159e-01,1.470886324590095501e+04,2.624335861223849497e+04
2.084255409934488311e+07,8.459551286422953842e-01,-4.970566200743935514e-01,1.464085117966768303e+04,2.628276801753458858e+04
2.085517829928391799e+07,8.471914887845191089e-01,-4.948376998257741910e-01,1.457273666000475168e+04,2.632200897310319124e+04
2.086780249922294915e+07,8.484221088693048030e-01,-4.926154633993027332e-01,1.450452035470863848e+04,2.636108118563886819e+04
2.088042669916198403e+07,8.496469786299510885e-01,-4.903899249574526498e-01,1.443620293451123507e+04,2.639998436274044070e+04
2.089305089910101891e+07,8.508660878208581524e-01,-4.881610986930164930e-01,1.436778507307994369e+04,2.643871821291097876e+04
2.090567509904005378e+07,8.520794262175297451e-01,-4.859289988291015105e-01,1.429926744701761527e+04,2.647728244555781566e+04
2.091829929897908494e+07,8.532869836165716260e-01,-4.836936396191329757e-01,1.423065073586257131e+04,2.651567677099250432e+04
2.093092349891811982e+07,8.544887498356925626e-01,-4.814550353468506350e-01,1.416193562208855474e+04,2.655390090043089003e+04
2.094354769885715470e+07,8.556847147137036647e-01,-4.792132003263123718e-01,1.409312279110480813e+04,2.659195454599304503e+04
2.095617189879618585e+07,8.568748681105188281e-01,-4.769681489018925968e-01,1.402421293125604643e+04,2.662983742070328299e+04
2.096879609873522073e+07,8.580591999071547349e-01,-4.747198954482805822e-01,1.395520673382239329e+04,2.666754923849019542e+04
2.098142029867425561e+07,8.592377000057304093e-01,-4.724684543704836814e-01,1.388610489301947018e+04,2.670508971418661531e+04
2.099404449861329049e+07,8.604103583294674396e-01,-4.702138401038252202e-01,1.381690810599836186e+04,2.674245856352961709e+04
2.100666869855232164e+07,8.615771648226899782e-01,-4.679560671139457173e-01,1.374761707284563090e+04,2.677965550316052395e+04
2.101929289849135652e+07,8.627381094508257409e-01,-4.656951498968001091e-01,1.367823249658323221e+04,2.681668025062494416e+04
2.103191709843039140e+07,8.638931822004038974e-01,-4.634311029786618019e-01,1.360875508316864943e+04,2.685353252437269839e+04
2.104454129836942255e+07,8.650423730790565147e-01,-4.611639409161211733e-01,1.353918554149482770e+04,2.689021204375786328e+04
2.105716549830845743e+07,8.661856721155187788e-01,-4.588936782960821303e-01,1.346952458339010627e+04,2.692671852903879335e+04
2.106978969824749231e+07,8.673230693596282181e-01,-4.566203297357678270e-01,1.339977292361835680e+04,2.696305170137807727e+04
2.108241389818652719e+07,8.684545548823249250e-01,-4.543439098827172229e-01,1.332993127987888147e+04,2.699921128284254519e+04
2.109503809812555835e+07,8.695801187756510009e-01,-4.520644334147861376e-01,1.326000037280647484e+04,2.703519699640327599e+04
2.110766229806459323e+07,8.706997511527527767e-01,-4.497819150401448085e-01,1.318998092597131654e+04,2.707100856593564822e+04
2.112028649800362810e+07,8.718134421478779261e-01,-4.474963694972821648e-01,1.311987366587912766e+04,2.710664571621922369e+04
2.113291069794266298e+07,8.729211819163767982e-01,-4.452078115550032189e-01,1.304967932197106165e+04,2.714210817293787113e+04
2.114553489788169414e+07,8.740229606347025282e-01,-4.429162560124297321e-01,1.297939862662374617e+04,2.717739566267965711e+04
2.115815909782072902e+07,8.751187685004115924e-01,-4.406217176989978834e-01,1.290903231514921754e+04,2.721250791293696238e+04
2.117078329775976390e+07,8.762085957321623653e-01,-4.383242114744628215e-01,1.283858112579503540e+04,2.724744465210635826e+04
2.118340749769879505e+07,8.772924325697152304e-01,-4.360237522288956669e-01,1.276804579974422086e+04,2.728220560948870843e+04
2.119603169763782993e+07,8.783702692739349116e-01,-4.337203548826825683e-01,1.269742708111518368e+04,2.731679051528911805e+04
2.120865589757686481e+07,8.794420961267873649e-01,-4.314140343865277560e-01,1.262672571696187333e+04,2.735119910061693372e+04
2.122128009751589969e+07,8.805079034313414432e-01,-4.291048057214510436e-01,1.255594245727366797e+04,2.738543109748575807e+04
2.123390429745493084e+07,8.815676815117686749e-01,-4.267926838987902149e-01,1.248507805497543268e+04,2.741948623881343519e+04
2.124652849739396572e+07,8.826214207133438183e-01,-4.244776839601969720e-01,1.241413326592743942e+04,2.745336425842209428e+04
2.125915269733300060e+07,8.836691114024436411e-01,-4.221598209776414312e-01,1.234310884892545982e+04,2.748706489103808417e+04
2.127177689727203175e+07,8.847107439665469197e-01,-4.198391100534106801e-01,1.227200556570075241e+04,2.752058787229200243e+04
2.128440109721106663e+07,8.857463088142367713e-01,-4.175155663201058909e-01,1.220082418091996988e+04,2.755393293871871720e+04
2.129702529715010151e+07,8.867757963751973227e-01,-4.151892049406466501e-01,1.212956546218526819e+04,2.758709982775735261e+04
2.130964949708913639e+07,8.877991971002163751e-01,-4.128600411082689048e-01,1.205823018003427023e+04,2.762008827775125246e+04
2.132227369702816755e+07,8.888165014611831838e-01,-4.105280900465251293e-01,1.198681910794007126e+04,2.765289802794802381e+04
2.133489789696720243e+07,8.898276999510913443e-01,-4.081933670092828259e-01,1.191533302231116068e+04,2.768552881849955884e+04
2.134752209690623730e+07,8.908327830840353512e-01,-4.058558872807275231e-01,1.184377270249155481e+04,2.771798039046195481e+04
2.136014629684527218e+07,8.918317413952135952e-01,-4.035156661753609431e-01,1.177213893076071327e+04,2.775025248579557956e+04
2.137277049678430334e+07,8.928245654409261434e-01,-4.011727190380017793e-01,1.170043249233357710e+04,2.778234484736505692e+04
2.138539469672333822e+07,8.938112457985762926e-01,-3.988270612437831431e-01,1.162865417536047971e+04,2.781425721893925947e+04
2.139801889666237310e+07,8.947917730666703484e-01,-3.964787081981568373e-01,1.155680477092728688e+04,2.784598934519130125e+04
2.141064309660140425e+07,8.957661378648154038e-01,-3.941276753368911367e-01,1.148488507305532403e+04,2.787754097169854504e+04
2.142326729654043913e+07,8.967343308337236696e-01,-3.917739781260685117e-01,1.141289587870131072e+04,2.790891184494264598e+04
2.143589149647947401e+07,8.976963426352083664e-01,-3.894176320620902909e-01,1.134083798775749528e+04,2.794010171230944979e+04
2.144851569641850889e+07,8.986521639521858340e-01,-3.870586526716733866e-01,1.126871220305156749e+04,2.797111032208909455e+04
2.146113989635754004e+07,8.996017854886741993e-01,-3.846970555118524038e-01,1.119651933034668764e+04,2.800193742347594525e+04
2.147376409629657492e+07,9.005451979697961518e-01,-3.823328561699751993e-01,1.112426017834143931e+04,2.803258276656865200e+04
2.148638829623560980e+07,9.014823921417753905e-01,-3.799660702637094878e-01,1.105193555866989846e+04,2.806304610237008455e+04
2.149901249617464468e+07,9.024133587719382898e-01,-3.775967134410382897e-01,1.097954628590161519e+04,2.809332718278736866e+04
2.151163669611367583e+07,9.033380886487143435e-01,-3.752248013802614302e-01,1.090709317754158110e+04,2.812342576063188608e+04
2.152426089605271071e+07,9.042565725816361644e-01,-3.728503497899936514e-01,1.083457705403023283e+04,2.815334158961928188e+04
2.153688509599174559e+07,9.051688014013375971e-01,-3.704733744091679437e-01,1.076199873874349214e+04,2.818307442436942802e+04
2.154950929593077675e+07,9.060747659595560499e-01,-3.680938910070339909e-01,1.068935905799276225e+04,2.821262402040645975e+04
2.156213349586981162e+07,9.069744571291319390e-01,-3.657119153831561720e-01,1.061665884102485506e+04,2.824199013415877562e+04
2.157475769580884650e+07,9.078678658040073568e-01,-3.633274633674166698e-01,1.054389892002207125e+04,2.827117252295901562e+04
2.158738189574788138e+07,9.087549828992275147e-01,-3.609405508200138613e-01,1.047108013010218201e+04,2.830017094504406123e+04
2.160000609568691254e+07,9.096357993509400774e-01,-3.585511936314638159e-01,1.039820330931843273e+04,2.832898515955504990e+04
2.161263029562594742e+07,9.105103061163954958e-01,-3.561594077225959665e-01,1.032526929865946659e+04,2.835761492653738242e+04
2.162525449556498230e+07,9.113785235460554190e-01,-3.537651879436524704e-01,1.025227225530968281e+04,2.838606738347923238e+04
2.163787869550401345e+07,9.122405106817619291e-01,-3.513685031947529902e-01,1.017919759517915554e+04,2.841435872347748591e+04
2.165050289544304833e+07,9.130962637569135509e-01,-3.489693691449273771e-01,1.010604509546878035e+04,2.844248877313023331e+04
2.166312709538208321e+07,9.139457765042525716e-01,-3.465678033219838361e-01,1.003281511414766646e+04,2.847045671465284977e+04
2.167575129532111809e+07,9.147890426971884148e-01,-3.441638232569362854e-01,9.959508010434576136e+03,2.849826173498889329e+04
2.168837549526014924e+07,9.156260561497975292e-01,-3.417574464840065773e-01,9.886124144797975532e+03,2.852590302581008655e+04
2.170099969519918412e+07,9.164568107168241662e-01,-3.393486905406210008e-01,9.812663878955949258e+03,2.855337978351634229e+04
2.171362389513821900e+07,9.172813002936790472e-01,-3.369375729674150000e-01,9.739127575876322226e+03,2.858069120923572336e+04
2.172624809507725388e+07,9.180995188164402521e-01,-3.345241113082301210e-01,9.665515599776579620e+03,2.860783650882447546e+04
2.173887229501628503e+07,9.189114602618526639e-01,-3.321083231101154554e-01,9.591828316123910554e+03,2.863481489286700162e+04
2.175149649495531991e+07,9.197171186473291904e-01,-3.296902259233248644e-01,9.518066091635117118e+03,2.866162557667589499e+04
2.176412069489435479e+07,9.205164880309487652e-01,-3.272698373013211981e-01,9.444229294276745350e+03,2.868826778029190609e+04
2.177674489483338594e+07,9.213095625114577913e-01,-3.248471748007740745e-01,9.370318293265025204e+03,2.871474072848394644e+04
2.178936909477242082e+07,9.220963362282704745e-01,-3.224222559815579370e-01,9.296333459065799616e+03,2.874104365074913585e+04
2.180199329471145570e+07,9.228768033614673794e-01,-3.199950984067561621e-01,9.222275163394657284e+03,2.876717578131272603e+04
2.181461749465049058e+07,9.236509581317963180e-01,-3.175657196426582840e-01,9.148143779216845360e+03,2.879313635912815516e+04
2.182724169458952174e+07,9.244187948006722388e-01,-3.151341372587614376e-01,9.073939680747313105e+03,2.881892462787702243e+04
2.183986589452855662e+07,9.251803076701775597e-01,-3.127003688277674720e-01,8.999663243450624577e+03,2.884453983596912440e+04
2.185249009446759149e+07,9.259354910830615015e-01,-3.102644319255870586e-01,8.925314844041089600e+03,2.886998123654240044e+04
2.186511429440662265e+07,9.266843394227399777e-01,-3.078263441313380255e-01,8.850894860482696458e+03,2.889524808746296185e+04
2.187773849434565753e+07,9.274268471132973701e-01,-3.053861230273427485e-01,8.776403671989050054e+03,2.892033965132512094e+04
2.189036269428469241e+07,9.281630086194838647e-01,-3.029437861991325365e-01,8.701841659023502871e+03,2.894525519545132556e+04
2.190298689422372729e+07,9.288928184467173388e-01,-3.004993512354449670e-01,8.627209203299062210e+03,2.896999399189221003e+04
2.191561109416275844e+07,9.296162711410822510e-01,-2.980528357282251073e-01,8.552506687778437481e+03,2.899455531742657331e+04
2.192823529410179332e+07,9.303333612893314175e-01,-2.956042572726228501e-01,8.477734496673956528e+03,2.901893845356140082e+04
2.194085949404082820e+07,9.310440835188834585e-01,-2.931536334669968547e-01,8.402893015447689322e+03,2.904314268653183171e+04
2.195348369397986308e+07,9.317484324978245747e-01,-2.907009819129122152e-01,8.327982630811366107e+03,2.906716730730118070e+04
2.196610789391889423e+07,9.324464029349083249e-01,-2.882463202151414050e-01,8.253003730726417416e+03,2.909101161156093076e+04
2.197873209385792911e+07,9.331379895795555157e-01,-2.857896659816617224e-01,8.177956704403891308e+03,2.911467489973074771e+04
2.199135629379696399e+07,9.338231872218533125e-01,-2.833310368236592880e-01,8.102841942304579788e+03,2.913815647695846201e+04
2.200398049373599514e+07,9.345019906925564612e-01,-2.808704503555272125e-01,8.027659836138953324e+03,2.916145565312005783e+04
2.201660469367503002e+07,9.351743948630872882e-01,-2.784079241948633765e-01,7.952410778867100817e+03,2.918457174281972038e+04
2.202922889361406490e+07,9.358403946455347011e-01,-2.759434759624744826e-01,7.877095164698854205e+03,2.920750406538978496e+04
2.204185309355309978e+07,9.364999849926544107e-01,-2.734771232823735576e-01,7.801713389093705700e+03,2.923025194489076603e+04
2.205447729349213094e+07,9.371531608978700412e-01,-2.710088837817811180e-01,7.726265848760847803e+03,2.925281471011133544e+04
2.206710149343116581e+07,9.377999173952719092e-01,-2.685387750911223392e-01,7.650752941659087810e+03,2.927519169456835880e+04
2.207972569337020069e+07,9.384402495596174676e-01,-2.660668148440314962e-01,7.575175066996980604e+03,2.929738223650685904e+04
2.209234989330923557e+07,9.390741525063314166e-01,-2.635930206773488549e-01,7.499532625232737701e+03,2.931938567890002378e+04
2.210497409324826673e+07,9.397016213915052596e-01,-2.611174102311225043e-01,7.423826018074273634e+03,2.934120136944921978e+04
2.211759829318730161e+07,9.403226514118981916e-01,-2.586400011486049699e-01,7.348055648479117735e+03,2.936282866058398940e+04
2.213022249312633649e+07,9.409372378049363217e-01,-2.561608110762579882e-01,7.272221920654543283e+03,2.938426690946203962e+04
2.214284669306536764e+07,9.415453758487120073e-01,-2.536798576637500080e-01,7.196325240057506562e+03,2.940551547796923842e+04
2.215547089300440252e+07,9.421470608619862963e-01,-2.511971585639542481e-01,7.120366013394575930e+03,2.942657373271965116e+04
2.216809509294343740e+07,9.427422882041863739e-01,-2.487127314329529715e-01,7.044344648622069144e+03,2.944744104505548603e+04
2.218071929288247228e+07,9.433310532754065614e-01,-2.462265939300345430e-01,6.968261554945956959e+03,2.946811679104713767e+04
2.219334349282150343e+07,9.439133515164084276e-01,-2.437387637176948174e-01,6.892117142821916786e+03,2.948860035149316172e+04
2.220596769276053831e+07,9.444891784086208997e-01,-2.412492584616344471e-01,6.815911823955237196e+03,2.950889111192030032e+04
2.221859189269957319e+07,9.450585294741399300e-01,-2.387580958307631285e-01,6.739646011300957980e+03,2.952898846258344929e+04
2.223121609263860434e+07,9.456214002757279413e-01,-2.362652934971973540e-01,6.663320119063791935e+03,2.954889179846568004e+04
2.224384029257763922e+07,9.461777864168157137e-01,-2.337708691362583024e-01,6.586934562698073023e+03,2.956860051927825043e+04
2.225646449251667410e+07,9.467276835415000535e-01,-2.312748404264761692e-01,6.510489758907876421e+03,2.958811402946056478e+04
2.226908869245570898e+07,9.472710873345455695e-01,-2.287772250495873072e-01,6.433986125646937580e+03,2.960743173818021387e+04
2.228171289239474013e+07,9.478079935213833407e-01,-2.262780406905357533e-01,6.357424082118694969e+03,2.962655305933294585e+04
2.229433709233377501e+07,9.483383978681125814e-01,-2.237773050374699535e-01,6.280804048776200943e+03,2.964547741154270261e+04
2.230696129227280989e+07,9.488622961814984214e-01,-2.212750357817477032e-01,6.204126447322249987e+03,2.966420421816157614e+04
2.231958549221184477e+07,9.493796843089741255e-01,-2.187712506179326222e-01,6.127391700709302313e+03,2.968273290726983760e+04
2.233220969215087593e+07,9.498905581386393182e-01,-2.162659672437961811e-01,6.050600233139513875e+03,2.970106291167591917e+04
2.234483389208991081e+07,9.503949135992613151e-01,-2.137592033603144537e-01,5.973752470064659065e+03,2.971919366891644677e+04
2.235745809202894568e+07,9.508927466602745682e-01,-2.112509766716723636e-01,5.896848838186255307e+03,2.973712462125619277e+04
2.237008229196797684e+07,9.513840533317796666e-01,-2.087413048852619357e-01,5.819889765455503039e+03,2.975485521568810873e+04
2.238270649190701172e+07,9.518688296645458902e-01,-2.062302057116797704e-01,5.742875681073213855e+03,2.977238490393332540e+04
2.239533069184604660e+07,9.523470717500083227e-01,-2.037176968647314290e-01,5.665807015489949663e+03,2.978971314244113455e+04
2.240795489178508148e+07,9.528187757202699615e-01,-2.012037960614287413e-01,5.588684200405925367e+03,2.980683939238900348e+04
2.242057909172411263e+07,9.532839377481003851e-01,-1.986885210219910824e-01,5.511507668771065255e+03,2.982376311968255686e+04
2.243320329166314751e+07,9.537425540469366414e-01,-1.961718894698423754e-01,5.434277854784898409e+03,2.984048379495562040e+04
2.244582749160218239e+07,9.541946208708829147e-01,-1.936539191316156983e-01,5.356995193896707860e+03,2.985700089357015895e+04
2.245845169154121354e+07,9.546401345147103035e-01,-1.911346277371511471e-01,5.279660122805457831e+03,2.987331389561631659e+04
2.247107589148024842e+07,9.550790913138572646e-01,-1.886140330194931158e-01,5.202273079459716428e+03,2.988942228591243111e+04
2.248370009141928330e+07,9.555114876444291694e-01,-1.860921527148952370e-01,5.124834503057808433e+03,2.990532555400497949e+04
2.249632429135831818e+07,9.559373199231985252e-01,-1.835690045628173839e-01,5.047344834047712538e+03,2.992102319416862520e+04
2.250894849129734933e+07,9.563565846076049759e-01,-1.810446063059267530e-01,4.969804514127112270e+03,2.993651470540619630e+04
2.252157269123638421e+07,9.567692781957555237e-01,-1.785189756900954772e-01,4.892213986243301406e+03,2.995179959144870372e+04
2.253419689117541909e+07,9.571753972264239740e-01,-1.759921304644046225e-01,4.814573694593324035e+03,2.996687736075531575e+04
2.254682109111445397e+07,9.575749382790516018e-01,-1.734640883811413015e-01,4.736884084623878152e+03,2.998174752651337985e+04
2.255944529105348513e+07,9.579678979737462630e-01,-1.709348671958002275e-01,4.659145603031365681e+03,2.999640960663840451e+04
2.257206949099252000e+07,9.583542729712833941e-01,-1.684044846670809392e-01,4.581358697761806980e+03,3.001086312377408467e+04
2.258469369093155488e+07,9.587340599731057900e-01,-1.658729585568918807e-01,4.503523818010960895e+03,3.002510760529227628e+04
2.259731789087058604e+07,9.591072557213224936e-01,-1.633403066303484308e-01,4.425641414224275650e+03,3.003914258329299628e+04
2.260994209080962092e+07,9.594738569987104615e-01,-1.608065466557704881e-01,4.347711938096803351e+03,3.005296759460445537e+04
2.262256629074865580e+07,9.598338606287135644e-01,-1.582716964046871344e-01,4.269735842573350965e+03,3.006658218078301798e+04
2.263519049068769068e+07,9.601872634754425873e-01,-1.557357736518336089e-01,4.191713581848379363e+03,3.007998588811322406e+04
2.264781469062672183e+07,9.605340624436754515e-01,-1.531987961751525573e-01,4.113645611366053345e+03,3.009317826760778189e+04
2.266043889056575671e+07,9.608742544788576589e-01,-1.506607817557915618e-01,4.035532387820147960e+03,3.010615887500757890e+04
2.267306309050479159e+07,9.612078365671012925e-01,-1.481217481781069989e-01,3.957374369154192209e+03,3.011892727078166354e+04
2.268568729044382274e+07,9.615348057351857936e-01,-1.455817132296620964e-01,3.879172014561390824e+03,3.013148302012725981e+04
2.269831149038285762e+07,9.618551590505577398e-01,-1.430406947012250185e-01,3.800925784484560609e+03,3.014382569296976362e+04
2.271093569032189250e+07,9.621688936213310672e-01,-1.404987103867726961e-01,3.722636140616265948e+03,3.015595486396273918e+04
2.272355989026092738e+07,9.624760065962861821e-01,-1.379557780834883285e-01,3.644303545898732409e+03,3.016787011248792260e+04
2.273618409019995853e+07,9.627764951648709602e-01,-1.354119155917626605e-01,3.565928464523885850e+03,3.017957102265521826e+04
2.274880829013899341e+07,9.630703565572008573e-01,-1.328671407151910955e-01,3.487511361933265107e+03,3.019105718330270611e+04
2.276143249007802829e+07,9.633575880440575778e-01,-1.303214712605780812e-01,3.409052704818155689e+03,3.020232818799663437e+04
2.277405669001706317e+07,9.636381869368909614e-01,-1.277749250379343060e-01,3.330552961119503379e+03,3.021338363503142318e+04
2.278668088995609432e+07,9.639121505878166518e-01,-1.252275198604777540e-01,3.252012600027955159e+03,3.022422312742965369e+04
2.279930508989512920e+07,9.641794763896189835e-01,-1.226792735446315397e-01,3.173432091983771898e+03,3.023484627294210077e+04
2.281192928983416408e+07,9.644401617757480949e-01,-1.201302039100272667e-01,3.094811908676958410e+03,3.024525268404768576e+04
2.282455348977319524e+07,9.646942042203219270e-01,-1.175803287795038343e-01,3.016152523047203431e+03,3.025544197795350919e+04
2.283717768971223012e+07,9.649416012381254459e-01,-1.150296659791046339e-01,2.937454409283811401e+03,3.026541377659485443e+04
2.284980188965126500e+07,9.651823503846106433e-01,-1.124782333380820037e-01,2.858718042825822522e+03,3.027516770663516218e+04
2.286242608959029987e+07,9.654164492558965360e-01,-1.099260486888946203e-01,2.779943900361950000e+03,3.028470339946604508e+04
2.287505028952933103e+07,9.656438954887696102e-01,-1.073731298672087608e-01,2.701132459830601874e+03,3.029402049120728407e+04
2.288767448946836591e+07,9.658646867606832664e-01,-1.048194947118950976e-01,2.622284200419795525e+03,3.030311862270684287e+04
2.290029868940740079e+07,9.660788207897578195e-01,-1.022651610650334858e-01,2.543399602567301372e+03,3.031199743954084624e+04
2.291292288934643567e+07,9.662862953347810535e-01,-9.971014677190999376e-02,2.464479147960549199e+03,3.032065659201359449e+04
2.292554708928546682e+07,9.664871081952075560e-01,-9.715446968101822123e-02,2.385523319536665440e+03,3.032909573515754892e+04
2.293817128922450170e+07,9.666812572111594948e-01,-9.459814764405638510e-02,2.306532601482394057e+03,3.033731452873336093e+04
2.295079548916353658e+07,9.668687402634258410e-01,-9.204119851593185742e-02,2.227507479234224775e+03,3.034531263722983203e+04
2.296341968910256773e+07,9.670495552734623690e-01,-8.948364015475875066e-02,2.148448439478329419e+03,3.035308972986394292e+04
2.297604388904160261e+07,9.672237002033928777e-01,-8.692549042185579444e-02,2.069355970150487337e+03,3.036064548058085347e+04
2.298866808898063749e+07,9.673911730560074140e-01,-8.436676718175092904e-02,1.990230560436231826e+03,3.036797956805388458e+04
2.300129228891967237e+07,9.675519718747638276e-01,-8.180748830217821066e-02,1.911072700770751908e+03,3.037509167568452540e+04
2.301391648885870352e+07,9.677060947437862160e-01,-7.924767165407910208e-02,1.831882882838937803e+03,3.038198149160244066e+04
2.302654068879773840e+07,9.678535397878664792e-01,-7.668733511160004401e-02,1.752661599575292712e+03,3.038864870866547062e+04
2.303916488873677328e+07,9.679943051724638758e-01,-7.412649655209613275e-02,1.673409345164069236e+03,3.039509302445962021e+04
2.305178908867580444e+07,9.681283891037040235e-01,-7.156517385612956583e-02,1.594126615039200260e+03,3.040131414129906261e+04
2.306441328861483932e+07,9.682557898283804532e-01,-6.900338490746717179e-02,1.514813905884228006e+03,3.040731176622615021e+04
2.307703748855387419e+07,9.683765056339529442e-01,-6.644114759308483720e-02,1.435471715632447740e+03,3.041308561101140003e+04
2.308966168849290907e+07,9.684905348485489673e-01,-6.387847980316452290e-02,1.356100543466805902e+03,3.041863539215350465e+04
2.310228588843194023e+07,9.685978758409632405e-01,-6.131539943109578367e-02,1.276700889819960139e+03,3.042396083087931765e+04
2.311491008837097511e+07,9.686985270206573961e-01,-5.875192437347274282e-02,1.197273256374171979e+03,3.042906165314387545e+04
2.312753428831000999e+07,9.687924868377597587e-01,-5.618807253009892866e-02,1.117818146061452353e+03,3.043393758963037544e+04
2.314015848824904487e+07,9.688797537830668993e-01,-5.362386180398364538e-02,1.038336063063477923e+03,3.043858837575019788e+04
2.315278268818807602e+07,9.689603263880410822e-01,-5.105931010134390907e-02,9.588275128116238193e+02,3.044301375164288038e+04
2.316540688812711090e+07,9.690342032248127069e-01,-4.849443533160122805e-02,8.792930019868690579e+02,3.044721346217613973e+04
2.317803108806614578e+07,9.691013829061791984e-01,-4.592925540738646700e-02,7.997330385199529701e+02,3.045118725694586101e+04
2.319065528800517693e+07,9.691618640856046740e-01,-4.336378824453716169e-02,7.201481315912878927e+02,3.045493489027610121e+04
2.320327948794421181e+07,9.692156454572206092e-01,-4.079805176209546497e-02,6.405387916309009597e+02,3.045845612121908198e+04
2.321590368788324669e+07,9.692627257558259490e-01,-3.823206388231277508e-02,5.609055303185687080e+02,3.046175071355520777e+04
2.322852788782228157e+07,9.693031037568859976e-01,-3.566584253064650212e-02,4.812488605837224895e+02,3.046481843579304768e+04
2.324115208776131272e+07,9.693367782765338614e-01,-3.309940563576142109e-02,4.015692966054975841e+02,3.046765906116933184e+04
2.325377628770034760e+07,9.693637481715693394e-01,-3.053277112952742373e-02,3.218673538126440690e+02,3.047027236764898043e+04
2.326640048763938248e+07,9.693840123394595887e-01,-2.796595694702296367e-02,2.421435488836541481e+02,3.047265813792506742e+04
2.327902468757841364e+07,9.693975697183391249e-01,-2.539898102653391151e-02,1.623983997467057634e+02,3.047481615941884957e+04
2.329164888751744851e+07,9.694044192870088228e-01,-2.283186130955017906e-02,8.263242557958619727e+01,3.047674622427974828e+04
2.330427308745648339e+07,9.694045600649373595e-01,-2.026461574077126696e-02,2.846146809835772729e+00,3.047844812938535324e+04
2.331689728739551827e+07,9.693979911122604376e-01,-1.769726226810246217e-02,-7.695991488535582903e+01,3.047992167634143698e+04
2.332952148733454943e+07,9.693847115297806738e-01,-1.512981884265665079e-02,-1.567852365790895419e+02,3.048116667148192209e+04
2.334214568727358431e+07,9.693647204589680433e-01,-1.256230341875162922e-02,-2.366292940948569594e+02,3.048218292586892858e+04
2.335476988721261919e+07,9.693380170819592134e-01,-9.994733953913979493e-03,-3.164915620063966344e+02,3.048297025529272287e+04
2.336739408715165406e+07,9.693046006215584320e-01,-7.427128408876612978e-03,-3.963715136378013995e+02,3.048352848027175787e+04
2.338001828709068522e+07,9.692644703412368612e-01,-4.859504747579901363e-03,-4.762686210634456074e+02,3.048385742605264750e+04
2.339264248702972010e+07,9.692176255451331324e-01,-2.291880937168916735e-03,-5.561823551081033656e+02,3.048395692261018485e+04
2.340526668696875498e+07,9.691640655780523472e-01,2.757250520023304952e-04,-6.361121853467939218e+02,3.048382680464732766e+04
2.341789088690778613e+07,9.691037898254669658e-01,2.843295246372834918e-03,-7.160575801048598805e+02,3.048346691159520924e+04
2.343051508684682101e+07,9.690367977135171396e-01,5.410811669176784910e-03,-7.960180064580308681e+02,3.048287708761312751e+04
2.344313928678585589e+07,9.689630887090096012e-01,7.978256340439689870e-03,-8.759929302322852891e+02,3.048205718158855962e+04
2.345576348672489077e+07,9.688826623194179977e-01,1.054561127698072122e-02,-9.559818160039503709e+02,3.048100704713714367e+04
2.346838768666392192e+07,9.687955180928836674e-01,1.311285849241134241e-02,-1.035984127099643956e+03,3.047972654260269701e+04
2.348101188660295680e+07,9.687016556182147520e-01,1.567997999713867038e-02,-1.115999325596376366e+03,3.047821553105720523e+04
2.349363608654199168e+07,9.686010745248864184e-01,1.824695779836052814e-02,-1.196026872321401243e+03,3.047647388030082220e+04
2.350626028648102283e+07,9.684937744830414141e-01,2.081377390006799652e-02,-1.276066226852304681e+03,3.047450146286187373e+04
2.351888448642005771e+07,9.683797552034889566e-01,2.338041030304735188e-02,-1.356116847517054339e+03,3.047229815599685753e+04
2.353150868635909259e+07,9.682590164377059549e-01,2.594684900487598950e-02,-1.436178191393870293e+03,3.046986384169044322e+04
2.354413288629812747e+07,9.681315579778363434e-01,2.851307199992516445e-02,-1.516249714311308708e+03,3.046719840665547235e+04
2.355675708623715863e+07,9.679973796566907485e-01,3.107906127935843033e-02,-1.596330870848232735e+03,3.046430174233294747e+04
2.356938128617619351e+07,9.678564813477474882e-01,3.364479883113468545e-02,-1.676421114333887090e+03,3.046117374489205395e+04
2.358200548611522838e+07,9.677088629651515728e-01,3.621026664000388806e-02,-1.756519896847770724e+03,3.045781431523014544e+04
2.359462968605426326e+07,9.675545244637153708e-01,3.877544668750982498e-02,-1.836626669219724135e+03,3.045422335897274024e+04
2.360725388599329442e+07,9.673934658389183872e-01,4.134032095198875850e-02,-1.916740881029885713e+03,3.045040078647353221e+04
2.361987808593232930e+07,9.672256871269071521e-01,4.390487140857202153e-02,-1.996861980608780868e+03,3.044634651281438346e+04
2.363250228587136418e+07,9.670511884044951101e-01,4.646908002918228447e-02,-2.076989415037187428e+03,3.044206045780533168e+04
2.364512648581039533e+07,9.668699697891632860e-01,4.903292878253503323e-02,-2.157122630146204756e+03,3.043754254598458647e+04
2.365775068574943021e+07,9.666820314390596192e-01,5.159639963414126146e-02,-2.237261070517315602e+03,3.043279270661851479e+04
2.367037488568846509e+07,9.664873735529992960e-01,5.415947454630300889e-02,-2.317404179482255131e+03,3.042781087370166642e+04
2.368299908562749997e+07,9.662859963704640842e-01,5.672213547811599810e-02,-2.397551399123107331e+03,3.042259698595676309e+04
2.369562328556653112e+07,9.660779001716036651e-01,5.928436438546823284e-02,-2.477702170272239528e+03,3.041715098683469478e+04
2.370824748550556600e+07,9.658630852772343012e-01,6.184614322104357159e-02,-2.557855932512427898e+03,3.041147282451451611e+04
2.372087168544460088e+07,9.656415520488393911e-01,6.440745393431622501e-02,-2.638012124176681027e+03,3.040556245190345726e+04
2.373349588538363576e+07,9.654133008885696920e-01,6.696827847155469027e-02,-2.718170182348358139e+03,3.039941982663692033e+04
2.374612008532266691e+07,9.651783322392432085e-01,6.952859877581979431e-02,-2.798329542861116352e+03,3.039304491107848298e+04
2.375874428526170179e+07,9.649366465843445262e-01,7.208839678696749020e-02,-2.878489640298997983e+03,3.038643767231988386e+04
2.377136848520073667e+07,9.646882444480259222e-01,7.464765444164500607e-02,-2.958649907996294132e+03,3.037959808218103717e+04
2.378399268513976783e+07,9.644331263951065880e-01,7.720635367329239940e-02,-3.038809778037624710e+03,3.037252611721002540e+04
2.379661688507880270e+07,9.641712930310725183e-01,7.976447641214538808e-02,-3.118968681257993012e+03,3.036522175868310660e+04
2.380924108501783758e+07,9.639027450020772880e-01,8.232200458523031283e-02,-3.199126047242647473e+03,3.035768499260470344e+04
2.382186528495687246e+07,9.636274829949414977e-01,8.487892011636759271e-02,-3.279281304327194448e+03,3.034991580970741779e+04
2.383448948489590362e+07,9.633455077371525510e-01,8.743520492617005979e-02,-3.359433879597514533e+03,3.034191420545201254e+04
2.384711368483493850e+07,9.630568199968656540e-01,8.999084093204580415e-02,-3.439583198889900814e+03,3.033368018002742974e+04
2.385973788477397338e+07,9.627614205829022609e-01,9.254581004819385781e-02,-3.519728686790880602e+03,3.032521373835077975e+04
2.387236208471300453e+07,9.624593103447517395e-01,9.510009418560660954e-02,-3.599869766637310022e+03,3.031651489006734118e+04
2.388498628465203941e+07,9.621504901725699277e-01,9.765367525207137300e-02,-3.680005860516428584e+03,3.030758364955056459e+04
2.389761048459107429e+07,9.618349609971804659e-01,1.002065351521667924e-01,-3.760136389265730031e+03,3.029842003590206878e+04
2.391023468453010917e+07,9.615127237900732426e-01,1.027586557872651324e-01,-3.840260772473046018e+03,3.028902407295165176e+04
2.392285888446914032e+07,9.611837795634062820e-01,1.053100190555313481e-01,-3.920378428476517001e+03,3.027939578925727983e+04
2.393548308440817520e+07,9.608481293700039672e-01,1.078606068519254724e-01,-4.000488774364654091e+03,3.026953521810507664e+04
2.394810728434721008e+07,9.605057743033579287e-01,1.104104010681985631e-01,-4.080591225976233545e+03,3.025944239750935594e+04
2.396073148428624496e+07,9.601567154976274887e-01,1.129593835928957707e-01,-4.160685197900371350e+03,3.024911737021258887e+04
2.397335568422527611e+07,9.598009541276383283e-01,1.155075363113542003e-01,-4.240770103476468648e+03,3.023856018368542937e+04
2.398597988416431099e+07,9.594384914088833760e-01,1.180548411057067287e-01,-4.320845354794333616e+03,3.022777089012668512e+04
2.399860408410334587e+07,9.590693285975232518e-01,1.206012798548767723e-01,-4.400910362694021387e+03,3.021674954646335027e+04
2.401122828404237702e+07,9.586934669903853790e-01,1.231468344345814925e-01,-4.480964536765895900e+03,3.020549621435058725e+04
2.402385248398141190e+07,9.583109079249639839e-01,1.256914867173328509e-01,-4.561007285350713573e+03,3.019401096017171949e+04
2.403647668392044678e+07,9.579216527794210956e-01,1.282352185724338900e-01,-4.641038015539488697e+03,3.018229385503824960e+04
2.404910088385948166e+07,9.575257029725848801e-01,1.307780118659816193e-01,-4.721056133173575290e+03,3.017034497478985213e+04
2.406172508379851282e+07,9.571230599639517500e-01,1.333198484608656420e-01,-4.801061042844617987e+03,3.015816439999436989e+04
2.407434928373754770e+07,9.567137252536842551e-01,1.358607102167700698e-01,-4.881052147894659356e+03,3.014575221594781397e+04
2.408697348367658257e+07,9.562977003826128586e-01,1.384005789901711914e-01,-4.961028850415985289e+03,3.013310851267436374e+04
2.409959768361561373e+07,9.558749869322347159e-01,1.409394366343374727e-01,-5.040990551251203215e+03,3.012023338492638868e+04
2.411222188355464861e+07,9.554455865247141189e-01,1.434772649993332483e-01,-5.120936649993314859e+03,3.010712693218439745e+04
2.412484608349368349e+07,9.550095008228823845e-01,1.460140459320135586e-01,-5.200866544985570727e+03,3.009378925865709607e+04
2.413747028343271837e+07,9.545667315302386324e-01,1.485497612760272590e-01,-5.280779633321551955e+03,3.008022047328134795e+04
2.415009448337174952e+07,9.541172803909483413e-01,1.510843928718157980e-01,-5.360675310845155764e+03,3.006642068972220295e+04
2.416271868331078440e+07,9.536611491898442372e-01,1.536179225566160211e-01,-5.440552972150655478e+03,3.005239002637285375e+04
2.417534288324981928e+07,9.531983397524264046e-01,1.561503321644555631e-01,-5.520412010582578660e+03,3.003812860635468678e+04
2.418796708318885416e+07,9.527288539448618421e-01,1.586816035261558178e-01,-5.600251818235788960e+03,3.002363655751725310e+04
2.420059128312788531e+07,9.522526936739849068e-01,1.612117184693309946e-01,-5.680071785955471569e+03,3.000891401243827931e+04
2.421321548306692019e+07,9.517698608872972033e-01,1.637406588183901723e-01,-5.759871303337158679e+03,2.999396110842365306e+04
2.422583968300595507e+07,9.512803575729665839e-01,1.662684063945337742e-01,-5.839649758726674918e+03,2.997877798750743023e+04
2.423846388294498622e+07,9.507841857598293700e-01,1.687949430157549280e-01,-5.919406539220135528e+03,2.996336479645186046e+04
2.425108808288402110e+07,9.502813475173874647e-01,1.713202504968424911e-01,-5.999141030664060963e+03,2.994772168674733621e+04
2.426371228282305598e+07,9.497718449558115728e-01,1.738443106493764156e-01,-6.078852617655222275e+03,2.993184881461243640e+04
2.427633648276209086e+07,9.492556802259379811e-01,1.763671052817299689e-01,-6.158540683540712052e+03,2.991574634099390823e+04
2.428896068270112202e+07,9.487328555192713342e-01,1.788886161990692059e-01,-6.238204610417949880e+03,2.989941443156667447e+04
2.430158488264015689e+07,9.482033730679823025e-01,1.814088252033553839e-01,-6.317843779134724173e+03,2.988285325673380794e+04
2.431420908257919177e+07,9.476672351449096920e-01,1.839277140933409105e-01,-6.397457569289079402e+03,2.986606299162658252e+04
2.432683328251822293e+07,9.471244440635588902e-01,1.864452646645709255e-01,-6.477045359229385213e+03,2.984904381610442579e+04
2.433945748245725781e+07,9.465750021781021983e-01,1.889614587093863263e-01,-6.556606526054394635e+03,2.983179591475492998e+04
2.435208168239629269e+07,9.460189118833794986e-01,1.914762780169190215e-01,-6.636140445613102202e+03,2.981431947689387016e+04
2.436470588233532757e+07,9.454561756148975871e-01,1.939897043730942905e-01,-6.715646492504867638e+03,2.979661469656519330e+04
2.437733008227435872e+07,9.448867958488307295e-01,1.965017195606301170e-01,-6.795124040079324914e+03,2.977868177254101101e+04
2.438995428221339360e+07,9.443107751020194396e-01,1.990123053590399094e-01,-6.874572460436505935e+03,2.976052090832160320e+04
2.440257848215242848e+07,9.437281159319723667e-01,2.015214435446279206e-01,-6.953991124426705937e+03,2.974213231213542167e+04
2.441520268209146336e+07,9.431388209368645192e-01,2.040291158904921076e-01,-7.033379401650534419e+03,2.972351619693909743e+04
2.442782688203049451e+07,9.425428927555388192e-01,2.065353041665236311e-01,-7.112736660458929691e+03,2.970467278041743702e+04
2.444045108196952939e+07,9.419403340675044367e-01,2.090399901394076054e-01,-7.192062267953198898e+03,2.968560228498338256e+04
2.445307528190856427e+07,9.413311475929380112e-01,2.115431555726213497e-01,-7.271355589984897961e+03,2.966630493777809170e+04
2.446569948184759542e+07,9.407153360926838737e-01,2.140447822264346933e-01,-7.350615991155911615e+03,2.964678097067087219e+04
2.447832368178663030e+07,9.400929023682523811e-01,2.165448518579131121e-01,-7.429842834818518895e+03,2.962703062025918916e+04
2.449094788172566518e+07,9.394638492618220260e-01,2.190433462209128435e-01,-7.509035483075229422e+03,2.960705412786870511e+04
2.450357208166470006e+07,9.388281796562376602e-01,2.215402470660836898e-01,-7.588193296778914373e+03,2.958685173955323626e+04
2.451619628160373122e+07,9.381858964750118268e-01,2.240355361408686574e-01,-7.667315635532737360e+03,2.956642370609478530e+04
2.452882048154276609e+07,9.375370026823239833e-01,2.265291951895054834e-01,-7.746401857690241741e+03,2.954577028300349775e+04
2.454144468148180097e+07,9.368815012830203903e-01,2.290212059530228605e-01,-7.825451320355234202e+03,2.952489173051771650e+04
2.455406888142083585e+07,9.362193953226151111e-01,2.315115501692439348e-01,-7.904463379381850245e+03,2.950378831360394906e+04
2.456669308135986701e+07,9.355506878872889009e-01,2.340002095727834741e-01,-7.983437389374539634e+03,2.948246030195687126e+04
2.457931728129890189e+07,9.348753821038894296e-01,2.364871658950520039e-01,-8.062372703688128240e+03,2.946090796999931626e+04
2.459194148123793676e+07,9.341934811399319472e-01,2.389724008642510888e-01,-8.141268674427694350e+03,2.943913159688231099e+04
2.460456568117696792e+07,9.335049882035987290e-01,2.414558962053751923e-01,-8.220124652448641427e+03,2.941713146648505062e+04
2.461718988111600280e+07,9.328099065437386317e-01,2.439376336402144518e-01,-8.298939987356756319e+03,2.939490786741487318e+04
2.462981408105503768e+07,9.321082394498686474e-01,2.464175948873494337e-01,-8.377714027508071013e+03,2.937246109300732496e+04
2.464243828099407256e+07,9.313999902521719054e-01,2.488957616621549906e-01,-8.456446120008975413e+03,2.934979144132609872e+04
2.465506248093310371e+07,9.306851623214994484e-01,2.513721156767984022e-01,-8.535135610716148221e+03,2.932689921516307368e+04
2.466768668087213859e+07,9.299637590693686784e-01,2.538466386402419839e-01,-8.613781844236655161e+03,2.930378472203827914e+04
2.468031088081117347e+07,9.292357839479645776e-01,2.563193122582390626e-01,-8.692384163927807094e+03,2.928044827419993453e+04
2.469293508075020462e+07,9.285012404501398198e-01,2.587901182333364747e-01,-8.770941911897258251e+03,2.925689018862443118e+04
2.470555928068923950e+07,9.277601321094127718e-01,2.612590382648759535e-01,-8.849454429003024416e+03,2.923311078701630686e+04
2.471818348062827438e+07,9.270124624999698248e-01,2.637260540489905769e-01,-8.927921054853381065e+03,2.920911039580829311e+04
2.473080768056730926e+07,9.262582352366646177e-01,2.661911472786068211e-01,-9.006341127806957957e+03,2.918488934616128972e+04
2.474343188050634041e+07,9.254974539750181473e-01,2.686542996434441166e-01,-9.084713984972666367e+03,2.916044797396436843e+04
2.475605608044537529e+07,9.247301224112171036e-01,2.711154928300169020e-01,-9.163038962209811871e+03,2.913578661983475104e+04
2.476868028038441017e+07,9.239562442821168675e-01,2.735747085216305163e-01,-9.241315394127959735e+03,2.911090562911785673e+04
2.478130448032344505e+07,9.231758233652390677e-01,2.760319283983841410e-01,-9.319542614086989488e+03,2.908580535188725844e+04
2.479392868026247621e+07,9.223888634787731355e-01,2.784871341371697451e-01,-9.397719954197116749e+03,2.906048614294471918e+04
2.480655288020151109e+07,9.215953684815748614e-01,2.809403074116745835e-01,-9.475846745318922331e+03,2.903494836182014478e+04
2.481917708014054596e+07,9.207953422731675053e-01,2.833914298923762565e-01,-9.553922317063235823e+03,2.900919237277163120e+04
2.483180128007957712e+07,9.199887887937419073e-01,2.858404832465461509e-01,-9.631945997791211994e+03,2.898321854478544992e+04
2.484442548001861200e+07,9.191757120241550449e-01,2.882874491382508286e-01,-9.709917114614407183e+03,2.895702725157602254e+04
2.485704967995764688e+07,9.183561159859319201e-01,2.907323092283475297e-01,-9.787834993394608318e+03,2.893061887158595346e+04
2.486967387989668176e+07,9.175300047412640048e-01,2.931750451744876140e-01,-9.865698958743949333e+03,2.890399378798602265e+04
2.488229807983571291e+07,9.166973823930105736e-01,2.956156386311150630e-01,-9.943508334024871147e+03,2.887715238867518201e+04
2.489492227977474779e+07,9.158582530846972602e-01,2.980540712494689215e-01,-1.002126244135019806e+04,2.885009506628052986e+04
2.490754647971378267e+07,9.150126210005175009e-01,3.004903246775789127e-01,-1.009896060158300315e+04,2.882282221815736557e+04
2.492017067965281382e+07,9.141604903653315350e-01,3.029243805602683803e-01,-1.017660213433667741e+04,2.879533424638915676e+04
2.493279487959184870e+07,9.133018654446664053e-01,3.053562205391560647e-01,-1.025418635797500610e+04,2.876763155778751388e+04
2.494541907953088358e+07,9.124367505447169568e-01,3.077858262526511068e-01,-1.033171258961201238e+04,2.873971456389224113e+04
2.495804327946991846e+07,9.115651500123447271e-01,3.102131793359569900e-01,-1.040918014511209913e+04,2.871158368097131461e+04
2.497066747940894961e+07,9.106870682350787227e-01,3.126382614210693744e-01,-1.048658833908990709e+04,2.868323933002088233e+04
2.498329167934798449e+07,9.098025096411143098e-01,3.150610541367797057e-01,-1.056393648491051863e+04,2.865468193676523515e+04
2.499591587928701937e+07,9.089114786993147677e-01,3.174815391086694416e-01,-1.064122389468923939e+04,2.862591193165687582e+04
2.500854007922605425e+07,9.080139799192101790e-01,3.198996979591149370e-01,-1.071844987929173294e+04,2.859692974987644629e+04
2.502116427916508541e+07,9.071100178509982070e-01,3.223155123072844463e-01,-1.079561374833394075e+04,2.856773583133278589e+04
2.503378847910412028e+07,9.061995970855425409e-01,3.247289637691416209e-01,-1.087271481018221311e+04,2.853833062066286948e+04
2.504641267904315516e+07,9.052827222543750052e-01,3.271400339574407901e-01,-1.094975237195313093e+04,2.850871456723187657e+04
2.505903687898218632e+07,9.043593980296944501e-01,3.295487044817300148e-01,-1.102672573951361119e+04,2.847888812513315133e+04
2.507166107892122120e+07,9.034296291243660848e-01,3.319549569483524198e-01,-1.110363421748095425e+04,2.844885175318818438e+04
2.508428527886025608e+07,9.024934202919231430e-01,3.343587729604416969e-01,-1.118047710922271290e+04,2.841860591494666005e+04
2.509690947879929096e+07,9.015507763265655505e-01,3.367601341179262131e-01,-1.125725371685677601e+04,2.838815107868643463e+04
2.510953367873832211e+07,9.006017020631607028e-01,3.391590220175262904e-01,-1.133396334125133944e+04,2.835748771741352903e+04
2.512215787867735699e+07,8.996462023772421324e-01,3.415554182527572591e-01,-1.141060528202497881e+04,2.832661630886212515e+04
2.513478207861639187e+07,8.986842821850117291e-01,3.439493044139258493e-01,-1.148717883754652939e+04,2.829553733549458775e+04
2.514740627855542675e+07,8.977159464433378533e-01,3.463406620881328557e-01,-1.156368330493515532e+04,2.826425128450144985e+04
2.516003047849445790e+07,8.967412001497563345e-01,3.487294728592709170e-01,-1.164011798006033860e+04,2.823275864780142729e+04
2.517265467843349278e+07,8.957600483424694726e-01,3.511157183080281796e-01,-1.171648215754193006e+04,2.820105992204137510e+04
2.518527887837252766e+07,8.947724961003472588e-01,3.534993800118844121e-01,-1.179277513075003662e+04,2.816915560859634934e+04
2.519790307831155881e+07,8.937785485429271537e-01,3.558804395451110048e-01,-1.186899619180509035e+04,2.813704621356957432e+04
2.521052727825059369e+07,8.927782108304124220e-01,3.582588784787766323e-01,-1.194514463157791033e+04,2.810473224779241718e+04
2.522315147818962857e+07,8.917714881636749080e-01,3.606346783807392598e-01,-1.202121973968955717e+04,2.807221422682444609e+04
2.523577567812866345e+07,8.907583857842527042e-01,3.630078208156517494e-01,-1.209722080451145666e+04,2.803949267095339019e+04
2.524839987806769460e+07,8.897389089743514834e-01,3.653782873449587520e-01,-1.217314711316530520e+04,2.800656810519515784e+04
2.526102407800672948e+07,8.887130630568437217e-01,3.677460595269006483e-01,-1.224899795152320075e+04,2.797344105929380021e+04
2.527364827794576436e+07,8.876808533952688096e-01,3.701111189165086635e-01,-1.232477260420749371e+04,2.794011206772156584e+04
2.528627247788479552e+07,8.866422853938344950e-01,3.724734470656073659e-01,-1.240047035459085600e+04,2.790658166967887882e+04
2.529889667782383040e+07,8.855973644974137748e-01,3.748330255228161101e-01,-1.247609048479633930e+04,2.787285040909430245e+04
2.531152087776286528e+07,8.845460961915480036e-01,3.771898358335456503e-01,-1.255163227569724768e+04,2.783891883462460100e+04
2.532414507770190015e+07,8.834884860024455611e-01,3.795438595400006387e-01,-1.262709500691723224e+04,2.780478749965469615e+04
2.533676927764093131e+07,8.824245394969819634e-01,3.818950781811777384e-01,-1.270247795683024378e+04,2.777045696229769237e+04
2.534939347757996619e+07,8.813542622826991968e-01,3.842434732928693975e-01,-1.277778040256060558e+04,2.773592778539484061e+04
2.536201767751900107e+07,8.802776600078070501e-01,3.865890264076587979e-01,-1.285300161998291878e+04,2.770120053651558192e+04
2.537464187745803595e+07,8.791947383611823374e-01,3.889317190549229086e-01,-1.292814088372210608e+04,2.766627578795752925e+04
2.538726607739706710e+07,8.781055030723690091e-01,3.912715327608316529e-01,-1.300319746715338988e+04,2.763115411674646748e+04
2.539989027733610198e+07,8.770099599115775968e-01,3.936084490483494069e-01,-1.307817064240239051e+04,2.759583610463632795e+04
2.541251447727513686e+07,8.759081146896864345e-01,3.959424494372321135e-01,-1.315305968034496982e+04,2.756032233810923572e+04
2.542513867721416801e+07,8.747999732582408816e-01,3.982735154440289471e-01,-1.322786385060731118e+04,2.752461340837549869e+04
2.543776287715320289e+07,8.736855415094526567e-01,4.006016285820836464e-01,-1.330258242156598499e+04,2.748870991137355304e+04
2.545038707709223777e+07,8.725648253762017248e-01,4.029267703615319052e-01,-1.337721466034783225e+04,2.745261244777004322e+04
2.546301127703127265e+07,8.714378308320345212e-01,4.052489222893027598e-01,-1.345175983283000460e+04,2.741632162295977469e+04
2.547563547697030380e+07,8.703045638911650617e-01,4.075680658691177016e-01,-1.352621720363996428e+04,2.737983804706572846e+04
2.548825967690933868e+07,8.691650306084736100e-01,4.098841826014935630e-01,-1.360058603615557877e+04,2.734316233493903201e+04
2.550088387684837356e+07,8.680192370795082324e-01,4.121972539837380212e-01,-1.367486559250493519e+04,2.730629510615900654e+04
2.551350807678740472e+07,8.668671894404844647e-01,4.145072615099520408e-01,-1.374905513356647134e+04,2.726923698503315609e+04
2.552613227672643960e+07,8.657088938682838686e-01,4.168141866710320942e-01,-1.382315391896898291e+04,2.723198860059711296e+04
2.553875647666547447e+07,8.645443565804560304e-01,4.191180109546654431e-01,-1.389716120709154711e+04,2.719455058661471776e+04
2.555138067660450935e+07,8.633735838352172287e-01,4.214187158453328585e-01,-1.397107625506356271e+04,2.715692358157796480e+04
2.556400487654354051e+07,8.621965819314516555e-01,4.237162828243081214e-01,-1.404489831876474273e+04,2.711910822870704214e+04
2.557662907648257539e+07,8.610133572087090847e-01,4.260106933696601872e-01,-1.411862665282515445e+04,2.708110517595026249e+04
2.558925327642161027e+07,8.598239160472077591e-01,4.283019289562484677e-01,-1.419226051062516490e+04,2.704291507598415046e+04
2.560187747636064515e+07,8.586282648678325025e-01,4.305899710557271609e-01,-1.426579914429544806e+04,2.700453858621338804e+04
2.561450167629967630e+07,8.574264101321358300e-01,4.328748011365419202e-01,-1.433924180471698492e+04,2.696597636877084005e+04
2.562712587623871118e+07,8.562183583423361721e-01,4.351564006639344062e-01,-1.441258774152114711e+04,2.692722909051751049e+04
2.563975007617774606e+07,8.550041160413200947e-01,4.374347510999370692e-01,-1.448583620308955142e+04,2.688829742304260071e+04
2.565237427611677721e+07,8.537836898126416330e-01,4.397098339033754244e-01,-1.455898643655415071e+04,2.684918204266349130e+04
2.566499847605581209e+07,8.525570862805202932e-01,4.419816305298702175e-01,-1.463203768779725942e+04,2.680988363042569472e+04
2.567762267599484697e+07,8.513243121098443833e-01,4.442501224318332054e-01,-1.470498920145146622e+04,2.677040287210292809e+04
2.569024687593388185e+07,8.500853740061684594e-01,4.465152910584701540e-01,-1.477784022089968857e+04,2.673074045819706953e+04
2.570287107587291300e+07,8.488402787157149909e-01,4.487771178557793950e-01,-1.485058998827516552e+04,2.669089708393818728e+04
2.571549527581194788e+07,8.475890330253720295e-01,4.510355842665539905e-01,-1.492323774446147945e+04,2.665087344928446691e+04
2.572811947575098276e+07,8.463316437626962063e-01,4.532906717303786803e-01,-1.499578272909250154e+04,2.661067025892231322e+04
2.574074367569001392e+07,8.450681177959113999e-01,4.555423616836311029e-01,-1.506822418055241360e+04,2.657028822226630291e+04
2.575336787562904879e+07,8.437984620339070707e-01,4.577906355594836829e-01,-1.514056133597578446e+04,2.652972805345914458e+04
2.576599207556808367e+07,8.425226834262410369e-01,4.600354747879004114e-01,-1.521279343124742081e+04,2.648899047137174784e+04
2.577861627550711855e+07,8.412407889631382529e-01,4.622768607956387332e-01,-1.528491970100249819e+04,2.644807619960319425e+04
2.579124047544614971e+07,8.399527856754905875e-01,4.645147750062496028e-01,-1.535693937862646999e+04,2.640698596648072999e+04
2.580386467538518459e+07,8.386586806348562684e-01,4.667491988400776504e-01,-1.542885169625518756e+04,2.636572050505975858e+04
2.581648887532421947e+07,8.373584809534617701e-01,4.689801137142596277e-01,-1.550065588477473284e+04,2.632428055312386641e+04
2.582911307526325434e+07,8.360521937842000373e-01,4.712075010427258515e-01,-1.557235117382156386e+04,2.628266685318481905e+04
2.584173727520228550e+07,8.347398263206320390e-01,4.734313422361988710e-01,-1.564393679178240563e+04,2.624088015248255397e+04
2.585436147514132038e+07,8.334213857969842154e-01,4.756516187021967434e-01,-1.571541196579439929e+04,2.619892120298514783e+04
2.586698567508035526e+07,8.320968794881514752e-01,4.778683118450287037e-01,-1.578677592174490565e+04,2.615679076138887831e+04
2.587960987501938641e+07,8.307663147096957523e-01,4.800814030657967191e-01,-1.585802788427163250e+04,2.611448958911819500e+04
2.589223407495842129e+07,8.294296988178452290e-01,4.822908737623979869e-01,-1.592916707676266378e+04,2.607201845232569394e+04
2.590485827489745617e+07,8.280870392094960009e-01,4.844967053295211046e-01,-1.600019272135632127e+04,2.602937812189216493e+04
2.591748247483649105e+07,8.267383433222112998e-01,4.866988791586484009e-01,-1.607110403894131014e+04,2.598656937342655874e+04
2.593010667477552220e+07,8.253836186342213832e-01,4.888973766380546593e-01,-1.614190024915659160e+04,2.594359298726601264e+04
2.594273087471455708e+07,8.240228726644229784e-01,4.910921791528097824e-01,-1.621258057039152482e+04,2.590044974847579579e+04
2.595535507465359196e+07,8.226561129723806154e-01,4.932832680847746287e-01,-1.628314421978573228e+04,2.585714044684938563e+04
2.596797927459262684e+07,8.212833471583259604e-01,4.954706248126042323e-01,-1.635359041322916892e+04,2.581366587690842061e+04
2.598060347453165799e+07,8.199045828631580379e-01,4.976542307117460262e-01,-1.642391836536209303e+04,2.577002683790272204e+04
2.599322767447069287e+07,8.185198277684417878e-01,4.998340671544425073e-01,-1.649412728957513900e+04,2.572622413381023580e+04
2.600585187440972775e+07,8.171290895964103962e-01,5.020101155097271839e-01,-1.656421639800922640e+04,2.568225857333712702e+04
2.601847607434875891e+07,8.157323761099644077e-01,5.041823571434269624e-01,-1.663418490155554173e+04,2.563813096991772545e+04
2.603110027428779379e+07,8.143296951126699490e-01,5.063507734181634801e-01,-1.670403200985570220e+04,2.559384214171449639e+04
2.604372447422682866e+07,8.129210544487618373e-01,5.085153456933499960e-01,-1.677375693130155560e+04,2.554939291161811707e+04
2.605634867416586354e+07,8.115064620031413600e-01,5.106760553251934454e-01,-1.684335887303530035e+04,2.550478410724741843e+04
2.606897287410489470e+07,8.100859257013774961e-01,5.128328836666929957e-01,-1.691283704094943459e+04,2.546001656094941063e+04
2.608159707404392958e+07,8.086594535097049175e-01,5.149858120676432671e-01,-1.698219063968682894e+04,2.541509110979925026e+04
2.609422127398296446e+07,8.072270534350268756e-01,5.171348218746298908e-01,-1.705141887264062461e+04,2.537000859560028402e+04
2.610684547392199561e+07,8.057887335249135363e-01,5.192798944310317300e-01,-1.712052094195427708e+04,2.532476986488404509e+04
2.611946967386103049e+07,8.043445018676012026e-01,5.214210110770223228e-01,-1.718949604852162156e+04,2.527937576891019489e+04
2.613209387380006537e+07,8.028943665919943129e-01,5.235581531495674401e-01,-1.725834339198675298e+04,2.523382716366660316e+04
2.614471807373910025e+07,8.014383358676641089e-01,5.256913019824251965e-01,-1.732706217074410233e+04,2.518812490986929697e+04
2.615734227367813140e+07,7.999764179048493018e-01,5.278204389061474933e-01,-1.739565158193841125e+04,2.514226987296248262e+04
2.616996647361716628e+07,7.985086209544547398e-01,5.299455452480806850e-01,-1.746411082146478657e+04,2.509626292311850557e+04
2.618259067355620116e+07,7.970349533080531845e-01,5.320666023323623595e-01,-1.753243908396860934e+04,2.505010493523792684e+04
2.619521487349523604e+07,7.955554232978844231e-01,5.341835914799240026e-01,-1.760063556284558581e+04,2.500379678894944300e+04
2.620783907343426719e+07,7.940700392968558230e-01,5.362964940084894438e-01,-1.766869945024174012e+04,2.495733936860996255e+04
2.622046327337330207e+07,7.925788097185405556e-01,5.384052912325781870e-01,-1.773662993705345798e+04,2.491073356330450406e+04
2.623308747331233695e+07,7.910817430171799280e-01,5.405099644634999700e-01,-1.780442621292739932e+04,2.486398026684630531e+04
2.624571167325136811e+07,7.895788476876828277e-01,5.426104950093583179e-01,-1.787208746626052744e+04,2.481708037777677237e+04
2.625833587319040298e+07,7.880701322656235019e-01,5.447068641750516527e-01,-1.793961288420020719e+04,2.477003479936545045e+04
2.627096007312943786e+07,7.865556053272448889e-01,5.467990532622698518e-01,-1.800700165264403768e+04,2.472284443961007855e+04
2.628358427306847274e+07,7.850352754894568408e-01,5.488870435694962469e-01,-1.807425295623997954e+04,2.467551021123656756e+04
2.629620847300750390e+07,7.835091514098361243e-01,5.509708163920068458e-01,-1.814136597838628950e+04,2.462803303169900755e+04
2.630883267294653878e+07,7.819772417866259762e-01,5.530503530218727759e-01,-1.820833990123158947e+04,2.458041382317962052e+04
2.632145687288557366e+07,7.804395553587377687e-01,5.551256347479560649e-01,-1.827517390567477923e+04,2.453265351258884039e+04
2.633408107282460481e+07,7.788961009057500107e-01,5.571966428559123052e-01,-1.834186717136506195e+04,2.448475303156526934e+04
2.634670527276363969e+07,7.773468872479069036e-01,5.592633586281918756e-01,-1.840841887670203869e+04,2.443671331647564148e+04
2.635932947270267457e+07,7.757919232461212289e-01,5.613257633440363881e-01,-1.847482819883555203e+04,2.438853530841489919e+04
2.637195367264170945e+07,7.742312178019725710e-01,5.633838382794817967e-01,-1.854109431366579884e+04,2.434021995320614587e+04
2.638457787258074060e+07,7.726647798577078730e-01,5.654375647073554001e-01,-1.860721639584327204e+04,2.429176820140067139e+04
2.639720207251977548e+07,7.710926183962399927e-01,5.674869238972806151e-01,-1.867319361876882249e+04,2.424318100827788658e+04
2.640982627245881036e+07,7.695147424411500348e-01,5.695318971156715371e-01,-1.873902515459361530e+04,2.419445933384542150e+04
2.642245047239784524e+07,7.679311610566862401e-01,5.715724656257362701e-01,-1.880471017421908618e+04,2.414560414283906721e+04
2.643507467233687639e+07,7.663418833477638747e-01,5.736086106874759283e-01,-1.887024784729702878e+04,2.409661640472278668e+04
2.644769887227591127e+07,7.647469184599642311e-01,5.756403135576851904e-01,-1.893563734222957282e+04,2.404749709368868571e+04
2.646032307221494615e+07,7.631462816662807347e-01,5.776675774414632425e-01,-1.900088056000969300e+04,2.399824435394832108e+04
2.647294727215397730e+07,7.615400459552025270e-01,5.796906108345681874e-01,-1.906600484651457373e+04,2.394882963282867786e+04
2.648557147209301218e+07,7.599282401019716859e-01,5.817094573748945452e-01,-1.913101677786686923e+04,2.389924529898041874e+04
2.649819567203204706e+07,7.583108765771523485e-01,5.837241012865655998e-01,-1.919591550449310307e+04,2.384949136276812715e+04
2.651081987197108194e+07,7.566879678776726736e-01,5.857345268326102916e-01,-1.926070018006429018e+04,2.379956783796663876e+04
2.652344407191011310e+07,7.550595265268252865e-01,5.877407183149619962e-01,-1.932536996149590050e+04,2.374947474176107789e+04
2.653606827184914798e+07,7.534255650742653909e-01,5.897426600744614111e-01,-1.938992400894792809e+04,2.369921209474680654e+04
2.654869247178818285e+07,7.517860960960144334e-01,5.917403364908521146e-01,-1.945436148582478199e+04,2.364877992092949717e+04
2.656131667172721401e+07,7.501411321944574384e-01,5.937337319827833415e-01,-1.951868155877534082e+04,2.359817824772509266e+04
2.657394087166624889e+07,7.484906859983424532e-01,5.957228310078109823e-01,-1.958288339769301456e+04,2.354740710595976998e+04
2.658656507160528377e+07,7.468347701627833235e-01,5.977076180623943635e-01,-1.964696617571562820e+04,2.349646652987002744e+04
2.659918927154431865e+07,7.451733973692572510e-01,5.996880776818988013e-01,-1.971092906922549446e+04,2.344535655710261562e+04
2.661181347148334980e+07,7.435065803256065697e-01,6.016641944405939357e-01,-1.977477125784937743e+04,2.339407722871458100e+04
2.662443767142238468e+07,7.418343317660358593e-01,6.036359529516563960e-01,-1.983849192445857261e+04,2.334262858917318590e+04
2.663706187136141956e+07,7.401566644511157200e-01,6.056033378671661360e-01,-1.990209025516878319e+04,2.329101068635602132e+04
2.664968607130045444e+07,7.384735911677805520e-01,6.075663338781092104e-01,-1.996556543934021101e+04,2.323922357155093778e+04
2.666231027123948559e+07,7.367851247293289996e-01,6.095249257143758870e-01,-2.002891666957750567e+04,2.318726729945607076e+04
2.667493447117852047e+07,7.350912779754228410e-01,6.114790981447636442e-01,-2.009214314172984086e+04,2.313514192817978255e+04
2.668755867111755535e+07,7.333920637720894309e-01,6.134288359769731747e-01,-2.015524405489081619e+04,2.308284751924076045e+04
2.670018287105658650e+07,7.316874950117201459e-01,6.153741240576102722e-01,-2.021821861139848625e+04,2.303038413756795489e+04
2.671280707099562138e+07,7.299775846130694967e-01,6.173149472721881637e-01,-2.028106601683545159e+04,2.297775185150055404e+04
2.672543127093465626e+07,7.282623455212570152e-01,6.192512905451227345e-01,-2.034378548002870957e+04,2.292495073278806376e+04
2.673805547087369114e+07,7.265417907077668103e-01,6.211831388397364151e-01,-2.040637621304976346e+04,2.287198085659024218e+04
2.675067967081272230e+07,7.248159331704469022e-01,6.231104771582554047e-01,-2.046883743121455336e+04,2.281884230147714334e+04
2.676330387075175717e+07,7.230847859335084449e-01,6.250332905418136686e-01,-2.053116835308356531e+04,2.276553514942904440e+04
2.677592807069079205e+07,7.213483620475281688e-01,6.269515640704480530e-01,-2.059336820046167850e+04,2.271205948583654390e+04
2.678855227062982693e+07,7.196066745894466044e-01,6.288652828631011715e-01,-2.065543619839828170e+04,2.265841539950049992e+04
2.680117647056885809e+07,7.178597366625688592e-01,6.307744320776205171e-01,-2.071737157518720414e+04,2.260460298263205550e+04
2.681380067050789297e+07,7.161075613965628417e-01,6.326789969107602385e-01,-2.077917356236680644e+04,2.255062233085258413e+04
2.682642487044692785e+07,7.143501619474620368e-01,6.345789625981780313e-01,-2.084084139471986418e+04,2.249647354319378064e+04
2.683904907038595900e+07,7.125875514976641734e-01,6.364743144144368037e-01,-2.090237431027362254e+04,2.244215672209761033e+04
2.685167327032499388e+07,7.108197432559298923e-01,6.383650376730063414e-01,-2.096377155029985443e+04,2.238767197341626525e+04
2.686429747026402876e+07,7.090467504573854107e-01,6.402511177262596442e-01,-2.102503235931475137e+04,2.233301940641225883e+04
2.687692167020306364e+07,7.072685863635203019e-01,6.421325399654759236e-01,-2.108615598507899267e+04,2.227819913375836404e+04
2.688954587014209479e+07,7.054852642621893821e-01,6.440092898208386041e-01,-2.114714167859770532e+04,2.222321127153763882e+04
2.690217007008112967e+07,7.036967974676099358e-01,6.458813527614379879e-01,-2.120798869412054773e+04,2.216805593924337154e+04
2.691479427002016455e+07,7.019031993203649344e-01,6.477487142952683685e-01,-2.126869628914159694e+04,2.211273325977917193e+04
2.692741846995919570e+07,7.001044831874015939e-01,6.496113599692284746e-01,-2.132926372439939223e+04,2.205724335945891653e+04
2.694004266989823058e+07,6.983006624620297087e-01,6.514692753691241345e-01,-2.138969026387701160e+04,2.200158636800671957e+04
2.695266686983726546e+07,6.964917505639249828e-01,6.533224461196652788e-01,-2.144997517480193346e+04,2.194576241855700209e+04
2.696529106977630034e+07,6.946777609391266983e-01,6.551708578844667175e-01,-2.151011772764614216e+04,2.188977164765445923e+04
2.697791526971533149e+07,6.928587070600387143e-01,6.570144963660482507e-01,-2.157011719612606248e+04,2.183361419525406018e+04
2.699053946965436637e+07,6.910346024254280239e-01,6.588533473058365564e-01,-2.162997285720265063e+04,2.177729020472100819e+04
2.700316366959340125e+07,6.892054605604268636e-01,6.606873964841618596e-01,-2.168968399108127778e+04,2.172079982283082427e+04
2.701578786953243613e+07,6.873712950165312696e-01,6.625166297202599308e-01,-2.174924988121181013e+04,2.166414319976929255e+04
2.702841206947146729e+07,6.855321193716025219e-01,6.643410328722710867e-01,-2.180866981428855433e+04,2.160732048913248218e+04
2.704103626941050217e+07,6.836879472298634797e-01,6.661605918372429658e-01,-2.186794308025035571e+04,2.155033184792668544e+04
2.705366046934953704e+07,6.818387922219038000e-01,6.679752925511259765e-01,-2.192706897228046728e+04,2.149317743656852326e+04
2.706628466928856820e+07,6.799846680046769398e-01,6.697851209887765167e-01,-2.198604678680661891e+04,2.143585741888488701e+04
2.707890886922760308e+07,6.781255882614987129e-01,6.715900631639573071e-01,-2.204487582350106095e+04,2.137837196211289120e+04
2.709153306916663796e+07,6.762615667020511756e-01,6.733901051293345041e-01,-2.210355538528046600e+04,2.132072123689997170e+04
2.710415726910567284e+07,6.743926170623799621e-01,6.751852329764804761e-01,-2.216208477830599440e+04,2.126290541730382392e+04
2.711678146904470399e+07,6.725187531048952838e-01,6.769754328358718043e-01,-2.222046331198325424e+04,2.120492468079243918e+04
2.712940566898373887e+07,6.706399886183699310e-01,6.787606908768918368e-01,-2.227869029896238499e+04,2.114677920824402099e+04
2.714202986892277375e+07,6.687563374179426035e-01,6.805409933078275797e-01,-2.233676505513794473e+04,2.108846918394710519e+04
2.715465406886180490e+07,6.668678133451162449e-01,6.823163263758716957e-01,-2.239468689964895384e+04,2.102999479560049804e+04
2.716727826880083978e+07,6.649744302677563779e-01,6.840866763671227258e-01,-2.245245515487896409e+04,2.097135623431322529e+04
2.717990246873987466e+07,6.630762020800942125e-01,6.858520296065835353e-01,-2.251006914645594588e+04,2.091255369460464499e+04
2.719252666867890954e+07,6.611731427027247587e-01,6.876123724581622021e-01,-2.256752820325235734e+04,2.085358737440436380e+04
2.720515086861794069e+07,6.592652660826078259e-01,6.893676913246719051e-01,-2.262483165738510797e+04,2.079445747505228792e+04
2.721777506855697557e+07,6.573525861930655800e-01,6.911179726478320351e-01,-2.268197884421562776e+04,2.073516420129853577e+04
2.723039926849601045e+07,6.554351170337860966e-01,6.928632029082660848e-01,-2.273896910234977986e+04,2.067570776130355443e+04
2.724302346843504533e+07,6.535128726308212510e-01,6.946033686255029815e-01,-2.279580177363789699e+04,2.061608836663805414e+04
2.725564766837407649e+07,6.515858670365874961e-01,6.963384563579763098e-01,-2.285247620317477777e+04,2.055630623228303011e+04
2.726827186831311136e+07,6.496541143298641963e-01,6.980684527030265318e-01,-2.290899173929974131e+04,2.049636157662968981e+04
2.728089606825214624e+07,6.477176286157958485e-01,6.997933442968974349e-01,-2.296534773359652536e+04,2.043625462147958751e+04
2.729352026819117740e+07,6.457764240258919708e-01,7.015131178147384627e-01,-2.302154354089334447e+04,2.037598559204453340e+04
2.730614446813021228e+07,6.438305147180239940e-01,7.032277599706051596e-01,-2.307757851926291914e+04,2.031555471694656080e+04
2.731876866806924716e+07,6.418799148764297025e-01,7.049372575174572830e-01,-2.313345203002241033e+04,2.025496222821804258e+04
2.733139286800828204e+07,6.399246387117101253e-01,7.066415972471598028e-01,-2.318916343773345579e+04,2.019420836130159296e+04
2.734401706794731319e+07,6.379647004608313132e-01,7.083407659904826792e-01,-2.324471211020214832e+04,2.013329335505012205e+04
2.735664126788634807e+07,6.360001143871217844e-01,7.100347506171026390e-01,-2.330009741847910482e+04,2.007221745172676310e+04
2.736926546782538295e+07,6.340308947802758555e-01,7.117235380355996233e-01,-2.335531873685936444e+04,2.001098089700497439e+04
2.738188966776441783e+07,6.320570559563515323e-01,7.134071151934596733e-01,-2.341037544288244681e+04,1.994958393996846644e+04
2.739451386770344898e+07,6.300786122577717308e-01,7.150854690770731548e-01,-2.346526691733233019e+04,1.988802683311124565e+04
2.740713806764248386e+07,6.280955780533215016e-01,7.167585867117375331e-01,-2.351999254423752063e+04,1.982630983233753796e+04
2.741976226758151874e+07,6.261079677381522490e-01,7.184264551616535988e-01,-2.357455171087093549e+04,1.976443319696189428e+04
2.743238646752054989e+07,6.241157957337793993e-01,7.200890615299274655e-01,-2.362894380774996898e+04,1.970239718970914328e+04
2.744501066745958477e+07,6.221190764880805135e-01,7.217463929585719029e-01,-2.368316822863653215e+04,1.964020207671432581e+04
2.745763486739861965e+07,6.201178244752998392e-01,7.233984366285031165e-01,-2.373722437053696194e+04,1.957784812752281869e+04
2.747025906733765453e+07,6.181120541960446468e-01,7.250451797595435233e-01,-2.379111163370208305e+04,1.951533561509024730e+04
2.748288326727668568e+07,6.161017801772868951e-01,7.266866096104196426e-01,-2.384482942162716790e+04,1.945266481578253661e+04
2.749550746721572056e+07,6.140870169723617877e-01,7.283227134787649826e-01,-2.389837714105202031e+04,1.938983600937582378e+04
2.750813166715475544e+07,6.120677791609695495e-01,7.299534787011168202e-01,-2.395175420196085179e+04,1.932684947905657100e+04
2.752075586709378660e+07,6.100440813491752046e-01,7.315788926529172009e-01,-2.400496001758235798e+04,1.926370551142152908e+04
2.753338006703282148e+07,6.080159381694060228e-01,7.331989427485152699e-01,-2.405799400438975135e+04,1.920040439647765015e+04
2.754600426697185636e+07,6.059833642804551834e-01,7.348136164411636084e-01,-2.411085558210065938e+04,1.913694642764222226e+04
2.755862846691089123e+07,6.039463743674795548e-01,7.364229012230204541e-01,-2.416354417367721180e+04,1.907333190174279298e+04
2.757125266684992239e+07,6.019049831420009156e-01,7.380267846251488129e-01,-2.421605920532597520e+04,1.900956111901719851e+04
2.758387686678895727e+07,5.998592053419032899e-01,7.396252542175183464e-01,-2.426840010649804753e+04,1.894563438311348727e+04
2.759650106672799215e+07,5.978090557314367226e-01,7.412182976090023745e-01,-2.432056630988894904e+04,1.888155200109004727e+04
2.760912526666702703e+07,5.957545491012148364e-01,7.428059024473800953e-01,-2.437255725143868767e+04,1.881731428341551145e+04
2.762174946660605818e+07,5.936957002682162754e-01,7.443880564193349203e-01,-2.442437237033171550e+04,1.875292154396881233e+04
2.763437366654509306e+07,5.916325240757817072e-01,7.459647472504573606e-01,-2.447601110899701598e+04,1.868837410003909827e+04
2.764699786648412794e+07,5.895650353936182642e-01,7.475359627052413636e-01,-2.452747291310799483e+04,1.862367227232584264e+04
2.765962206642315909e+07,5.874932491177968785e-01,7.491016905870859777e-01,-2.457875723158252367e+04,1.855881638493880018e+04
2.767224626636219397e+07,5.854171801707511724e-01,7.506619187382973513e-01,-2.462986351658299100e+04,1.849380676539793785e+04
2.768487046630122885e+07,5.833368435012805664e-01,7.522166350400849577e-01,-2.468079122351622209e+04,1.842864374463354761e+04
2.769749466624026373e+07,5.812522540845480590e-01,7.537658274125639268e-01,-2.473153981103351180e+04,1.836332765698619187e+04
2.771011886617929488e+07,5.791634269220817810e-01,7.553094838147540457e-01,-2.478210874103062451e+04,1.829785884020670710e+04
2.772274306611832976e+07,5.770703770417718870e-01,7.568475922445822013e-01,-2.483249747864783421e+04,1.823223763545616384e+04
2.773536726605736464e+07,5.749731194978746629e-01,7.583801407388781612e-01,-2.488270549226984440e+04,1.816646438730594673e+04
2.774799146599639580e+07,5.728716693710107499e-01,7.599071173733779050e-01,-2.493273225352582449e+04,1.810053944373772174e+04
2.776061566593543068e+07,5.707660417681629239e-01,7.614285102627229573e-01,-2.498257723728946439e+04,1.803446315614337436e+04
2.777323986587446555e+07,5.686562518226804253e-01,7.629443075604595004e-01,-2.503223992167888355e+04,1.796823587932511873e+04
2.778586406581350043e+07,5.665423146942755173e-01,7.644544974590385955e-01,-2.508171978805667823e+04,1.790185797149541759e+04
2.779848826575253159e+07,5.644242455690253735e-01,7.659590681898168496e-01,-2.513101632102990698e+04,1.783532979427703685e+04
2.781111246569156647e+07,5.623020596593700793e-01,7.674580080230564150e-01,-2.518012900845014883e+04,1.776865171270294377e+04
2.782373666563060135e+07,5.601757722041151855e-01,7.689513052679241012e-01,-2.522905734141339417e+04,1.770182409521645604e+04
2.783636086556963623e+07,5.580453984684300428e-01,7.704389482724921523e-01,-2.527780081426013930e+04,1.763484731367112909e+04
2.784898506550866738e+07,5.559109537438488013e-01,7.719209254237371365e-01,-2.532635892457531736e+04,1.756772174333082148e+04
2.786160926544770226e+07,5.537724533482681899e-01,7.733972251475423887e-01,-2.537473117318838922e+04,1.750044776286960041e+04
2.787423346538673714e+07,5.516299126259505137e-01,7.748678359086953460e-01,-2.542291706417324531e+04,1.743302575437186533e+04
2.788685766532576829e+07,5.494833469475225440e-01,7.763327462108882138e-01,-2.547091610484823104e+04,1.736545610333229706e+04
2.789948186526480317e+07,5.473327717099735201e-01,7.777919445967199641e-01,-2.551872780577622689e+04,1.729773919865578500e+04
2.791210606520383805e+07,5.451782023366587016e-01,7.792454196476932271e-01,-2.556635168076452828e+04,1.722987543265754721e+04
2.792473026514287293e+07,5.430196542772967039e-01,7.806931599842162894e-01,-2.561378724686491478e+04,1.716186520106306125e+04
2.793735446508190408e+07,5.408571430079711639e-01,7.821351542656024280e-01,-2.566103402437362820e+04,1.709370890300810424e+04
2.794997866502093896e+07,5.386906840311278533e-01,7.835713911900711315e-01,-2.570809153683143450e+04,1.702540694103865098e+04
2.796260286495997384e+07,5.365202928755792300e-01,7.850018594947455464e-01,-2.575495931102350369e+04,1.695695972111102674e+04
2.797522706489900500e+07,5.343459850965009972e-01,7.864265479556548089e-01,-2.580163687697949354e+04,1.688836765259181630e+04
2.798785126483803988e+07,5.321677762754318808e-01,7.878454453877332675e-01,-2.584812376797357501e+04,1.681963114825782395e+04
2.800047546477707475e+07,5.299856820202765162e-01,7.892585406448204832e-01,-2.589441952052434499e+04,1.675075062429618993e+04
2.801309966471610963e+07,5.277997179653031168e-01,7.906658226196606742e-01,-2.594052367439488080e+04,1.668172650030430668e+04
2.802572386465514079e+07,5.256098997711446952e-01,7.920672802439033822e-01,-2.598643577259272934e+04,1.661255919928986259e+04
2.803834806459417567e+07,5.234162431247963987e-01,7.934629024881040271e-01,-2.603215536136993251e+04,1.654324914767074370e+04
2.805097226453321055e+07,5.212187637396199502e-01,7.948526783617224645e-01,-2.607768199022298359e+04,1.647379677527519380e+04
2.806359646447224542e+07,5.190174773553402066e-01,7.962365969131238730e-01,-2.612301521189284176e+04,1.640420251534169074e+04
2.807622066441127658e+07,5.168123997380469348e-01,7.976146472295783107e-01,-2.616815458236493214e+04,1.633446680451902284e+04
2.808884486435031146e+07,5.146035466801923697e-01,7.989868184372621585e-01,-2.621309966086919303e+04,1.626459008286617609e+04
2.810146906428934634e+07,5.123909340005947666e-01,8.003530997012556769e-01,-2.625785000987998865e+04,1.619457279385247966e+04
2.811409326422837749e+07,5.101745775444365139e-01,8.017134802255444503e-01,-2.630240519511616003e+04,1.612441538435752955e+04
2.812671746416741237e+07,5.079544931832624677e-01,8.030679492530206076e-01,-2.634676478554105415e+04,1.605411830467114669e+04
2.813934166410644725e+07,5.057306968149835047e-01,8.044164960654796026e-01,-2.639092835336245116e+04,1.598368200849347159e+04
2.815196586404548213e+07,5.035032043638738575e-01,8.057591099836232118e-01,-2.643489547403261531e+04,1.591310695293490608e+04
2.816459006398451328e+07,5.012720317805730019e-01,8.070957803670576469e-01,-2.647866572624826949e+04,1.584239359851614427e+04
2.817721426392354816e+07,4.990371950420823266e-01,8.084264966142952202e-01,-2.652223869195065345e+04,1.577154240916809613e+04
2.818983846386258304e+07,4.967987101517695736e-01,8.097512481627529013e-01,-2.656561395632542190e+04,1.570055385223200028e+04
2.820246266380161792e+07,4.945565931393660075e-01,8.110700244887525390e-01,-2.660879110780273186e+04,1.562942839845935305e+04
2.821508686374064907e+07,4.923108600609677477e-01,8.123828151075211945e-01,-2.665176973805718444e+04,1.555816652201194483e+04
2.822771106367968395e+07,4.900615269990330480e-01,8.136896095731921408e-01,-2.669454944200790123e+04,1.548676870046177100e+04
2.824033526361871883e+07,4.878086100623865162e-01,8.149903974788025307e-01,-2.673712981781843700e+04,1.541523541479117557e+04
2.825295946355774999e+07,4.855521253862168929e-01,8.162851684562949517e-01,-2.677951046689679788e+04,1.534356714939276389e+04
2.826558366349678487e+07,4.832920891320747758e-01,8.175739121765182027e-01,-2.682169099389553230e+04,1.527176439206935356e+04
2.827820786343581975e+07,4.810285174878778380e-01,8.188566183492248518e-01,-2.686367100671159278e+04,1.519982763403410718e+04
2.829083206337485462e+07,4.787614266679062203e-01,8.201332767230736787e-01,-2.690545011648643049e+04,1.512775736991043232e+04
2.830345626331388578e+07,4.764908329128059172e-01,8.214038770856272320e-01,-2.694702793760595159e+04,1.505555409773203428e+04
2.831608046325292066e+07,4.742167524895842257e-01,8.226684092633556045e-01,-2.698840408770056820e+04,1.498321831894282514e+04
2.832870466319195554e+07,4.719392016916154620e-01,8.239268631216321026e-01,-2.702957818764513286e+04,1.491075053839705834e+04
2.834132886313098669e+07,4.696581968386375761e-01,8.251792285647351344e-01,-2.707054986155896040e+04,1.483815126435925959e+04
2.835395306307002157e+07,4.673737542767509301e-01,8.264254955358498744e-01,-2.711131873680588251e+04,1.476542100850416318e+04
2.836657726300905645e+07,4.650858903784222398e-01,8.276656540170653775e-01,-2.715188444399416039e+04,1.469256028591683935e+04
2.837920146294809133e+07,4.627946215424812992e-01,8.288996940293761329e-01,-2.719224661697653937e+04,1.461956961509261782e+04
2.839182566288712248e+07,4.604999641941231459e-01,8.301276056326816200e-01,-2.723240489285022340e+04,1.454644951793710970e+04
2.840444986282615736e+07,4.582019347849051738e-01,8.313493789257874189e-01,-2.727235891195692238e+04,1.447320051976615468e+04
2.841707406276519224e+07,4.559005497927506312e-01,8.325650040464032120e-01,-2.731210831788278301e+04,1.439982314930591383e+04
2.842969826270422712e+07,4.535958257219462886e-01,8.337744711711444490e-01,-2.735165275745844701e+04,1.432631793869280409e+04
2.844232246264325827e+07,4.512877791031439934e-01,8.349777705155309038e-01,-2.739099188075898564e+04,1.425268542347354196e+04
2.845494666258229315e+07,4.489764264933577276e-01,8.361748923339891171e-01,-2.743012534110400884e+04,1.417892614260505070e+04
2.846757086252132803e+07,4.466617844759678269e-01,8.373658269198496207e-01,-2.746905279505754152e+04,1.410504063845458768e+04
2.848019506246035919e+07,4.443438696607183713e-01,8.385505646053477147e-01,-2.750777390242808906e+04,1.403102945679969343e+04
2.849281926239939407e+07,4.420226986837162420e-01,8.397290957616253548e-01,-2.754628832626865915e+04,1.395689314682810800e+04
2.850544346233842894e+07,4.396982882074340071e-01,8.409014107987287101e-01,-2.758459573287669991e+04,1.388263226113791097e+04
2.851806766227746382e+07,4.373706549207080352e-01,8.420675001656088288e-01,-2.762269579179413631e+04,1.380824735573743965e+04
2.853069186221649498e+07,4.350398155387397159e-01,8.432273543501224156e-01,-2.766058817580735922e+04,1.373373899004532359e+04
2.854331606215552986e+07,4.327057868030921850e-01,8.443809638790319427e-01,-2.769827256094725817e+04,1.365910772689039732e+04
2.855594026209456474e+07,4.303685854816952094e-01,8.455283193180038737e-01,-2.773574862648916678e+04,1.358435413251184036e+04
2.856856446203359589e+07,4.280282283688424672e-01,8.466694112716099951e-01,-2.777301605495288095e+04,1.350947877655909542e+04
2.858118866197263077e+07,4.256847322851902149e-01,8.478042303833285276e-01,-2.781007453210272070e+04,1.343448223209182834e+04
2.859381286191166565e+07,4.233381140777602858e-01,8.489327673355416826e-01,-2.784692374694741375e+04,1.335936507558003359e+04
2.860643706185070053e+07,4.209883906199388681e-01,8.500550128495368840e-01,-2.788356339174019377e+04,1.328412788690395791e+04
2.861906126178973168e+07,4.186355788114762277e-01,8.511709576855068793e-01,-2.791999316197874941e+04,1.320877124935414759e+04
2.863168546172876656e+07,4.162796955784853759e-01,8.522805926425502943e-01,-2.795621275640526437e+04,1.313329574963135383e+04
2.864430966166780144e+07,4.139207578734452331e-01,8.533839085586700790e-01,-2.799222187700637369e+04,1.305770197784666561e+04
2.865693386160683632e+07,4.115587826751984646e-01,8.544808963107746180e-01,-2.802802022901318560e+04,1.298199052752143143e+04
2.866955806154586747e+07,4.091937869889524793e-01,8.555715468146769531e-01,-2.806360752090127062e+04,1.290616199558727931e+04
2.868218226148490235e+07,4.068257878462766541e-01,8.566558510250966707e-01,-2.809898346439070883e+04,1.283021698238606950e+04
2.869480646142393723e+07,4.044548023051073304e-01,8.577337999356572373e-01,-2.813414777444600622e+04,1.275415609166997456e+04
2.870743066136296839e+07,4.020808474497442608e-01,8.588053845788876650e-01,-2.816910016927614561e+04,1.267797993060146109e+04
2.872005486130200326e+07,3.997039403908496658e-01,8.598705960262222892e-01,-2.820384037033462664e+04,1.260168910975319341e+04
2.873267906124103814e+07,3.973240982654521192e-01,8.609294253880006575e-01,-2.823836810231936397e+04,1.252528424310817900e+04
2.874530326118007302e+07,3.949413382369434400e-01,8.619818638134674194e-01,-2.827268309317277453e+04,1.244876594805967216e+04
2.875792746111910418e+07,3.925556774950805239e-01,8.630279024907717700e-01,-2.830678507408172663e+04,1.237213484541122671e+04
2.877055166105813906e+07,3.901671332559825678e-01,8.640675326469694495e-01,-2.834067377947758723e+04,1.229539155937661053e+04
2.878317586099717394e+07,3.877757227621349001e-01,8.651007455480199670e-01,-2.837434894703617465e+04,1.221853671757991651e+04
2.879580006093620509e+07,3.853814632823867603e-01,8.661275324987889324e-01,-2.840781031767777313e+04,1.214157095105552435e+04
2.880842426087523997e+07,3.829843721119499111e-01,8.671478848430466124e-01,-2.844105763556715829e+04,1.206449489424800959e+04
2.882104846081427485e+07,3.805844665724021358e-01,8.681617939634690417e-01,-2.847409064811356438e+04,1.198730918501229462e+04
2.883367266075330973e+07,3.781817640116850177e-01,8.691692512816365790e-01,-2.850690910597069524e+04,1.191001446461355044e+04
2.884629686069234088e+07,3.757762818041047725e-01,8.701702482580350173e-01,-2.853951276303672057e+04,1.183261137772725306e+04
2.885892106063137576e+07,3.733680373503299177e-01,8.711647763920562504e-01,-2.857190137645430514e+04,1.175510057243907249e+04
2.887154526057041064e+07,3.709570480773949908e-01,8.721528272219962741e-01,-2.860407470661056504e+04,1.167748270024502381e+04
2.888416946050944552e+07,3.685433314386983850e-01,8.731343923250565187e-01,-2.863603251713708596e+04,1.159975841605137794e+04
2.889679366044847667e+07,3.661269049140031262e-01,8.741094633173434048e-01,-2.866777457490992674e+04,1.152192837817469081e+04
2.890941786038751155e+07,3.637077860094345416e-01,8.750780318538691205e-01,-2.869930065004964126e+04,1.144399324834173603e+04
2.892204206032654643e+07,3.612859922574839788e-01,8.760400896285507333e-01,-2.873061051592121657e+04,1.136595369168962316e+04
2.893466626026557758e+07,3.588615412170075847e-01,8.769956283742100789e-01,-2.876170394913412747e+04,1.128781037676573760e+04
2.894729046020461246e+07,3.564344504732226970e-01,8.779446398625749826e-01,-2.879258072954233648e+04,1.120956397552766430e+04
2.895991466014364734e+07,3.540047376377138955e-01,8.788871159042779269e-01,-2.882324064024425024e+04,1.113121516334333683e+04
2.897253886008268222e+07,3.515724203484285049e-01,8.798230483488563847e-01,-2.885368346758276675e+04,1.105276461899093920e+04
2.898516306002171338e+07,3.491375162696790935e-01,8.807524290847531523e-01,-2.888390900114523174e+04,1.097421302465894587e+04
2.899778725996074826e+07,3.467000430921405307e-01,8.816752500393166825e-01,-2.891391703376348960e+04,1.089556106594603989e+04
2.901041145989978313e+07,3.442600185328537066e-01,8.825915031787998632e-01,-2.894370736151384335e+04,1.081680943186125296e+04
2.902303565983881801e+07,3.418174603352229779e-01,8.835011805083614611e-01,-2.897327978371706922e+04,1.073795881482385084e+04
2.903565985977784917e+07,3.393723862690179449e-01,8.844042740720643447e-01,-2.900263410293839843e+04,1.065900991066341339e+04
2.904828405971688405e+07,3.369248141303697319e-01,8.853007759528781495e-01,-2.903177012498755721e+04,1.057996341861971632e+04
2.906090825965591893e+07,3.344747617417763719e-01,8.861906782726763909e-01,-2.906068765891873772e+04,1.050082004134287490e+04
2.907353245959495008e+07,3.320222469520997532e-01,8.870739731922380189e-01,-2.908938651703058713e+04,1.042158048489328758e+04
2.908615665953398496e+07,3.295672876365640103e-01,8.879506529112476398e-01,-2.911786651486625487e+04,1.034224545874155228e+04
2.909878085947301984e+07,3.271099016967595197e-01,8.888207096682945174e-01,-2.914612747121332359e+04,1.026281567576860834e+04
2.911140505941205472e+07,3.246501070606401251e-01,8.896841357408733497e-01,-2.917416920810387091e+04,1.018329185226564732e+04
2.912402925935108587e+07,3.221879216825245806e-01,8.905409234453838252e-01,-2.920199155081443314e+04,1.010367470793415487e+04
2.913665345929012075e+07,3.197233635430938858e-01,8.913910651371310667e-01,-2.922959432786604157e+04,1.002396496588582158e+04
2.914927765922915563e+07,3.172564506493951164e-01,8.922345532103249655e-01,-2.925697737102417159e+04,9.944163352642683094e+03
2.916190185916818678e+07,3.147872010348397587e-01,8.930713800980808470e-01,-2.928414051529877179e+04,9.864270598137050911e+03
2.917452605910722166e+07,3.123156327592012671e-01,8.939015382724196934e-01,-2.931108359894428941e+04,9.784287435711432408e+03
2.918715025904625654e+07,3.098417639086195052e-01,8.947250202442667000e-01,-2.933780646345961577e+04,9.704214602118683615e+03
2.919977445898529142e+07,3.073656125955978591e-01,8.955418185634529404e-01,-2.936430895358811540e+04,9.624052837521916445e+03
2.921239865892432258e+07,3.048871969590042363e-01,8.963519258187140348e-01,-2.939059091731762965e+04,9.543802885494525981e+03
2.922502285886335745e+07,3.024065351640692900e-01,8.971553346376915927e-01,-2.941665220588048396e+04,9.463465493020124995e+03
2.923764705880239233e+07,2.999236454023894716e-01,8.979520376869317699e-01,-2.944249267375345153e+04,9.383041410492658542e+03
2.925027125874142721e+07,2.974385458919248659e-01,8.987420276718861567e-01,-2.946811217865778599e+04,9.302531391716325743e+03
2.926289545868045837e+07,2.949512548770006903e-01,8.995252973369113336e-01,-2.949351058155921419e+04,9.221936193905630716e+03
2.927551965861949325e+07,2.924617906283040192e-01,9.003018394652693157e-01,-2.951868774666794343e+04,9.141256577685264347e+03
2.928814385855852813e+07,2.899701714428881139e-01,9.010716468791272193e-01,-2.954364354143862874e+04,9.060493307090277085e+03
2.930076805849755928e+07,2.874764156441708129e-01,9.018347124395568182e-01,-2.956837783657040927e+04,8.979647149565982545e+03
2.931339225843659416e+07,2.849805415819317012e-01,9.025910290465360974e-01,-2.959289050600691189e+04,8.898718875967906570e+03
2.932601645837562904e+07,2.824825676323168278e-01,9.033405896389474776e-01,-2.961718142693620757e+04,8.817709260561914562e+03
2.933864065831466392e+07,2.799825121978359865e-01,9.040833871945782585e-01,-2.964125047979085502e+04,8.736619081024111438e+03
2.935126485825369507e+07,2.774803937073634930e-01,9.048194147301218404e-01,-2.966509754824785341e+04,8.655449118440921666e+03
2.936388905819272995e+07,2.749762306161357417e-01,9.055486653011761700e-01,-2.968872251922873693e+04,8.574200157308952839e+03
2.937651325813176483e+07,2.724700414057558140e-01,9.062711320022445172e-01,-2.971212528289944748e+04,8.492872985535163025e+03
2.938913745807079598e+07,2.699618445841905356e-01,9.069868079667350313e-01,-2.973530573267042200e+04,8.411468394436786184e+03
2.940176165800983086e+07,2.674516586857693667e-01,9.076956863669617404e-01,-2.975826376519658515e+04,8.329987178741261232e+03
2.941438585794886574e+07,2.649395022711876213e-01,9.083977604141435513e-01,-2.978099928037730569e+04,8.248430136586368462e+03
2.942701005788790062e+07,2.624253939275041914e-01,9.090930233584038067e-01,-2.980351218135644012e+04,8.166798069520131321e+03
2.943963425782693177e+07,2.599093522681432122e-01,9.097814684887717274e-01,-2.982580237452228903e+04,8.085091782500887348e+03
2.945225845776596665e+07,2.573913959328902323e-01,9.104630891331823017e-01,-2.984786976950768076e+04,8.003312083897155389e+03
2.946488265770500153e+07,2.548715435878979307e-01,9.111378786584741762e-01,-2.986971427918986228e+04,7.921459785487813861e+03
2.947750685764403641e+07,2.523498139256820094e-01,9.118058304703925421e-01,-2.989133581969056104e+04,7.839535702461984329e+03
2.949013105758306757e+07,2.498262256651229696e-01,9.124669380135870256e-01,-2.991273431037599221e+04,7.757540653419091541e+03
2.950275525752210245e+07,2.473007975514637247e-01,9.131211947716126875e-01,-2.993390967385684053e+04,7.675475460368759741e+03
2.951537945746113732e+07,2.447735483563134584e-01,9.137685942669295791e-01,-2.995486183598824573e+04,7.593340948730950913e+03
2.952800365740016848e+07,2.422444968776452934e-01,9.144091300609028528e-01,-2.997559072586982802e+04,7.511137947335915669e+03
2.954062785733920336e+07,2.397136619397947643e-01,9.150427957538035395e-01,-2.999609627584568807e+04,7.428867288424095022e+03
2.955325205727823824e+07,2.371810623934636764e-01,9.156695849848071056e-01,-3.001637842150437791e+04,7.346529807646278641e+03
2.956587625721727312e+07,2.346467171157169962e-01,9.162894914319941186e-01,-3.003643710167893732e+04,7.264126344063493889e+03
2.957850045715630427e+07,2.321106450099851282e-01,9.169025088123506917e-01,-3.005627225844686473e+04,7.181657740147100412e+03
2.959112465709533915e+07,2.295728650060600562e-01,9.175086308817687053e-01,-3.007588383713014628e+04,7.099124841778615519e+03
2.960374885703437403e+07,2.270333960601002843e-01,9.181078514350438091e-01,-3.009527178629522678e+04,7.016528498249936092e+03
2.961637305697340518e+07,2.244922571546285328e-01,9.187001643058775313e-01,-3.011443605775300966e+04,6.933869562263207627e+03
2.962899725691244006e+07,2.219494672985296291e-01,9.192855633668770565e-01,-3.013337660655890431e+04,6.851148889930795121e+03
2.964162145685147494e+07,2.194050455270550870e-01,9.198640425295541156e-01,-3.015209339101276055e+04,6.768367340775403136e+03
2.965424565679050982e+07,2.168590109018191103e-01,9.204355957443255409e-01,-3.017058637265891593e+04,6.685525777729988476e+03
2.966686985672954097e+07,2.143113825108015069e-01,9.210002170005137101e-01,-3.018885551628616668e+04,6.602625067137803853e+03
2.967949405666857585e+07,2.117621794683433867e-01,9.215579003263461022e-01,-3.020690078992778581e+04,6.519666078752288740e+03
2.969211825660761073e+07,2.092114209151533233e-01,9.221086397889556308e-01,-3.022472216486153047e+04,6.436649685737254913e+03
2.970474245654664561e+07,2.066591260183026357e-01,9.226524294943794224e-01,-3.024231961560961645e+04,6.353576764666744566e+03
2.971736665648567677e+07,2.041053139712273590e-01,9.231892635875608155e-01,-3.025969311993871088e+04,6.270448195525099436e+03
2.972999085642471164e+07,2.015500039937263010e-01,9.237191362523478055e-01,-3.027684265885999048e+04,6.187264861706873489e+03
2.974261505636374652e+07,1.989932153319640407e-01,9.242420417114937115e-01,-3.029376821662908333e+04,6.104027650016960251e+03
2.975523925630277768e+07,1.964349672584696782e-01,9.247579742266568426e-01,-3.031046978074608342e+04,6.020737450670527323e+03
2.976786345624181256e+07,1.938752790721340602e-01,9.252669280984011646e-01,-3.032694734195556885e+04,5.937395157292932709e+03
2.978048765618084744e+07,1.913141700982144700e-01,9.257688976661953006e-01,-3.034320089424658727e+04,5.854001666919899435e+03
2.979311185611988232e+07,1.887516596883321851e-01,9.262638773084133081e-01,-3.035923043485264498e+04,5.770557879997384589e+03
2.980573605605891347e+07,1.861877672204727552e-01,9.267518614423337908e-01,-3.037503596425172145e+04,5.687064700381652074e+03
2.981836025599794835e+07,1.836225120989841419e-01,9.272328445241420081e-01,-3.039061748616629484e+04,5.603523035339167109e+03
2.983098445593698323e+07,1.810559137545801889e-01,9.277068210489266553e-01,-3.040597500756326917e+04,5.519933795546716283e+03
2.984360865587601811e+07,1.784879916443389281e-01,9.281737855506829726e-01,-3.042110853865405807e+04,5.436297895091385726e+03
2.985623285581504926e+07,1.759187652517029965e-01,9.286337326023104133e-01,-3.043601809289452649e+04,5.352616251470521092e+03
2.986885705575408414e+07,1.733482540864771104e-01,9.290866568156140870e-01,-3.045070368698501989e+04,5.268889785591669352e+03
2.988148125569311902e+07,1.707764776848318677e-01,9.295325528413044269e-01,-3.046516534087034961e+04,5.185119421772738860e+03
2.989410545563215017e+07,1.682034556093030264e-01,9.299714153689963014e-01,-3.047940307773979293e+04,5.101306087741908414e+03
2.990672965557118505e+07,1.656292074487873967e-01,9.304032391272109015e-01,-3.049341692402711487e+04,5.017450714637547208e+03
2.991935385551021993e+07,1.630537528185486418e-01,9.308280188833734092e-01,-3.050720690941053181e+04,4.933554237008374912e+03
2.993197805544925481e+07,1.604771113602140586e-01,9.312457494438151073e-01,-3.052077306681274786e+04,4.849617592813381634e+03
2.994460225538828596e+07,1.578993027417757156e-01,9.316564256537716027e-01,-3.053411543240092578e+04,4.765641723421817005e+03
2.995722645532732084e+07,1.553203466575874547e-01,9.320600423973844917e-01,-3.054723404558671609e+04,4.681627573613164714e+03
2.996985065526635572e+07,1.527402628283698605e-01,9.324565945977000281e-01,-3.056012894902621338e+04,4.597576091577237094e+03
2.998247485520538688e+07,1.501590710012076779e-01,9.328460772166695669e-01,-3.057280018862000725e+04,4.513488228914120555e+03
2.999509905514442176e+07,1.475767909495475094e-01,9.332284852551504528e-01,-3.058524781351315323e+04,4.429364940634113736e+03
3.000772325508345664e+07,1.449934424732023663e-01,9.336038137529040215e-01,-3.059747187609517277e+04,4.345207185157858476e+03
3.002034745502249151e+07,1.424090453983487548e-01,9.339720577885977093e-01,-3.060947243200006415e+04,4.261015924316227029e+03
3.003297165496152267e+07,1.398236195775282020e-01,9.343332124798037208e-01,-3.062124954010628426e+04,4.176792123350409383e+03
3.004559585490055755e+07,1.372371848896440649e-01,9.346872729829994730e-01,-3.063280326253677413e+04,4.092536750911796844e+03
3.005822005483959243e+07,1.346497612399665256e-01,9.350342344935674843e-01,-3.064413366465895160e+04,4.008250779062120273e+03
3.007084425477862731e+07,1.320613685601285392e-01,9.353740922457957074e-01,-3.065524081508468953e+04,3.923935183273355506e+03
3.008346845471765846e+07,1.294720268081287762e-01,9.357068415128768635e-01,-3.066612478567033395e+04,3.839590942427785194e+03
3.009609265465669334e+07,1.268817559683271534e-01,9.360324776069094410e-01,-3.067678565151671501e+04,3.755219038817889668e+03
3.010871685459572822e+07,1.242905760514505104e-01,9.363509958788966969e-01,-3.068722349096912512e+04,3.670820458146492456e+03
3.012134105453475937e+07,1.216985070945899861e-01,9.366623917187467674e-01,-3.069743838561732264e+04,3.586396189526691160e+03
3.013396525447379425e+07,1.191055691611981465e-01,9.369666605552734451e-01,-3.070743042029554999e+04,3.501947225481799251e+03
3.014658945441282913e+07,1.165117823410942999e-01,9.372637978561958461e-01,-3.071719968308250827e+04,3.417474561945440655e+03
3.015921365435186401e+07,1.139171667504613600e-01,9.375537991281376327e-01,-3.072674626530138266e+04,3.332979198261531565e+03
3.017183785429089516e+07,1.113217425318471093e-01,9.378366599166282347e-01,-3.073607026151980972e+04,3.248462137184262247e+03
3.018446205422993004e+07,1.087255298541611598e-01,9.381123758061018503e-01,-3.074517176954992465e+04,3.163924384878017008e+03
3.019708625416896492e+07,1.061285489126796017e-01,9.383809424198978899e-01,-3.075405089044831038e+04,3.079366950917548820e+03
3.020971045410799608e+07,1.035308199290425474e-01,9.386423554202615316e-01,-3.076270772851603033e+04,2.994790848287870176e+03
3.022233465404703096e+07,1.009323631512528685e-01,9.388966105083418334e-01,-3.077114239129861380e+04,2.910197093384187610e+03
3.023495885398606583e+07,9.833319885367877711e-02,9.391437034241946202e-01,-3.077935498958607786e+04,2.825586706012069044e+03
3.024758305392510071e+07,9.573334733705254895e-02,9.393836299467798190e-01,-3.078734563741288366e+04,2.740960709387323732e+03
3.026020725386413187e+07,9.313282892847163374e-02,9.396163858939629021e-01,-3.079511445205798373e+04,2.656320130136064108e+03
3.027283145380316675e+07,9.053166398139483872e-02,9.398419671225141103e-01,-3.080266155404480378e+04,2.571665998294600286e+03
3.028545565374220163e+07,8.792987287564782428e-02,9.400603695281094518e-01,-3.080998706714122818e+04,2.486999347309578297e+03
3.029807985368123651e+07,8.532747601741953736e-02,9.402715890453300362e-01,-3.081709111835961085e+04,2.402321214037914615e+03
3.031070405362026766e+07,8.272449383926401556e-02,9.404756216476611863e-01,-3.082397383795678979e+04,2.317632638746807061e+03
3.032332825355930254e+07,8.012094680009719527e-02,9.406724633474952135e-01,-3.083063535943406896e+04,2.232934665113662049e+03
3.033595245349833742e+07,7.751685538520129704e-02,9.408621101961278654e-01,-3.083707581953721819e+04,2.148228340226225555e+03
3.034857665343736857e+07,7.491224010622310470e-02,9.410445582837605460e-01,-3.084329535825648054e+04,2.063514714582524903e+03
3.036120085337640345e+07,7.230712150117088455e-02,9.412198037395007599e-01,-3.084929411882658314e+04,1.978794842090781458e+03
3.037382505331543833e+07,6.970152013441983929e-02,9.413878427313600028e-01,-3.085507224772670452e+04,1.894069780069570697e+03
3.038644925325447321e+07,6.709545659670844431e-02,9.415486714662554268e-01,-3.086062989468051092e+04,1.809340589247705793e+03
3.039907345319350436e+07,6.448895150514000196e-02,9.417022861900090636e-01,-3.086596721265611632e+04,1.724608333764310373e+03
3.041169765313253924e+07,6.188202550317968564e-02,9.418486831873489340e-01,-3.087108435786614427e+04,1.639874081168702105e+03
3.042432185307157412e+07,5.927469926065954964e-02,9.419878587819073834e-01,-3.087598148976764060e+04,1.555138902420549130e+03
3.043694605301060900e+07,5.666699347377450457e-02,9.421198093362225245e-01,-3.088065877106217158e+04,1.470403871889753646e+03
3.044957025294964015e+07,5.405892886508503054e-02,9.422445312517365723e-01,-3.088511636769573670e+04,1.385670067356546497e+03
3.046219445288867503e+07,5.145052618351329127e-02,9.423620209687986193e-01,-3.088935444885882680e+04,1.300938570011319825e+03
3.047481865282770991e+07,4.884180620434776243e-02,9.424722749666616384e-01,-3.089337318698640229e+04,1.216210464454845351e+03
3.048744285276674107e+07,4.623278972924135810e-02,9.425752897634837035e-01,-3.089717275775788585e+04,1.131486838698157953e+03
3.050006705270577595e+07,4.362349758620868989e-02,9.426710619163291005e-01,-3.090075334009718063e+04,1.046768784162486554e+03
3.051269125264481083e+07,4.101395062963118787e-02,9.427595880211664392e-01,-3.090411511617264478e+04,9.620573956794105470e+02
3.052531545258384570e+07,3.840416974025328417e-02,9.428408647128697639e-01,-3.090725827139713510e+04,8.773537714907579357e+02
3.053793965252287686e+07,3.579417582518491098e-02,9.429148886652182204e-01,-3.091018299442795615e+04,7.926590132486599032e+02
3.055056385246191174e+07,3.318398981789726782e-02,9.429816565908963888e-01,-3.091288947716689654e+04,7.079742260154380347e+02
3.056318805240094662e+07,3.057363267822867450e-02,9.430411652414936174e-01,-3.091537791476020357e+04,6.233005182637789403e+02
3.057581225233997777e+07,2.796312539238118844e-02,9.430934114075045782e-01,-3.091764850559861225e+04,5.386390018766105641e+02
3.058843645227901265e+07,2.535248897291917866e-02,9.431383919183292663e-01,-3.091970145131730533e+04,4.539907921470985457e+02
3.060106065221804753e+07,2.274174445877309714e-02,9.431761036422730005e-01,-3.092153695679596422e+04,3.693570077787335322e+02
3.061368485215708241e+07,2.013091291523714035e-02,9.432065434865455344e-01,-3.092315523015872168e+04,2.847387708852547803e+02
3.062630905209611356e+07,1.752001543397036301e-02,9.432297083972627227e-01,-3.092455648277419459e+04,2.001372069907120022e+02
3.063893325203514844e+07,1.490907313299372899e-02,9.432455953594446330e-01,-3.092574092925545483e+04,1.155534450293416739e+02
3.065155745197418332e+07,1.229810715669478992e-02,9.432542013970176553e-01,-3.092670878746006201e+04,3.098861734573074500e+01
3.066418165191321820e+07,9.687138675824333647e-03,9.432555235728123932e-01,-3.092746027849004167e+04,-5.355614030527431169e+01
3.067680585185224935e+07,7.076188887498008860e-03,9.432495589885648846e-01,-3.092799562669188526e+04,-1.380796887585456716e+02
3.068943005179128423e+07,4.465279015194082053e-03,9.432363047849166016e-01,-3.092831505965655379e+04,-2.225808854387396423e+02
3.070205425173031911e+07,1.854430308756802905e-03,9.432157581414137848e-01,-3.092841880821949599e+04,-3.070585843601766101e+02
3.071467845166935027e+07,-7.563359556056343516e-04,9.431879162765082203e-01,-3.092830710646061198e+04,-3.915116361268992478e+02
3.072730265160838515e+07,-3.366998475322825323e-03,9.431527764475566844e-01,-3.092798019170428233e+04,-4.759388879327489121e+02
3.073992685154742002e+07,-5.977535921457770296e-03,9.431103359508210549e-01,-3.092743830451936083e+04,-5.603391835612237628e+02
3.075255105148645490e+07,-8.587926938710034250e-03,9.430605921214686438e-01,-3.092668168871916714e+04,-6.447113633855660737e+02
3.076517525142548606e+07,-1.119815014541452637e-02,9.430035423335716427e-01,-3.092571059136150143e+04,-7.290542643687367672e+02
3.077779945136452094e+07,-1.380818413354404500e-02,9.429391840001076774e-01,-3.092452526274861884e+04,-8.133667200634663459e+02
3.079042365130355582e+07,-1.641800746870459085e-02,9.428675145729593643e-01,-3.092312595642725137e+04,-8.976475606121675810e+02
3.080304785124258697e+07,-1.902759869013852592e-02,9.427885315429143098e-01,-3.092151292918861873e+04,-9.818956127469682542e+02
3.081567205118162185e+07,-2.163693631072579823e-02,9.427022324396657771e-01,-3.091968644106838838e+04,-1.066109699789791193e+03
3.082829625112065673e+07,-2.424607180099085102e-02,9.426086765537146084e-01,-3.091764672809133481e+04,-1.150306603095729542e+03
3.084092045105969161e+07,-2.685506705120695517e-02,9.425079344242370816e-01,-3.091539352912764662e+04,-1.234505910019777730e+03
3.085354465099872276e+07,-2.946390095891724195e-02,9.424000077501925032e-01,-3.091292634491536228e+04,-1.318706912578638821e+03
3.086616885093775764e+07,-3.207255235410609584e-02,9.422848982012047570e-01,-3.091024468119316589e+04,-1.402908881983818674e+03
3.087879305087679252e+07,-3.468100008715017252e-02,9.421626074912502480e-01,-3.090734804881236778e+04,-1.487111090217170158e+03
3.089141725081582740e+07,-3.728922302882157341e-02,9.420331373786577922e-01,-3.090423596373689725e+04,-1.571312810030992750e+03
3.090404145075485855e+07,-3.989720007028625670e-02,9.418964896661080610e-01,-3.090090794704328437e+04,-1.655513314947982053e+03
3.091666565069389343e+07,-4.250491012310708694e-02,9.417526662006348026e-01,-3.089736352492067817e+04,-1.739711879261329614e+03
3.092928985063292831e+07,-4.511233211923929703e-02,9.416016688736232876e-01,-3.089360222867084667e+04,-1.823907778034574449e+03
3.094191405057195947e+07,-4.771944501103270175e-02,9.414434996208117523e-01,-3.088962359470816591e+04,-1.908100287101676258e+03
3.095453825051099434e+07,-5.032622777123410551e-02,9.412781604222902887e-01,-3.088542716455962727e+04,-1.992288683067091142e+03
3.096716245045002922e+07,-5.293265939298260475e-02,9.411056533025012882e-01,-3.088101248486484110e+04,-2.076472243305622214e+03
3.097978665038906410e+07,-5.553871888981268962e-02,9.409259803302399972e-01,-3.087637910737602215e+04,-2.160650245962518056e+03
3.099241085032809526e+07,-5.814438529565274516e-02,9.407391436186536282e-01,-3.087152658895801142e+04,-2.244821969953425651e+03
3.100503505026713014e+07,-6.074963766482805588e-02,9.405451453252412497e-01,-3.086645449158825068e+04,-2.328986694964484741e+03
3.101765925020616502e+07,-6.335445507205628157e-02,9.403439876518551177e-01,-3.086116238235680430e+04,-2.413143701452185269e+03
3.103028345014519617e+07,-6.595881661244965000e-02,9.401356728446993438e-01,-3.085564983346635199e+04,-2.497292270643437405e+03
3.104290765008423105e+07,-6.856270140151736470e-02,9.399202031943300062e-01,-3.084991642223218150e+04,-2.581431684535645672e+03
3.105553185002326593e+07,-7.116608857516094899e-02,9.396975810356562597e-01,-3.084396173108219591e+04,-2.665561225896564792e+03
3.106815604996230081e+07,-7.376895728967733379e-02,9.394678087479390038e-01,-3.083778534755691726e+04,-2.749680178264391998e+03
3.108078024990133196e+07,-7.637128672175731714e-02,9.392308887547916596e-01,-3.083138686430947928e+04,-2.833787825947723832e+03
3.109340444984036684e+07,-7.897305606848857573e-02,9.389868235241801697e-01,-3.082476587910562375e+04,-2.917883454025652100e+03
3.110602864977940172e+07,-8.157424454735116848e-02,9.387356155684221104e-01,-3.081792199482371143e+04,-3.001966348347616076e+03
3.111865284971843660e+07,-8.417483139622057575e-02,9.384772674441881346e-01,-3.081085481945472202e+04,-3.086035795533498458e+03
3.113127704965746775e+07,-8.677479587336607569e-02,9.382117817525006398e-01,-3.080356396610224328e+04,-3.170091082973582161e+03
3.114390124959650263e+07,-8.937411725745390834e-02,9.379391611387351002e-01,-3.079604905298247104e+04,-3.254131498828644453e+03
3.115652544953553751e+07,-9.197277484754268206e-02,9.376594082926181795e-01,-3.078830970342423097e+04,-3.338156332029808254e+03
3.116914964947456867e+07,-9.457074796308555242e-02,9.373725259482299510e-01,-3.078034554586894956e+04,-3.422164872278620351e+03
3.118177384941360354e+07,-9.716801594393269237e-02,9.370785168840018997e-01,-3.077215621387067222e+04,-3.506156410047122790e+03
3.119439804935263842e+07,-9.976455815032654606e-02,9.367773839227184762e-01,-3.076374134609605608e+04,-3.590130236577702817e+03
3.120702224929167330e+07,-1.023603539629049791e-01,9.364691299315162087e-01,-3.075510058632437722e+04,-3.674085643883195644e+03
3.121964644923070446e+07,-1.049553827826997243e-01,9.361537578218839251e-01,-3.074623358344752342e+04,-3.758021924746833065e+03
3.123227064916973934e+07,-1.075496240311394347e-01,9.358312705496627526e-01,-3.073713999146999413e+04,-3.841938372722341683e+03
3.124489484910877421e+07,-1.101430571500451316e-01,9.355016711150462294e-01,-3.072781946950890051e+04,-3.925834282133795568e+03
3.125751904904780909e+07,-1.127356616016331609e-01,9.351649625625801932e-01,-3.071827168179397631e+04,-4.009708948075715398e+03
3.127014324898684025e+07,-1.153274168685137907e-01,9.348211479811626701e-01,-3.070849629766756698e+04,-4.093561666413018884e+03
3.128276744892587513e+07,-1.179183024536942098e-01,9.344702305040436530e-01,-3.069849299158462236e+04,-4.177391733781116272e+03
3.129539164886491001e+07,-1.205082978805739335e-01,9.341122133088265445e-01,-3.068826144311271855e+04,-4.261198447585771646e+03
3.130801584880394116e+07,-1.230973826929470799e-01,9.337470996174662696e-01,-3.067780133693204334e+04,-4.344981106003162495e+03
3.132064004874297604e+07,-1.256855364550048260e-01,9.333748926962698311e-01,-3.066711236283538892e+04,-4.428739007979968846e+03
3.133326424868201092e+07,-1.282727387513304118e-01,9.329955958558968643e-01,-3.065619421572817373e+04,-4.512471453233212742e+03
3.134588844862104580e+07,-1.308589691869027904e-01,9.326092124513599702e-01,-3.064504659562842426e+04,-4.596177742250365554e+03
3.135851264856007695e+07,-1.334442073870945600e-01,9.322157458820228282e-01,-3.063366920766678231e+04,-4.679857176289294330e+03
3.137113684849911183e+07,-1.360284329976753359e-01,9.318151995916021946e-01,-3.062206176208649777e+04,-4.763509057378360922e+03
3.138376104843814671e+07,-1.386116256848070605e-01,9.314075770681671251e-01,-3.061022397424344672e+04,-4.847132688316276472e+03
3.139638524837717786e+07,-1.411937651350462508e-01,9.309928818441388643e-01,-3.059815556460611333e+04,-4.930727372672170532e+03
3.140900944831621274e+07,-1.437748310553465247e-01,9.305711174962907339e-01,-3.058585625875558981e+04,-5.014292414785672008e+03
3.142163364825524762e+07,-1.463548031730535770e-01,9.301422876457487998e-01,-3.057332578738559096e+04,-5.097827119766753640e+03
3.143425784819428250e+07,-1.489336612359086764e-01,9.297063959579910941e-01,-3.056056388630244328e+04,-5.181330793495836588e+03
3.144688204813331366e+07,-1.515113850120469174e-01,9.292634461428481707e-01,-3.054757029642508496e+04,-5.264802742623737686e+03
3.145950624807234854e+07,-1.540879542900003285e-01,9.288134419545029941e-01,-3.053434476378506588e+04,-5.348242274571768576e+03
3.147213044801138341e+07,-1.566633488786932371e-01,9.283563871914903842e-01,-3.052088703952655851e+04,-5.431648697531591097e+03
3.148475464795041829e+07,-1.592375486074454061e-01,9.278922856966979049e-01,-3.050719687990634702e+04,-5.515021320465310055e+03
3.149737884788944945e+07,-1.618105333259704515e-01,9.274211413573654195e-01,-3.049327404629382363e+04,-5.598359453105427747e+03
3.151000304782848433e+07,-1.643822829043788680e-01,9.269429581050848688e-01,-3.047911830517099588e+04,-5.681662405954943097e+03
3.152262724776751921e+07,-1.669527772331736437e-01,9.264577399158004933e-01,-3.046472942813249028e+04,-5.764929490287200679e+03
3.153525144770655036e+07,-1.695219962232521471e-01,9.259654908098092774e-01,-3.045010719188554503e+04,-5.848160018145968024e+03
3.154787564764558524e+07,-1.720899198059089030e-01,9.254662148517600606e-01,-3.043525137825001366e+04,-5.931353302345509292e+03
3.156049984758462012e+07,-1.746565279328306797e-01,9.249599161506538714e-01,-3.042016177415835409e+04,-6.014508656470432470e+03
3.157312404752365500e+07,-1.772218005760995974e-01,9.244465988598449258e-01,-3.040483817165565415e+04,-6.097625394875793972e+03
3.158574824746268615e+07,-1.797857177281916852e-01,9.239262671770387403e-01,-3.038928036789961334e+04,-6.180702832687044975e+03
3.159837244740172103e+07,-1.823482594019799619e-01,9.233989253442935752e-01,-3.037348816516052466e+04,-6.263740285800137826e+03
3.161099664734075591e+07,-1.849094056307296896e-01,9.228645776480202123e-01,-3.035746137082131827e+04,-6.346737070881363252e+03
3.162362084727978706e+07,-1.874691364681007888e-01,9.223232284189816221e-01,-3.034119979737753602e+04,-6.429692505367441299e+03
3.163624504721882194e+07,-1.900274319881500862e-01,9.217748820322924086e-01,-3.032470326243731688e+04,-6.512605907465581367e+03
3.164886924715785682e+07,-1.925842722853267908e-01,9.212195429074204744e-01,-3.030797158872142973e+04,-6.595476596153348510e+03
3.166149344709689170e+07,-1.951396374744755191e-01,9.206572155081858000e-01,-3.029100460406325510e+04,-6.678303891178742560e+03
3.167411764703592286e+07,-1.976935076908347133e-01,9.200879043427603321e-01,-3.027380214140878525e+04,-6.761087113060171760e+03
3.168674184697495773e+07,-2.002458630900396941e-01,9.195116139636685393e-01,-3.025636403881662045e+04,-6.843825583086529150e+03
3.169936604691399261e+07,-2.027966838481181922e-01,9.189283489677869676e-01,-3.023869013945798724e+04,-6.926518623317062520e+03
3.171199024685302749e+07,-2.053459501614933735e-01,9.183381139963450179e-01,-3.022078029161671657e+04,-7.009165556581463534e+03
3.172461444679205865e+07,-2.078936422469821466e-01,9.177409137349240575e-01,-3.020263434868926561e+04,-7.091765706479822256e+03
3.173723864673109353e+07,-2.104397403417984092e-01,9.171367529134576424e-01,-3.018425216918468141e+04,-7.174318397382718103e+03
3.174986284667012841e+07,-2.129842247035484970e-01,9.165256363062316280e-01,-3.016563361672464816e+04,-7.256822954431085236e+03
3.176248704660915956e+07,-2.155270756102331819e-01,9.159075687318847248e-01,-3.014677856004346540e+04,-7.339278703536277135e+03
3.177511124654819444e+07,-2.180682733602502255e-01,9.152825550534073873e-01,-3.012768687298802251e+04,-7.421684971380139359e+03
3.178773544648722932e+07,-2.206077982723898545e-01,9.146506001781424811e-01,-3.010835843451784604e+04,-7.504041085414867666e+03
3.180035964642626420e+07,-2.231456306858375371e-01,9.140117090577853931e-01,-3.008879312870506328e+04,-7.586346373863105327e+03
3.181298384636529535e+07,-2.256817509601726779e-01,9.133658866883839211e-01,-3.006899084473443509e+04,-7.668600165717890377e+03
3.182560804630433023e+07,-2.282161394753716155e-01,9.127131381103373853e-01,-3.004895147690330487e+04,-7.750801790742754747e+03
3.183823224624336511e+07,-2.307487766318029598e-01,9.120534684083984045e-01,-3.002867492462165319e+04,-7.832950579471581477e+03
3.185085644618239626e+07,-2.332796428502300623e-01,9.113868827116716753e-01,-3.000816109241207596e+04,-7.915045863208671108e+03
3.186348064612143114e+07,-2.358087185718130419e-01,9.107133861936134167e-01,-2.998740988990976621e+04,-7.997086974028823533e+03
3.187610484606046602e+07,-2.383359842581045662e-01,9.100329840720333685e-01,-2.996642123186254321e+04,-8.079073244777183390e+03
3.188872904599950090e+07,-2.408614203910524609e-01,9.093456816090927930e-01,-2.994519503813084157e+04,-8.161004009069341009e+03
3.190135324593853205e+07,-2.433850074729986268e-01,9.086514841113054741e-01,-2.992373123368770757e+04,-8.242878601291289669e+03
3.191397744587756693e+07,-2.459067260266817045e-01,9.079503969295372734e-01,-2.990202974861879193e+04,-8.324696356599502906e+03
3.192660164581660181e+07,-2.484265565952328558e-01,9.072424254590070181e-01,-2.988009051812237522e+04,-8.406456610920820822e+03
3.193922584575563669e+07,-2.509444797421784279e-01,9.065275751392849468e-01,-2.985791348250933879e+04,-8.488158700952521031e+03
3.195185004569466785e+07,-2.534604760514389543e-01,9.058058514542948192e-01,-2.983549858720319025e+04,-8.569801964162270451e+03
3.196447424563370273e+07,-2.559745261273315142e-01,9.050772599323111400e-01,-2.981284578274003798e+04,-8.651385738788241724e+03
3.197709844557273760e+07,-2.584866105945657910e-01,9.043418061459620461e-01,-2.978995502476861293e+04,-8.732909363838954960e+03
3.198972264551176876e+07,-2.609967100982459876e-01,9.035994957122276405e-01,-2.976682627405026869e+04,-8.814372179093345039e+03
3.200234684545080364e+07,-2.635048053038732685e-01,9.028503342924396602e-01,-2.974345949645894143e+04,-8.895773525100841653e+03
3.201497104538983852e+07,-2.660108768973410975e-01,9.020943275922831406e-01,-2.971985466298121901e+04,-8.977112743181234691e+03
3.202759524532887340e+07,-2.685149055849384014e-01,9.013314813617947507e-01,-2.969601174971627916e+04,-9.058389175424745190e+03
3.204021944526790455e+07,-2.710168720933479602e-01,9.005618013953641254e-01,-2.967193073787593312e+04,-9.139602164691999860e+03
3.205284364520693943e+07,-2.735167571696492939e-01,8.997852935317323109e-01,-2.964761161378457473e+04,-9.220751054614116583e+03
3.206546784514597431e+07,-2.760145415813146097e-01,8.990019636539934300e-01,-2.962305436887924589e+04,-9.301835189592560710e+03
3.207809204508500919e+07,-2.785102061162111897e-01,8.982118176895934614e-01,-2.959825899970957835e+04,-9.382853914799246922e+03
3.209071624502404034e+07,-2.810037315826003357e-01,8.974148616103314602e-01,-2.957322550793784467e+04,-9.463806576176484668e+03
3.210334044496307522e+07,-2.834950988091403112e-01,8.966111014323574491e-01,-2.954795390033889271e+04,-9.544692520437078201e+03
3.211596464490211010e+07,-2.859842886448815680e-01,8.958005432161748605e-01,-2.952244418880021840e+04,-9.625511095064181063e+03
3.212858884484114125e+07,-2.884712819592694100e-01,8.949831930666394264e-01,-2.949669639032192572e+04,-9.706261648311363388e+03
3.214121304478017613e+07,-2.909560596421456591e-01,8.941590571329581794e-01,-2.947071052701670487e+04,-9.786943529202701029e+03
3.215383724471921101e+07,-2.934386026037451023e-01,8.933281416086916726e-01,-2.944448662610989777e+04,-9.867556087532606398e+03
3.216646144465824589e+07,-2.959188917746973235e-01,8.924904527317522041e-01,-2.941802471993943982e+04,-9.948098673865943056e+03
3.217908564459727705e+07,-2.983969081060260375e-01,8.916459967844047041e-01,-2.939132484595589267e+04,-1.002857063953796751e+04
3.219170984453631192e+07,-3.008726325691520320e-01,8.907947800932656257e-01,-2.936438704672240783e+04,-1.010897133665443835e+04
3.220433404447534680e+07,-3.033460461558881160e-01,8.899368090293044986e-01,-2.933721136991477761e+04,-1.018930011809145981e+04
3.221695824441437796e+07,-3.058171298784417846e-01,8.890720900078431521e-01,-2.930979786832140235e+04,-1.026955633749555091e+04
3.222958244435341284e+07,-3.082858647694178278e-01,8.882006294885551601e-01,-2.928214659984327955e+04,-1.034973934928373274e+04
3.224220664429244772e+07,-3.107522318818128348e-01,8.873224339754668399e-01,-2.925425762749403657e+04,-1.042984850864337204e+04
3.225483084423148260e+07,-3.132162122890191913e-01,8.864375100169569199e-01,-2.922613101939991611e+04,-1.050988317153228127e+04
3.226745504417051375e+07,-3.156777870848230805e-01,8.855458642057564278e-01,-2.919776684879977620e+04,-1.058984269467867307e+04
3.228007924410954863e+07,-3.181369373834073144e-01,8.846475031789481358e-01,-2.916916519404506471e+04,-1.066972643558124400e+04
3.229270344404858351e+07,-3.205936443193472263e-01,8.837424336179676709e-01,-2.914032613859987396e+04,-1.074953375250905447e+04
3.230532764398761839e+07,-3.230478890476140563e-01,8.828306622486028488e-01,-2.911124977104089339e+04,-1.082926400450159963e+04
3.231795184392664954e+07,-3.254996527435720099e-01,8.819121958409942286e-01,-2.908193618505744234e+04,-1.090891655136877853e+04
3.233057604386568442e+07,-3.279489166029826985e-01,8.809870412096335590e-01,-2.905238547945142636e+04,-1.098849075369097409e+04
3.234320024380471930e+07,-3.303956618420001989e-01,8.800552052133658876e-01,-2.902259775813738815e+04,-1.106798597281892944e+04
3.235582444374375045e+07,-3.328398696971729409e-01,8.791166947553885613e-01,-2.899257313014248575e+04,-1.114740157087380430e+04
3.236844864368278533e+07,-3.352815214254462606e-01,8.781715167832505609e-01,-2.896231170960647069e+04,-1.122673691074724957e+04
3.238107284362182021e+07,-3.377205983041581261e-01,8.772196782888534994e-01,-2.893181361578172437e+04,-1.130599135610127087e+04
3.239369704356085509e+07,-3.401570816310416356e-01,8.762611863084517339e-01,-2.890107897303324353e+04,-1.138516427136831771e+04
3.240632124349988624e+07,-3.425909527242239627e-01,8.752960479226516988e-01,-2.887010791083864024e+04,-1.146425502175123256e+04
3.241894544343892112e+07,-3.450221929222289652e-01,8.743242702564114621e-01,-2.883890056378812005e+04,-1.154326297322335449e+04
3.243156964337795600e+07,-3.474507835839729109e-01,8.733458604790423907e-01,-2.880745707158452569e+04,-1.162218749252837551e+04
3.244419384331698716e+07,-3.498767060887669200e-01,8.723608258042078178e-01,-2.877577757904331156e+04,-1.170102794718040241e+04
3.245681804325602204e+07,-3.522999418363186863e-01,8.713691734899229324e-01,-2.874386223609252556e+04,-1.177978370546403858e+04
3.246944224319505692e+07,-3.547204722467285354e-01,8.703709108385557780e-01,-2.871171119777284912e+04,-1.185845413643424035e+04
3.248206644313409179e+07,-3.571382787604919784e-01,8.693660451968266978e-01,-2.867932462423757897e+04,-1.193703860991640431e+04
3.249469064307312295e+07,-3.595533428384986574e-01,8.683545839558084456e-01,-2.864670268075262720e+04,-1.201553649650632542e+04
3.250731484301215783e+07,-3.619656459620347877e-01,8.673365345509251867e-01,-2.861384553769648846e+04,-1.209394716757029164e+04
3.251993904295119271e+07,-3.643751696327792167e-01,8.663119044619544962e-01,-2.858075337056030548e+04,-1.217226999524494568e+04
3.253256324289022759e+07,-3.667818953728060882e-01,8.652807012130255826e-01,-2.854742635994783268e+04,-1.225050435243736501e+04
3.254518744282925874e+07,-3.691858047245832330e-01,8.642429323726208423e-01,-2.851386469157543615e+04,-1.232864961282503828e+04
3.255781164276829362e+07,-3.715868792509758323e-01,8.631986055535735280e-01,-2.848006855627206824e+04,-1.240670515085593433e+04
3.257043584270732850e+07,-3.739851005352408109e-01,8.621477284130704133e-01,-2.844603814997932932e+04,-1.248467034174838227e+04
3.258306004264635965e+07,-3.763804501810303904e-01,8.610903086526505712e-01,-2.841177367375143513e+04,-1.256254456149112593e+04
3.259568424258539453e+07,-3.787729098123931437e-01,8.600263540182042643e-01,-2.837727533375518033e+04,-1.264032718684339852e+04
3.260830844252442941e+07,-3.811624610737704422e-01,8.589558722999752760e-01,-2.834254334127000766e+04,-1.271801759533479890e+04
3.262093264246346429e+07,-3.835490856299985651e-01,8.578788713325592452e-01,-2.830757791268795700e+04,-1.279561516526535343e+04
3.263355684240249544e+07,-3.859327651663082559e-01,8.567953589949043325e-01,-2.827237926951370173e+04,-1.287311927570549597e+04
3.264618104234153032e+07,-3.883134813883265535e-01,8.557053432103103319e-01,-2.823694763836449420e+04,-1.295052930649615155e+04
3.265880524228056520e+07,-3.906912160220731844e-01,8.546088319464300032e-01,-2.820128325097022753e+04,-1.302784463824859267e+04
3.267142944221959636e+07,-3.930659508139627278e-01,8.535058332152687388e-01,-2.816538634417342109e+04,-1.310506465234452116e+04
3.268405364215863124e+07,-3.954376675308060030e-01,8.523963550731830097e-01,-2.812925715992916230e+04,-1.318218873093611728e+04
3.269667784209766611e+07,-3.978063479598069052e-01,8.512804056208828074e-01,-2.809289594530519389e+04,-1.325921625694592512e+04
3.270930204203670099e+07,-4.001719739085642935e-01,8.501579930034296462e-01,-2.805630295248185939e+04,-1.333614661406692721e+04
3.272192624197573215e+07,-4.025345272050709355e-01,8.490291254102384499e-01,-2.801947843875212493e+04,-1.341297918676250083e+04
3.273455044191476703e+07,-4.048939896977166719e-01,8.478938110750747770e-01,-2.798242266652153921e+04,-1.348971336026652716e+04
3.274717464185380191e+07,-4.072503432552835312e-01,8.467520582760577064e-01,-2.794513590330830266e+04,-1.356634852058322576e+04
3.275979884179283679e+07,-4.096035697669490605e-01,8.456038753356586168e-01,-2.790761842174321282e+04,-1.364288405448726735e+04
3.277242304173186794e+07,-4.119536511422847158e-01,8.444492706207009647e-01,-2.786987049956968985e+04,-1.371931934952372467e+04
3.278504724167090282e+07,-4.143005693112585264e-01,8.432882525423598397e-01,-2.783189241964374378e+04,-1.379565379400814709e+04
3.279767144160993770e+07,-4.166443062242312645e-01,8.421208295561637414e-01,-2.779368446993402904e+04,-1.387188677702645327e+04
3.281029564154896885e+07,-4.189848438519581109e-01,8.409470101619933580e-01,-2.775524694352180450e+04,-1.394801768843497121e+04
3.282291984148800373e+07,-4.213221641855913746e-01,8.397668029040805671e-01,-2.771658013860092615e+04,-1.402404591886052549e+04
3.283554404142703861e+07,-4.236562492366754418e-01,8.385802163710107671e-01,-2.767768435847788351e+04,-1.409997085970028638e+04
3.284816824136607349e+07,-4.259870810371503280e-01,8.373872591957212119e-01,-2.763855991157177050e+04,-1.417579190312188257e+04
3.286079244130510464e+07,-4.283146416393497358e-01,8.361879400555021213e-01,-2.759920711141431821e+04,-1.425150844206332476e+04
3.287341664124413952e+07,-4.306389131160042738e-01,8.349822676719943493e-01,-2.755962627664982938e+04,-1.432711987023312213e+04
3.288604084118317440e+07,-4.329598775602370719e-01,8.337702508111926036e-01,-2.751981773103524756e+04,-1.440262558211013857e+04
3.289866504112220928e+07,-4.352775170855666120e-01,8.325518982834434478e-01,-2.747978180344013163e+04,-1.447802497294367640e+04
3.291128924106124043e+07,-4.375918138259051737e-01,8.313272189434461890e-01,-2.743951882784666304e+04,-1.455331743875344182e+04
3.292391344100027531e+07,-4.399027499355618875e-01,8.300962216902511015e-01,-2.739902914334959132e+04,-1.462850237632962489e+04
3.293653764093931019e+07,-4.422103075892384050e-01,8.288589154672623138e-01,-2.735831309415633586e+04,-1.470357918323277954e+04
3.294916184087834135e+07,-4.445144689820308970e-01,8.276153092622356988e-01,-2.731737102958690957e+04,-1.477854725779386354e+04
3.296178604081737623e+07,-4.468152163294324963e-01,8.263654121072788739e-01,-2.727620330407391521e+04,-1.485340599911434037e+04
3.297441024075641111e+07,-4.491125318673286348e-01,8.251092330788524221e-01,-2.723481027716260360e+04,-1.492815480706602102e+04
3.298703444069544598e+07,-4.514063978520000964e-01,8.238467812977694482e-01,-2.719319231351082635e+04,-1.500279308229115850e+04
3.299965864063447714e+07,-4.536967965601218511e-01,8.225780659291949126e-01,-2.715134978288905768e+04,-1.507732022620241514e+04
3.301228284057351202e+07,-4.559837102887652205e-01,8.213030961826457421e-01,-2.710928306018036164e+04,-1.515173564098292081e+04
3.302490704051254690e+07,-4.582671213553941580e-01,8.200218813119919403e-01,-2.706699252538043947e+04,-1.522603872958618012e+04
3.303753124045157805e+07,-4.605470120978676918e-01,8.187344306154559215e-01,-2.702447856359760772e+04,-1.530022889573611246e+04
3.305015544039061293e+07,-4.628233648744410900e-01,8.174407534356110672e-01,-2.698174156505277278e+04,-1.537430554392712293e+04
3.306277964032964781e+07,-4.650961620637620308e-01,8.161408591593847239e-01,-2.693878192507947824e+04,-1.544826807942396954e+04
3.307540384026868269e+07,-4.673653860648740443e-01,8.148347572180555387e-01,-2.689560004412387207e+04,-1.552211590826186148e+04
3.308802804020771384e+07,-4.696310192972144582e-01,8.135224570872551242e-01,-2.685219632774473212e+04,-1.559584843724640268e+04
3.310065224014674872e+07,-4.718930442006167292e-01,8.122039682869665045e-01,-2.680857118661341883e+04,-1.566946507395367917e+04
3.311327644008578360e+07,-4.741514432353076680e-01,8.108793003815257805e-01,-2.676472503651392617e+04,-1.574296522673015170e+04
3.312590064002481848e+07,-4.764061988819091598e-01,8.095484629796212417e-01,-2.672065829834286706e+04,-1.581634830469269946e+04
3.313852483996384963e+07,-4.786572936414365542e-01,8.082114657342936992e-01,-2.667637139810947338e+04,-1.588961371772861639e+04
3.315114903990288451e+07,-4.809047100353026627e-01,8.068683183429352646e-01,-2.663186476693555232e+04,-1.596276087649567671e+04
3.316377323984191939e+07,-4.831484306053122624e-01,8.055190305472915702e-01,-2.658713884105556644e+04,-1.603578919242202210e+04
3.317639743978095055e+07,-4.853884379136650384e-01,8.041636121334602150e-01,-2.654219406181659724e+04,-1.610869807770619991e+04
3.318902163971998543e+07,-4.876247145429574714e-01,8.028020729318902093e-01,-2.649703087567828334e+04,-1.618148694531725050e+04
3.320164583965902030e+07,-4.898572430961781188e-01,8.014344228173841955e-01,-2.645164973421293325e+04,-1.625415520899457806e+04
3.321427003959805518e+07,-4.920860061967113341e-01,8.000606717090964493e-01,-2.640605109410545629e+04,-1.632670228324801792e+04
3.322689423953708634e+07,-4.943109864883355464e-01,7.986808295705341010e-01,-2.636023541715338069e+04,-1.639912758335781109e+04
3.323951843947612122e+07,-4.965321666352252583e-01,7.972949064095554705e-01,-2.631420317026681005e+04,-1.647143052537468611e+04
3.325214263941515610e+07,-4.987495293219480486e-01,7.959029122783719545e-01,-2.626795482546851053e+04,-1.654361052611972991e+04
3.326476683935418725e+07,-5.009630572534656823e-01,7.945048572735480263e-01,-2.622149085989385276e+04,-1.661566700318443691e+04
3.327739103929322213e+07,-5.031727331551373306e-01,7.931007515359985716e-01,-2.617481175579078263e+04,-1.668759937493080724e+04
3.329001523923225701e+07,-5.053785397727141859e-01,7.916906052509924407e-01,-2.612791800051990504e+04,-1.675940706049118671e+04
3.330263943917129189e+07,-5.075804598723425709e-01,7.902744286481497848e-01,-2.608081008655442201e+04,-1.683108947976836498e+04
3.331526363911032304e+07,-5.097784762405633829e-01,7.888522320014446088e-01,-2.603348851148016547e+04,-1.690264605343552830e+04
3.332788783904935792e+07,-5.119725716843137597e-01,7.874240256292008855e-01,-2.598595377799553535e+04,-1.697407620293636137e+04
3.334051203898839280e+07,-5.141627290309236376e-01,7.859898198940964420e-01,-2.593820639391159420e+04,-1.704537935048489453e+04
3.335313623892742768e+07,-5.163489311281180827e-01,7.845496252031614048e-01,-2.589024687215199810e+04,-1.711655491906560201e+04
3.336576043886645883e+07,-5.185311608440160702e-01,7.831034520077782002e-01,-2.584207573075304026e+04,-1.718760233243335824e+04
3.337838463880549371e+07,-5.207094010671333706e-01,7.816513108036804436e-01,-2.579369349286357101e+04,-1.725852101511352521e+04
3.339100883874452859e+07,-5.228836347063788859e-01,7.801932121309553825e-01,-2.574510068674511058e+04,-1.732931039240183600e+04
3.340363303868355975e+07,-5.250538446910549828e-01,7.787291665740425639e-01,-2.569629784577179089e+04,-1.739996989036441664e+04
3.341625723862259462e+07,-5.272200139708617117e-01,7.772591847617325023e-01,-2.564728550843030098e+04,-1.747049893583789526e+04
3.342888143856162950e+07,-5.293821255158909223e-01,7.757832773671692328e-01,-2.559806421832001433e+04,-1.754089695642926017e+04
3.344150563850066438e+07,-5.315401623166305933e-01,7.743014551078490904e-01,-2.554863452415287611e+04,-1.761116338051593266e+04
3.345412983843969554e+07,-5.336941073839620575e-01,7.728137287456205984e-01,-2.549899697975347954e+04,-1.768129763724574514e+04
3.346675403837873042e+07,-5.358439437491636648e-01,7.713201090866835807e-01,-2.544915214405897495e+04,-1.775129915653699936e+04
3.347937823831776530e+07,-5.379896544639057865e-01,7.698206069815913821e-01,-2.539910058111917897e+04,-1.782116736907837185e+04
3.349200243825680017e+07,-5.401312226002550343e-01,7.683152333252496469e-01,-2.534884286009650532e+04,-1.789090170632898298e+04
3.350462663819583133e+07,-5.422686312506711515e-01,7.668039990569160969e-01,-2.529837955526599762e+04,-1.796050160051832790e+04
3.351725083813486621e+07,-5.444018635280108986e-01,7.652869151601997544e-01,-2.524771124601526390e+04,-1.802996648464641112e+04
3.352987503807390109e+07,-5.465309025655236130e-01,7.637639926630634957e-01,-2.519683851684457477e+04,-1.809929579248358641e+04
3.354249923801293224e+07,-5.486557315168534288e-01,7.622352426378221635e-01,-2.514576195736681984e+04,-1.816848895857063690e+04
3.355512343795196712e+07,-5.507763335560404983e-01,7.607006762011417900e-01,-2.509448216230744947e+04,-1.823754541821882231e+04
3.356774763789100200e+07,-5.528926918775184385e-01,7.591603045140418171e-01,-2.504299973150457299e+04,-1.830646460750974802e+04
3.358037183783003688e+07,-5.550047896961155525e-01,7.576141387818938755e-01,-2.499131526990890779e+04,-1.837524596329549968e+04
3.359299603776907176e+07,-5.571126102470550512e-01,7.560621902544218953e-01,-2.493942938758377568e+04,-1.844388892319853403e+04
3.360562023770810664e+07,-5.592161367859547205e-01,7.545044702257017732e-01,-2.488734269970511741e+04,-1.851239292561176990e+04
3.361824443764713407e+07,-5.613153525888255890e-01,7.529409900341629269e-01,-2.483505582656151819e+04,-1.858075740969850449e+04
3.363086863758616894e+07,-5.634102409520773680e-01,7.513717610625844090e-01,-2.478256939355408394e+04,-1.864898181539255165e+04
3.364349283752520382e+07,-5.655007851925102358e-01,7.497967947380999032e-01,-2.472988403119662689e+04,-1.871706558339803451e+04
3.365611703746423870e+07,-5.675869686473209441e-01,7.482161025321948378e-01,-2.467700037511554547e+04,-1.878500815518955642e+04
3.366874123740327358e+07,-5.696687746740999314e-01,7.466296959607071626e-01,-2.462391906604984251e+04,-1.885280897301212462e+04
3.368136543734230846e+07,-5.717461866508330992e-01,7.450375865838264611e-01,-2.457064074985115076e+04,-1.892046747988117932e+04
3.369398963728134334e+07,-5.738191879759003688e-01,7.434397860060953933e-01,-2.451716607748370006e+04,-1.898798311958255726e+04
3.370661383722037077e+07,-5.758877620680754594e-01,7.418363058764093632e-01,-2.446349570502438291e+04,-1.905535533667251002e+04
3.371923803715940565e+07,-5.779518923665302177e-01,7.402271578880134095e-01,-2.440963029366259434e+04,-1.912258357647780940e+04
3.373186223709844053e+07,-5.800115623308279567e-01,7.386123537785078685e-01,-2.435557050970044656e+04,-1.918966728509554378e+04
3.374448643703747541e+07,-5.820667554409267863e-01,7.369919053298440437e-01,-2.430131702455264167e+04,-1.925660590939323083e+04
3.375711063697651029e+07,-5.841174551971801687e-01,7.353658243683259821e-01,-2.424687051474647888e+04,-1.932339889700886488e+04
3.376973483691554517e+07,-5.861636451203363629e-01,7.337341227646098085e-01,-2.419223166192188000e+04,-1.939004569635080043e+04
3.378235903685458004e+07,-5.882053087515377587e-01,7.320968124337042804e-01,-2.413740115283139312e+04,-1.945654575659785041e+04
3.379498323679360747e+07,-5.902424296523203218e-01,7.304539053349706768e-01,-2.408237967934018525e+04,-1.952289852769920981e+04
3.380760743673264235e+07,-5.922749914046185893e-01,7.288054134721205779e-01,-2.402716793842596599e+04,-1.958910346037460113e+04
3.382023163667167723e+07,-5.943029776107575657e-01,7.271513488932203062e-01,-2.397176663217914029e+04,-1.965516000611404525e+04
3.383285583661071211e+07,-5.963263718934588287e-01,7.254917236906877065e-01,-2.391617646780271025e+04,-1.972106761717805057e+04
3.384548003654974699e+07,-5.983451578958375316e-01,7.238265500012924791e-01,-2.386039815761226782e+04,-1.978682574659750753e+04
3.385810423648878187e+07,-6.003593192814046242e-01,7.221558400061575123e-01,-2.380443241903604576e+04,-1.985243384817376500e+04
3.387072843642781675e+07,-6.023688397340648537e-01,7.204796059307572165e-01,-2.374827997461487394e+04,-1.991789137647856478e+04
3.388335263636684418e+07,-6.043737029581166542e-01,7.187978600449195232e-01,-2.369194155200223031e+04,-1.998319778685406345e+04
3.389597683630587906e+07,-6.063738926782568095e-01,7.171106146628219991e-01,-2.363541788396411721e+04,-2.004835253541291968e+04
3.390860103624491394e+07,-6.083693926395731255e-01,7.154178821429971746e-01,-2.357870970837924324e+04,-2.011335507903811595e+04
3.392122523618394881e+07,-6.103601866075490934e-01,7.137196748883288810e-01,-2.352181776823889595e+04,-2.017820487538309681e+04
3.393384943612298369e+07,-6.123462583680626681e-01,7.120160053460534710e-01,-2.346474281164698186e+04,-2.024290138287171794e+04
3.394647363606201857e+07,-6.143275917273869347e-01,7.103068860077598190e-01,-2.340748559182001918e+04,-2.030744406069826437e+04
3.395909783600105345e+07,-6.163041705121892200e-01,7.085923294093883218e-01,-2.335004686708714144e+04,-2.037183236882745041e+04
3.397172203594008088e+07,-6.182759785695306487e-01,7.068723481312332302e-01,-2.329242740089012659e+04,-2.043606576799435061e+04
3.398434623587911576e+07,-6.202429997668699180e-01,7.051469547979384300e-01,-2.323462796178326971e+04,-2.050014371970459979e+04
3.399697043581815064e+07,-6.222052179920574133e-01,7.034161620785026603e-01,-2.317664932343357941e+04,-2.056406568623412022e+04
3.400959463575718552e+07,-6.241626171533389833e-01,7.016799826862759604e-01,-2.311849226462064689e+04,-2.062783113062930715e+04
3.402221883569622040e+07,-6.261151811793552735e-01,6.999384293789606692e-01,-2.306015756923667141e+04,-2.069143951670696697e+04
3.403484303563525528e+07,-6.280628940191417264e-01,6.981915149586116476e-01,-2.300164602628647481e+04,-2.075489030905433538e+04
3.404746723557429016e+07,-6.300057396421278044e-01,6.964392522716360556e-01,-2.294295842988747972e+04,-2.081818297302907013e+04
3.406009143551332504e+07,-6.319437020381384329e-01,6.946816542087934643e-01,-2.288409557926973866e+04,-2.088131697475924375e+04
3.407271563545235246e+07,-6.338767652173910028e-01,6.929187337051962992e-01,-2.282505827877593765e+04,-2.094429178114331444e+04
3.408533983539138734e+07,-6.358049132105023649e-01,6.911505037403066209e-01,-2.276584733786128709e+04,-2.100710685985028977e+04
3.409796403533042222e+07,-6.377281300684791709e-01,6.893769773379416765e-01,-2.270646357109371093e+04,-2.106976167931945020e+04
3.411058823526945710e+07,-6.396463998627244241e-01,6.875981675662704573e-01,-2.264690779815370479e+04,-2.113225570876056736e+04
3.412321243520849198e+07,-6.415597066850362573e-01,6.858140875378136991e-01,-2.258718084383438327e+04,-2.119458841815382766e+04
3.413583663514752686e+07,-6.434680346476063795e-01,6.840247504094447706e-01,-2.252728353804147628e+04,-2.125675927824983592e+04
3.414846083508656174e+07,-6.453713678830220735e-01,6.822301693823891178e-01,-2.246721671579333270e+04,-2.131876776056961535e+04
3.416108503502558917e+07,-6.472696905442637538e-01,6.804303577022258187e-01,-2.240698121722093492e+04,-2.138061333740457485e+04
3.417370923496462405e+07,-6.491629868047096297e-01,6.786253286588832534e-01,-2.234657788756779701e+04,-2.144229548181665814e+04
3.418633343490365893e+07,-6.510512408581295984e-01,6.768150955866443219e-01,-2.228600757719012836e+04,-2.150381366763811093e+04
3.419895763484269381e+07,-6.529344369186891317e-01,6.749996718641446680e-01,-2.222527114155673189e+04,-2.156516736947166646e+04
3.421158183478172868e+07,-6.548125592209477208e-01,6.731790709143709028e-01,-2.216436944124902220e+04,-2.162635606269043637e+04
3.422420603472076356e+07,-6.566855920198608754e-01,6.713533062046626032e-01,-2.210330334196102194e+04,-2.168737922343797982e+04
3.423683023465979844e+07,-6.585535195907772366e-01,6.695223912467117566e-01,-2.204207371449938000e+04,-2.174823632862828526e+04
3.424945443459882587e+07,-6.604163262294401315e-01,6.676863395965633163e-01,-2.198068143478338607e+04,-2.180892685594570139e+04
3.426207863453786075e+07,-6.622739962519900159e-01,6.658451648546117596e-01,-2.191912738384483237e+04,-2.186945028384511170e+04
3.427470283447689563e+07,-6.641265139949595886e-01,6.639988806656068610e-01,-2.185741244782823924e+04,-2.192980609155173806e+04
3.428732703441593051e+07,-6.659738638152760126e-01,6.621475007186493622e-01,-2.179553751799071324e+04,-2.198999375906123169e+04
3.429995123435496539e+07,-6.678160300902621360e-01,6.602910387471930820e-01,-2.173350349070195807e+04,-2.205001276713968400e+04
3.431257543429400027e+07,-6.696529972176350487e-01,6.584295085290433613e-01,-2.167131126744430367e+04,-2.210986259732358667e+04
3.432519963423303515e+07,-6.714847496155065265e-01,6.565629238863582851e-01,-2.160896175481268074e+04,-2.216954273191987522e+04
3.433782383417206258e+07,-6.733112717223818100e-01,6.546912986856493477e-01,-2.154645586451469353e+04,-2.222905265400585267e+04
3.435044803411109746e+07,-6.751325479971639343e-01,6.528146468377766798e-01,-2.148379451337042337e+04,-2.228839184742937505e+04
3.436307223405013233e+07,-6.769485629191476228e-01,6.509329822979565972e-01,-2.142097862331269789e+04,-2.234755979680857854e+04
3.437569643398916721e+07,-6.787593009880230621e-01,6.490463190657563830e-01,-2.135800912138690910e+04,-2.240655598753208324e+04
3.438832063392820209e+07,-6.805647467238751247e-01,6.471546711850952871e-01,-2.129488693975106798e+04,-2.246537990575892036e+04
3.440094483386723697e+07,-6.823648846671835910e-01,6.452580527442453029e-01,-2.123161301567579358e+04,-2.252403103841854681e+04
3.441356903380627185e+07,-6.841596993788224834e-01,6.433564778758307234e-01,-2.116818829154433479e+04,-2.258250887321083428e+04
3.442619323374530673e+07,-6.859491754400603991e-01,6.414499607568280304e-01,-2.110461371485253039e+04,-2.264081289860608376e+04
3.443881743368433416e+07,-6.877332974525601772e-01,6.395385156085671152e-01,-2.104089023820889997e+04,-2.269894260384497829e+04
3.445144163362336904e+07,-6.895120500383813411e-01,6.376221566967267274e-01,-2.097701881933443292e+04,-2.275689747893872845e+04
3.446406583356240392e+07,-6.912854178399762128e-01,6.357008983313415795e-01,-2.091300042106286855e+04,-2.281467701466885774e+04
3.447669003350143880e+07,-6.930533855201914673e-01,6.337747548667973518e-01,-2.084883601134051423e+04,-2.287228070258734806e+04
3.448931423344047368e+07,-6.948159377622695754e-01,6.318437407018321350e-01,-2.078452656322628900e+04,-2.292970803501660703e+04
3.450193843337950855e+07,-6.965730592698469170e-01,6.299078702795363194e-01,-2.072007305489173450e+04,-2.298695850504946429e+04
3.451456263331854343e+07,-6.983247347669547800e-01,6.279671580873523729e-01,-2.065547646962099680e+04,-2.304403160654914973e+04
3.452718683325757086e+07,-7.000709489980175837e-01,6.260216186570768393e-01,-2.059073779581088456e+04,-2.310092683414931889e+04
3.453981103319660574e+07,-7.018116867278580973e-01,6.240712665648545654e-01,-2.052585802697069084e+04,-2.315764368325411488e+04
3.455243523313564062e+07,-7.035469327416908891e-01,6.221161164311862501e-01,-2.046083816172245133e+04,-2.321418165003802642e+04
3.456505943307467550e+07,-7.052766718451252137e-01,6.201561829209240040e-01,-2.039567920380076976e+04,-2.327054023144597886e+04
3.457768363301371038e+07,-7.070008888641653444e-01,6.181914807432719039e-01,-2.033038216205286881e+04,-2.332671892519333051e+04
3.459030783295274526e+07,-7.087195686452106846e-01,6.162220246517864375e-01,-2.026494805043858651e+04,-2.338271722976584715e+04
3.460293203289178014e+07,-7.104326960550544356e-01,6.142478294443769471e-01,-2.019937788803036528e+04,-2.343853464441974575e+04
3.461555623283080757e+07,-7.121402559808840405e-01,6.122689099633054077e-01,-2.013367269901330656e+04,-2.349417066918158889e+04
3.462818043276984245e+07,-7.138422333302845146e-01,6.102852810951828744e-01,-2.006783351268501428e+04,-2.354962480484849948e+04
3.464080463270887733e+07,-7.155386130312323401e-01,6.082969577709766984e-01,-2.000186136345580962e+04,-2.360489655298789876e+04
3.465342883264791220e+07,-7.172293800320995727e-01,6.063039549660049765e-01,-1.993575729084860359e+04,-2.365998541593767004e+04
3.466605303258694708e+07,-7.189145193016528435e-01,6.043062876999378830e-01,-1.986952233949891524e+04,-2.371489089680612233e+04
3.467867723252598196e+07,-7.205940158290540243e-01,6.023039710367984467e-01,-1.980315755915487898e+04,-2.376961249947196848e+04
3.469130143246501684e+07,-7.222678546238587849e-01,6.002970200849616633e-01,-1.973666400467723724e+04,-2.382414972858436522e+04
3.470392563240404427e+07,-7.239360207160170368e-01,5.982854499971561602e-01,-1.967004273603938782e+04,-2.387850208956285132e+04
3.471654983234307915e+07,-7.255984991558759312e-01,5.962692759704589784e-01,-1.960329481832723104e+04,-2.393266908859747127e+04
3.472917403228211403e+07,-7.272552750141743072e-01,5.942485132463038999e-01,-1.953642132173939899e+04,-2.398665023264861520e+04
3.474179823222114891e+07,-7.289063333820471335e-01,5.922231771104747855e-01,-1.946942332158708450e+04,-2.404044502944710985e+04
3.475442243216018379e+07,-7.305516593710233986e-01,5.901932828931083508e-01,-1.940230189829411393e+04,-2.409405298749420763e+04
3.476704663209921867e+07,-7.321912381130267766e-01,5.881588459686936110e-01,-1.933505813739691075e+04,-2.414747361606158302e+04
3.477967083203825355e+07,-7.338250547603758500e-01,5.861198817560719920e-01,-1.926769312954453198e+04,-2.420070642519134344e+04
3.479229503197728097e+07,-7.354530944857828878e-01,5.840764057184381075e-01,-1.920020797049866087e+04,-2.425375092569597109e+04
3.480491923191631585e+07,-7.370753424823571764e-01,5.820284333633354290e-01,-1.913260376113349776e+04,-2.430660662915845387e+04
3.481754343185535073e+07,-7.386917839636006899e-01,5.799759802426635025e-01,-1.906488160743597109e+04,-2.435927304793213989e+04
3.483016763179438561e+07,-7.403024041634100882e-01,5.779190619526729522e-01,-1.899704262050557736e+04,-2.441174969514081386e+04
3.484279183173342049e+07,-7.419071883360769393e-01,5.758576941339662580e-01,-1.892908791655443929e+04,-2.446403608467866434e+04
3.485541603167245537e+07,-7.435061217562873859e-01,5.737918924714987545e-01,-1.886101861690727674e+04,-2.451613173121032742e+04
3.486804023161149025e+07,-7.450991897191228119e-01,5.717216726945780758e-01,-1.879283584800145036e+04,-2.456803615017083939e+04
3.488066443155052513e+07,-7.466863775400581771e-01,5.696470505768639336e-01,-1.872454074138689612e+04,-2.461974885776568772e+04
3.489328863148955256e+07,-7.482676705549631269e-01,5.675680419363694496e-01,-1.865613443372623442e+04,-2.467126937097071641e+04
3.490591283142858744e+07,-7.498430541201041022e-01,5.654846626354566030e-01,-1.858761806679457368e+04,-2.472259720753229340e+04
3.491853703136762232e+07,-7.514125136121393433e-01,5.633969285808436700e-01,-1.851899278747974677e+04,-2.477373188596713226e+04
3.493116123130665720e+07,-7.529760344281234419e-01,5.613048557235994496e-01,-1.845025974778217278e+04,-2.482467292556238681e+04
3.494378543124569207e+07,-7.545336019855046761e-01,5.592084600591454846e-01,-1.838142010481487887e+04,-2.487541984637562928e+04
3.495640963118472695e+07,-7.560852017221264543e-01,5.571077576272550624e-01,-1.831247502080350387e+04,-2.492597216923485394e+04
3.496903383112376183e+07,-7.576308190962265376e-01,5.550027645120544362e-01,-1.824342566308630194e+04,-2.497632941573848075e+04
3.498165803106278926e+07,-7.591704395864368182e-01,5.528934968420229357e-01,-1.817427320411418623e+04,-2.502649110825532262e+04
3.499428223100182414e+07,-7.607040486917863165e-01,5.507799707899890818e-01,-1.810501882145056152e+04,-2.507645676992470180e+04
3.500690643094085902e+07,-7.622316319316958522e-01,5.486622025731366925e-01,-1.803566369777156069e+04,-2.512622592465626076e+04
3.501953063087989390e+07,-7.637531748459819303e-01,5.465402084530011084e-01,-1.796620902086589558e+04,-2.517579809713011127e+04
3.503215483081892878e+07,-7.652686629948555197e-01,5.444140047354699696e-01,-1.789665598363489698e+04,-2.522517281279677627e+04
3.504477903075796366e+07,-7.667780819589223862e-01,5.422836077707826608e-01,-1.782700578409250011e+04,-2.527434959787720800e+04
3.505740323069699854e+07,-7.682814173391830925e-01,5.401490339535320873e-01,-1.775725962536526276e+04,-2.532332797936276984e+04
3.507002743063602597e+07,-7.697786547570314442e-01,5.380102997226635653e-01,-1.768741871569238720e+04,-2.537210748501522176e+04
3.508265163057506084e+07,-7.712697798542590411e-01,5.358674215614712688e-01,-1.761748426842558547e+04,-2.542068764336682943e+04
3.509527583051409572e+07,-7.727547782930490605e-01,5.337204159976060014e-01,-1.754745750202927957e+04,-2.546906798372020421e+04
3.510790003045313060e+07,-7.742336357559803650e-01,5.315692996030688677e-01,-1.747733964008048497e+04,-2.551724803614839766e+04
3.512052423039216548e+07,-7.757063379460267249e-01,5.294140889942136052e-01,-1.740713191126882884e+04,-2.556522733149488704e+04
3.513314843033120036e+07,-7.771728705865562636e-01,5.272548008317462509e-01,-1.733683554939655005e+04,-2.561300540137356074e+04
3.514577263027023524e+07,-7.786332194213314573e-01,5.250914518207254744e-01,-1.726645179337849549e+04,-2.566058177816874377e+04
3.515839683020926267e+07,-7.800873757877864190e-01,5.229240574001040587e-01,-1.719598099633302627e+04,-2.570795663868099655e+04
3.517102103014829755e+07,-7.815354722475158500e-01,5.207526005504955480e-01,-1.712540084346337608e+04,-2.575514628065582292e+04
3.518364523008733243e+07,-7.829775623841274124e-01,5.185770846668668055e-01,-1.705470139239274067e+04,-2.580215739532977386e+04
3.519626943002636731e+07,-7.844136357273300275e-01,5.163975285007740279e-01,-1.698388290980419697e+04,-2.584898920134528453e+04
3.520889362996540219e+07,-7.858436818535010637e-01,5.142139508094886180e-01,-1.691294566488718192e+04,-2.589564092182708191e+04
3.522151782990443707e+07,-7.872676903856865582e-01,5.120263703559972956e-01,-1.684188992933749614e+04,-2.594211178438219213e+04
3.523414202984347194e+07,-7.886856509936021054e-01,5.098348059090020978e-01,-1.677071597735729301e+04,-2.598840102109992586e+04
3.524676622978250682e+07,-7.900975533936315243e-01,5.076392762429198235e-01,-1.669942408565508595e+04,-2.603450786855188562e+04
3.525939042972153425e+07,-7.915033873488270810e-01,5.054398001378842542e-01,-1.662801453344578840e+04,-2.608043156779194396e+04
3.527201462966056913e+07,-7.929031426689123752e-01,5.032363963797400475e-01,-1.655648760245054291e+04,-2.612617136435634529e+04
3.528463882959960401e+07,-7.942968092102773436e-01,5.010290837600511749e-01,-1.648484357689697936e+04,-2.617172650826354220e+04
3.529726302953863889e+07,-7.956843768759814806e-01,4.988178810760957038e-01,-1.641308274351904402e+04,-2.621709625401430822e+04
3.530988722947767377e+07,-7.970658356157537261e-01,4.966028071308665193e-01,-1.634120539155704137e+04,-2.626227986059170144e+04
3.532251142941670865e+07,-7.984411754259913563e-01,4.943838807330718788e-01,-1.626921181275763047e+04,-2.630727659146108635e+04
3.533513562935574353e+07,-7.998103863497606492e-01,4.921611206971353014e-01,-1.619710230137383405e+04,-2.635208571457010839e+04
3.534775982929477096e+07,-8.011734584767961076e-01,4.899345458431966782e-01,-1.612487715416506762e+04,-2.639670650234867935e+04
3.536038402923380584e+07,-8.025303819435034569e-01,4.877041749971073314e-01,-1.605253667039698485e+04,-2.644113823170908290e+04
3.537300822917284071e+07,-8.038811469329550929e-01,4.854700269904376198e-01,-1.598008115184172129e+04,-2.648538018404582181e+04
3.538563242911187559e+07,-8.052257436748926356e-01,4.832321206604717756e-01,-1.590751090277772892e+04,-2.652943164523570522e+04
3.539825662905091047e+07,-8.065641624457272618e-01,4.809904748502091820e-01,-1.583482622998981606e+04,-2.657329190563784505e+04
3.541088082898994535e+07,-8.078963935685383735e-01,4.787451084083645947e-01,-1.576202744276915291e+04,-2.661696026009363413e+04
3.542350502892898023e+07,-8.092224274130748185e-01,4.764960401893679198e-01,-1.568911485291326426e+04,-2.666043600792677171e+04
3.543612922886800766e+07,-8.105422543957532255e-01,4.742432890533653245e-01,-1.561608877472607674e+04,-2.670371845294321247e+04
3.544875342880704254e+07,-8.118558649796613347e-01,4.719868738662145735e-01,-1.554294952501774787e+04,-2.674680690343127935e+04
3.546137762874607742e+07,-8.131632496745538896e-01,4.697268134994924127e-01,-1.546969742310491893e+04,-2.678970067216151438e+04
3.547400182868511230e+07,-8.144643990368549691e-01,4.674631268304894061e-01,-1.539633279081055116e+04,-2.683239907638677687e+04
3.548662602862414718e+07,-8.157593036696575428e-01,4.651958327422116568e-01,-1.532285595246395678e+04,-2.687490143784221800e+04
3.549925022856318206e+07,-8.170479542227239156e-01,4.629249501233799746e-01,-1.524926723490081349e+04,-2.691720708274528079e+04
3.551187442850221694e+07,-8.183303413924845060e-01,4.606504978684305973e-01,-1.517556696746315356e+04,-2.695931534179569644e+04
3.552449862844124436e+07,-8.196064559220386236e-01,4.583724948775165231e-01,-1.510175548199940931e+04,-2.700122555017546620e+04
3.553712282838027924e+07,-8.208762886011562454e-01,4.560909600565015709e-01,-1.502783311286424396e+04,-2.704293704754895589e+04
3.554974702831931412e+07,-8.221398302662741298e-01,4.538059123169689291e-01,-1.495380019691880807e+04,-2.708444917806275771e+04
3.556237122825834900e+07,-8.233970718004987033e-01,4.515173705762157152e-01,-1.487965707353056314e+04,-2.712576129034576297e+04
3.557499542819738388e+07,-8.246480041336053945e-01,4.492253537572541422e-01,-1.480540408457333615e+04,-2.716687273750917302e+04
3.558761962813641876e+07,-8.258926182420384121e-01,4.469298807888117397e-01,-1.473104157442730502e+04,-2.720778287714646649e+04
3.560024382807545364e+07,-8.271309051489106334e-01,4.446309706053310218e-01,-1.465656988997901135e+04,-2.724849107133342477e+04
3.561286802801448107e+07,-8.283628559240033828e-01,4.423286421469712626e-01,-1.458198938062139496e+04,-2.728899668662809563e+04
3.562549222795351595e+07,-8.295884616837690961e-01,4.400229143596027237e-01,-1.450730039825362110e+04,-2.732929909407088053e+04
3.563811642789255083e+07,-8.308077135913268796e-01,4.377138061948152026e-01,-1.443250329728134966e+04,-2.736939766918441092e+04
3.565074062783158571e+07,-8.320206028564651746e-01,4.354013366099119264e-01,-1.435759843461655146e+04,-2.740929179197362828e+04
3.566336482777062058e+07,-8.332271207356417575e-01,4.330855245679116616e-01,-1.428258616967755552e+04,-2.744898084692577686e+04
3.567598902770965546e+07,-8.344272585319829627e-01,4.307663890375483251e-01,-1.420746686438904908e+04,-2.748846422301037819e+04
3.568861322764869034e+07,-8.356210075952840155e-01,4.284439489932708178e-01,-1.413224088318207578e+04,-2.752774131367925293e+04
3.570123742758772522e+07,-8.368083593220092542e-01,4.261182234152433579e-01,-1.405690859299404292e+04,-2.756681151686651356e+04
3.571386162752675265e+07,-8.379893051552912420e-01,4.237892312893469238e-01,-1.398147036326875605e+04,-2.760567423498853896e+04
3.572648582746578753e+07,-8.391638365849332093e-01,4.214569916071733147e-01,-1.390592656595624430e+04,-2.764432887494407623e+04
3.573911002740482241e+07,-8.403319451474053903e-01,4.191215233660338102e-01,-1.383027757551302966e+04,-2.768277484811408431e+04
3.575173422734385729e+07,-8.414936224258476871e-01,4.167828455689533973e-01,-1.375452376890194864e+04,-2.772101157036184304e+04
3.576435842728289217e+07,-8.426488600500686710e-01,4.144409772246723245e-01,-1.367866552559219599e+04,-2.775903846203292414e+04
3.577698262722192705e+07,-8.437976496965460260e-01,4.120959373476461018e-01,-1.360270322755932284e+04,-2.779685494795519116e+04
3.578960682716096193e+07,-8.449399830884262164e-01,4.097477449580452791e-01,-1.352663725928524036e+04,-2.783446045743879949e+04
3.580223102709998935e+07,-8.460758519955238199e-01,4.073964190817571107e-01,-1.345046800775825977e+04,-2.787185442427617090e+04
3.581485522703902423e+07,-8.472052482343245261e-01,4.050419787503799496e-01,-1.337419586247291954e+04,-2.790903628674208812e+04
3.582747942697805911e+07,-8.483281636679809168e-01,4.026844430012313514e-01,-1.329782121543024914e+04,-2.794600548759356388e+04
3.584010362691709399e+07,-8.494445902063149090e-01,4.003238308773427456e-01,-1.322134446113758713e+04,-2.798276147406991367e+04
3.585272782685612887e+07,-8.505545198058174217e-01,3.979601614274608234e-01,-1.314476599660863758e+04,-2.801930369789275574e+04
3.586535202679516375e+07,-8.516579444696483758e-01,3.955934537060473710e-01,-1.306808622136345730e+04,-2.805563161526600015e+04
3.587797622673419863e+07,-8.527548562476364724e-01,3.932237267732794916e-01,-1.299130553742846496e+04,-2.809174468687583430e+04
3.589060042667322606e+07,-8.538452472362786372e-01,3.908509996950508270e-01,-1.291442434933647928e+04,-2.812764237789073377e+04
3.590322462661226094e+07,-8.549291095787427963e-01,3.884752915429659503e-01,-1.283744306412654259e+04,-2.816332415796151690e+04
3.591584882655129582e+07,-8.560064354648635465e-01,3.860966213943489711e-01,-1.276036209134419005e+04,-2.819878950122124297e+04
3.592847302649033070e+07,-8.570772171311451526e-01,3.837150083322375949e-01,-1.268318184304127135e+04,-2.823403788628527400e+04
3.594109722642936558e+07,-8.581414468607609924e-01,3.813304714453851219e-01,-1.260590273377599078e+04,-2.826906879625126385e+04
3.595372142636840045e+07,-8.591991169835528908e-01,3.789430298282595588e-01,-1.252852518061291994e+04,-2.830388171869916550e+04
3.596634562630743533e+07,-8.602502198760321184e-01,3.765527025810444517e-01,-1.245104960312297771e+04,-2.833847614569121652e+04
3.597896982624646276e+07,-8.612947479613777269e-01,3.741595088096397181e-01,-1.237347642338349033e+04,-2.837285157377192809e+04
3.599159402618549764e+07,-8.623326937094397682e-01,3.717634676256566517e-01,-1.229580606597800579e+04,-2.840700750396816875e+04
3.600421822612453252e+07,-8.633640496367351869e-01,3.693645981464253603e-01,-1.221803895799656857e+04,-2.844094344178903339e+04
3.601684242606356740e+07,-8.643888083064505956e-01,3.669629194949903250e-01,-1.214017552903553405e+04,-2.847465889722593056e+04
3.602946662600260228e+07,-8.654069623284413870e-01,3.645584508001109003e-01,-1.206221621119761403e+04,-2.850815338475255703e+04
3.604209082594163716e+07,-8.664185043592319557e-01,3.621512111962617020e-01,-1.198416143909188213e+04,-2.854142642332490868e+04
3.605471502588067204e+07,-8.674234271020153653e-01,3.597412198236326630e-01,-1.190601164983376657e+04,-2.857447753638126960e+04
3.606733922581970692e+07,-8.684217233066537922e-01,3.573284958281287005e-01,-1.182776728304505741e+04,-2.860730625184220844e+04
3.607996342575873435e+07,-8.694133857696777490e-01,3.549130583613715473e-01,-1.174942878085394113e+04,-2.863991210211058205e+04
3.609258762569776922e+07,-8.703984073342883043e-01,3.524949265806937571e-01,-1.167099658789483510e+04,-2.867229462407157916e+04
3.610521182563680410e+07,-8.713767808903536416e-01,3.500741196491474194e-01,-1.159247115130864404e+04,-2.870445335909263667e+04
3.611783602557583898e+07,-8.723484993744111682e-01,3.476506567354983313e-01,-1.151385292074258905e+04,-2.873638785302350152e+04
3.613046022551487386e+07,-8.733135557696677376e-01,3.452245570142274955e-01,-1.143514234835024945e+04,-2.876809765619619793e+04
3.614308442545390874e+07,-8.742719431059987611e-01,3.427958396655312878e-01,-1.135633988879155913e+04,-2.879958232342506017e+04
3.615570862539294362e+07,-8.752236544599485413e-01,3.403645238753209568e-01,-1.127744599923281203e+04,-2.883084141400670705e+04
3.616833282533197105e+07,-8.761686829547297162e-01,3.379306288352247334e-01,-1.119846113934670939e+04,-2.886187449172002380e+04
3.618095702527100593e+07,-8.771070217602257024e-01,3.354941737425815029e-01,-1.111938577131216880e+04,-2.889268112482625656e+04
3.619358122521004081e+07,-8.780386640929868092e-01,3.330551778004497421e-01,-1.104022035981460067e+04,-2.892326088606887788e+04
3.620620542514907569e+07,-8.789636032162331247e-01,3.306136602176016348e-01,-1.096096537204573906e+04,-2.895361335267367394e+04
3.621882962508811057e+07,-8.798818324398531843e-01,3.281696402085247377e-01,-1.088162127770365987e+04,-2.898373810634872279e+04
3.623145382502714545e+07,-8.807933451204048581e-01,3.257231369934215914e-01,-1.080218854899280996e+04,-2.901363473328439068e+04
3.624407802496618032e+07,-8.816981346611149073e-01,3.232741697982099982e-01,-1.072266766062399256e+04,-2.904330282415334295e+04
3.625670222490520775e+07,-8.825961945118780960e-01,3.208227578545245207e-01,-1.064305908981440916e+04,-2.907274197411051136e+04
3.626932642484424263e+07,-8.834875181692599666e-01,3.183689203997104311e-01,-1.056336331628748303e+04,-2.910195178279318134e+04
3.628195062478327751e+07,-8.843720991764931760e-01,3.159126766768327044e-01,-1.048358082227313935e+04,-2.913093185432086830e+04
3.629457482472231239e+07,-8.852499311234799384e-01,3.134540459346698005e-01,-1.040371209250760876e+04,-2.915968179729540498e+04
3.630719902466134727e+07,-8.861210076467911367e-01,3.109930474277156631e-01,-1.032375761423348376e+04,-2.918820122480090504e+04
3.631982322460038215e+07,-8.869853224296672112e-01,3.085297004161793311e-01,-1.024371787719971326e+04,-2.921648975440378854e+04
3.633244742453941703e+07,-8.878428692020163826e-01,3.060640241659849936e-01,-1.016359337366160071e+04,-2.924454700815275282e+04
3.634507162447844446e+07,-8.886936417404163180e-01,3.035960379487735450e-01,-1.008338459838086419e+04,-2.927237261257878708e+04
3.635769582441747934e+07,-8.895376338681145745e-01,3.011257610418967556e-01,-1.000309204862542902e+04,-2.929996619869520146e+04
3.637032002435651422e+07,-8.903748394550260459e-01,2.986532127284258209e-01,-9.922716224169724228e+03,-2.932732740199756518e+04
3.638294422429554909e+07,-8.912052524177351831e-01,2.961784122971458100e-01,-9.842257627294491613e+03,-2.935445586246375024e+04
3.639556842423458397e+07,-8.920288667194953280e-01,2.937013790425569426e-01,-9.761716762786827530e+03,-2.938135122455391684e+04
3.640819262417361885e+07,-8.928456763702286025e-01,2.912221322648745336e-01,-9.681094137940184737e+03,-2.940801313721052429e+04
3.642081682411265373e+07,-8.936556754265263525e-01,2.887406912700294925e-01,-9.600390262554381479e+03,-2.943444125385832012e+04
3.643344102405168116e+07,-8.944588579916478155e-01,2.862570753696688786e-01,-9.519605648935636054e+03,-2.946063523240432187e+04
3.644606522399071604e+07,-8.952552182155227856e-01,2.837713038811509048e-01,-9.438740811896383093e+03,-2.948659473523789711e+04
3.645868942392975092e+07,-8.960447502947488374e-01,2.812833961275530981e-01,-9.357796268755553683e+03,-2.951231942923065435e+04
3.647131362386878580e+07,-8.968274484725923257e-01,2.787933714376670813e-01,-9.276772539338398929e+03,-2.953780898573650120e+04
3.648393782380782068e+07,-8.976033070389889401e-01,2.763012491459994058e-01,-9.195670145976524509e+03,-2.956306308059165167e+04
3.649656202374685556e+07,-8.983723203305432614e-01,2.738070485927718289e-01,-9.114489613507887043e+03,-2.958808139411460070e+04
3.650918622368589044e+07,-8.991344827305283172e-01,2.713107891239214808e-01,-9.033231469276810458e+03,-2.961286361110613871e+04
3.652181042362492532e+07,-8.998897886688864700e-01,2.688124900911004755e-01,-8.951896243133971439e+03,-2.963740942084934795e+04
3.653443462356395274e+07,-9.006382326222286405e-01,2.663121708516777431e-01,-8.870484467436455816e+03,-2.966171851710958799e+04
3.654705882350298762e+07,-9.013798091138353064e-01,2.638098507687330341e-01,-8.788996677047560297e+03,-2.968579059813455387e+04
3.655968302344202250e+07,-9.021145127136552810e-01,2.613055492110655798e-01,-8.707433409337088960e+03,-2.970962536665418884e+04
3.657230722338105738e+07,-9.028423380383061581e-01,2.587992855531884295e-01,-8.625795204181147710e+03,-2.973322252988074251e+04
3.658493142332009226e+07,-9.035632797510746439e-01,2.562910791753297834e-01,-8.544082603962204303e+03,-2.975658179950875638e+04
3.659755562325912714e+07,-9.042773325619164471e-01,2.537809494634330476e-01,-8.462296153569093804e+03,-2.977970289171506010e+04
3.661017982319816202e+07,-9.049844912274558340e-01,2.512689158091568897e-01,-8.380436400396993122e+03,-2.980258552715878250e+04
3.662280402313718945e+07,-9.056847505509858509e-01,2.487549976098765991e-01,-8.298503894347495589e+03,-2.982522943098132964e+04
3.663542822307622433e+07,-9.063781053824696565e-01,2.462392142686782026e-01,-8.216499187828407230e+03,-2.984763433280642857e+04
3.664805242301525921e+07,-9.070645506185380791e-01,2.437215851943674016e-01,-8.134422835754035987e+03,-2.986979996674007634e+04
3.666067662295429409e+07,-9.077440812024909489e-01,2.412021298014636606e-01,-8.052275395544997082e+03,-2.989172607137055456e+04
3.667330082289332896e+07,-9.084166921242972093e-01,2.386808675102015664e-01,-7.970057427128263953e+03,-2.991341238976845852e+04
3.668592502283236384e+07,-9.090823784205948055e-01,2.361578177465309680e-01,-7.887769492937173709e+03,-2.993485866948665716e+04
3.669854922277139872e+07,-9.097411351746903518e-01,2.336329999421168646e-01,-7.805412157911412578e+03,-2.995606466256032581e+04
3.671117342271042615e+07,-9.103929575165591315e-01,2.311064335343409326e-01,-7.722985989497085029e+03,-2.997703012550689891e+04
3.672379762264946103e+07,-9.110378406228464288e-01,2.285781379662955859e-01,-7.640491557646497313e+03,-2.999775481932616822e+04
3.673642182258849591e+07,-9.116757797168651978e-01,2.260481326867931351e-01,-7.557929434818463051e+03,-3.001823850950015185e+04
3.674904602252753079e+07,-9.123067700685978387e-01,2.235164371503591818e-01,-7.475300195978108604e+03,-3.003848096599319615e+04
3.676167022246656567e+07,-9.129308069946955317e-01,2.209830708172347280e-01,-7.392604418596914911e+03,-3.005848196325192112e+04
3.677429442240560055e+07,-9.135478858584780149e-01,2.184480531533760927e-01,-7.309842682652719304e+03,-3.007824128020524586e+04
3.678691862234463543e+07,-9.141580020699346942e-01,2.159114036304546902e-01,-7.227015570629722788e+03,-3.009775870026438497e+04
3.679954282228366286e+07,-9.147611510857228678e-01,2.133731417258586394e-01,-7.144123667518531875e+03,-3.011703401132283034e+04
3.681216702222269773e+07,-9.153573284091700568e-01,2.108332869226867690e-01,-7.061167560815954857e+03,-3.013606700575639479e+04
3.682479122216173261e+07,-9.159465295902715631e-01,2.082918587097575547e-01,-6.978147840525316496e+03,-3.015485748042315754e+04
3.683741542210076749e+07,-9.165287502256918017e-01,2.057488765816031240e-01,-6.895065099156252472e+03,-3.017340523666349691e+04
3.685003962203980237e+07,-9.171039859587641896e-01,2.032043600384711157e-01,-6.811919931724745766e+03,-3.019171008030007943e+04
3.686266382197883725e+07,-9.176722324794912566e-01,2.006583285863238475e-01,-6.728712935753143029e+03,-3.020977182163787074e+04
3.687528802191787213e+07,-9.182334855245439797e-01,1.981108017368393703e-01,-6.645444711270147309e+03,-3.022759027546412108e+04
3.688791222185690701e+07,-9.187877408772624488e-01,1.955617990074106638e-01,-6.562115860810825325e+03,-3.024516526104838340e+04
3.690053642179593444e+07,-9.193349943676555336e-01,1.930113399211473568e-01,-6.478726989416643846e+03,-3.026249660214247706e+04
3.691316062173496932e+07,-9.198752418724017721e-01,1.904594440068698713e-01,-6.395278704635285976e+03,-3.027958412698055690e+04
3.692578482167400420e+07,-9.204084793148474830e-01,1.879061307991184426e-01,-6.311771616520931275e+03,-3.029642766827902960e+04
3.693840902161303908e+07,-9.209347026650083201e-01,1.853514198381467359e-01,-6.228206337634075680e+03,-3.031302706323661550e+04
3.695103322155207396e+07,-9.214539079395689392e-01,1.827953306699238167e-01,-6.144583483041580621e+03,-3.032938215353431224e+04
3.696365742149110883e+07,-9.219660912018829979e-01,1.802378828461339566e-01,-6.060903670316649368e+03,-3.034549278533541656e+04
3.697628162143014371e+07,-9.224712485619723790e-01,1.776790959241764112e-01,-5.977167519538850684e+03,-3.036135880928552797e+04
3.698890582136917114e+07,-9.229693761765280779e-01,1.751189894671674185e-01,-5.893375653294160657e+03,-3.037698008051250508e+04
3.700153002130820602e+07,-9.234604702489114247e-01,1.725575830439338154e-01,-5.809528696674773528e+03,-3.039235645862654565e+04
3.701415422124724090e+07,-9.239445270291505308e-01,1.699948962290220300e-01,-5.725627277279372720e+03,-3.040748780772010286e+04
3.702677842118627578e+07,-9.244215428139435087e-01,1.674309486026923643e-01,-5.641672025212965309e+03,-3.042237399636793270e+04
3.703940262112531066e+07,-9.248915139466572510e-01,1.648657597509200490e-01,-5.557663573086905672e+03,-3.043701489762708661e+04
3.705202682106434554e+07,-9.253544368173273194e-01,1.622993492653957981e-01,-5.473602556018911855e+03,-3.045141038903689696e+04
3.706465102100338042e+07,-9.258103078626581661e-01,1.597317367435255320e-01,-5.389489611633063760e+03,-3.046556035261900251e+04
3.707727522094240785e+07,-9.262591235660234679e-01,1.571629417884316260e-01,-5.305325380059843155e+03,-3.047946467487731570e+04
3.708989942088144273e+07,-9.267008804574657921e-01,1.545929840089472485e-01,-5.221110503935937231e+03,-3.049312324679806625e+04
3.710252362082047760e+07,-9.271355751136963752e-01,1.520218830196253534e-01,-5.136845628404551462e+03,-3.050653596384975754e+04
3.711514782075951248e+07,-9.275632041580951226e-01,1.494496584407326578e-01,-5.052531401115189510e+03,-3.051970272598318843e+04
3.712777202069854736e+07,-9.279837642607112747e-01,1.468763298982508625e-01,-4.968168472223722347e+03,-3.053262343763144600e+04
3.714039622063758224e+07,-9.283972521382626297e-01,1.443019170238770132e-01,-4.883757494392366425e+03,-3.054529800770991278e+04
3.715302042057661712e+07,-9.288036645541360992e-01,1.417264394550232787e-01,-4.799299122789709145e+03,-3.055772634961626682e+04
3.716564462051564455e+07,-9.292029983183871522e-01,1.391499168348184767e-01,-4.714794015090739776e+03,-3.056990838123046706e+04
3.717826882045467943e+07,-9.295952502877410373e-01,1.365723688121024126e-01,-4.630242831476656647e+03,-3.058184402491478613e+04
3.719089302039371431e+07,-9.299804173655908945e-01,1.339938150414342888e-01,-4.545646234635161818e+03,-3.059353320751376668e+04
3.720351722033274919e+07,-9.303584965019993103e-01,1.314142751830870981e-01,-4.461004889760277365e+03,-3.060497586035425047e+04
3.721614142027178407e+07,-9.307294846936970956e-01,1.288337689030491229e-01,-4.376319464552369027e+03,-3.061617191924537110e+04
3.722876562021081895e+07,-9.310933789840849517e-01,1.262523158730235462e-01,-4.291590629218166214e+03,-3.062712132447855402e+04
3.724138982014985383e+07,-9.314501764632318048e-01,1.236699357704292707e-01,-4.206819056470762007e+03,-3.063782402082752014e+04
3.725401402008888125e+07,-9.317998742678755830e-01,1.210866482784014181e-01,-4.122005421529656815e+03,-3.064827995754826770e+04
3.726663822002791613e+07,-9.321424695814231054e-01,1.185024730857860836e-01,-4.037150402120543731e+03,-3.065848908837911222e+04
3.727926241996695101e+07,-9.324779596339504151e-01,1.159174298871488151e-01,-3.952254678475641413e+03,-3.066845137154064287e+04
3.729188661990598589e+07,-9.328063417022020021e-01,1.133315383827691453e-01,-3.867318933333473979e+03,-3.067816676973574067e+04
3.730451081984502077e+07,-9.331276131095912474e-01,1.107448182786417296e-01,-3.782343851938912849e+03,-3.068763525014958941e+04
3.731713501978405565e+07,-9.334417712262007560e-01,1.081572892864761798e-01,-3.697330122043204028e+03,-3.069685678444965015e+04
3.732975921972309053e+07,-9.337488134687819130e-01,1.055689711236976747e-01,-3.612278433903937184e+03,-3.070583134878568671e+04
3.734238341966212541e+07,-9.340487373007548833e-01,1.029798835134462937e-01,-3.527189480285063837e+03,-3.071455892378975113e+04
3.735500761960115284e+07,-9.343415402322086116e-01,1.003900461845790570e-01,-3.442063956456948290e+03,-3.072303949457618364e+04
3.736763181954018772e+07,-9.346272198199011561e-01,9.779947887166344500e-02,-3.356902560196156628e+03,-3.073127305074163087e+04
3.738025601947922260e+07,-9.349057736672597985e-01,9.520820131498677896e-02,-3.271705991785767765e+03,-3.073925958636501309e+04
3.739288021941825747e+07,-9.351771994243801567e-01,9.261623326055017091e-02,-3.186474954015167896e+03,-3.074699910000754971e+04
3.740550441935729235e+07,-9.354414947880264064e-01,9.002359446006968913e-02,-3.101210152180099612e+03,-3.075449159471275561e+04
3.741812861929632723e+07,-9.356986575016327246e-01,8.743030467097680225e-02,-3.015912294082665539e+03,-3.076173707800643388e+04
3.743075281923536211e+07,-9.359486853553015129e-01,8.483638365641803236e-02,-2.930582090031324697e+03,-3.076873556189667943e+04
3.744337701917438954e+07,-9.361915761858037310e-01,8.224185118525684235e-02,-2.845220252840947069e+03,-3.077548706287387176e+04
3.745600121911342442e+07,-9.364273278765802289e-01,7.964672703206694682e-02,-2.759827497832600784e+03,-3.078199160191070769e+04
3.746862541905245930e+07,-9.366559383577397480e-01,7.705103097714240123e-02,-2.674404542833877713e+03,-3.078824920446214310e+04
3.748124961899149418e+07,-9.368774056060603650e-01,7.445478280649021896e-02,-2.588952108178662456e+03,-3.079425990046544757e+04
3.749387381893052906e+07,-9.370917276449890476e-01,7.185800231183332720e-02,-2.503470916707210563e+03,-3.080002372434017161e+04
3.750649801886956394e+07,-9.372989025446415434e-01,6.926070929060941517e-02,-2.417961693766130338e+03,-3.080554071498816484e+04
3.751912221880859882e+07,-9.374989284218028240e-01,6.666292354597137815e-02,-2.332425167208386483e+03,-3.081081091579356143e+04
3.753174641874762625e+07,-9.376918034399260860e-01,6.406466488678896898e-02,-2.246862067393351026e+03,-3.081583437462279471e+04
3.754437061868666112e+07,-9.378775258091344158e-01,6.146595312764254609e-02,-2.161273127186608690e+03,-3.082061114382458982e+04
3.755699481862569600e+07,-9.380560937862185700e-01,5.886680808883238553e-02,-2.075659081960247931e+03,-3.082514128022995646e+04
3.756961901856473088e+07,-9.382275056746391950e-01,5.626724959637208201e-02,-1.990020669592668128e+03,-3.082942484515219985e+04
3.758224321850376576e+07,-9.383917598245256064e-01,5.366729748199075556e-02,-1.904358630468626870e+03,-3.083346190438692065e+04
3.759486741844280064e+07,-9.385488546326754555e-01,5.106697158313251717e-02,-1.818673707479236327e+03,-3.083725252821200775e+04
3.760749161838183552e+07,-9.386987885425559508e-01,4.846629174295680187e-02,-1.732966646021972338e+03,-3.084079679138764186e+04
3.762011581832086295e+07,-9.388415600443027476e-01,4.586527781033959694e-02,-1.647238194000710791e+03,-3.084409477315629192e+04
3.763274001825989783e+07,-9.389771676747208362e-01,4.326394963986789771e-02,-1.561489101825545731e+03,-3.084714655724272598e+04
3.764536421819893271e+07,-9.391056100172838761e-01,4.066232709184799260e-02,-1.475720122413067656e+03,-3.084995223185400391e+04
3.765798841813796759e+07,-9.392268857021341955e-01,3.806043003230028671e-02,-1.389932011186187083e+03,-3.085251188967947382e+04
3.767061261807700247e+07,-9.393409934060834576e-01,3.545827833295995407e-02,-1.304125526074167283e+03,-3.085482562789077201e+04
3.768323681801603734e+07,-9.394479318526115508e-01,3.285589187127761074e-02,-1.218301427512624286e+03,-3.085689354814183753e+04
3.769586101795507222e+07,-9.395476998118681422e-01,3.025329053041927313e-02,-1.132460478443541433e+03,-3.085871575656888308e+04
3.770848521789410710e+07,-9.396402961006711241e-01,2.765049419926566762e-02,-1.046603444315251181e+03,-3.086029236379043869e+04
3.772110941783313453e+07,-9.397257195825075016e-01,2.504752277241467304e-02,-9.607310930825078685e+02,-3.086162348490730074e+04
3.773373361777216941e+07,-9.398039691675330598e-01,2.244439615017457604e-02,-8.748441952062530618e+02,-3.086270923950257566e+04
3.774635781771120429e+07,-9.398750438125729190e-01,1.984113423857347333e-02,-7.889435236539575271e+02,-3.086354975164165808e+04
3.775898201765023917e+07,-9.399389425211203131e-01,1.723775694935314115e-02,-7.030298538993847615e+02,-3.086414514987222356e+04
3.777160621758927405e+07,-9.399956643433380332e-01,1.463428419997067458e-02,-6.171039639226692088e+02,-3.086449556722425041e+04
3.778423041752830893e+07,-9.400452083760576505e-01,1.203073591359816834e-02,-5.311666342102871567e+02,-3.086460114121000515e+04
3.779685461746734381e+07,-9.400875737627791828e-01,9.427132019122935400e-03,-4.452186477550858399e+02,-3.086446201382404979e+04
3.780947881740637124e+07,-9.401227596936720943e-01,6.823492451149231267e-03,-3.592607900563270960e+02,-3.086407833154323453e+04
3.782210301734540612e+07,-9.401507654055742957e-01,4.219837149991836379e-03,-2.732938491194545350e+02,-3.086345024532670141e+04
3.783472721728444099e+07,-9.401715901819932553e-01,1.616186061684919467e-03,-1.873186154564427852e+02,-3.086257791061588068e+04
3.784735141722347587e+07,-9.401852333531044437e-01,-9.874408620229506526e-04,-1.013358820855683007e+02,-3.086146148733450536e+04
3.785997561716251075e+07,-9.401916942957527779e-01,-3.591023663668505179e-03,-1.534644453147120657e+01,-3.086010113988859302e+04
3.787259981710154563e+07,-9.401909724334520657e-01,-6.194542380073159507e-03,7.064889917486652848e+01,-3.085849703716644945e+04
3.788522401704058051e+07,-9.401830672363847841e-01,-8.797977042343118823e-03,1.566493484960810747e+02,-3.085664935253867588e+04
3.789784821697960794e+07,-9.401679782214027448e-01,-1.140130767586794783e-02,2.426541003884376551e+02,-3.085455826385817636e+04
3.791047241691864282e+07,-9.401457049520257625e-01,-1.400451430032638271e-02,3.286623493019542366e+02,-3.085222395346012854e+04
3.792309661685767770e+07,-9.401162470384434311e-01,-1.660757692967777116e-02,4.146732871801468718e+02,-3.084964660816200922e+04
3.793572081679671258e+07,-9.400796041375139023e-01,-1.921047557216725918e-02,5.006861034602516156e+02,-3.084682641926359065e+04
3.794834501673574746e+07,-9.400357759527643298e-01,-2.181319023032509546e-02,5.866999850731262995e+02,-3.084376358254693332e+04
3.796096921667478234e+07,-9.399847622343904252e-01,-2.441570090096652212e-02,6.727141164432578080e+02,-3.084045829827638954e+04
3.797359341661381721e+07,-9.399265627792569022e-01,-2.701798757519094721e-02,7.587276794888020959e+02,-3.083691077119860347e+04
3.798621761655284464e+07,-9.398611774308979205e-01,-2.962003023838175736e-02,8.447398536214823253e+02,-3.083312121054251838e+04
3.799884181649187952e+07,-9.397886060795158647e-01,-3.222180887021151158e-02,9.307498157468435238e+02,-3.082908983001935849e+04
3.801146601643091440e+07,-9.397088486619821213e-01,-3.482330344463287208e-02,1.016756740263892425e+03,-3.082481684782263619e+04
3.802409021636994928e+07,-9.396219051618374118e-01,-3.742449392988439483e-02,1.102759799065337575e+03,-3.082030248662817758e+04
3.803671441630898416e+07,-9.395277756092907939e-01,-4.002536028849056071e-02,1.188758161537545675e+03,-3.081554697359407874e+04
3.804933861624801904e+07,-9.394264600812206600e-01,-4.262588247725950658e-02,1.274750994560497929e+03,-3.081055054036074216e+04
3.806196281618705392e+07,-9.393179587011737386e-01,-4.522604044728478073e-02,1.360737462507837336e+03,-3.080531342305084763e+04
3.807458701612608880e+07,-9.392022716393663151e-01,-4.782581414394460051e-02,1.446716727246839582e+03,-3.079983586226937769e+04
3.808721121606511623e+07,-9.390793991126832330e-01,-5.042518350690066570e-02,1.532687948138380307e+03,-3.079411810310361034e+04
3.809983541600415111e+07,-9.389493413846782266e-01,-5.302412847010373048e-02,1.618650282037113357e+03,-3.078816039512310090e+04
3.811245961594318599e+07,-9.388120987655738103e-01,-5.562262896178485350e-02,1.704602883291201579e+03,-3.078196299237970743e+04
3.812508381588222086e+07,-9.386676716122616115e-01,-5.822066490446121262e-02,1.790544903742491442e+03,-3.077552615340757620e+04
3.813770801582125574e+07,-9.385160603283020375e-01,-6.081821621493538332e-02,1.876475492726462107e+03,-3.076885014122314897e+04
3.815033221576029062e+07,-9.383572653639243866e-01,-6.341526280429451989e-02,1.962393797072258167e+03,-3.076193522332515568e+04
3.816295641569932550e+07,-9.381912872160271810e-01,-6.601178457790986276e-02,2.048298961102631438e+03,-3.075478167169461813e+04
3.817558061563835293e+07,-9.380181264281771680e-01,-6.860776143543702299e-02,2.134190126633973705e+03,-3.074738976279485360e+04
3.818820481557738781e+07,-9.378377835906105409e-01,-7.120317327082016645e-02,2.220066432976418582e+03,-3.073975977757146757e+04
3.820082901551642269e+07,-9.376502593402319397e-01,-7.379799997228428388e-02,2.305927016933615960e+03,-3.073189200145235372e+04
3.821345321545545757e+07,-9.374555543606155616e-01,-7.639222142233996482e-02,2.391771012802917539e+03,-3.072378672434770124e+04
3.822607741539449245e+07,-9.372536693820039400e-01,-7.898581749778370298e-02,2.477597552375296800e+03,-3.071544424065000203e+04
3.823870161533352733e+07,-9.370446051813082766e-01,-8.157876806969535655e-02,2.563405764935378102e+03,-3.070686484923402168e+04
3.825132581527256221e+07,-9.368283625821094418e-01,-8.417105300344089602e-02,2.649194777261433046e+03,-3.069804885345682851e+04
3.826395001521158963e+07,-9.366049424546568636e-01,-8.676265215866883762e-02,2.734963713625307719e+03,-3.068899656115778635e+04
3.827657421515062451e+07,-9.363743457158687500e-01,-8.935354538931719603e-02,2.820711695792659157e+03,-3.067970828465853629e+04
3.828919841508965939e+07,-9.361365733293317559e-01,-9.194371254360422796e-02,2.906437843022635207e+03,-3.067018434076301492e+04
3.830182261502869427e+07,-9.358916263053025375e-01,-9.453313346403499629e-02,2.992141272068056423e+03,-3.066042505075746521e+04
3.831444681496772915e+07,-9.356395057007054206e-01,-9.712178798739826147e-02,3.077821097175408795e+03,-3.065043074041041109e+04
3.832707101490676403e+07,-9.353802126191348432e-01,-9.970965594476884075e-02,3.163476430084800086e+03,-3.064020173997266465e+04
3.833969521484579891e+07,-9.351137482108531351e-01,-1.022967171615053877e-01,3.249106380029996217e+03,-3.062973838417733714e+04
3.835231941478482634e+07,-9.348401136727921834e-01,-1.048829514572503646e-01,3.334710053738341230e+03,-3.061904101223983889e+04
3.836494361472386122e+07,-9.345593102485522108e-01,-1.074683386459353712e-01,3.420286555430993758e+03,-3.060810996785784300e+04
3.837756781466289610e+07,-9.342713392284026641e-01,-1.100528585357723188e-01,3.505834986822574137e+03,-3.059694559921134351e+04
3.839019201460193098e+07,-9.339762019492817702e-01,-1.126364909292596472e-01,3.591354447121411795e+03,-3.058554825896261900e+04
3.840281621454096586e+07,-9.336738997947968688e-01,-1.152192156231799658e-01,3.676844033029472484e+03,-3.057391830425622902e+04
3.841544041448000073e+07,-9.333644341952239687e-01,-1.178010124086013855e-01,3.762302838742376480e+03,-3.056205609671904313e+04
3.842806461441903561e+07,-9.330478066275079696e-01,-1.203818610708767139e-01,3.847729955949369469e+03,-3.054996200246020817e+04
3.844068881435806304e+07,-9.327240186152628842e-01,-1.229617413896413741e-01,3.933124473833300726e+03,-3.053763639207117376e+04
3.845331301429709792e+07,-9.323930717287712833e-01,-1.255406331388210228e-01,4.018485479070801375e+03,-3.052507964062566680e+04
3.846593721423613280e+07,-9.320549675849847393e-01,-1.281185160866210038e-01,4.103812055832007900e+03,-3.051229212767971330e+04
3.847856141417516768e+07,-9.317097078475238270e-01,-1.306953699955333281e-01,4.189103285780729493e+03,-3.049927423727163841e+04
3.849118561411420256e+07,-9.313572942266780119e-01,-1.332711746223343707e-01,4.274358248074437142e+03,-3.048602635792204819e+04
3.850380981405323744e+07,-9.309977284794055397e-01,-1.358459097180857167e-01,4.359576019364230888e+03,-3.047254888263384782e+04
3.851643401399227232e+07,-9.306310124093338798e-01,-1.384195550281334952e-01,4.444755673794858012e+03,-3.045884220889223434e+04
3.852905821393130720e+07,-9.302571478667588378e-01,-1.409920902921090180e-01,4.529896283004716679e+03,-3.044490673866468933e+04
3.854168241387033463e+07,-9.298761367486457763e-01,-1.435634952439262257e-01,4.614996916125764983e+03,-3.043074287840100442e+04
3.855430661380936950e+07,-9.294879809986279495e-01,-1.461337496117889601e-01,4.700056639783793798e+03,-3.041635103903323034e+04
3.856693081374840438e+07,-9.290926826070086131e-01,-1.487028331181811658e-01,4.785074518098055705e+03,-3.040173163597573875e+04
3.857955501368743926e+07,-9.286902436107592473e-01,-1.512707254798732193e-01,4.870049612681516010e+03,-3.038688508912518228e+04
3.859217921362647414e+07,-9.282806660935203347e-01,-1.538374064079197079e-01,4.954980982640761795e+03,-3.037181182286050534e+04
3.860480341356550902e+07,-9.278639521856015815e-01,-1.564028556076607623e-01,5.039867684576041938e+03,-3.035651226604294789e+04
3.861742761350454390e+07,-9.274401040639812521e-01,-1.589670527787212517e-01,5.124708772581238009e+03,-3.034098685201603803e+04
3.863005181344357133e+07,-9.270091239523066129e-01,-1.615299776150085354e-01,5.209503298243816971e+03,-3.032523601860560302e+04
3.864267601338260621e+07,-9.265710141208933770e-01,-1.640916098047203453e-01,5.294250310645042191e+03,-3.030926020811974740e+04
3.865530021332164109e+07,-9.261257768867270368e-01,-1.666519290303340450e-01,5.378948856359678757e+03,-3.029305986734887847e+04
3.866792441326067597e+07,-9.256734146134611985e-01,-1.692109149686135128e-01,5.463597979456179019e+03,-3.027663544756568808e+04
3.868054861319971085e+07,-9.252139297114189143e-01,-1.717685472906070876e-01,5.548196721496620739e+03,-3.025998740452517450e+04
3.869317281313874573e+07,-9.247473246375916833e-01,-1.743248056616486241e-01,5.632744121536758030e+03,-3.024311619846461326e+04
3.870579701307778060e+07,-9.242736018956401178e-01,-1.768796697413563823e-01,5.717239216125937673e+03,-3.022602229410357540e+04
3.871842121301680803e+07,-9.237927640358942760e-01,-1.794331191836315287e-01,5.801681039307153696e+03,-3.020870616064394198e+04
3.873104541295584291e+07,-9.233048136553516638e-01,-1.819851336366650474e-01,5.886068622617145593e+03,-3.019116827176983861e+04
3.874366961289487779e+07,-9.228097533976798994e-01,-1.845356927429280813e-01,5.970400995086176408e+03,-3.017340910564773367e+04
3.875629381283391267e+07,-9.223075859532149368e-01,-1.870847761391780384e-01,6.054677183238181897e+03,-3.015542914492636191e+04
3.876891801277294755e+07,-9.217983140589621760e-01,-1.896323634564575089e-01,6.138896211090745055e+03,-3.013722887673675359e+04
3.878154221271198243e+07,-9.212819404985952421e-01,-1.921784343200930445e-01,6.223057100155107037e+03,-3.011880879269223078e+04
3.879416641265101731e+07,-9.207584681024572060e-01,-1.947229683496966846e-01,6.307158869436116220e+03,-3.010016938888841469e+04
3.880679061259004474e+07,-9.202278997475600297e-01,-1.972659451591634583e-01,6.391200535432242759e+03,-3.008131116590322199e+04
3.881941481252907962e+07,-9.196902383575836781e-01,-1.998073443566783236e-01,6.475181112135745934e+03,-3.006223462879682484e+04
3.883203901246811450e+07,-9.191454869028781172e-01,-2.023471455447053147e-01,6.559099611032364919e+03,-3.004294028711173087e+04
3.884466321240714937e+07,-9.185936484004615377e-01,-2.048853283199957021e-01,6.642955041101526149e+03,-3.002342865487272502e+04
3.885728741234618425e+07,-9.180347259140212435e-01,-2.074218722735856890e-01,6.726746408816325129e+03,-3.000370025058686952e+04
3.886991161228521913e+07,-9.174687225539136515e-01,-2.099567569907953291e-01,6.810472718143464590e+03,-2.998375559724354025e+04
3.888253581222425401e+07,-9.168956414771635144e-01,-2.124899620512305520e-01,6.894132970543319971e+03,-2.996359522231439405e+04
3.889516001216328889e+07,-9.163154858874650310e-01,-2.150214670287812491e-01,6.977726164969888487e+03,-2.994321965775338322e+04
3.890778421210231632e+07,-9.157282590351814022e-01,-2.175512514916213003e-01,7.061251297870770941e+03,-2.992262943999675917e+04
3.892040841204135120e+07,-9.151339642173436095e-01,-2.200792950022133487e-01,7.144707363187349983e+03,-2.990182510996302881e+04
3.893303261198038608e+07,-9.145326047776525247e-01,-2.226055771173005848e-01,7.228093352354502713e+03,-2.988080721305303450e+04
3.894565681191942096e+07,-9.139241841064779104e-01,-2.251300773879122696e-01,7.311408254300815315e+03,-2.985957629914988865e+04
3.895828101185845584e+07,-9.133087056408583093e-01,-2.276527753593629577e-01,7.394651055448484840e+03,-2.983813292261901006e+04
3.897090521179749072e+07,-9.126861728645006000e-01,-2.301736505712516367e-01,7.477820739713373769e+03,-2.981647764230809116e+04
3.898352941173652560e+07,-9.120565893077814401e-01,-2.326926825574616720e-01,7.560916288504980912e+03,-2.979461102154712717e+04
3.899615361167555302e+07,-9.114199585477459342e-01,-2.352098508461609450e-01,7.643936680726394115e+03,-2.977253362814841603e+04
3.900877781161458790e+07,-9.107762842081077448e-01,-2.377251349598054342e-01,7.726880892774497624e+03,-2.975024603440651117e+04
3.902140201155362278e+07,-9.101255699592498694e-01,-2.402385144151320540e-01,7.809747898539651942e+03,-2.972774881709829060e+04
3.903402621149265766e+07,-9.094678195182240854e-01,-2.427499687231638170e-01,7.892536669405941211e+03,-2.970504255748291689e+04
3.904665041143169254e+07,-9.088030366487511724e-01,-2.452594773892085300e-01,7.975246174251060438e+03,-2.968212784130184082e+04
3.905927461137072742e+07,-9.081312251612205788e-01,-2.477670199128587381e-01,8.057875379446362786e+03,-2.965900525877880864e+04
3.907189881130976230e+07,-9.074523889126909770e-01,-2.502725757879922242e-01,8.140423248856841383e+03,-2.963567540461985482e+04
3.908452301124878973e+07,-9.067665318068898195e-01,-2.527761245027694836e-01,8.222888743841071118e+03,-2.961213887801332021e+04
3.909714721118782461e+07,-9.060736577942127834e-01,-2.552776455396405519e-01,8.305270823251434194e+03,-2.958839628262980477e+04
3.910977141112685949e+07,-9.053737708717254362e-01,-2.577771183753358453e-01,8.387568443433796347e+03,-2.956444822662222214e+04
3.912239561106589437e+07,-9.046668750831615702e-01,-2.602745224808721280e-01,8.469780558227710571e+03,-2.954029532262578141e+04
3.913501981100492924e+07,-9.039529745189242016e-01,-2.627698373215506256e-01,8.551906118966388021e+03,-2.951593818775797627e+04
3.914764401094396412e+07,-9.032320733160855708e-01,-2.652630423569576346e-01,8.633944074476657988e+03,-2.949137744361859586e+04
3.916026821088299900e+07,-9.025041756583855879e-01,-2.677541170409644122e-01,8.715893371079015196e+03,-2.946661371628972120e+04
3.917289241082202643e+07,-9.017692857762350522e-01,-2.702430408217250668e-01,8.797752952587528853e+03,-2.944164763633573239e+04
3.918551661076106131e+07,-9.010274079467111008e-01,-2.727297931416831633e-01,8.879521760310071841e+03,-2.941647983880326501e+04
3.919814081070009619e+07,-9.002785464935615378e-01,-2.752143534375630085e-01,8.961198733048004215e+03,-2.939111096322129015e+04
3.921076501063913107e+07,-8.995227057872029475e-01,-2.776967011403748686e-01,9.042782807096376928e+03,-2.936554165360105253e+04
3.922338921057816595e+07,-8.987598902447203608e-01,-2.801768156754132488e-01,9.124272916243884538e+03,-2.933977255843608873e+04
3.923601341051720083e+07,-8.979901043298678109e-01,-2.826546764622585028e-01,9.205667991772868845e+03,-2.931380433070223444e+04
3.924863761045623571e+07,-8.972133525530683329e-01,-2.851302629147752232e-01,9.286966962459300703e+03,-2.928763762785760264e+04
3.926126181039526314e+07,-8.964296394714140748e-01,-2.876035544411112421e-01,9.368168754572747275e+03,-2.926127311184263090e+04
3.927388601033429801e+07,-8.956389696886649654e-01,-2.900745304437037375e-01,9.449272291876568488e+03,-2.923471144907999042e+04
3.928651021027333289e+07,-8.948413478552511569e-01,-2.925431703192703514e-01,9.530276495627636905e+03,-2.920795331047469517e+04
3.929913441021236777e+07,-8.940367786682709150e-01,-2.950094534588151851e-01,9.611180284576472332e+03,-2.918099937141403643e+04
3.931175861015140265e+07,-8.932252668714920629e-01,-2.974733592476263566e-01,9.691982574967289111e+03,-2.915385031176759003e+04
3.932438281009043753e+07,-8.924068172553504263e-01,-2.999348670652778881e-01,9.772682280537890620e+03,-2.912650681588723091e+04
3.933700701002947241e+07,-8.915814346569514992e-01,-3.023939562856276519e-01,9.853278312519763858e+03,-2.909896957260712952e+04
3.934963120996850729e+07,-8.907491239600694444e-01,-3.048506062768189806e-01,9.933769579638021241e+03,-2.907123927524373357e+04
3.936225540990753472e+07,-8.899098900951476487e-01,-3.073047964012779465e-01,1.001415498811136786e+04,-2.904331662159581538e+04
3.937487960984656960e+07,-8.890637380392967248e-01,-3.097565060157203565e-01,1.009443344165229792e+04,-2.901520231394437724e+04
3.938750380978560448e+07,-8.882106728162983966e-01,-3.122057144711420928e-01,1.017460384146679280e+04,-2.898689705905277151e+04
3.940012800972463936e+07,-8.873506994966020578e-01,-3.146524011128256082e-01,1.025466508625455026e+04,-2.895840156816662056e+04
3.941275220966367424e+07,-8.864838231973263261e-01,-3.170965452803375384e-01,1.033461607220888254e+04,-2.892971655701384225e+04
3.942537640960270911e+07,-8.856100490822584881e-01,-3.195381263075301459e-01,1.041445569301676005e+04,-2.890084274580464262e+04
3.943800060954174399e+07,-8.847293823618551656e-01,-3.219771235225400985e-01,1.049418283985878224e+04,-2.887178085923152321e+04
3.945062480948077142e+07,-8.838418282932419823e-01,-3.244135162477872480e-01,1.057379640140915944e+04,-2.884253162646928831e+04
3.946324900941980630e+07,-8.829473921802118985e-01,-3.268472837999807923e-01,1.065329526383587290e+04,-2.881309578117499404e+04
3.947587320935884118e+07,-8.820460793732287641e-01,-3.292784054901101709e-01,1.073267831080040196e+04,-2.878347406148802838e+04
3.948849740929787606e+07,-8.811378952694239874e-01,-3.317068606234515049e-01,1.081194442345793505e+04,-2.875366721003006023e+04
3.950112160923691094e+07,-8.802228453125988672e-01,-3.341326284995653206e-01,1.089109248045727145e+04,-2.872367597390504670e+04
3.951374580917594582e+07,-8.793009349932227048e-01,-3.365556884122968828e-01,1.097012135794089045e+04,-2.869350110469923675e+04
3.952637000911498070e+07,-8.783721698484343587e-01,-3.389760196497769162e-01,1.104902992954486763e+04,-2.866314335848117844e+04
3.953899420905400813e+07,-8.774365554640268794e-01,-3.413936014976171607e-01,1.112781706705727447e+04,-2.863260349544093333e+04
3.955161840899304301e+07,-8.764941620029618186e-01,-3.438085166124202341e-01,1.120650293358982890e+04,-2.860187050938176617e+04
3.956424260893207788e+07,-8.755450603885432947e-01,-3.462208464405202579e-01,1.128510752243472780e+04,-2.857093308636253278e+04
3.957686680887111276e+07,-8.745892595222920507e-01,-3.486305718832826694e-01,1.136363015159256975e+04,-2.853979114658603066e+04
3.958949100881014764e+07,-8.736267683378805549e-01,-3.510376738765262350e-01,1.144207014064478244e+04,-2.850844461393613165e+04
3.960211520874918252e+07,-8.726575958011330014e-01,-3.534421333905225504e-01,1.152042681075363180e+04,-2.847689341597777457e+04
3.961473940868821740e+07,-8.716817509100266426e-01,-3.558439314299967071e-01,1.159869948466221467e+04,-2.844513748395697257e+04
3.962736360862724483e+07,-8.706992426946906782e-01,-3.582430490341252383e-01,1.167688748669441884e+04,-2.841317675280081676e+04
3.963998780856627971e+07,-8.697100802174049239e-01,-3.606394672765421139e-01,1.175499014275510126e+04,-2.838101116111742886e+04
3.965261200850531459e+07,-8.687142725726031411e-01,-3.630331672653303032e-01,1.183300678032981341e+04,-2.834864065119604493e+04
3.966523620844434947e+07,-8.677118288868709284e-01,-3.654241301430272149e-01,1.191093672848499227e+04,-2.831606516900696079e+04
3.967786040838338435e+07,-8.667027583189454987e-01,-3.678123370866233643e-01,1.198877931786790577e+04,-2.828328466420153563e+04
3.969048460832241923e+07,-8.656870700597164570e-01,-3.701977693075624853e-01,1.206653388070665278e+04,-2.825029909011220661e+04
3.970310880826145411e+07,-8.646647733322256890e-01,-3.725804080517413075e-01,1.214419975081017037e+04,-2.821710840375247790e+04
3.971573300820048898e+07,-8.636358773916668063e-01,-3.749602345995097785e-01,1.222177626356823021e+04,-2.818371256581692069e+04
3.972835720813951641e+07,-8.626003915253867005e-01,-3.773372302656696209e-01,1.229926275595138759e+04,-2.815011154068120595e+04
3.974098140807855129e+07,-8.615583250528821013e-01,-3.797113763994798274e-01,1.237665856651117247e+04,-2.811630529640200621e+04
3.975360560801758617e+07,-8.605096873258041290e-01,-3.820826543846482792e-01,1.245396303537981112e+04,-2.808229380471712648e+04
3.976622980795662105e+07,-8.594544877279550743e-01,-3.844510456393374076e-01,1.253117550427040987e+04,-2.804807704104542790e+04
3.977885400789565593e+07,-8.583927356752895088e-01,-3.868165316161628620e-01,1.260829531647690601e+04,-2.801365498448683502e+04
3.979147820783469081e+07,-8.573244406159141739e-01,-3.891790938021932322e-01,1.268532181687407319e+04,-2.797902761782235029e+04
3.980410240777372569e+07,-8.562496120300880920e-01,-3.915387137189504374e-01,1.276225435191752149e+04,-2.794419492751404323e+04
3.981672660771275312e+07,-8.551682594302226770e-01,-3.938953729224081157e-01,1.283909226964364279e+04,-2.790915690370506854e+04
3.982935080765178800e+07,-8.540803923608798476e-01,-3.962490530029970093e-01,1.291583491966980728e+04,-2.787391354021959705e+04
3.984197500759082288e+07,-8.529860203987755796e-01,-3.985997355855969149e-01,1.299248165319407599e+04,-2.783846483456293572e+04
3.985459920752985775e+07,-8.518851531527772414e-01,-4.009474023295424017e-01,1.306903182299539367e+04,-2.780281078792142944e+04
3.986722340746889263e+07,-8.507778002639044823e-01,-4.032920349286207018e-01,1.314548478343353781e+04,-2.776695140516250467e+04
3.987984760740792751e+07,-8.496639714053290104e-01,-4.056336151110724875e-01,1.322183989044911868e+04,-2.773088669483465492e+04
3.989247180734696239e+07,-8.485436762823744816e-01,-4.079721246395915935e-01,1.329809650156357930e+04,-2.769461666916743707e+04
3.990509600728598982e+07,-8.474169246325177207e-01,-4.103075453113233517e-01,1.337425397587915904e+04,-2.765814134407151505e+04
3.991772020722502470e+07,-8.462837262253855020e-01,-4.126398589578705867e-01,1.345031167407905559e+04,-2.762146073913854343e+04
3.993034440716405958e+07,-8.451440908627587678e-01,-4.149690474452850109e-01,1.352626895842717386e+04,-2.758457487764132384e+04
3.994296860710309446e+07,-8.439980283785698534e-01,-4.172950926740728872e-01,1.360212519276829516e+04,-2.754748378653369946e+04
3.995559280704212934e+07,-8.428455486389033746e-01,-4.196179765791935856e-01,1.367787974252803360e+04,-2.751018749645058779e+04
3.996821700698116422e+07,-8.416866615419958952e-01,-4.219376811300595831e-01,1.375353197471283602e+04,-2.747268604170797698e+04
3.998084120692019910e+07,-8.405213770182364819e-01,-4.242541883305365746e-01,1.382908125790998747e+04,-2.743497946030292223e+04
3.999346540685922652e+07,-8.393497050301664819e-01,-4.265674802189418080e-01,1.390452696228756213e+04,-2.739706779391357486e+04
4.000608960679826140e+07,-8.381716555724779694e-01,-4.288775388680499123e-01,1.397986845959459606e+04,-2.735895108789908772e+04
4.001871380673729628e+07,-8.369872386720166313e-01,-4.311843463850847380e-01,1.405510512316083259e+04,-2.732062939129975712e+04
4.003133800667633116e+07,-8.357964643877799915e-01,-4.334878849117242416e-01,1.413023632789688781e+04,-2.728210275683692089e+04
4.004396220661536604e+07,-8.345993428109174106e-01,-4.357881366240997090e-01,1.420526145029421605e+04,-2.724337124091298756e+04
4.005658640655440092e+07,-8.333958840647307520e-01,-4.380850837327955327e-01,1.428017986842510072e+04,-2.720443490361143631e+04
4.006921060649343580e+07,-8.321860983046737159e-01,-4.403787084828493237e-01,1.435499096194266713e+04,-2.716529380869682791e+04
4.008183480643246323e+07,-8.309699957183531716e-01,-4.426689931537502454e-01,1.442969411208082420e+04,-2.712594802361480106e+04
4.009445900637149811e+07,-8.297475865255254934e-01,-4.449559200594448427e-01,1.450428870165444641e+04,-2.708639761949200329e+04
4.010708320631053299e+07,-8.285188809781017794e-01,-4.472394715483287708e-01,1.457877411505911550e+04,-2.704664267113622554e+04
4.011970740624956787e+07,-8.272838893601444088e-01,-4.495196300032519021e-01,1.465314973827128415e+04,-2.700668325703629671e+04
4.013233160618860275e+07,-8.260426219878678200e-01,-4.517963778415174936e-01,1.472741495884824690e+04,-2.696651945936212360e+04
4.014495580612763762e+07,-8.247950892096388431e-01,-4.540696975148817982e-01,1.480156916592812377e+04,-2.692615136396468370e+04
4.015758000606667250e+07,-8.235413014059760339e-01,-4.563395715095542871e-01,1.487561175022987663e+04,-2.688557906037602152e+04
4.017020420600570738e+07,-8.222812689895504512e-01,-4.586059823461974827e-01,1.494954210405329468e+04,-2.684480264180925224e+04
4.018282840594473481e+07,-8.210150024051858786e-01,-4.608689125799256825e-01,1.502335962127896346e+04,-2.680382220515859080e+04
4.019545260588376969e+07,-8.197425121298562711e-01,-4.631283448003103986e-01,1.509706369736842680e+04,-2.676263785099924644e+04
4.020807680582280457e+07,-8.184638086726893080e-01,-4.653842616313721980e-01,1.517065372936393942e+04,-2.672124968358756814e+04
4.022070100576183945e+07,-8.171789025749649493e-01,-4.676366457315861980e-01,1.524412911588862698e+04,-2.667965781086095740e+04
4.023332520570087433e+07,-8.158878044101145477e-01,-4.698854797938805672e-01,1.531748925714645156e+04,-2.663786234443788635e+04
4.024594940563990921e+07,-8.145905247837219587e-01,-4.721307465456365815e-01,1.539073355492221162e+04,-2.659586339961789054e+04
4.025857360557894409e+07,-8.132870743335229857e-01,-4.743724287486887348e-01,1.546386141258153293e+04,-2.655366109538158707e+04
4.027119780551797152e+07,-8.119774637294066011e-01,-4.766105091993231846e-01,1.553687223507083945e+04,-2.651125555439067830e+04
4.028382200545700639e+07,-8.106617036734116155e-01,-4.788449707282834145e-01,1.560976542891751160e+04,-2.646864690298786445e+04
4.029644620539604127e+07,-8.093398048997307859e-01,-4.810757962007618516e-01,1.568254040222964250e+04,-2.642583527119700011e+04
4.030907040533507615e+07,-8.080117781747088168e-01,-4.833029685164054734e-01,1.575519656469619804e+04,-2.638282079272297051e+04
4.032169460527411103e+07,-8.066776342968423608e-01,-4.855264706093143645e-01,1.582773332758697507e+04,-2.633960360495174609e+04
4.033431880521314591e+07,-8.053373840967800179e-01,-4.877462854480416055e-01,1.590015010375260681e+04,-2.629618384895036070e+04
4.034694300515218079e+07,-8.039910384373228913e-01,-4.899623960355937169e-01,1.597244630762456654e+04,-2.625256166946691519e+04
4.035956720509120822e+07,-8.026386082134246980e-01,-4.921747854094288277e-01,1.604462135521510572e+04,-2.620873721493061385e+04
4.037219140503024310e+07,-8.012801043521889932e-01,-4.943834366414621706e-01,1.611667466411745045e+04,-2.616471063745165520e+04
4.038481560496927798e+07,-7.999155378128740557e-01,-4.965883328380580886e-01,1.618860565350552497e+04,-2.612048209282137759e+04
4.039743980490831286e+07,-7.985449195868892236e-01,-4.987894571400353638e-01,1.626041374413413723e+04,-2.607605174051217182e+04
4.041006400484734774e+07,-7.971682606977960051e-01,-5.009867927226661077e-01,1.633209835833892066e+04,-2.603141974367749208e+04
4.042268820478638262e+07,-7.957855722013085220e-01,-5.031803227956754831e-01,1.640365892003634508e+04,-2.598658626915186687e+04
4.043531240472541749e+07,-7.943968651852922891e-01,-5.053700306032415934e-01,1.647509485472372035e+04,-2.594155148745090264e+04
4.044793660466444492e+07,-7.930021507697663230e-01,-5.075558994239944832e-01,1.654640558947913814e+04,-2.589631557277129104e+04
4.046056080460347980e+07,-7.916014401068991457e-01,-5.097379125710213010e-01,1.661759055296166480e+04,-2.585087870299071801e+04
4.047318500454251468e+07,-7.901947443810138916e-01,-5.119160533918585276e-01,1.668864917541105387e+04,-2.580524105966802745e+04
4.048580920448154956e+07,-7.887820748085849765e-01,-5.140903052684966390e-01,1.675958088864796082e+04,-2.575940282804309390e+04
4.049843340442058444e+07,-7.873634426382389861e-01,-5.162606516173796622e-01,1.683038512607384837e+04,-2.571336419703687716e+04
4.051105760435961932e+07,-7.859388591507547872e-01,-5.184270758894046205e-01,1.690106132267103385e+04,-2.566712535925139309e+04
4.052368180429865420e+07,-7.845083356590629720e-01,-5.205895615699215329e-01,1.697160891500265279e+04,-2.562068651096974281e+04
4.053630600423768908e+07,-7.830718835082468576e-01,-5.227480921787337476e-01,1.704202734121268804e+04,-2.557404785215608354e+04
4.054893020417671651e+07,-7.816295140755422644e-01,-5.249026512700963876e-01,1.711231604102590791e+04,-2.552720958645568317e+04
4.056155440411575139e+07,-7.801812387703348506e-01,-5.270532224327214577e-01,1.718247445574804078e+04,-2.548017192119478932e+04
4.057417860405478626e+07,-7.787270690341649981e-01,-5.291997892897705169e-01,1.725250202826552413e+04,-2.543293506738080760e+04
4.058680280399382114e+07,-7.772670163407240373e-01,-5.313423354988590086e-01,1.732239820304566820e+04,-2.538549923970218151e+04
4.059942700393285602e+07,-7.758010921958559125e-01,-5.334808447520561492e-01,1.739216242613662325e+04,-2.533786465652843617e+04
4.061205120387189090e+07,-7.743293081375562936e-01,-5.356153007758837070e-01,1.746179414516736870e+04,-2.529003153991014915e+04
4.062467540381092578e+07,-7.728516757359734646e-01,-5.377456873313170016e-01,1.753129280934772032e+04,-2.524200011557898324e+04
4.063729960374995321e+07,-7.713682065934079901e-01,-5.398719882137831272e-01,1.760065786946828302e+04,-2.519377061294770101e+04
4.064992380368898809e+07,-7.698789123443109395e-01,-5.419941872531658378e-01,1.766988877790062543e+04,-2.514534326511004110e+04
4.066254800362802297e+07,-7.683838046552872170e-01,-5.441122683137985527e-01,1.773898498859702522e+04,-2.509671830884090014e+04
4.067517220356705785e+07,-7.668828952250935638e-01,-5.462262152944687976e-01,1.780794595709062196e+04,-2.504789598459622357e+04
4.068779640350609273e+07,-7.653761957846385577e-01,-5.483360121284175381e-01,1.787677114049541342e+04,-2.499887653651302026e+04
4.070042060344512761e+07,-7.638637180969830576e-01,-5.504416427833386249e-01,1.794545999750620831e+04,-2.494966021240936971e+04
4.071304480338416249e+07,-7.623454739573402028e-01,-5.525430912613790158e-01,1.801401198839866265e+04,-2.490024726378443302e+04
4.072566900332318991e+07,-7.608214751930758579e-01,-5.546403415991378871e-01,1.808242657502922884e+04,-2.485063794581846014e+04
4.073829320326222479e+07,-7.592917336637056147e-01,-5.567333778676708533e-01,1.815070322083529754e+04,-2.480083251737267710e+04
4.075091740320125967e+07,-7.577562612608996773e-01,-5.588221841724830830e-01,1.821884139083499031e+04,-2.475083124098949338e+04
4.076354160314029455e+07,-7.562150699084795313e-01,-5.609067446535342949e-01,1.828684055162729055e+04,-2.470063438289233090e+04
4.077616580307932943e+07,-7.546681715624189435e-01,-5.629870434852372041e-01,1.835470017139202537e+04,-2.465024221298570410e+04
4.078879000301836431e+07,-7.531155782108438501e-01,-5.650630648764572994e-01,1.842241971988984733e+04,-2.459965500485518351e+04
4.080141420295739919e+07,-7.515573018740320244e-01,-5.671347930705138429e-01,1.848999866846224904e+04,-2.454887303576742124e+04
4.081403840289642662e+07,-7.499933546044145194e-01,-5.692022123451775384e-01,1.855743649003151222e+04,-2.449789658667016192e+04
4.082666260283546150e+07,-7.484237484865718937e-01,-5.712653070126764154e-01,1.862473265910087866e+04,-2.444672594219213352e+04
4.083928680277449638e+07,-7.468484956372393180e-01,-5.733240614196869478e-01,1.869188665175429924e+04,-2.439536139064322924e+04
4.085191100271353126e+07,-7.452676082053034667e-01,-5.753784599473411587e-01,1.875889794565659759e+04,-2.434380322401437297e+04
4.086453520265256613e+07,-7.436810983718027401e-01,-5.774284870112234014e-01,1.882576602005343375e+04,-2.429205173797757016e+04
4.087715940259160101e+07,-7.420889783499282633e-01,-5.794741270613712469e-01,1.889249035577130417e+04,-2.424010723188588599e+04
4.088978360253063589e+07,-7.404912603850227759e-01,-5.815153645822757067e-01,1.895907043521753803e+04,-2.418797000877346727e+04
4.090240780246966332e+07,-7.388879567545824090e-01,-5.835521840928798998e-01,1.902550574238025729e+04,-2.413564037535554962e+04
4.091503200240869820e+07,-7.372790797682524655e-01,-5.855845701465826059e-01,1.909179576282853304e+04,-2.408311864202836296e+04
4.092765620234773308e+07,-7.356646417678333050e-01,-5.876125073312332692e-01,1.915793998371215639e+04,-2.403040512286928424e+04
4.094028040228676796e+07,-7.340446551272763465e-01,-5.896359802691354401e-01,1.922393789376179484e+04,-2.397750013563674293e+04
4.095290460222580284e+07,-7.324191322526854009e-01,-5.916549736170452212e-01,1.928978898328894138e+04,-2.392440400177022821e+04
4.096552880216483772e+07,-7.307880855823160049e-01,-5.936694720661723768e-01,1.935549274418593268e+04,-2.387111704639030722e+04
4.097815300210387260e+07,-7.291515275865763090e-01,-5.956794603421798895e-01,1.942104866992593452e+04,-2.381763959829861415e+04
4.099077720204290748e+07,-7.275094707680264117e-01,-5.976849232051832939e-01,1.948645625556294181e+04,-2.376397198997785745e+04
4.100340140198193491e+07,-7.258619276613793581e-01,-5.996858454497505653e-01,1.955171499773175674e+04,-2.371011455759184537e+04
4.101602560192096978e+07,-7.242089108334976988e-01,-6.016822119049060058e-01,1.961682439464811614e+04,-2.365606764098536223e+04
4.102864980186000466e+07,-7.225504328833988188e-01,-6.036740074341239159e-01,1.968178394610848409e+04,-2.360183158368435397e+04
4.104127400179903954e+07,-7.208865064422513846e-01,-6.056612169353327024e-01,1.974659315349019744e+04,-2.354740673289581537e+04
4.105389820173807442e+07,-7.192171441733760107e-01,-6.076438253409137680e-01,1.981125151975143308e+04,-2.349279343950780094e+04
4.106652240167710930e+07,-7.175423587722459251e-01,-6.096218176177017334e-01,1.987575854943118611e+04,-2.343799205808943952e+04
4.107914660161614418e+07,-7.158621629664859709e-01,-6.115951787669843265e-01,1.994011374864929530e+04,-2.338300294689093789e+04
4.109177080155517161e+07,-7.141765695158742711e-01,-6.135638938245014939e-01,2.000431662510639217e+04,-2.332782646784359531e+04
4.110439500149420649e+07,-7.124855912123385648e-01,-6.155279478604492871e-01,2.006836668808406102e+04,-2.327246298655968712e+04
4.111701920143324137e+07,-7.107892408799608708e-01,-6.174873259794739777e-01,2.013226344844460255e+04,-2.321691287233266121e+04
4.112964340137227625e+07,-7.090875313749751552e-01,-6.194420133206758328e-01,2.019600641863118653e+04,-2.316117649813699609e+04
4.114226760131131113e+07,-7.073804755857668880e-01,-6.213919950576080042e-01,2.025959511266783375e+04,-2.310525424062825186e+04
4.115489180125034600e+07,-7.056680864328741531e-01,-6.233372563982771952e-01,2.032302904615936859e+04,-2.304914648014304476e+04
4.116751600118938088e+07,-7.039503768689870933e-01,-6.252777825851431048e-01,2.038630773629147006e+04,-2.299285360069907983e+04
4.118014020112840831e+07,-7.022273598789485760e-01,-6.272135588951174290e-01,2.044943070183062082e+04,-2.293637598999514375e+04
4.119276440106744319e+07,-7.004990484797511963e-01,-6.291445706395680793e-01,2.051239746312421994e+04,-2.287971403941101744e+04
4.120538860100647807e+07,-6.987654557205422723e-01,-6.310708031643132987e-01,2.057520754210042651e+04,-2.282286814400762887e+04
4.121801280094551295e+07,-6.970265946826205150e-01,-6.329922418496251035e-01,2.063786046226823964e+04,-2.276583870252696579e+04
4.123063700088454783e+07,-6.952824784794366941e-01,-6.349088721102289501e-01,2.070035574871750578e+04,-2.270862611739206841e+04
4.124326120082358271e+07,-6.935331202565934161e-01,-6.368206793953030687e-01,2.076269292811890773e+04,-2.265123079470705852e+04
4.125588540076261759e+07,-6.917785331918461234e-01,-6.387276491884790186e-01,2.082487152872395382e+04,-2.259365314425712495e+04
4.126850960070164502e+07,-6.900187304951028722e-01,-6.406297670078404671e-01,2.088689108036494872e+04,-2.253589357950856356e+04
4.128113380064067990e+07,-6.882537254084206690e-01,-6.425270184059276302e-01,2.094875111445516086e+04,-2.247795251760863175e+04
4.129375800057971478e+07,-6.864835312060122430e-01,-6.444193889697301669e-01,2.101045116398856408e+04,-2.241983037938576672e+04
4.130638220051874965e+07,-6.847081611942410495e-01,-6.463068643206919539e-01,2.107199076354000135e+04,-2.236152758934943995e+04
4.131900640045778453e+07,-6.829276287116229360e-01,-6.481894301147106408e-01,2.113336944926515571e+04,-2.230304457569018996e+04
4.133163060039681941e+07,-6.811419471288256977e-01,-6.500670720421362070e-01,2.119458675890055019e+04,-2.224438177027963684e+04
4.134425480033585429e+07,-6.793511298486694105e-01,-6.519397758277721833e-01,2.125564223176352971e+04,-2.218553960867045680e+04
4.135687900027488917e+07,-6.775551903061262093e-01,-6.538075272308750963e-01,2.131653540875228646e+04,-2.212651853009640763e+04
4.136950320021391660e+07,-6.757541419683213979e-01,-6.556703120451538025e-01,2.137726583234578720e+04,-2.206731897747234325e+04
4.138212740015295148e+07,-6.739479983345292302e-01,-6.575281160987731521e-01,2.143783304660397334e+04,-2.200794139739409729e+04
4.139475160009198636e+07,-6.721367729361795718e-01,-6.593809252543482158e-01,2.149823659716748807e+04,-2.194838624013866502e+04
4.140737580003102124e+07,-6.703204793368527925e-01,-6.612287254089478372e-01,2.155847603125785099e+04,-2.188865395966408323e+04
4.141999999997005612e+07,-6.684991311322822094e-01,-6.630715024940943003e-01,2.161855089767741447e+04,-2.182874501360945578e+04
4.143262419990909100e+07,-6.666727419503524210e-01,-6.649092424757629960e-01,2.167846074680936727e+04,-2.176865986329496809e+04
4.144524839984812587e+07,-6.648413254511007509e-01,-6.667419313543823112e-01,2.173820513061773818e+04,-2.170839897372186169e+04
4.145787259978715330e+07,-6.630048953267173584e-01,-6.685695551648330737e-01,2.179778360264734511e+04,-2.164796281357249245e+04
4.147049679972618818e+07,-6.611634653015417973e-01,-6.703920999764519939e-01,2.185719571802394785e+04,-2.158735185521018138e+04
4.148312099966522306e+07,-6.593170491320685667e-01,-6.722095518930257807e-01,2.191644103345402982e+04,-2.152656657467941841e+04
4.149574519960425794e+07,-6.574656606069432252e-01,-6.740218970527954712e-01,2.197551910722495813e+04,-2.146560745170573500e+04
4.150836939954329282e+07,-6.556093135469638344e-01,-6.758291216284553204e-01,2.203442949920491810e+04,-2.140447496969573695e+04
4.152099359948232770e+07,-6.537480218050804037e-01,-6.776312118271524687e-01,2.209317177084294235e+04,-2.134316961573709341e+04
4.153361779942136258e+07,-6.518817992663947791e-01,-6.794281538904873852e-01,2.215174548516888171e+04,-2.128169188059854423e+04
4.154624199936039001e+07,-6.500106598481624198e-01,-6.812199340945122028e-01,2.221015020679340523e+04,-2.122004225872994357e+04
4.155886619929942489e+07,-6.481346174997876242e-01,-6.830065387497362694e-01,2.226838550190810565e+04,-2.115822124826209620e+04
4.157149039923845977e+07,-6.462536862028300799e-01,-6.847879542011175991e-01,2.232645093828531390e+04,-2.109622935100700124e+04
4.158411459917749465e+07,-6.443678799710003124e-01,-6.865641668280696441e-01,2.238434608527821547e+04,-2.103406707245767393e+04
4.159673879911652952e+07,-6.424772128501611279e-01,-6.883351630444580760e-01,2.244207051382084683e+04,-2.097173492178821471e+04
4.160936299905556440e+07,-6.405816989183277244e-01,-6.901009292986022281e-01,2.249962379642807355e+04,-2.090923341185378740e+04
4.162198719899459928e+07,-6.386813522856670255e-01,-6.918614520732743189e-01,2.255700550719559396e+04,-2.084656305919063016e+04
4.163461139893362671e+07,-6.367761870944994573e-01,-6.936167178856987858e-01,2.261421522179989915e+04,-2.078372438401608815e+04
4.164723559887266159e+07,-6.348662175192939516e-01,-6.953667132875560597e-01,2.267125251749842573e+04,-2.072071791022846082e+04
4.165985979881169647e+07,-6.329514577666754960e-01,-6.971114248649770140e-01,2.272811697312934848e+04,-2.065754416540723832e+04
4.167248399875073135e+07,-6.310319220754196934e-01,-6.988508392385461843e-01,2.278480816911168222e+04,-2.059420368081293782e+04
4.168510819868976623e+07,-6.291076247164542057e-01,-7.005849430633016572e-01,2.284132568744531090e+04,-2.053069699138715077e+04
4.169773239862880111e+07,-6.271785799928589755e-01,-7.023137230287344046e-01,2.289766911171092943e+04,-2.046702463575252841e+04
4.171035659856783599e+07,-6.252448022398660044e-01,-7.040371658587885051e-01,2.295383802707007271e+04,-2.040318715621281444e+04
4.172298079850686342e+07,-6.233063058248610178e-01,-7.057552583118604783e-01,2.300983202026507934e+04,-2.033918509875284508e+04
4.173560499844589829e+07,-6.213631051473779143e-01,-7.074679871808026155e-01,2.306565067961921523e+04,-2.027501901303840714e+04
4.174822919838493317e+07,-6.194152146391062042e-01,-7.091753392929176503e-01,2.312129359503649175e+04,-2.021068945241648908e+04
4.176085339832396805e+07,-6.174626487638866790e-01,-7.108773015099619785e-01,2.317676035800177488e+04,-2.014619697391510635e+04
4.177347759826300293e+07,-6.155054220177121893e-01,-7.125738607281457693e-01,2.323205056158076695e+04,-2.008154213824333783e+04
4.178610179820203781e+07,-6.135435489287275335e-01,-7.142650038781315214e-01,2.328716380042001038e+04,-2.001672550979133666e+04
4.179872599814107269e+07,-6.115770440572299016e-01,-7.159507179250356179e-01,2.334209967074688029e+04,-1.995174765663033395e+04
4.181135019808010757e+07,-6.096059219956684316e-01,-7.176309898684272159e-01,2.339685777036958098e+04,-1.988660915051262054e+04
4.182397439801913500e+07,-6.076301973686455415e-01,-7.193058067423274693e-01,2.345143769867712399e+04,-1.982131056687160526e+04
4.183659859795816988e+07,-6.056498848329128215e-01,-7.209751556152139695e-01,2.350583905663944461e+04,-1.975585248482164025e+04
4.184922279789720476e+07,-6.036649990773763630e-01,-7.226390235900144177e-01,2.356006144680722355e+04,-1.969023548715827928e+04
4.186184699783623964e+07,-6.016755548230945383e-01,-7.242973978041102878e-01,2.361410447331199975e+04,-1.962446016035809953e+04
4.187447119777527452e+07,-5.996815668232771124e-01,-7.259502654293367163e-01,2.366796774186615221e+04,-1.955852709457874880e+04
4.188709539771430939e+07,-5.976830498632859090e-01,-7.275976136719812803e-01,2.372165085976289265e+04,-1.949243688365894195e+04
4.189971959765334427e+07,-5.956800187606354768e-01,-7.292394297727853303e-01,2.377515343587627285e+04,-1.942619012511847177e+04
4.191234379759237170e+07,-5.936724883649932005e-01,-7.308757010069421023e-01,2.382847508066112641e+04,-1.935978742015823809e+04
4.192496799753140658e+07,-5.916604735581750818e-01,-7.325064146841008261e-01,2.388161540615323611e+04,-1.929322937366010228e+04
4.193759219747044146e+07,-5.896439892541530670e-01,-7.341315581483610631e-01,2.393457402596911197e+04,-1.922651659418708732e+04
4.195021639740947634e+07,-5.876230503990497178e-01,-7.357511187782762585e-01,2.398735055530614773e+04,-1.915964969398327958e+04
4.196284059734851122e+07,-5.855976719711402101e-01,-7.373650839868535201e-01,2.403994461094254075e+04,-1.909262928897382153e+04
4.197546479728754610e+07,-5.835678689808514452e-01,-7.389734412215523962e-01,2.409235581123735028e+04,-1.902545599876491906e+04
4.198808899722658098e+07,-5.815336564707624945e-01,-7.405761779642857645e-01,2.414458377613046105e+04,-1.895813044664385961e+04
4.200071319716560841e+07,-5.794950495156060422e-01,-7.421732817314191655e-01,2.419662812714255051e+04,-1.889065325957904133e+04
4.201333739710464329e+07,-5.774520632222631678e-01,-7.437647400737734671e-01,2.424848848737523440e+04,-1.882302506821980933e+04
4.202596159704367816e+07,-5.754047127297705622e-01,-7.453505405766202019e-01,2.430016448151086661e+04,-1.875524650689668852e+04
4.203858579698271304e+07,-5.733530132093159759e-01,-7.469306708596848976e-01,2.435165573581266653e+04,-1.868731821362125993e+04
4.205120999692174792e+07,-5.712969798642393293e-01,-7.485051185771461890e-01,2.440296187812468634e+04,-1.861924083008615344e+04
4.206383419686078280e+07,-5.692366279300327125e-01,-7.500738714176357069e-01,2.445408253787181093e+04,-1.855101500166508049e+04
4.207645839679981768e+07,-5.671719726743402745e-01,-7.516369171042384112e-01,2.450501734605975798e+04,-1.848264137741281593e+04
4.208908259673884511e+07,-5.651030293969594442e-01,-7.531942433944914805e-01,2.455576593527505611e+04,-1.841412061006524891e+04
4.210170679667787999e+07,-5.630298134298361568e-01,-7.547458380803878653e-01,2.460632793968515762e+04,-1.834545335603922285e+04
4.211433099661691487e+07,-5.609523401370724027e-01,-7.562916889883708471e-01,2.465670299503824572e+04,-1.827664027543276461e+04
4.212695519655594975e+07,-5.588706249149207883e-01,-7.578317839793378141e-01,2.470689073866338003e+04,-1.820768203202493169e+04
4.213957939649498463e+07,-5.567846831917864225e-01,-7.593661109486393723e-01,2.475689080947044931e+04,-1.813857929327586680e+04
4.215220359643401951e+07,-5.546945304282260292e-01,-7.608946578260791238e-01,2.480670284795017506e+04,-1.806933273032676152e+04
4.216482779637305439e+07,-5.526001821169489459e-01,-7.624174125759138887e-01,2.485632649617412608e+04,-1.799994301799989262e+04
4.217745199631208926e+07,-5.505016537828162360e-01,-7.639343631968535941e-01,2.490576139779468213e+04,-1.793041083479860390e+04
4.219007619625111669e+07,-5.483989609828427980e-01,-7.654454977220602752e-01,2.495500719804504479e+04,-1.786073686290734622e+04
4.220270039619015157e+07,-5.462921193061915925e-01,-7.669508042191520714e-01,2.500406354373933573e+04,-1.779092178819152468e+04
4.221532459612918645e+07,-5.441811443741816356e-01,-7.684502707901972318e-01,2.505293008327241841e+04,-1.772096630019773875e+04
4.222794879606822133e+07,-5.420660518402827810e-01,-7.699438855717182228e-01,2.510160646662001818e+04,-1.765087109215360397e+04
4.224057299600725621e+07,-5.399468573901169410e-01,-7.714316367346905068e-01,2.515009234533869312e+04,-1.758063686096783204e+04
4.225319719594629109e+07,-5.378235767414584201e-01,-7.729135124845429861e-01,2.519838737256584864e+04,-1.751026430723017620e+04
4.226582139588532597e+07,-5.356962256442334702e-01,-7.743895010611573371e-01,2.524649120301970106e+04,-1.743975413521148585e+04
4.227844559582435340e+07,-5.335648198805214015e-01,-7.758595907388676771e-01,2.529440349299929949e+04,-1.736910705286369557e+04
4.229106979576338828e+07,-5.314293752645506963e-01,-7.773237698264637840e-01,2.534212390038459125e+04,-1.729832377181971242e+04
4.230369399570242316e+07,-5.292899076427052263e-01,-7.787820266671858782e-01,2.538965208463627641e+04,-1.722740500739362324e+04
4.231631819564145803e+07,-5.271464328935194787e-01,-7.802343496387283972e-01,2.543698770679592781e+04,-1.715635147858054916e+04
4.232894239558049291e+07,-5.249989669276807769e-01,-7.816807271532387746e-01,2.548413042948594375e+04,-1.708516390805668198e+04
4.234156659551952779e+07,-5.228475256880283917e-01,-7.831211476573175512e-01,2.553107991690954805e+04,-1.701384302217928780e+04
4.235419079545856267e+07,-5.206921251495532088e-01,-7.845555996320185965e-01,2.557783583485082636e+04,-1.694238955098668157e+04
4.236681499539759010e+07,-5.185327813193999491e-01,-7.859840715928474442e-01,2.562439785067463527e+04,-1.687080422819832165e+04
4.237943919533662498e+07,-5.163695102368618395e-01,-7.874065520897663983e-01,2.567076563332677324e+04,-1.679908779121459156e+04
4.239206339527565986e+07,-5.142023279733876073e-01,-7.888230297071872066e-01,2.571693885333377693e+04,-1.672724098111708008e+04
4.240468759521469474e+07,-5.120312506325771507e-01,-7.902334930639763888e-01,2.576291718280305940e+04,-1.665526454266839937e+04
4.241731179515372962e+07,-5.098562943501823153e-01,-7.916379308134527948e-01,2.580870029542284465e+04,-1.658315922431223589e+04
4.242993599509276450e+07,-5.076774752941076718e-01,-7.930363316433894916e-01,2.585428786646221124e+04,-1.651092577817334677e+04
4.244256019503179938e+07,-5.054948096644088507e-01,-7.944286842760119871e-01,2.589967957277106689e+04,-1.643856496005754889e+04
4.245518439497082680e+07,-5.033083136932958723e-01,-7.958149774679980082e-01,2.594487509278012294e+04,-1.636607752945179163e+04
4.246780859490986168e+07,-5.011180036451263753e-01,-7.971952000104808311e-01,2.598987410650100355e+04,-1.629346424952395319e+04
4.248043279484889656e+07,-4.989238958164147753e-01,-7.985693407290449519e-01,2.603467629552608560e+04,-1.622072588712311335e+04
4.249305699478793144e+07,-4.967260065358256593e-01,-7.999373884837285287e-01,2.607928134302861145e+04,-1.614786321277938077e+04
4.250568119472696632e+07,-4.945243521641758955e-01,-8.012993321690226045e-01,2.612368893376265623e+04,-1.607487700070394021e+04
4.251830539466600120e+07,-4.923189490944345215e-01,-8.026551607138716626e-01,2.616789875406313877e+04,-1.600176802878903072e+04
4.253092959460503608e+07,-4.901098137517229114e-01,-8.040048630816731823e-01,2.621191049184578878e+04,-1.592853707860798022e+04
4.254355379454406351e+07,-4.878969625933157750e-01,-8.053484282702769725e-01,2.625572383660716150e+04,-1.585518493541521639e+04
4.255617799448309839e+07,-4.856804121086359394e-01,-8.066858453119882810e-01,2.629933847942472494e+04,-1.578171238814612298e+04
4.256880219442213327e+07,-4.834601788192622318e-01,-8.080171032735634640e-01,2.634275411295668891e+04,-1.570812022941726718e+04
4.258142639436116815e+07,-4.812362792789245947e-01,-8.093421912562120957e-01,2.638597043144213967e+04,-1.563440925552626140e+04
4.259405059430020303e+07,-4.790087300735049181e-01,-8.106610983955980787e-01,2.642898713070098529e+04,-1.556058026645176506e+04
4.260667479423923790e+07,-4.767775478210373730e-01,-8.119738138618369794e-01,2.647180390813397389e+04,-1.548663406585353550e+04
4.261929899417827278e+07,-4.745427491717080781e-01,-8.132803268594982482e-01,2.651442046272268271e+04,-1.541257146107237713e+04
4.263192319411730766e+07,-4.723043508078551556e-01,-8.145806266276045537e-01,2.655683649502953267e+04,-1.533839326313017955e+04
4.264454739405633509e+07,-4.700623694439707290e-01,-8.158747024396311165e-01,2.659905170719774105e+04,-1.526410028672994304e+04
4.265717159399536997e+07,-4.678168218266948175e-01,-8.171625436035073742e-01,2.664106580295144158e+04,-1.518969335025560940e+04
4.266979579393440485e+07,-4.655677247348232739e-01,-8.184441394616154275e-01,2.668287848759553162e+04,-1.511517327577231117e+04
4.268241999387343973e+07,-4.633150949793032325e-01,-8.197194793907899291e-01,2.672448946801575221e+04,-1.504054088902622061e+04
4.269504419381247461e+07,-4.610589494032335534e-01,-8.209885528023189716e-01,2.676589845267869532e+04,-1.496579701944457702e+04
4.270766839375150949e+07,-4.587993048818655439e-01,-8.222513491419437548e-01,2.680710515163178206e+04,-1.489094250013568490e+04
4.272029259369054437e+07,-4.565361783226025150e-01,-8.235078578898589186e-01,2.684810927650325175e+04,-1.481597816788892669e+04
4.273291679362957180e+07,-4.542695866650014458e-01,-8.247580685607110995e-01,2.688891054050217645e+04,-1.474090486317479736e+04
4.274554099356860667e+07,-4.519995468807668226e-01,-8.260019707036024839e-01,2.692950865841851919e+04,-1.466572343014472608e+04
4.275816519350764155e+07,-4.497260759737601865e-01,-8.272395539020862554e-01,2.696990334662301757e+04,-1.459043471663135097e+04
4.277078939344667643e+07,-4.474491909799933609e-01,-8.284708077741694821e-01,2.701009432306724921e+04,-1.451503957414833349e+04
4.278341359338571131e+07,-4.451689089676302280e-01,-8.296957219723117838e-01,2.705008130728364631e+04,-1.443953885789040214e+04
4.279603779332474619e+07,-4.428852470369870620e-01,-8.309142861834265537e-01,2.708986402038545202e+04,-1.436393342673336338e+04
4.280866199326378107e+07,-4.405982223205321402e-01,-8.321264901288804028e-01,2.712944218506677134e+04,-1.428822414323409248e+04
4.282128619320280850e+07,-4.383078519828875197e-01,-8.333323235644916060e-01,2.716881552560249838e+04,-1.421241187363057907e+04
4.283391039314184338e+07,-4.360141532208225423e-01,-8.345317762805344319e-01,2.720798376784843276e+04,-1.413649748784174517e+04
4.284653459308087826e+07,-4.337171432632637713e-01,-8.357248381017337024e-01,2.724694663924115594e+04,-1.406048185946771810e+04
4.285915879301991314e+07,-4.314168393712879412e-01,-8.369114988872684568e-01,2.728570386879808211e+04,-1.398436586578965762e+04
4.287178299295894802e+07,-4.291132588381241231e-01,-8.380917485307705084e-01,2.732425518711746918e+04,-1.390815038776979236e+04
4.288440719289798290e+07,-4.268064189891533355e-01,-8.392655769603246663e-01,2.736260032637841505e+04,-1.383183631005141615e+04
4.289703139283701777e+07,-4.244963371819091558e-01,-8.404329741384698460e-01,2.740073902034085768e+04,-1.375542452095889894e+04
4.290965559277604520e+07,-4.221830308060780523e-01,-8.415939300621960717e-01,2.743867100434551685e+04,-1.367891591249772318e+04
4.292227979271508008e+07,-4.198665172834951664e-01,-8.427484347629494721e-01,2.747639601531405060e+04,-1.360231138035430922e+04
4.293490399265411496e+07,-4.175468140681514728e-01,-8.438964783066268405e-01,2.751391379174885151e+04,-1.352561182389627902e+04
4.294752819259314984e+07,-4.152239386461887283e-01,-8.450380507935789653e-01,2.755122407373319220e+04,-1.344881814617228520e+04
4.296015239253218472e+07,-4.128979085359012480e-01,-8.461731423586098533e-01,2.758832660293117442e+04,-1.337193125391204558e+04
4.297277659247121960e+07,-4.105687412877349063e-01,-8.473017431709761738e-01,2.762522112258772177e+04,-1.329495205752635775e+04
4.298540079241025448e+07,-4.082364544842879139e-01,-8.484238434343881474e-01,2.766190737752859786e+04,-1.321788147110707541e+04
4.299802499234928936e+07,-4.059010657403110400e-01,-8.495394333870092130e-01,2.769838511416040637e+04,-1.314072041242714113e+04
4.301064919228831679e+07,-4.035625927027080007e-01,-8.506485033014545838e-01,2.773465408047055462e+04,-1.306346980294059904e+04
4.302327339222735167e+07,-4.012210530505307959e-01,-8.517510434847958001e-01,2.777071402602735543e+04,-1.298613056778242935e+04
4.303589759216638654e+07,-3.988764644949876481e-01,-8.528470442785542893e-01,2.780656470197989256e+04,-1.290870363576882119e+04
4.304852179210542142e+07,-3.965288447794375615e-01,-8.539364960587058073e-01,2.784220586105809707e+04,-1.283118993939699612e+04
4.306114599204445630e+07,-3.941782116793914881e-01,-8.550193892356794390e-01,2.787763725757274369e+04,-1.275359041484524096e+04
4.307377019198349118e+07,-3.918245830025130494e-01,-8.560957142543571541e-01,2.791285864741542900e+04,-1.267590600197290223e+04
4.308639439192252606e+07,-3.894679765886174261e-01,-8.571654615940739186e-01,2.794786978805859326e+04,-1.259813764432041353e+04
4.309901859186155349e+07,-3.871084103096735785e-01,-8.582286217686175833e-01,2.798267043855548036e+04,-1.252028628910931366e+04
4.311164279180058837e+07,-3.847459020697984178e-01,-8.592851853262307715e-01,2.801726035954024701e+04,-1.244235288724209022e+04
4.312426699173962325e+07,-3.823804698052654105e-01,-8.603351428496072151e-01,2.805163931322780263e+04,-1.236433839330241608e+04
4.313689119167865813e+07,-3.800121314844980280e-01,-8.613784849558945300e-01,2.808580706341392579e+04,-1.228624376555500203e+04
4.314951539161769301e+07,-3.776409051080729107e-01,-8.624152022966937725e-01,2.811976337547522417e+04,-1.220806996594563316e+04
4.316213959155672789e+07,-3.752668087087179249e-01,-8.634452855580586617e-01,2.815350801636913457e+04,-1.212981796010115795e+04
4.317476379149576277e+07,-3.728898603513137178e-01,-8.644687254604960236e-01,2.818704075463393019e+04,-1.205148871732949556e+04
4.318738799143479019e+07,-3.705100781328941606e-01,-8.654855127589660135e-01,2.822036136038870609e+04,-1.197308321061969036e+04
4.320001219137382507e+07,-3.681274801826409648e-01,-8.664956382428825599e-01,2.825346960533344100e+04,-1.189460241664170462e+04
4.321263639131285995e+07,-3.657420846618924526e-01,-8.674990927361115878e-01,2.828636526274889184e+04,-1.181604731574672041e+04
4.322526059125189483e+07,-3.633539097641377835e-01,-8.684958670969727956e-01,2.831904810749667377e+04,-1.173741889196694683e+04
4.323788479119092971e+07,-3.609629737150177875e-01,-8.694859522182387668e-01,2.835151791601922378e+04,-1.165871813301564544e+04
4.325050899112996459e+07,-3.585692947723259083e-01,-8.704693390271354136e-01,2.838377446633982254e+04,-1.157994603028717393e+04
4.326313319106899947e+07,-3.561728912260073154e-01,-8.714460184853413116e-01,2.841581753806257984e+04,-1.150110357885694248e+04
4.327575739100802690e+07,-3.537737813981612356e-01,-8.724159815889883651e-01,2.844764691237243460e+04,-1.142219177748147922e+04
4.328838159094706178e+07,-3.513719836430341803e-01,-8.733792193686626959e-01,2.847926237203519850e+04,-1.134321162859825563e+04
4.330100579088609666e+07,-3.489675163470293828e-01,-8.743357228894022004e-01,2.851066370139746141e+04,-1.126416413832594117e+04
4.331362999082513154e+07,-3.465603979287010805e-01,-8.752854832506978822e-01,2.854185068638668236e+04,-1.118505031646423959e+04
4.332625419076416641e+07,-3.441506468387550699e-01,-8.762284915864947399e-01,2.857282311451113856e+04,-1.110587117649390711e+04
4.333887839070320129e+07,-3.417382815600497059e-01,-8.771647390651904352e-01,2.860358077485993999e+04,-1.102662773557679247e+04
4.335150259064223617e+07,-3.393233206075954023e-01,-8.780942168896357369e-01,2.863412345810305123e+04,-1.094732101455580414e+04
4.336412679058127105e+07,-3.369057825285545205e-01,-8.790169162971344097e-01,2.866445095649124414e+04,-1.086795203795492125e+04
4.337675099052029848e+07,-3.344856859022433127e-01,-8.799328285594431032e-01,2.869456306385611970e+04,-1.078852183397924819e+04
4.338937519045933336e+07,-3.320630493401254824e-01,-8.808419449827732395e-01,2.872445957561017349e+04,-1.070903143451479991e+04
4.340199939039836824e+07,-3.296378914858216214e-01,-8.817442569077876824e-01,2.875414028874666838e+04,-1.062948187512882214e+04
4.341462359033740312e+07,-3.272102310151025484e-01,-8.826397557096024027e-01,2.878360500183972545e+04,-1.054987419506957667e+04
4.342724779027643800e+07,-3.247800866358916960e-01,-8.835284327977874774e-01,2.881285351504429491e+04,-1.047020943726639962e+04
4.343987199021547288e+07,-3.223474770882644447e-01,-8.844102796163655356e-01,2.884188563009616701e+04,-1.039048864832969048e+04
4.345249619015450776e+07,-3.199124211444479560e-01,-8.852852876438123131e-01,2.887070115031197565e+04,-1.031071287855093033e+04
4.346512039009353518e+07,-3.174749376088236152e-01,-8.861534483930562089e-01,2.889929988058914387e+04,-1.023088318190270365e+04
4.347774459003257006e+07,-3.150350453179202592e-01,-8.870147534114807275e-01,2.892768162740600019e+04,-1.015100061603853464e+04
4.349036878997160494e+07,-3.125927631404230023e-01,-8.878691942809200377e-01,2.895584619882164770e+04,-1.007106624229316003e+04
4.350299298991063982e+07,-3.101481099771681293e-01,-8.887167626176628588e-01,2.898379340447605500e+04,-9.991081125682336278e+03
4.351561718984967470e+07,-3.077011047611438732e-01,-8.895574500724507949e-01,2.901152305559000524e+04,-9.911046334902890521e+03
4.352824138978870958e+07,-3.052517664574902478e-01,-8.903912483304780023e-01,2.903903496496512525e+04,-9.830962942332716921e+03
4.354086558972774446e+07,-3.028001140635002697e-01,-8.912181491113927434e-01,2.906632894698387827e+04,-9.750832024030791217e+03
4.355348978966677189e+07,-3.003461666086195136e-01,-8.920381441692950553e-01,2.909340481760953480e+04,-9.670654659737192560e+03
4.356611398960580677e+07,-2.978899431544418941e-01,-8.928512252927400805e-01,2.912026239438626726e+04,-9.590431932872936159e+03
4.357873818954484165e+07,-2.954314627947181027e-01,-8.936573843047344035e-01,2.914690149643901168e+04,-9.510164930540257046e+03
4.359136238948387653e+07,-2.929707446553488359e-01,-8.944566130627382705e-01,2.917332194447355869e+04,-9.429854743522402714e+03
4.360398658942291141e+07,-2.905077729278795484e-01,-8.952489451102524365e-01,2.919953316025941967e+04,-9.349492013265813512e+03
4.361661078936194628e+07,-2.880425233924439055e-01,-8.960344268927273870e-01,2.922554676185955395e+04,-9.269064169538340138e+03
4.362923498930098116e+07,-2.855750164229111099e-01,-8.968130534575116108e-01,2.925136205708149646e+04,-9.188571562077162525e+03
4.364185918924000859e+07,-2.831052725383333413e-01,-8.975848197212523694e-01,2.927697831753968421e+04,-9.108014586217857868e+03
4.365448338917904347e+07,-2.806333122532219115e-01,-8.983497206454238437e-01,2.930239481987918043e+04,-9.027393638829717020e+03
4.366710758911807835e+07,-2.781591560775562577e-01,-8.991077512363241375e-01,2.932761084577554720e+04,-8.946709118316028253e+03
4.367973178905711323e+07,-2.756828245167778357e-01,-8.998589065450772750e-01,2.935262568193493280e+04,-8.865961424613891722e+03
4.369235598899614811e+07,-2.732043380717916192e-01,-9.006031816676325352e-01,2.937743862009403892e+04,-8.785150959194259485e+03
4.370498018893518299e+07,-2.707237172389663771e-01,-9.013405717447651178e-01,2.940204895702012800e+04,-8.704278125061944593e+03
4.371760438887421787e+07,-2.682409825101343959e-01,-9.020710719620750329e-01,2.942645599451102680e+04,-8.623343326755613816e+03
4.373022858881324530e+07,-2.657561543725929787e-01,-9.027946775499876564e-01,2.945065903939510463e+04,-8.542346970347840397e+03
4.374285278875228018e+07,-2.632692533090986720e-01,-9.035113837837547290e-01,2.947465740353133151e+04,-8.461289463444907597e+03
4.375547698869131505e+07,-2.607802997978759807e-01,-9.042211859834524690e-01,2.949845040380920182e+04,-8.380171215187101552e+03
4.376810118863034993e+07,-2.582893143126115398e-01,-9.049240795139827931e-01,2.952203736214877790e+04,-8.298992636248516646e+03
4.378072538856938481e+07,-2.557963173224556130e-01,-9.056200597850728728e-01,2.954541760550068284e+04,-8.217754138837100982e+03
4.379334958850841969e+07,-2.533013292920220927e-01,-9.063091222512754674e-01,2.956859046584610405e+04,-8.136456136694663655e+03
4.380597378844745457e+07,-2.508043706813883889e-01,-9.069912624119689237e-01,2.959155528019678241e+04,-8.055099045096867485e+03
4.381859798838648945e+07,-2.483054619460955126e-01,-9.076664758113565101e-01,2.961431139059502311e+04,-7.973683280853229917e+03
4.383122218832551688e+07,-2.458046235371496302e-01,-9.083347580384669717e-01,2.963685814411367755e+04,-7.892209262307177596e+03
4.384384638826455176e+07,-2.433018759010159848e-01,-9.089961047271553074e-01,2.965919489285620148e+04,-7.810677409335846278e+03
4.385647058820358664e+07,-2.407972394796279170e-01,-9.096505115561009935e-01,2.968132099395656041e+04,-7.729088143350372775e+03
4.386909478814262152e+07,-2.382907347103808415e-01,-9.102979742488092052e-01,2.970323580957930244e+04,-7.647441887295703964e+03
4.388171898808165640e+07,-2.357823820261337189e-01,-9.109384885736105941e-01,2.972493870691953271e+04,-7.565739065650640441e+03
4.389434318802069128e+07,-2.332722018552092769e-01,-9.115720503436609556e-01,2.974642905820291344e+04,-7.483980104427841979e+03
4.390696738795972615e+07,-2.307602146213936500e-01,-9.121986554169418948e-01,2.976770624068567122e+04,-7.402165431173823890e+03
4.391959158789875358e+07,-2.282464407439381837e-01,-9.128182996962599383e-01,2.978876963665457879e+04,-7.320295474969005227e+03
4.393221578783778846e+07,-2.257309006375533000e-01,-9.134309791292478664e-01,2.980961863342700599e+04,-7.238370666427517790e+03
4.394483998777682334e+07,-2.232136147124173797e-01,-9.140366897083631592e-01,2.983025262335084699e+04,-7.156391437697496258e+03
4.395746418771585822e+07,-2.206946033741712110e-01,-9.146354274708886622e-01,2.985067100380456759e+04,-7.074358222460879915e+03
4.397008838765489310e+07,-2.181738870239188777e-01,-9.152271884989330308e-01,2.987087317719719067e+04,-6.992271455933465404e+03
4.398271258759392798e+07,-2.156514860582281756e-01,-9.158119689194300639e-01,2.989085855096829982e+04,-6.910131574864909453e+03
4.399533678753296286e+07,-2.131274208691305294e-01,-9.163897649041391480e-01,2.991062653758804663e+04,-6.827939017538721600e+03
4.400796098747199029e+07,-2.106017118441223801e-01,-9.169605726696444803e-01,2.993017655455712156e+04,-6.745694223772318765e+03
4.402058518741102517e+07,-2.080743793661593288e-01,-9.175243884773570668e-01,2.994950802440681218e+04,-6.663397634916824245e+03
4.403320938735006005e+07,-2.055454438136651019e-01,-9.180812086335119471e-01,2.996862037469893767e+04,-6.581049693857369675e+03
4.404583358728909492e+07,-2.030149255605253888e-01,-9.186310294891699701e-01,2.998751303802587790e+04,-6.498650845012891295e+03
4.405845778722812980e+07,-2.004828449760895914e-01,-9.191738474402177950e-01,3.000618545201058078e+04,-6.416201534336181794e+03
4.407108198716716468e+07,-1.979492224251707400e-01,-9.197096589273668910e-01,3.002463705930655487e+04,-6.333702209313889398e+03
4.408370618710619956e+07,-1.954140782680452715e-01,-9.202384604361545373e-01,3.004286730759786224e+04,-6.251153318966524239e+03
4.409633038704522699e+07,-1.928774328604549448e-01,-9.207602484969429346e-01,3.006087564959912197e+04,-6.168555313848493824e+03
4.410895458698426187e+07,-1.903393065536004847e-01,-9.212750196849208706e-01,3.007866154305553937e+04,-6.085908646047921138e+03
4.412157878692329675e+07,-1.877997196941507407e-01,-9.217827706201012772e-01,3.009622445074284769e+04,-6.003213769186930222e+03
4.413420298686233163e+07,-1.852586926242366372e-01,-9.222834979673230071e-01,3.011356384046735911e+04,-5.920471138421453361e+03
4.414682718680136651e+07,-1.827162456814527824e-01,-9.227771984362502788e-01,3.013067918506593560e+04,-5.837681210441280200e+03
4.415945138674040139e+07,-1.801723991988572193e-01,-9.232638687813728984e-01,3.014756996240600711e+04,-5.754844443470054102e+03
4.417207558667943627e+07,-1.776271735049717859e-01,-9.237435058020055934e-01,3.016423565538555704e+04,-5.671961297265279427e+03
4.418469978661847115e+07,-1.750805889237817825e-01,-9.242161063422889011e-01,3.018067575193313314e+04,-5.589032233118310614e+03
4.419732398655749857e+07,-1.725326657747376091e-01,-9.246816672911887247e-01,3.019688974500782933e+04,-5.506057713854413123e+03
4.420994818649653345e+07,-1.699834243727487981e-01,-9.251401855824965548e-01,3.021287713259933662e+04,-5.423038203832562431e+03
4.422257238643556833e+07,-1.674328850281929792e-01,-9.255916581948289146e-01,3.022863741772787034e+04,-5.339974168945731435e+03
4.423519658637460321e+07,-1.648810680469098844e-01,-9.260360821516280261e-01,3.024417010844421748e+04,-5.256866076620704916e+03
4.424782078631363809e+07,-1.623279937302027909e-01,-9.264734545211610328e-01,3.025947471782972207e+04,-5.173714395818124103e+03
4.426044498625267297e+07,-1.597736823748386603e-01,-9.269037724165213321e-01,3.027455076399629615e+04,-5.090519597032487582e+03
4.427306918619170785e+07,-1.572181542730479442e-01,-9.273270329956269098e-01,3.028939777008640522e+04,-5.007282152292145838e+03
4.428569338613073528e+07,-1.546614297125263049e-01,-9.277432334612214504e-01,3.030401526427306453e+04,-4.924002535159360377e+03
4.429831758606977016e+07,-1.521035289764283982e-01,-9.281523710608744482e-01,3.031840277975987919e+04,-4.840681220730099994e+03
4.431094178600880504e+07,-1.495444723433770329e-01,-9.285544430869805410e-01,3.033255985478099319e+04,-4.757318685634335452e+03
4.432356598594783992e+07,-1.469842800874570921e-01,-9.289494468767592883e-01,3.034648603260110758e+04,-4.673915408035846667e+03
4.433619018588687479e+07,-1.444229724782170599e-01,-9.293373798122560592e-01,3.036018086151549142e+04,-4.590471867632270005e+03
4.434881438582590967e+07,-1.418605697806690213e-01,-9.297182393203421436e-01,3.037364389484997810e+04,-4.506988545655098278e+03
4.436143858576494455e+07,-1.392970922552886903e-01,-9.300920228727134198e-01,3.038687469096094355e+04,-4.423465924869679839e+03
4.437406278570397198e+07,-1.367325601580168803e-01,-9.304587279858912430e-01,3.039987281323533898e+04,-4.339904489575271327e+03
4.438668698564300686e+07,-1.341669937402533430e-01,-9.308183522212231109e-01,3.041263783009068356e+04,-4.256304725604832129e+03
4.439931118558204174e+07,-1.316004132488661216e-01,-9.311708931848813320e-01,3.042516931497503538e+04,-4.172667120325333599e+03
4.441193538552107662e+07,-1.290328389261852782e-01,-9.315163485278638023e-01,3.043746684636702048e+04,-4.088992162637551701e+03
4.442455958546011150e+07,-1.264642910100044482e-01,-9.318547159459936724e-01,3.044953000777583293e+04,-4.005280342976114298e+03
4.443718378539914638e+07,-1.238947897335808818e-01,-9.321859931799195698e-01,3.046135838774121657e+04,-3.921532153309512978e+03
4.444980798533818126e+07,-1.213243553256355134e-01,-9.325101780151157094e-01,3.047295157983348327e+04,-3.837748087140090320e+03
4.446243218527720869e+07,-1.187530080103542246e-01,-9.328272682818813388e-01,3.048430918265348737e+04,-3.753928639504096282e+03
4.447505638521624357e+07,-1.161807680073820986e-01,-9.331372618553418485e-01,3.049543079983267671e+04,-3.670074306971493570e+03
4.448768058515527844e+07,-1.136076555318322467e-01,-9.334401566554469953e-01,3.050631604003303073e+04,-3.586185587646238673e+03
4.450030478509431332e+07,-1.110336907942798962e-01,-9.337359506469730119e-01,3.051696451694710049e+04,-3.502262981166109967e+03
4.451292898503334820e+07,-1.084588940007639724e-01,-9.340246418395206085e-01,3.052737584929799050e+04,-3.418306988702728631e+03
4.452555318497238308e+07,-1.058832853527867934e-01,-9.343062282875167490e-01,3.053754966083936961e+04,-3.334318112961582301e+03
4.453817738491141796e+07,-1.033068850473144312e-01,-9.345807080902129860e-01,3.054748558035546739e+04,-3.250296858182007782e+03
4.455080158485044539e+07,-1.007297132767781128e-01,-9.348480793916867926e-01,3.055718324166106686e+04,-3.166243730137251987e+03
4.456342578478948027e+07,-9.815179022906782291e-02,-9.351083403808412298e-01,3.056664228360152629e+04,-3.082159236134270031e+03
4.457604998472851515e+07,-9.557313608754211542e-02,-9.353614892914040579e-01,3.057586235005275012e+04,-2.998043885014018997e+03
4.458867418466755003e+07,-9.299377103102128561e-02,-9.356075244019292914e-01,3.058484308992121078e+04,-2.913898187151266939e+03
4.460129838460658491e+07,-9.041371523378935460e-02,-9.358464440357956438e-01,3.059358415714393050e+04,-2.829722654454636540e+03
4.461392258454561979e+07,-8.783298886559394447e-02,-9.360782465612078607e-01,3.060208521068850678e+04,-2.745517800366606025e+03
4.462654678448465466e+07,-8.525161209164625054e-02,-9.363029303911953871e-01,3.061034591455307600e+04,-2.661284139863509154e+03
4.463917098442368954e+07,-8.266960507262112456e-02,-9.365204939836136999e-01,3.061836593776636073e+04,-2.577022189455539774e+03
4.465179518436271697e+07,-8.008698796465840708e-02,-9.367309358411431974e-01,3.062614495438761514e+04,-2.492732467186796384e+03
4.466441938430175185e+07,-7.750378091935702929e-02,-9.369342545112903098e-01,3.063368264350668323e+04,-2.408415492635085684e+03
4.467704358424078673e+07,-7.492000408378420018e-02,-9.371304485863866107e-01,3.064097868924395152e+04,-2.324071786912217249e+03
4.468966778417982161e+07,-7.233567760046905049e-02,-9.373195167035884845e-01,3.064803278075036360e+04,-2.239701872663807990e+03
4.470229198411885649e+07,-6.975082160740433967e-02,-9.375014575448785692e-01,3.065484461220743106e+04,-2.155306274069334904e+03
4.471491618405789137e+07,-6.716545623804648368e-02,-9.376762698370645355e-01,3.066141388282722619e+04,-2.070885516842127799e+03
4.472754038399692625e+07,-6.457960162131538839e-02,-9.378439523517791976e-01,3.066774029685237474e+04,-1.986440128229371112e+03
4.474016458393595368e+07,-6.199327788159625374e-02,-9.380045039054815126e-01,3.067382356355606316e+04,-1.901970637012165753e+03
4.475278878387498856e+07,-5.940650513873304422e-02,-9.381579233594553591e-01,3.067966339724204954e+04,-1.817477573505307191e+03
4.476541298381402344e+07,-5.681930350803823804e-02,-9.383042096198099813e-01,3.068525951724464176e+04,-1.732961469557601959e+03
4.477803718375305831e+07,-5.423169310028606860e-02,-9.384433616374799891e-01,3.069061164792870841e+04,-1.648422858551670288e+03
4.479066138369209319e+07,-5.164369402171450907e-02,-9.385753784082260243e-01,3.069571951868967881e+04,-1.563862275403970671e+03
4.480328558363112807e+07,-4.905532637402514051e-02,-9.387002589726330948e-01,3.070058286395354298e+04,-1.479280256564840784e+03
4.481590978357016295e+07,-4.646661025438298537e-02,-9.388180024161127957e-01,3.070520142317684804e+04,-1.394677340018455652e+03
4.482853398350919038e+07,-4.387756575541858217e-02,-9.389286078689007553e-01,3.070957494084670907e+04,-1.310054065282910415e+03
4.484115818344822526e+07,-4.128821296522094259e-02,-9.390320745060595220e-01,3.071370316648079461e+04,-1.225410973409996586e+03
4.485378238338726014e+07,-3.869857196734764748e-02,-9.391284015474762326e-01,3.071758585462733390e+04,-1.140748606985520382e+03
4.486640658332629502e+07,-3.610866284081826194e-02,-9.392175882578630564e-01,3.072122276486512055e+04,-1.056067510129087168e+03
4.487903078326532990e+07,-3.351850566011586874e-02,-9.392996339467584166e-01,3.072461366180350160e+04,-9.713682284941678517e+02
4.489165498320436478e+07,-3.092812049518712733e-02,-9.393745379685257690e-01,3.072775831508239207e+04,-8.866513092680779664e+02
4.490427918314339966e+07,-2.833752741144251672e-02,-9.394422997223539351e-01,3.073065649937225317e+04,-8.019173011720013164e+02
4.491690338308242708e+07,-2.574674646975726525e-02,-9.395029186522571019e-01,3.073330799437412497e+04,-7.171667544610172627e+02
4.492952758302146196e+07,-2.315579772646608053e-02,-9.395563942470750440e-01,3.073571258481959012e+04,-6.324002209239242802e+02
4.494215178296049684e+07,-2.056470123337138939e-02,-9.396027260404730130e-01,3.073787006047081013e+04,-5.476182538835128071e+02
4.495477598289953172e+07,-1.797347703773799488e-02,-9.396419136109411818e-01,3.073978021612048542e+04,-4.628214081963924400e+02
4.496740018283856660e+07,-1.538214518229418307e-02,-9.396739565817956441e-01,3.074144285159189167e+04,-3.780102402530210384e+02
4.498002438277760148e+07,-1.279072570523185487e-02,-9.396988546211779703e-01,3.074285777173886163e+04,-2.931853079777229141e+02
4.499264858271663636e+07,-1.019923864020653645e-02,-9.397166074420545412e-01,3.074402478644578150e+04,-2.083471708286651847e+02
4.500527278265567124e+07,-7.607704016337318506e-03,-9.397272148022177696e-01,3.074494371062760547e+04,-1.234963897978759633e+02
4.501789698259469867e+07,-5.016141858208294363e-03,-9.397306765042851007e-01,3.074561436422984480e+04,-3.863352741130074719e+01
4.503052118253373355e+07,-2.424572185862944231e-03,-9.397269923956994564e-01,3.074603657222856782e+04,4.624085227142313670e+01
4.504314538247276843e+07,1.669849851876529059e-04,-9.397161623687295684e-01,3.074621016463041087e+04,1.311261836566445709e+02
4.505576958241180331e+07,2.758509643969816408e-03,-9.396981863604687568e-01,3.074613497647256008e+04,2.160218996169060119e+02
4.506839378235083818e+07,5.349981784046397432e-03,-9.396730643528365956e-01,3.074581084782276957e+04,3.009274314908961969e+02
4.508101798228987306e+07,7.941381403516982809e-03,-9.396407963725774692e-01,3.074523762377935054e+04,3.858422090834446863e+02
4.509364218222890794e+07,1.053268850501708209e-02,-9.396013824912614609e-01,3.074441515447117854e+04,4.707656606655218638e+02
4.510626638216793537e+07,1.312388309571730326e-02,-9.395548228252843526e-01,3.074334329505767528e+04,5.556972129742025572e+02
4.511889058210697025e+07,1.571494518732943074e-02,-9.395011175358665145e-01,3.074202190572884501e+04,6.406362912128461176e+02
4.513151478204600513e+07,1.830585479609688274e-02,-9.394402668290545710e-01,3.074045085170523089e+04,7.255823190508035623e+02
4.514413898198504001e+07,2.089659194280068383e-02,-9.393722709557199568e-01,3.073863000323794404e+04,8.105347186236231209e+02
4.515676318192407489e+07,2.348713665275889775e-02,-9.392971302115598053e-01,3.073655923560866358e+04,8.954929105329974846e+02
4.516938738186310977e+07,2.607746895582566116e-02,-9.392148449370968377e-01,3.073423842912961481e+04,9.804563138467619865e+02
4.518201158180214465e+07,2.866756888639144032e-02,-9.391254155176786966e-01,3.073166746914359101e+04,1.065424346098894603e+03
4.519463578174117208e+07,3.125741648338165035e-02,-9.390288423834789455e-01,3.072884624602394979e+04,1.150396423289472295e+03
4.520725998168020695e+07,3.384699179026277177e-02,-9.389251260094959584e-01,3.072577465517459859e+04,1.235371959884852913e+03
4.521988418161924183e+07,3.643627485503309060e-02,-9.388142669155543629e-01,3.072245259703000920e+04,1.320350368817404160e+03
4.523250838155827671e+07,3.902524573022873172e-02,-9.386962656663031535e-01,3.071887997705521411e+04,1.405331061485669125e+03
4.524513258149731159e+07,4.161388447292226067e-02,-9.385711228712175780e-01,3.071505670574581018e+04,1.490313447754349909e+03
4.525775678143634647e+07,4.420217114472251713e-02,-9.384388391845982502e-01,3.071098269862794405e+04,1.575296935954282162e+03
4.527038098137538135e+07,4.679008581177517695e-02,-9.382994153055704833e-01,3.070665787625833036e+04,1.660280932882455090e+03
4.528300518131440878e+07,4.937760854476041378e-02,-9.381528519780859554e-01,3.070208216422424448e+04,1.745264843801938696e+03
4.529562938125344366e+07,5.196471941889941465e-02,-9.379991499909210440e-01,3.069725549314351520e+04,1.830248072442107514e+03
4.530825358119247854e+07,5.455139851394531086e-02,-9.378383101776776032e-01,3.069217779866453930e+04,1.915230020998324107e+03
4.532087778113151342e+07,5.713762591418898584e-02,-9.376703334167832971e-01,3.068684902146626700e+04,2.000210090132144614e+03
4.533350198107054830e+07,5.972338170845796490e-02,-9.374952206314909331e-01,3.068126910725820926e+04,2.085187678971267815e+03
4.534612618100958318e+07,6.230864599011604749e-02,-9.373129727898784624e-01,3.067543800678044136e+04,2.170162185109542406e+03
4.535875038094861805e+07,6.489339885706341127e-02,-9.371235909048500901e-01,3.066935567580359930e+04,2.255133004606956092e+03
4.537137458088764548e+07,6.747762041173506475e-02,-9.369270760341343873e-01,3.066302207512887253e+04,2.340099531989586467e+03
4.538399878082668036e+07,7.006129076110717557e-02,-9.367234292802861795e-01,3.065643717058801485e+04,2.425061160249808381e+03
4.539662298076571524e+07,7.264439001668772378e-02,-9.365126517906852133e-01,3.064960093304334077e+04,2.510017280845991991e+03
4.540924718070475012e+07,7.522689829452233745e-02,-9.362947447575368232e-01,3.064251333838772189e+04,2.594967283702697387e+03
4.542187138064378500e+07,7.780879571519341842e-02,-9.360697094178717093e-01,3.063517436754459050e+04,2.679910557210629122e+03
4.543449558058281988e+07,8.039006240381954549e-02,-9.358375470535459373e-01,3.062758400646794325e+04,2.764846488226638030e+03
4.544711978052185476e+07,8.297067849005576590e-02,-9.355982589912410496e-01,3.061974224614233026e+04,2.849774462073712129e+03
4.545974398046088964e+07,8.555062410809342877e-02,-9.353518466024641764e-01,3.061164908258286960e+04,2.934693862540994814e+03
4.547236818039991707e+07,8.812987939665901937e-02,-9.350983113035477023e-01,3.060330451683523643e+04,3.019604071883706638e+03
4.548499238033895195e+07,9.070842449901968252e-02,-9.348376545556489337e-01,3.059470855497565572e+04,3.104504470823376323e+03
4.549761658027798682e+07,9.328623956297477093e-02,-9.345698778647515415e-01,3.058586120811092769e+04,3.189394438547518803e+03
4.551024078021702170e+07,9.586330474086103559e-02,-9.342949827816640074e-01,3.057676249237840238e+04,3.274273352709840765e+03
4.552286498015605658e+07,9.843960018955209834e-02,-9.340129709020200677e-01,3.056741242894600146e+04,3.359140589430202454e+03
4.553548918009509146e+07,1.010151060704579107e-01,-9.337238438662792683e-01,3.055781104401218909e+04,3.443995523294588565e+03
4.554811338003412634e+07,1.035898025495245595e-01,-9.334276033597266320e-01,3.054795836880600473e+04,3.528837527355150087e+03
4.556073757997315377e+07,1.061636697972332399e-01,-9.331242511124724359e-01,3.053785443958704855e+04,3.613665973130113343e+03
4.557336177991218865e+07,1.087366879886062648e-01,-9.328137888994521010e-01,3.052749929764546323e+04,3.698480230604011012e+03
4.558598597985122353e+07,1.113088373031974193e-01,-9.324962185404266357e-01,3.051689298930196674e+04,3.783279668227361981e+03
4.559861017979025841e+07,1.138800979250985390e-01,-9.321715418999824143e-01,3.050603556590783410e+04,3.868063652916876890e+03
4.561123437972929329e+07,1.164504500429379835e-01,-9.318397608875317317e-01,3.049492708384490106e+04,3.952831550055421758e+03
4.562385857966832817e+07,1.190198738498804559e-01,-9.315008774573114714e-01,3.048356760452556045e+04,4.037582723491987053e+03
4.563648277960736305e+07,1.215883495436271139e-01,-9.311548936083847705e-01,3.047195719439276945e+04,4.122316535541731355e+03
4.564910697954639047e+07,1.241558573264137377e-01,-9.308018113846394659e-01,3.046009592492004958e+04,4.207032346985874028e+03
4.566173117948542535e+07,1.267223774050175444e-01,-9.304416328747888709e-01,3.044798387261145763e+04,4.291729517071964437e+03
4.567435537942446023e+07,1.292878899907469736e-01,-9.300743602123723308e-01,3.043562111900164018e+04,4.376407403513516329e+03
4.568697957936349511e+07,1.318523752994490428e-01,-9.296999955757538903e-01,3.042300775065578637e+04,4.461065362490257030e+03
4.569960377930252999e+07,1.344158135515067243e-01,-9.293185411881234037e-01,3.041014385916965693e+04,4.545702748648041961e+03
4.571222797924156487e+07,1.369781849718396671e-01,-9.289299993174959802e-01,3.039702954116956607e+04,4.630318915098876460e+03
4.572485217918059975e+07,1.395394697899035030e-01,-9.285343722767123165e-01,3.038366489831238505e+04,4.714913213420917600e+03
4.573747637911962718e+07,1.420996482396893190e-01,-9.281316624234383639e-01,3.037005003728556039e+04,4.799484993658397798e+03
4.575010057905866206e+07,1.446587005597288478e-01,-9.277218721601655504e-01,3.035618506980707025e+04,4.884033604321859457e+03
4.576272477899769694e+07,1.472166069930855858e-01,-9.273050039342105588e-01,3.034207011262547894e+04,4.968558392387833010e+03
4.577534897893673182e+07,1.497733477873611496e-01,-9.268810602377156593e-01,3.032770528751990059e+04,5.053058703299038825e+03
4.578797317887576669e+07,1.523289031946933325e-01,-9.264500436076483769e-01,3.031309072130001005e+04,5.137533880964345371e+03
4.580059737881480157e+07,1.548832534717566878e-01,-9.260119566258019352e-01,3.029822654580604649e+04,5.221983267758763759e+03
4.581322157875383645e+07,1.574363788797618624e-01,-9.255668019187948126e-01,3.028311289790879891e+04,5.306406204523440465e+03
4.582584577869287133e+07,1.599882596844560412e-01,-9.251145821580705197e-01,3.026774991950962794e+04,5.390802030565686437e+03
4.583846997863189876e+07,1.625388761561211703e-01,-9.246553000598991545e-01,3.025213775754045855e+04,5.475170083658877047e+03
4.585109417857093364e+07,1.650882085695802581e-01,-9.241889583853745149e-01,3.023627656396374732e+04,5.559509700042704935e+03
4.586371837850996852e+07,1.676362372041884929e-01,-9.237155599404168749e-01,3.022016649577253702e+04,5.643820214422848949e+03
4.587634257844900340e+07,1.701829423438381284e-01,-9.232351075757717629e-01,3.020380771499042748e+04,5.728100959971179691e+03
4.588896677838803828e+07,1.727283042769583998e-01,-9.227476041870105172e-01,3.018720038867157200e+04,5.812351268325704950e+03
4.590159097832707316e+07,1.752723032965152195e-01,-9.222530527145289536e-01,3.017034468890068456e+04,5.896570469590589710e+03
4.591421517826610804e+07,1.778149197000102599e-01,-9.217514561435489195e-01,3.015324079279304715e+04,5.980757892336132500e+03
4.592683937820513546e+07,1.803561337894805938e-01,-9.212428175041182943e-01,3.013588888249450247e+04,6.064912863598734475e+03
4.593946357814417034e+07,1.828959258715039116e-01,-9.207271398711083243e-01,3.011828914518142483e+04,6.149034708881077677e+03
4.595208777808320522e+07,1.854342762571898895e-01,-9.202044263642179533e-01,3.010044177306078564e+04,6.233122752151848545e+03
4.596471197802224010e+07,1.879711652621861850e-01,-9.196746801479700473e-01,3.008234696337009882e+04,6.317176315845919817e+03
4.597733617796127498e+07,1.905065732066768547e-01,-9.191379044317135039e-01,3.006400491837743903e+04,6.401194720864315968e+03
4.598996037790030986e+07,1.930404804153819653e-01,-9.185941024696229196e-01,3.004541584538144525e+04,6.485177286574189566e+03
4.600258457783934474e+07,1.955728672175587046e-01,-9.180432775606974793e-01,3.002657995671131357e+04,6.569123330808854007e+03
4.601520877777837217e+07,1.981037139469986053e-01,-9.174854330487626219e-01,3.000749746972681169e+04,6.653032169867710763e+03
4.602783297771740705e+07,2.006330009420342897e-01,-9.169205723224682636e-01,2.998816860681823528e+04,6.736903118516449467e+03
4.604045717765644193e+07,2.031607085455302830e-01,-9.163486988152904633e-01,2.996859359540646983e+04,6.820735489986756875e+03
4.605308137759547681e+07,2.056868171048888416e-01,-9.157698160055304237e-01,2.994877266794295065e+04,6.904528595976513316e+03
4.606570557753451169e+07,2.082113069720491760e-01,-9.151839274163150462e-01,2.992870606190968101e+04,6.988281746649747220e+03
4.607832977747354656e+07,2.107341585034862019e-01,-9.145910366155961535e-01,2.990839401981921401e+04,7.071994250636616925e+03
4.609095397741258144e+07,2.132553520602116226e-01,-9.139911472161512673e-01,2.988783678921466344e+04,7.155665415033443423e+03
4.610357817735160887e+07,2.157748680077717918e-01,-9.133842628755838300e-01,2.986703462266972929e+04,7.239294545402623044e+03
4.611620237729064375e+07,2.182926867162545415e-01,-9.127703872963213172e-01,2.984598777778861040e+04,7.322880945772856649e+03
4.612882657722967863e+07,2.208087885602788847e-01,-9.121495242256176805e-01,2.982469651720612819e+04,7.406423918638836767e+03
4.614145077716871351e+07,2.233231539190023984e-01,-9.115216774555522372e-01,2.980316110858763204e+04,7.489922764961447683e+03
4.615407497710774839e+07,2.258357631761182815e-01,-9.108868508230294481e-01,2.978138182462904660e+04,7.573376784167714504e+03
4.616669917704678327e+07,2.283465967198568813e-01,-9.102450482097793616e-01,2.975935894305684269e+04,7.656785274150806799e+03
4.617932337698581815e+07,2.308556349429844445e-01,-9.095962735423572809e-01,2.973709274662806274e+04,7.740147531270049512e+03
4.619194757692484558e+07,2.333628582428027565e-01,-9.089405307921442079e-01,2.971458352313031355e+04,7.823462850350850204e+03
4.620457177686388046e+07,2.358682470211534987e-01,-9.082778239753458438e-01,2.969183156538172625e+04,7.906730524684899137e+03
4.621719597680291533e+07,2.383717816844111992e-01,-9.076081571529939218e-01,2.966883717123103634e+04,7.989949846029903711e+03
4.622982017674195021e+07,2.408734426434880060e-01,-9.069315344309455407e-01,2.964560064355752183e+04,8.073120104609755799e+03
4.624244437668098509e+07,2.433732103138319947e-01,-9.062479599598832758e-01,2.962212229027101785e+04,8.156240589114469913e+03
4.625506857662001997e+07,2.458710651154285554e-01,-9.055574379353147352e-01,2.959840242431191655e+04,8.239310586700241402e+03
4.626769277655905485e+07,2.483669874727985616e-01,-9.048599725975732255e-01,2.957444136365118902e+04,8.322329382989380974e+03
4.628031697649808973e+07,2.508609578149997299e-01,-9.041555682318174192e-01,2.955023943129034524e+04,8.405296262070354715e+03
4.629294117643711716e+07,2.533529565756248991e-01,-9.034442291680317982e-01,2.952579695526147771e+04,8.488210506497725873e+03
4.630556537637615204e+07,2.558429641928073317e-01,-9.027259597810249891e-01,2.950111426862719600e+04,8.571071397292329493e+03
4.631818957631518692e+07,2.583309611092126645e-01,-9.020007644904322053e-01,2.947619170948071769e+04,8.653878213941025024e+03
4.633081377625422180e+07,2.608169277720437940e-01,-9.012686477607139146e-01,2.945102962094579561e+04,8.736630234396830929e+03
4.634343797619325668e+07,2.633008446330409313e-01,-9.005296141011557287e-01,2.942562835117675422e+04,8.819326735078942875e+03
4.635606217613229156e+07,2.657826921484798266e-01,-8.997836680658687358e-01,2.939998825335846414e+04,8.901966990872686438e+03
4.636868637607132643e+07,2.682624507791730450e-01,-8.990308142537895009e-01,2.937410968570637124e+04,8.984550275129528018e+03
4.638131057601035386e+07,2.707401009904681910e-01,-8.982710573086803985e-01,2.934799301146648577e+04,9.067075859667016630e+03
4.639393477594938874e+07,2.732156232522531814e-01,-8.975044019191278366e-01,2.932163859891533502e+04,9.149543014769024012e+03
4.640655897588842362e+07,2.756889980389484740e-01,-8.967308528185451433e-01,2.929504682136005795e+04,9.231951009185384464e+03
4.641918317582745850e+07,2.781602058295124524e-01,-8.959504147851704570e-01,2.926821805713832873e+04,9.314299110132153146e+03
4.643180737576649338e+07,2.806292271074392053e-01,-8.951630926420671708e-01,2.924115268961838592e+04,9.396586583291500574e+03
4.644443157570552826e+07,2.830960423607599696e-01,-8.943688912571243765e-01,2.921385110719903241e+04,9.478812692811767192e+03
4.645705577564456314e+07,2.855606320820419652e-01,-8.935678155430567537e-01,2.918631370330962818e+04,9.560976701307426993e+03
4.646967997558359057e+07,2.880229767683874509e-01,-8.927598704574041255e-01,2.915854087641010119e+04,9.643077869859036582e+03
4.648230417552262545e+07,2.904830569214396641e-01,-8.919450610025311255e-01,2.913053302999090738e+04,9.725115458013457101e+03
4.649492837546166033e+07,2.929408530473734396e-01,-8.911233922256286411e-01,2.910229057257309614e+04,9.807088723783534078e+03
4.650755257540069520e+07,2.953963456569017043e-01,-8.902948692187128144e-01,2.907381391770827031e+04,9.888996923648341181e+03
4.652017677533973008e+07,2.978495152652740341e-01,-8.894594971186251531e-01,2.904510348397858252e+04,9.970839312553038326e+03
4.653280097527876496e+07,3.003003423922762094e-01,-8.886172811070324196e-01,2.901615969499676430e+04,1.005261514390897355e+04
4.654542517521779984e+07,3.027488075622301600e-01,-8.877682264104268528e-01,2.898698297940608609e+04,1.013432366959362116e+04
4.655804937515682727e+07,3.051948913039930766e-01,-8.869123383001268346e-01,2.895757377088040812e+04,1.021596413995055264e+04
4.657067357509586215e+07,3.076385741509629068e-01,-8.860496220922743360e-01,2.892793250812409315e+04,1.029753580378963306e+04
4.658329777503489703e+07,3.100798366410696949e-01,-8.851800831478383591e-01,2.889805963487211920e+04,1.037903790838670830e+04
4.659592197497393191e+07,3.125186593167809113e-01,-8.843037268726128275e-01,2.886795559989001049e+04,1.046046969948384503e+04
4.660854617491296679e+07,3.149550227251008971e-01,-8.834205587172171414e-01,2.883762085697384100e+04,1.054183042128923262e+04
4.662117037485200167e+07,3.173889074175703096e-01,-8.825305841770960669e-01,2.880705586495025636e+04,1.062311931647720121e+04
4.663379457479103655e+07,3.198202939502660103e-01,-8.816338087925195133e-01,2.877626108767644837e+04,1.070433562618824362e+04
4.664641877473007143e+07,3.222491628838013988e-01,-8.807302381485833109e-01,2.874523699404018771e+04,1.078547859002897530e+04
4.665904297466909885e+07,3.246754947833249694e-01,-8.798198778752088778e-01,2.871398405795980580e+04,1.086654744607211978e+04
4.667166717460813373e+07,3.270992702185256396e-01,-8.789027336471414431e-01,2.868250275838414746e+04,1.094754143085669057e+04
4.668429137454716861e+07,3.295204697636248126e-01,-8.779788111839533782e-01,2.865079357929266916e+04,1.102845977938769283e+04
4.669691557448620349e+07,3.319390739973810955e-01,-8.770481162500420869e-01,2.861885700969538084e+04,1.110930172513631624e+04
4.670953977442523837e+07,3.343550635030902440e-01,-8.761106546546300056e-01,2.858669354363283128e+04,1.119006650003990944e+04
4.672216397436427325e+07,3.367684188685838298e-01,-8.751664322517651584e-01,2.855430368017614819e+04,1.127075333450196194e+04
4.673478817430330813e+07,3.391791206862302954e-01,-8.742154549403210462e-01,2.852168792342701272e+04,1.135136145739209678e+04
4.674741237424233556e+07,3.415871495529327895e-01,-8.732577286639969794e-01,2.848884678251767764e+04,1.143189009604604507e+04
4.676003657418137044e+07,3.439924860701349951e-01,-8.722932594113160798e-01,2.845578077161091278e+04,1.151233847626581337e+04
4.677266077412040532e+07,3.463951108438131921e-01,-8.713220532156288334e-01,2.842249040990009598e+04,1.159270582231941808e+04
4.678528497405944020e+07,3.487950044844809194e-01,-8.703441161551100924e-01,2.838897622160914761e+04,1.167299135694106371e+04
4.679790917399847507e+07,3.511921476071888093e-01,-8.693594543527605190e-01,2.835523873599254512e+04,1.175319430133108835e+04
4.681053337393750995e+07,3.535865208315230324e-01,-8.683680739764056966e-01,2.832127848733534120e+04,1.183331387515599272e+04
4.682315757387654483e+07,3.559781047816070743e-01,-8.673699812386973518e-01,2.828709601495312381e+04,1.191334929654840744e+04
4.683578177381557226e+07,3.583668800860983494e-01,-8.663651823971124655e-01,2.825269186319207802e+04,1.199329978210705667e+04
4.684840597375460714e+07,3.607528273781963057e-01,-8.653536837539521631e-01,2.821806658142888773e+04,1.207316454689696184e+04
4.686103017369364202e+07,3.631359272956313777e-01,-8.643354916563447121e-01,2.818322072407085579e+04,1.215294280444914330e+04
4.687365437363267690e+07,3.655161604806722586e-01,-8.633106124962428574e-01,2.814815485055582030e+04,1.223263376676080588e+04
4.688627857357171178e+07,3.678935075801239574e-01,-8.622790527104248204e-01,2.811286952535218370e+04,1.231223664429529163e+04
4.689890277351074666e+07,3.702679492453280208e-01,-8.612408187804948545e-01,2.807736531795890551e+04,1.239175064598210884e+04
4.691152697344978154e+07,3.726394661321623669e-01,-8.601959172328816905e-01,2.804164280290550960e+04,1.247117497921689574e+04
4.692415117338880897e+07,3.750080389010397863e-01,-8.591443546388407571e-01,2.800570255975209875e+04,1.255050884986137316e+04
4.693677537332784384e+07,3.773736482169138262e-01,-8.580861376144508501e-01,2.796954517308927097e+04,1.262975146224357377e+04
4.694939957326687872e+07,3.797362747492700197e-01,-8.570212728206179076e-01,2.793317123253825048e+04,1.270890201915751459e+04
4.696202377320591360e+07,3.820958991721320475e-01,-8.559497669630727890e-01,2.789658133275080036e+04,1.278795972186341896e+04
4.697464797314494848e+07,3.844525021640596840e-01,-8.548716267923719414e-01,2.785977607340924442e+04,1.286692377008762196e+04
4.698727217308398336e+07,3.868060644081491306e-01,-8.537868591038968447e-01,2.782275605922645627e+04,1.294579336202263585e+04
4.699989637302301824e+07,3.891565665920331263e-01,-8.526954707378544551e-01,2.778552189994588844e+04,1.302456769432710280e+04
4.701252057296204567e+07,3.915039894078799487e-01,-8.515974685792778720e-01,2.774807421034155414e+04,1.310324596212576580e+04
4.702514477290108055e+07,3.938483135523969669e-01,-8.504928595580242279e-01,2.771041361021798002e+04,1.318182735900963962e+04
4.703776897284011543e+07,3.961895197268251456e-01,-8.493816506487767981e-01,2.767254072441031167e+04,1.326031107703575617e+04
4.705039317277915031e+07,3.985275886369426535e-01,-8.482638488710446678e-01,2.763445618278422262e+04,1.333869630672732819e+04
4.706301737271818519e+07,4.008625009930645300e-01,-8.471394612891617326e-01,2.759616062023596533e+04,1.341698223707372017e+04
4.707564157265722007e+07,4.031942375100416309e-01,-8.460084950122878089e-01,2.755765467669233476e+04,1.349516805553044105e+04
4.708826577259625494e+07,4.055227789072615163e-01,-8.448709571944075236e-01,2.751893899711069753e+04,1.357325294801912969e+04
4.710088997253528982e+07,4.078481059086481175e-01,-8.437268550343314244e-01,2.748001423147897367e+04,1.365123609892758031e+04
4.711351417247431725e+07,4.101701992426602938e-01,-8.425761957756960907e-01,2.744088103481566941e+04,1.372911669110968069e+04
4.712613837241335213e+07,4.124890396422977723e-01,-8.414189867069609141e-01,2.740154006716978620e+04,1.380689390588560491e+04
4.713876257235238701e+07,4.148046078450922103e-01,-8.402552351614136494e-01,2.736199199362094441e+04,1.388456692304151875e+04
4.715138677229142189e+07,4.171168845931129687e-01,-8.390849485171658628e-01,2.732223748427931059e+04,1.396213492082979792e+04
4.716401097223045677e+07,4.194258506329660019e-01,-8.379081341971551522e-01,2.728227721428560471e+04,1.403959707596894441e+04
4.717663517216949165e+07,4.217314867157941349e-01,-8.367247996691443701e-01,2.724211186381110747e+04,1.411695256364361558e+04
4.718925937210852653e+07,4.240337735972756206e-01,-8.355349524457217347e-01,2.720174211805767118e+04,1.419420055750459505e+04
4.720188357204755396e+07,4.263326920376243057e-01,-8.343386000843014960e-01,2.716116866725771615e+04,1.427134022966879274e+04
4.721450777198658884e+07,4.286282228015945717e-01,-8.331357501871214932e-01,2.712039220667416157e+04,1.434837075071936852e+04
4.722713197192562371e+07,4.309203466584730080e-01,-8.319264104012467076e-01,2.707941343660054918e+04,1.442529128970551392e+04
4.723975617186465859e+07,4.332090443820842407e-01,-8.307105884185669309e-01,2.703823306236096687e+04,1.450210101414259407e+04
4.725238037180369347e+07,4.354942967507886564e-01,-8.294882919757976536e-01,2.699685179431005599e+04,1.457879909001211126e+04
4.726500457174272835e+07,4.377760845474835683e-01,-8.282595288544795098e-01,2.695527034783302224e+04,1.465538468176173774e+04
4.727762877168176323e+07,4.400543885596024385e-01,-8.270243068809787212e-01,2.691348944334563203e+04,1.473185695230527199e+04
4.729025297162079066e+07,4.423291895791142680e-01,-8.257826339264872084e-01,2.687150980629422338e+04,1.480821506302259877e+04
4.730287717155982554e+07,4.446004684025274822e-01,-8.245345179070207031e-01,2.682933216715564413e+04,1.488445817375991464e+04
4.731550137149886042e+07,4.468682058308842131e-01,-8.232799667834220791e-01,2.678695726143735374e+04,1.496058544282938601e+04
4.732812557143789530e+07,4.491323826697634081e-01,-8.220189885613593539e-01,2.674438582967735420e+04,1.503659602700940013e+04
4.734074977137693018e+07,4.513929797292804968e-01,-8.207515912913254663e-01,2.670161861744421549e+04,1.511248908154447054e+04
4.735337397131596506e+07,4.536499778240877245e-01,-8.194777830686389430e-01,2.665865637533706467e+04,1.518826376014525522e+04
4.736599817125499994e+07,4.559033577733731524e-01,-8.181975720334440094e-01,2.661549985898557861e+04,1.526391921498856027e+04
4.737862237119402736e+07,4.581531004008606023e-01,-8.169109663707105895e-01,2.657214982905003126e+04,1.533945459671729623e+04
4.739124657113306224e+07,4.603991865348136536e-01,-8.156179743102320856e-01,2.652860705122116997e+04,1.541486905444063086e+04
4.740387077107209712e+07,4.626415970080290929e-01,-8.143186041266294861e-01,2.648487229622039013e+04,1.549016173573377091e+04
4.741649497101113200e+07,4.648803126578404665e-01,-8.130128641393481459e-01,2.644094633979961873e+04,1.556533178663808212e+04
4.742911917095016688e+07,4.671153143261183027e-01,-8.117007627126595626e-01,2.639682996274133257e+04,1.564037835166108562e+04
4.744174337088920176e+07,4.693465828592695011e-01,-8.103823082556599333e-01,2.635252395085858006e+04,1.571530057377645062e+04
4.745436757082823664e+07,4.715740991082372213e-01,-8.090575092222709319e-01,2.630802909499497036e+04,1.579009759442399081e+04
4.746699177076727152e+07,4.737978439285011056e-01,-8.077263741112401529e-01,2.626334619102466240e+04,1.586476855350965343e+04
4.747961597070629895e+07,4.760177981800757796e-01,-8.063889114661408897e-01,2.621847603985240494e+04,1.593931258940549014e+04
4.749224017064533383e+07,4.782339427275166810e-01,-8.050451298753696916e-01,2.617341944741343832e+04,1.601372883894983534e+04
4.750486437058436871e+07,4.804462584399110114e-01,-8.036950379721506943e-01,2.612817722467362546e+04,1.608801643744702596e+04
4.751748857052340358e+07,4.826547261908841202e-01,-8.023386444345330659e-01,2.608275018762937907e+04,1.616217451866757256e+04
4.753011277046243846e+07,4.848593268585976168e-01,-8.009759579853910072e-01,2.603713915730765802e+04,1.623620221484815920e+04
4.754273697040147334e+07,4.870600413257494821e-01,-7.996069873924241955e-01,2.599134495976598919e+04,1.631009865669161081e+04
4.755536117034050822e+07,4.892568504795742346e-01,-7.982317414681578960e-01,2.594536842609246014e+04,1.638386297336686403e+04
4.756798537027953565e+07,4.914497352118417650e-01,-7.968502290699434054e-01,2.589921039240574100e+04,1.645749429250898902e+04
4.758060957021857053e+07,4.936386764188613330e-01,-7.954624590999549438e-01,2.585287169985498258e+04,1.653099174021930594e+04
4.759323377015760541e+07,4.958236550014757937e-01,-7.940684405051948724e-01,2.580635319461998006e+04,1.660435444106517025e+04
4.760585797009664029e+07,4.980046518650650400e-01,-7.926681822774899189e-01,2.575965572791105660e+04,1.667758151808010734e+04
4.761848217003567517e+07,5.001816479195456688e-01,-7.912616934534922875e-01,2.571278015596909609e+04,1.675067209276379435e+04
4.763110636997471005e+07,5.023546240793703710e-01,-7.898489831146795481e-01,2.566572734006554674e+04,1.682362528508204196e+04
4.764373056991374493e+07,5.045235612635283751e-01,-7.884300603873546365e-01,2.561849814650241751e+04,1.689644021346681620e+04
4.765635476985277236e+07,5.066884403955445038e-01,-7.870049344426470750e-01,2.557109344661229625e+04,1.696911599481617668e+04
4.766897896979180723e+07,5.088492424034830597e-01,-7.855736144965088652e-01,2.552351411675825511e+04,1.704165174449447295e+04
4.768160316973084211e+07,5.110059482199412750e-01,-7.841361098097201499e-01,2.547576103833400703e+04,1.711404657633203169e+04
4.769422736966987699e+07,5.131585387820539745e-01,-7.826924296878854381e-01,2.542783509776379651e+04,1.718629960262540408e+04
4.770685156960891187e+07,5.153069950314927983e-01,-7.812425834814350489e-01,2.537973718650243609e+04,1.725840993413726392e+04
4.771947576954794675e+07,5.174512979144650915e-01,-7.797865805856241117e-01,2.533146820103528444e+04,1.733037668009643312e+04
4.773209996948698163e+07,5.195914283817155699e-01,-7.783244304405338987e-01,2.528302904287827187e+04,1.740219894819787805e+04
4.774472416942600906e+07,5.217273673885227669e-01,-7.768561425310713808e-01,2.523442061857791487e+04,1.747387584460266953e+04
4.775734836936504394e+07,5.238590958947064724e-01,-7.753817263869665632e-01,2.518564383971119969e+04,1.754540647393813924e+04
4.776997256930407882e+07,5.259865948646184064e-01,-7.739011915827774812e-01,2.513669962288575698e+04,1.761678993929764692e+04
4.778259676924311370e+07,5.281098452671488808e-01,-7.724145477378865365e-01,2.508758888973975991e+04,1.768802534224072588e+04
4.779522096918214858e+07,5.302288280757236905e-01,-7.709218045165018296e-01,2.503831256694193507e+04,1.775911178279307569e+04
4.780784516912118345e+07,5.323435242683051127e-01,-7.694229716276567155e-01,2.498887158619156253e+04,1.783004835944650404e+04
4.782046936906021833e+07,5.344539148273925733e-01,-7.679180588252099149e-01,2.493926688421850122e+04,1.790083416915898852e+04
4.783309356899924576e+07,5.365599807400203147e-01,-7.664070759078462913e-01,2.488949940278317081e+04,1.797146830735461117e+04
4.784571776893828064e+07,5.386617029977619486e-01,-7.648900327190741866e-01,2.483957008867649347e+04,1.804194986792369309e+04
4.785834196887731552e+07,5.407590625967244602e-01,-7.633669391472288623e-01,2.478947989372001757e+04,1.811227794322261616e+04
4.787096616881635040e+07,5.428520405375527602e-01,-7.618378051254711680e-01,2.473922977476583401e+04,1.818245162407390671e+04
4.788359036875538528e+07,5.449406178254276867e-01,-7.603026406317868746e-01,2.468882069369658348e+04,1.825246999976626103e+04
4.789621456869442016e+07,5.470247754700664489e-01,-7.587614556889870077e-01,2.463825361742547830e+04,1.832233215805451619e+04
4.790883876863345504e+07,5.491044944857230714e-01,-7.572142603647084025e-01,2.458752951789629151e+04,1.839203718515963556e+04
4.792146296857248992e+07,5.511797558911873951e-01,-7.556610647714130380e-01,2.453664937208333868e+04,1.846158416576874515e+04
4.793408716851151735e+07,5.532505407097849659e-01,-7.541018790663892579e-01,2.448561416199154337e+04,1.853097218303506088e+04
4.794671136845055223e+07,5.553168299693812537e-01,-7.525367134517482182e-01,2.443442487465629165e+04,1.860020031857808499e+04
4.795933556838958710e+07,5.573786047023741030e-01,-7.509655781744289937e-01,2.438308250214362124e+04,1.866926765248330776e+04
4.797195976832862198e+07,5.594358459456997279e-01,-7.493884835261953592e-01,2.433158804155009784e+04,1.873817326330242213e+04
4.798458396826765686e+07,5.614885347408302696e-01,-7.478054398436364547e-01,2.427994249500285514e+04,1.880691622805327643e+04
4.799720816820669174e+07,5.635366521337740187e-01,-7.462164575081666751e-01,2.422814686965957662e+04,1.887549562221984161e+04
4.800983236814572662e+07,5.655801791750764140e-01,-7.446215469460261138e-01,2.417620217770850286e+04,1.894391051975224764e+04
4.802245656808475405e+07,5.676190969198168235e-01,-7.430207186282810072e-01,2.412410943636848242e+04,1.901215999306671802e+04
4.803508076802378893e+07,5.696533864276162040e-01,-7.414139830708200707e-01,2.407186966788881909e+04,1.908024311304574076e+04
4.804770496796282381e+07,5.716830287626273321e-01,-7.398013508343606048e-01,2.401948389954947197e+04,1.914815894903783192e+04
4.806032916790185869e+07,5.737080049935410209e-01,-7.381828325244440547e-01,2.396695316366092447e+04,1.921590656885768476e+04
4.807295336784089357e+07,5.757283143277789339e-01,-7.365584448394191242e-01,2.391427598127245074e+04,1.928348816272015392e+04
4.808557756777992845e+07,5.777441196873543960e-01,-7.349282598617653539e-01,2.386142792404244028e+04,1.935093402145617802e+04
4.809820176771896333e+07,5.797554509451462446e-01,-7.332923067605535694e-01,2.380840257253942036e+04,1.941825131974716351e+04
4.811082596765799075e+07,5.817622915108413562e-01,-7.316505993693751542e-01,2.375519991699999082e+04,1.948543920449505094e+04
4.812345016759702563e+07,5.837646248359966705e-01,-7.300031515488500933e-01,2.370181995159709186e+04,1.955249682584753828e+04
4.813607436753606051e+07,5.857624344140317518e-01,-7.283499771866329686e-01,2.364826267444020050e+04,1.961942333719782619e+04
4.814869856747509539e+07,5.877557037802335627e-01,-7.266910901974082959e-01,2.359452808757521052e+04,1.968621789518477453e+04
4.816132276741413027e+07,5.897444165117554649e-01,-7.250265045228923011e-01,2.354061619698443974e+04,1.975287965969287325e+04
4.817394696735316515e+07,5.917285562276171085e-01,-7.233562341318326983e-01,2.348652701258665911e+04,1.981940779385223505e+04
4.818657116729220003e+07,5.937081065887043207e-01,-7.216802930200083566e-01,2.343226054823707091e+04,1.988580146403860272e+04
4.819919536723122746e+07,5.956830512977682179e-01,-7.199986952102305215e-01,2.337781682172735236e+04,1.995205983987329091e+04
4.821181956717026234e+07,5.976533740994294241e-01,-7.183114547523389293e-01,2.332319585478552472e+04,2.001818209422337168e+04
4.822444376710929722e+07,5.996190587801718541e-01,-7.166185857232078016e-01,2.326839767307614238e+04,2.008416740320141616e+04
4.823706796704833210e+07,6.015800891683462659e-01,-7.149201022267416272e-01,2.321342230620016926e+04,2.015001494616566197e+04
4.824969216698736697e+07,6.035364491341701498e-01,-7.132160183938761611e-01,2.315826978769500784e+04,2.021572390571997312e+04
4.826231636692640185e+07,6.054881225897269514e-01,-7.115063483825789792e-01,2.310294015503450282e+04,2.028129346771382916e+04
4.827494056686543673e+07,6.074350934889668485e-01,-7.097911063778484797e-01,2.304743344962893025e+04,2.034672282124235062e+04
4.828756476680447161e+07,6.093773458277058630e-01,-7.080703065917148820e-01,2.299174971682501928e+04,2.041201115864626627e+04
4.830018896674349904e+07,6.113148636436253058e-01,-7.063439632632406706e-01,2.293588900590596313e+04,2.047715767551190220e+04
4.831281316668253392e+07,6.132476310162764399e-01,-7.046120906585167099e-01,2.287985137009129176e+04,2.054216157067132008e+04
4.832543736662156880e+07,6.151756320670731526e-01,-7.028747030706681276e-01,2.282363686653708282e+04,2.060702204620209523e+04
4.833806156656060368e+07,6.170988509592966187e-01,-7.011318148198506517e-01,2.276724555633581258e+04,2.067173830742745486e+04
4.835068576649963856e+07,6.190172718980946343e-01,-6.993834402532512762e-01,2.271067750451640677e+04,2.073630956291626717e+04
4.836330996643867344e+07,6.209308791304809505e-01,-6.976295937450884832e-01,2.265393278004421882e+04,2.080073502448301224e+04
4.837593416637770832e+07,6.228396569453360510e-01,-6.958702896966121321e-01,2.259701145582105164e+04,2.086501390718780021e+04
4.838855836631673574e+07,6.247435896734051530e-01,-6.941055425361043474e-01,2.253991360868517222e+04,2.092914542933633129e+04
4.840118256625577062e+07,6.266426616873032041e-01,-6.923353667188757443e-01,2.248263931941119881e+04,2.099312881248003396e+04
4.841380676619480550e+07,6.285368574015084420e-01,-6.905597767272713128e-01,2.242518867271027557e+04,2.105696328141585764e+04
4.842643096613384038e+07,6.304261612723659480e-01,-6.887787870706664206e-01,2.236756175722996704e+04,2.112064806418641456e+04
4.843905516607287526e+07,6.323105577980875358e-01,-6.869924122854679238e-01,2.230975866555426182e+04,2.118418239207993247e+04
4.845167936601191014e+07,6.341900315187510850e-01,-6.852006669351138335e-01,2.225177949420359801e+04,2.124756549963026919e+04
4.846430356595094502e+07,6.360645670163009857e-01,-6.834035656100738709e-01,2.219362434363485590e+04,2.131079662461691260e+04
4.847692776588997245e+07,6.379341489145464728e-01,-6.816011229278499117e-01,2.213529331824138353e+04,2.137387500806492972e+04
4.848955196582900733e+07,6.397987618791666220e-01,-6.797933535329722110e-01,2.207678652635286562e+04,2.143679989424513042e+04
4.850217616576804221e+07,6.416583906177033558e-01,-6.779802720970056207e-01,2.201810408023553464e+04,2.149957053067383094e+04
4.851480036570707709e+07,6.435130198795661061e-01,-6.761618933185450375e-01,2.195924609609202162e+04,2.156218616811301763e+04
4.852742456564611197e+07,6.453626344560305927e-01,-6.743382319232174016e-01,2.190021269406139982e+04,2.162464606057029232e+04
4.854004876558514684e+07,6.472072191802387131e-01,-6.725093026636801419e-01,2.184100399821918472e+04,2.168694946529889057e+04
4.855267296552418172e+07,6.490467589271986526e-01,-6.706751203196229527e-01,2.178162013657733041e+04,2.174909564279766346e+04
4.856529716546320915e+07,6.508812386137841077e-01,-6.688356996977673496e-01,2.172206124108425865e+04,2.181108385681106301e+04
4.857792136540224403e+07,6.527106431987378388e-01,-6.669910556318633388e-01,2.166232744762474249e+04,2.187291337432926593e+04
4.859054556534127891e+07,6.545349576826660076e-01,-6.651412029826955230e-01,2.160241889602007723e+04,2.193458346558796620e+04
4.860316976528031379e+07,6.563541671080418416e-01,-6.632861566380785501e-01,2.154233573002798221e+04,2.199609340406851334e+04
4.861579396521934867e+07,6.581682565592051892e-01,-6.614259315128588890e-01,2.148207809734260445e+04,2.205744246649789420e+04
4.862841816515838355e+07,6.599772111623619653e-01,-6.595605425489141638e-01,2.142164614959453320e+04,2.211862993284871482e+04
4.864104236509741843e+07,6.617810160855842616e-01,-6.576900047151531536e-01,2.136104004235080356e+04,2.217965508633920035e+04
4.865366656503644586e+07,6.635796565388099033e-01,-6.558143330075176802e-01,2.130025993511491833e+04,2.224051721343317331e+04
4.866629076497548074e+07,6.653731177738456681e-01,-6.539335424489773896e-01,2.123930599132671705e+04,2.230121560384018085e+04
4.867891496491451561e+07,6.671613850843616245e-01,-6.520476480895364135e-01,2.117817837836257968e+04,2.236174955051529105e+04
4.869153916485355049e+07,6.689444438058952391e-01,-6.501566650062293728e-01,2.111687726753529932e+04,2.242211834965923845e+04
4.870416336479258537e+07,6.707222793158500451e-01,-6.482606083031222655e-01,2.105540283409410404e+04,2.248232130071837310e+04
4.871678756473162025e+07,6.724948770334961967e-01,-6.463594931113125774e-01,2.099375525722466045e+04,2.254235770638467511e+04
4.872941176467065513e+07,6.742622224199699144e-01,-6.444533345889289500e-01,2.093193472004907380e+04,2.260222687259574013e+04
4.874203596460969001e+07,6.760243009782737067e-01,-6.425421479211315123e-01,2.086994140962589154e+04,2.266192810853480842e+04
4.875466016454871744e+07,6.777810982532754824e-01,-6.406259483201132143e-01,2.080777551695013972e+04,2.272146072663068844e+04
4.876728436448775232e+07,6.795325998317124361e-01,-6.387047510250944971e-01,2.074543723695316658e+04,2.278082404255793153e+04
4.877990856442678720e+07,6.812787913421850527e-01,-6.367785713023309535e-01,2.068292676850287899e+04,2.284001737523660267e+04
4.879253276436582208e+07,6.830196584551607719e-01,-6.348474244451081105e-01,2.062024431440357876e+04,2.289904004683243329e+04
4.880515696430485696e+07,6.847551868829738764e-01,-6.329113257737434273e-01,2.055739008139601356e+04,2.295789138275677033e+04
4.881778116424389184e+07,6.864853623798244930e-01,-6.309702906355850738e-01,2.049436428015736601e+04,2.301657071166659443e+04
4.883040536418292671e+07,6.882101707417792591e-01,-6.290243344050131524e-01,2.043116712530126097e+04,2.307507736546450178e+04
4.884302956412195414e+07,6.899295978067698787e-01,-6.270734724834401419e-01,2.036779883537779460e+04,2.313341067929868950e+04
4.885565376406098902e+07,6.916436294545977859e-01,-6.251177202993063453e-01,2.030425963287340346e+04,2.319156999156307575e+04
4.886827796400002390e+07,6.933522516069273722e-01,-6.231570933080868846e-01,2.024054974421106090e+04,2.324955464389709960e+04
4.888090216393905878e+07,6.950554502272902058e-01,-6.211916069922874817e-01,2.017666939975015339e+04,2.330736398118586294e+04
4.889352636387809366e+07,6.967532113210843647e-01,-6.192212768614447915e-01,2.011261883378650236e+04,2.336499735156009410e+04
4.890615056381712854e+07,6.984455209355741045e-01,-6.172461184521271793e-01,2.004839828455236784e+04,2.342245410639614056e+04
4.891877476375616342e+07,7.001323651598903020e-01,-6.152661473279342763e-01,1.998400799421644842e+04,2.347973360031597258e+04
4.893139896369519085e+07,7.018137301250284565e-01,-6.132813790794982012e-01,1.991944820888392860e+04,2.353683519118716504e+04
4.894402316363422573e+07,7.034896020038537978e-01,-6.112918293244791190e-01,1.985471917859630776e+04,2.359375824012300291e+04
4.895664736357326061e+07,7.051599670110951790e-01,-6.092975137075720138e-01,1.978982115733164756e+04,2.365050211148230301e+04
4.896927156351229548e+07,7.068248114033477414e-01,-6.072984479005020253e-01,1.972475440300440459e+04,2.370706617286954133e+04
4.898189576345133036e+07,7.084841214790740249e-01,-6.052946476020258926e-01,1.965951917746547406e+04,2.376344979513481303e+04
4.899451996339036524e+07,7.101378835786020804e-01,-6.032861285379315097e-01,1.959411574650220427e+04,2.381965235237384331e+04
4.900714416332940012e+07,7.117860840841266912e-01,-6.012729064610382590e-01,1.952854437983836760e+04,2.387567322192798383e+04
4.901976836326842755e+07,7.134287094197074852e-01,-5.992549971511980100e-01,1.946280535113422229e+04,2.393151178438417264e+04
4.903239256320746243e+07,7.150657460512739316e-01,-5.972324164152907899e-01,1.939689893798634512e+04,2.398716742357506882e+04
4.904501676314649731e+07,7.166971804866182350e-01,-5.952051800872312226e-01,1.933082542192787514e+04,2.404263952657886693e+04
4.905764096308553219e+07,7.183229992754005533e-01,-5.931733040279641989e-01,1.926458508842834635e+04,2.409792748371940979e+04
4.907026516302456707e+07,7.199431890091463337e-01,-5.911368041254662087e-01,1.919817822689373497e+04,2.415303068856617756e+04
4.908288936296360195e+07,7.215577363212484219e-01,-5.890956962947447861e-01,1.913160513066645944e+04,2.420794853793425864e+04
4.909551356290263683e+07,7.231666278869652853e-01,-5.870499964778390645e-01,1.906486609702537316e+04,2.426268043188437878e+04
4.910813776284167171e+07,7.247698504234217909e-01,-5.849997206438196651e-01,1.899796142718577175e+04,2.431722577372288288e+04
4.912076196278069913e+07,7.263673906896080945e-01,-5.829448847887899188e-01,1.893089142629942580e+04,2.437158397000170953e+04
4.913338616271973401e+07,7.279592354863838599e-01,-5.808855049358802036e-01,1.886365640345443535e+04,2.442575443051852562e+04
4.914601036265876889e+07,7.295453716564717084e-01,-5.788215971352569378e-01,1.879625667167545180e+04,2.447973656831651169e+04
4.915863456259780377e+07,7.311257860844617706e-01,-5.767531774641156961e-01,1.872869254792352876e+04,2.453352979968451473e+04
4.917125876253683865e+07,7.327004656968103546e-01,-5.746802620266844297e-01,1.866096435309615481e+04,2.458713354415700451e+04
4.918388296247587353e+07,7.342693974618399455e-01,-5.726028669542215788e-01,1.859307241202726436e+04,2.464054722451408088e+04
4.919650716241490841e+07,7.358325683897398717e-01,-5.705210084050176267e-01,1.852501705348723772e+04,2.469377026678145921e+04
4.920913136235393584e+07,7.373899655325640845e-01,-5.684347025643954332e-01,1.845679861018291558e+04,2.474680210023045220e+04
4.922175556229297072e+07,7.389415759842359321e-01,-5.663439656447055714e-01,1.838841741875747175e+04,2.479964215737809718e+04
4.923437976223200560e+07,7.404873868805424975e-01,-5.642488138853336554e-01,1.831987381979063866e+04,2.485228987398695244e+04
4.924700396217104048e+07,7.420273853991377067e-01,-5.621492635526954551e-01,1.825116815779854369e+04,2.490474468906523543e+04
4.925962816211007535e+07,7.435615587595418852e-01,-5.600453309402384505e-01,1.818230078123376370e+04,2.495700604486679367e+04
4.927225236204911023e+07,7.450898942231417577e-01,-5.579370323684408328e-01,1.811327204248530325e+04,2.500907338689109747e+04
4.928487656198814511e+07,7.466123790931903370e-01,-5.558243841848128364e-01,1.804408229787860910e+04,2.506094616388322902e+04
4.929750076192717254e+07,7.481290007148057031e-01,-5.537074027638971829e-01,1.797473190767561391e+04,2.511262382783389330e+04
4.931012496186620742e+07,7.496397464749755546e-01,-5.515861045072638635e-01,1.790522123607456524e+04,2.516410583397947630e+04
4.932274916180524230e+07,7.511446038025504368e-01,-5.494605058435186873e-01,1.783555065121026928e+04,2.521539164080192859e+04
4.933537336174427718e+07,7.526435601682485155e-01,-5.473306232282969530e-01,1.776572052515393443e+04,2.526648071002883444e+04
4.934799756168331206e+07,7.541366030846543556e-01,-5.451964731442654477e-01,1.769573123391320769e+04,2.531737250663341547e+04
4.936062176162234694e+07,7.556237201062183662e-01,-5.430580721011228906e-01,1.762558315743217827e+04,2.536806649883450882e+04
4.937324596156138182e+07,7.571048988292577997e-01,-5.409154366355988230e-01,1.755527667959136670e+04,2.541856215809658170e+04
4.938587016150040925e+07,7.585801268919546425e-01,-5.387685833114554956e-01,1.748481218820778304e+04,2.546885895912970591e+04
4.939849436143944412e+07,7.600493919743604998e-01,-5.366175287194832055e-01,1.741419007503475223e+04,2.551895637988964518e+04
4.941111856137847900e+07,7.615126817983902674e-01,-5.344622894775068467e-01,1.734341073576215786e+04,2.556885390157771326e+04
4.942374276131751388e+07,7.629699841278259065e-01,-5.323028822303819130e-01,1.727247457001628209e+04,2.561855100864087945e+04
4.943636696125654876e+07,7.644212867683158885e-01,-5.301393236499949424e-01,1.720138198135985658e+04,2.566804718877173218e+04
4.944899116119558364e+07,7.658665775673747511e-01,-5.279716304352641831e-01,1.713013337729204068e+04,2.571734193290848634e+04
4.946161536113461852e+07,7.673058444143837642e-01,-5.257998193121389274e-01,1.705872916924843594e+04,2.576643473523498324e+04
4.947423956107365340e+07,7.687390752405900418e-01,-5.236239070336000667e-01,1.698716977260108251e+04,2.581532509318068696e+04
4.948686376101268083e+07,7.701662580191062091e-01,-5.214439103796613129e-01,1.691545560665851372e+04,2.586401250742065895e+04
4.949948796095171571e+07,7.715873807649138438e-01,-5.192598461573636470e-01,1.684358709466556320e+04,2.591249648187566709e+04
4.951211216089075059e+07,7.730024315348581476e-01,-5.170717312007833133e-01,1.677156466380363054e+04,2.596077652371202930e+04
4.952473636082978547e+07,7.744113984276516094e-01,-5.148795823710267117e-01,1.669938874519052479e+04,2.600885214334170450e+04
4.953736056076882035e+07,7.758142695838728953e-01,-5.126834165562318413e-01,1.662705977388048268e+04,2.605672285442228167e+04
4.954998476070785522e+07,7.772110331859670707e-01,-5.104832506715676343e-01,1.655457818886418318e+04,2.610438817385697257e+04
4.956260896064689010e+07,7.786016774582453781e-01,-5.082791016592350664e-01,1.648194443306874746e+04,2.615184762179461904e+04
4.957523316058591753e+07,7.799861906668843492e-01,-5.060709864884672671e-01,1.640915895335777896e+04,2.619910072162965662e+04
4.958785736052495241e+07,7.813645611199298013e-01,-5.038589221555248576e-01,1.633622220053119236e+04,2.624614700000222365e+04
4.960048156046398729e+07,7.827367771672908425e-01,-5.016429256837041661e-01,1.626313462932546463e+04,2.629298598679801216e+04
4.961310576040302217e+07,7.841028272007439792e-01,-4.994230141233311770e-01,1.618989669841347859e+04,2.633961721514835153e+04
4.962572996034205705e+07,7.854626996539317840e-01,-4.971992045517634740e-01,1.611650887040455200e+04,2.638604022143021211e+04
4.963835416028109193e+07,7.868163830023634508e-01,-4.949715140733902397e-01,1.604297161184443576e+04,2.643225454526617614e+04
4.965097836022012681e+07,7.881638657634139067e-01,-4.927399598196315345e-01,1.596928539321533572e+04,2.647825972952445227e+04
4.966360256015915424e+07,7.895051364963244778e-01,-4.905045589489403501e-01,1.589545068893592907e+04,2.652405532031885741e+04
4.967622676009818912e+07,7.908401838022041108e-01,-4.882653286467975584e-01,1.582146797736120061e+04,2.656964086700890039e+04
4.968885096003722399e+07,7.921689963240265975e-01,-4.860222861257185722e-01,1.574733774078271745e+04,2.661501592219964368e+04
4.970147515997625887e+07,7.934915627466320176e-01,-4.837754486252496267e-01,1.567306046542842887e+04,2.666018004174179805e+04
4.971409935991529375e+07,7.948078717967270723e-01,-4.815248334119678342e-01,1.559863664146273368e+04,2.670513278473169339e+04
4.972672355985432863e+07,7.961179122428850841e-01,-4.792704577794819620e-01,1.552406676298646380e+04,2.674987371351129696e+04
4.973934775979336351e+07,7.974216728955452194e-01,-4.770123390484320436e-01,1.544935132803689521e+04,2.679440239366819151e+04
4.975197195973239094e+07,7.987191426070122668e-01,-4.747504945664908771e-01,1.537449083858778613e+04,2.683871839403556442e+04
4.976459615967142582e+07,8.000103102714595238e-01,-4.724849417083586967e-01,1.529948580054919694e+04,2.688282128669229132e+04
4.977722035961046070e+07,8.012951648249246883e-01,-4.702156978757711658e-01,1.522433672376777031e+04,2.692671064696281974e+04
4.978984455954949558e+07,8.025736952453119688e-01,-4.679427804974936600e-01,1.514904412202653839e+04,2.697038605341722359e+04
4.980246875948853046e+07,8.038458905523920839e-01,-4.656662070293236533e-01,1.507360851304497010e+04,2.701384708787121781e+04
4.981509295942756534e+07,8.051117398078021514e-01,-4.633859949540892198e-01,1.499803041847897839e+04,2.705709333538613282e+04
4.982771715936660022e+07,8.063712321150456885e-01,-4.611021617816501994e-01,1.492231036392091846e+04,2.710012438426892550e+04
4.984034135930562764e+07,8.076243566194910573e-01,-4.588147250488992523e-01,1.484644887889962047e+04,2.714293982607215730e+04
4.985296555924466252e+07,8.088711025083760164e-01,-4.565237023197563082e-01,1.477044649688022764e+04,2.718553925559408526e+04
4.986558975918369740e+07,8.101114590108018376e-01,-4.542291111851767815e-01,1.469430375526445459e+04,2.722792227087851643e+04
4.987821395912273228e+07,8.113454153977371908e-01,-4.519309692631458542e-01,1.461802119539041087e+04,2.727008847321490975e+04
4.989083815906176716e+07,8.125729609820167010e-01,-4.496292941986804736e-01,1.454159936253264459e+04,2.731203746713835062e+04
4.990346235900080204e+07,8.137940851183412816e-01,-4.473241036638286316e-01,1.446503880590214794e+04,2.735376886042953993e+04
4.991608655893983692e+07,8.150087772032783562e-01,-4.450154153576700300e-01,1.438834007864634805e+04,2.739528226411480864e+04
4.992871075887887180e+07,8.162170266752616365e-01,-4.427032470063155811e-01,1.431150373784911062e+04,2.743657729246612143e+04
4.994133495881789923e+07,8.174188230145902345e-01,-4.403876163629090734e-01,1.423453034453079272e+04,2.747765356300103304e+04
4.995395915875693411e+07,8.186141557434317706e-01,-4.380685412076213425e-01,1.415742046364804446e+04,2.751851069648279008e+04
4.996658335869596899e+07,8.198030144258180441e-01,-4.357460393476590421e-01,1.408017466409410372e+04,2.755914831692021107e+04
4.997920755863500386e+07,8.209853886676476975e-01,-4.334201286172585377e-01,1.400279351869859420e+04,2.759956605156774458e+04
4.999183175857403874e+07,8.221612681166858838e-01,-4.310908268776878494e-01,1.392527760422758001e+04,2.763976353092546924e+04
5.000445595851307362e+07,8.233306424625641551e-01,-4.287581520172462635e-01,1.384762750138357478e+04,2.767974038873909740e+04
5.001708015845210850e+07,8.244935014367797965e-01,-4.264221219512644989e-01,1.376984379480551615e+04,2.771949626199995691e+04
5.002970435839113593e+07,8.256498348126961595e-01,-4.240827546221059841e-01,1.369192707306883676e+04,2.775903079094497662e+04
5.004232855833017081e+07,8.267996324055448820e-01,-4.217400679991613055e-01,1.361387792868526594e+04,2.779834361905678088e+04
5.005495275826920569e+07,8.279428840724215588e-01,-4.193940800788568679e-01,1.353569695810311714e+04,2.783743439306355867e+04
5.006757695820824057e+07,8.290795797122894051e-01,-4.170448088846488433e-01,1.345738476170709691e+04,2.787630276293913266e+04
5.008020115814727545e+07,8.302097092659770361e-01,-4.146922724670250027e-01,1.337894194381834131e+04,2.791494838190295923e+04
5.009282535808631033e+07,8.313332627161801325e-01,-4.123364889035042724e-01,1.330036911269443954e+04,2.795337090642011026e+04
5.010544955802534521e+07,8.324502300874602190e-01,-4.099774762986371779e-01,1.322166688052940844e+04,2.799156999620130955e+04
5.011807375796437263e+07,8.335606014462445534e-01,-4.076152527840067874e-01,1.314283586345375625e+04,2.802954531420283820e+04
5.013069795790340751e+07,8.346643669008285693e-01,-4.052498365182236051e-01,1.306387668153429695e+04,2.806729652662670560e+04
5.014332215784244239e+07,8.357615166013723229e-01,-4.028812456869336756e-01,1.298478995877441412e+04,2.810482330292046754e+04
5.015594635778147727e+07,8.368520407399026029e-01,-4.005094985028129217e-01,1.290557632311388443e+04,2.814212531577732807e+04
5.016857055772051215e+07,8.379359295503123750e-01,-3.981346132055687548e-01,1.282623640642893588e+04,2.817920224113611039e+04
5.018119475765954703e+07,8.390131733083608934e-01,-3.957566080619399074e-01,1.274677084453222415e+04,2.821605375818126777e+04
5.019381895759858191e+07,8.400837623316741443e-01,-3.933755013656966559e-01,1.266718027717284895e+04,2.825267954934287263e+04
5.020644315753760934e+07,8.411476869797431810e-01,-3.909913114376419863e-01,1.258746534803639406e+04,2.828907930029661657e+04
5.021906735747664422e+07,8.422049376539276766e-01,-3.886040566256058759e-01,1.250762670474474726e+04,2.832525269996386487e+04
5.023169155741567910e+07,8.432555047974515938e-01,-3.862137553044540650e-01,1.242766499885637313e+04,2.836119944051153652e+04
5.024431575735471398e+07,8.442993788954054057e-01,-3.838204258760825605e-01,1.234758088586613303e+04,2.839691921735222422e+04
5.025693995729374886e+07,8.453365504747464287e-01,-3.814240867694182469e-01,1.226737502520531416e+04,2.843241172914411436e+04
5.026956415723278373e+07,8.463670101042981564e-01,-3.790247564404197744e-01,1.218704808024166232e+04,2.846767667779104522e+04
5.028218835717181861e+07,8.473907483947500374e-01,-3.766224533720768375e-01,1.210660071827935099e+04,2.850271376844245242e+04
5.029481255711085349e+07,8.484077559986579198e-01,-3.742171960744110071e-01,1.202603361055899222e+04,2.853752270949342346e+04
5.030743675704988092e+07,8.494180236104439397e-01,-3.718090030844762861e-01,1.194534743225769671e+04,2.857210321258463227e+04
5.032006095698891580e+07,8.504215419663975206e-01,-3.693978929663538358e-01,1.186454286248886092e+04,2.860645499260244469e+04
5.033268515692795068e+07,8.514183018446729312e-01,-3.669838843111606352e-01,1.178362058430246361e+04,2.864057776767879113e+04
5.034530935686698556e+07,8.524082940652912832e-01,-3.645669957370435976e-01,1.170258128468488394e+04,2.867447125919124665e+04
5.035793355680602044e+07,8.533915094901399767e-01,-3.621472458891809576e-01,1.162142565455893600e+04,2.870813519176300906e+04
5.037055775674505532e+07,8.543679390229727000e-01,-3.597246534397822160e-01,1.154015438878387067e+04,2.874156929326289537e+04
5.038318195668409020e+07,8.553375736094094295e-01,-3.572992370880885282e-01,1.145876818615538468e+04,2.877477329480537082e+04
5.039580615662311763e+07,8.563004042369358748e-01,-3.548710155603738148e-01,1.137726774940565338e+04,2.880774693075047253e+04
5.040843035656215250e+07,8.572564219349055881e-01,-3.524400076099389323e-01,1.129565378520315790e+04,2.884048993870394406e+04
5.042105455650118738e+07,8.582056177745371883e-01,-3.500062320171205554e-01,1.121392700415295621e+04,2.887300205951708631e+04
5.043367875644022226e+07,8.591479828689154719e-01,-3.475697075892852927e-01,1.113208812079649942e+04,2.890528303728685569e+04
5.044630295637925714e+07,8.600835083729920783e-01,-3.451304531608312409e-01,1.105013785361167538e+04,2.893733261935581686e+04
5.045892715631829202e+07,8.610121854835846023e-01,-3.426884875931875962e-01,1.096807692501282509e+04,2.896915055631216455e+04
5.047155135625732690e+07,8.619340054393769268e-01,-3.402438297748152651e-01,1.088590606135070630e+04,2.900073660198972357e+04
5.048417555619635433e+07,8.628489595209191121e-01,-3.377964986212078635e-01,1.080362599291258630e+04,2.903209051346792694e+04
5.049679975613538921e+07,8.637570390506285056e-01,-3.353465130748860545e-01,1.072123745392201272e+04,2.906321205107188143e+04
5.050942395607442409e+07,8.646582353927872999e-01,-3.328938921054062083e-01,1.063874118253912457e+04,2.909410097837225476e+04
5.052204815601345897e+07,8.655525399535451969e-01,-3.304386547093545734e-01,1.055613792086045214e+04,2.912475706218538107e+04
5.053467235595249385e+07,8.664399441809170765e-01,-3.279808199103491084e-01,1.047342841491896252e+04,2.915518007257319550e+04
5.054729655589152873e+07,8.673204395647848841e-01,-3.255204067590387607e-01,1.039061341468405953e+04,2.918536978284327779e+04
5.055992075583056360e+07,8.681940176368966311e-01,-3.230574343331041320e-01,1.030769367406159654e+04,2.921532596954881592e+04
5.057254495576959103e+07,8.690606699708660621e-01,-3.205919217372586449e-01,1.022466995089390548e+04,2.924504841248862067e+04
5.058516915570862591e+07,8.699203881821749862e-01,-3.181238881032424359e-01,1.014154300695961319e+04,2.927453689470716199e+04
5.059779335564766079e+07,8.707731639281693914e-01,-3.156533525898320147e-01,1.005831360797394336e+04,2.930379120249450352e+04
5.061041755558669567e+07,8.716189889080626640e-01,-3.131803343828331587e-01,9.974982523588490949e+03,2.933281112538632442e+04
5.062304175552573055e+07,8.724578548629342567e-01,-3.107048526950835776e-01,9.891550527391309515e+03,2.936159645616396301e+04
5.063566595546476543e+07,8.732897535757297991e-01,-3.082269267664520251e-01,9.808018396906883936e+03,2.939014699085434404e+04
5.064829015540380031e+07,8.741146768712614312e-01,-3.057465758638386322e-01,9.724386913596130398e+03,2.941846252873005142e+04
5.066091435534282774e+07,8.749326166162069152e-01,-3.032638192811767941e-01,9.640656862856470980e+03,2.944654287230924820e+04
5.067353855528186262e+07,8.757435647191118555e-01,-3.007786763394263985e-01,9.556829034021606276e+03,2.947438782735580025e+04
5.068616275522089750e+07,8.765475131303864798e-01,-2.982911663865833729e-01,9.472904220361824628e+03,2.950199720287912714e+04
5.069878695515993237e+07,8.773444538423081918e-01,-2.958013087976735789e-01,9.388883219083818403e+03,2.952937081113430031e+04
5.071141115509896725e+07,8.781343788890204616e-01,-2.933091229747543105e-01,9.304766831330702189e+03,2.955650846762199944e+04
5.072403535503800213e+07,8.789172803465328254e-01,-2.908146283469140725e-01,9.220555862182043711e+03,2.958340999108855613e+04
5.073665955497703701e+07,8.796931503327213298e-01,-2.883178443702729687e-01,9.136251120653843827e+03,2.961007520352590655e+04
5.074928375491607189e+07,8.804619810073285313e-01,-2.858187905279820917e-01,9.051853419698538346e+03,2.963650393017162423e+04
5.076190795485509932e+07,8.812237645719623869e-01,-2.833174863302260760e-01,8.967363576205059871e+03,2.966269599950887641e+04
5.077453215479413420e+07,8.819784932700988067e-01,-2.808139513142159371e-01,8.882782410998634077e+03,2.968865124326651130e+04
5.078715635473316908e+07,8.827261593870784351e-01,-2.783082050441987310e-01,8.798110748841063469e+03,2.971436949641895990e+04
5.079978055467220396e+07,8.834667552501088705e-01,-2.758002671114515580e-01,8.713349418430554579e+03,2.973985059718629054e+04
5.081240475461123884e+07,8.842002732282637778e-01,-2.732901571342826186e-01,8.628499252401741614e+03,2.976509438703418346e+04
5.082502895455027372e+07,8.849267057324833319e-01,-2.707778947580316009e-01,8.543561087325704648e+03,2.979010071067396348e+04
5.083765315448930860e+07,8.856460452155736629e-01,-2.682634996550696815e-01,8.458535763709958701e+03,2.981486941606256732e+04
5.085027735442833602e+07,8.863582841722069672e-01,-2.657469915248009129e-01,8.373424125998519230e+03,2.983940035440253996e+04
5.086290155436737090e+07,8.870634151389232835e-01,-2.632283900936562282e-01,8.288227022571678390e+03,2.986369338014211462e+04
5.087552575430640578e+07,8.877614306941272737e-01,-2.607077151151024896e-01,8.202945305746325175e+03,2.988774835097508185e+04
5.088814995424544066e+07,8.884523234580904427e-01,-2.581849863696361602e-01,8.117579831775730781e+03,2.991156512784087681e+04
5.090077415418447554e+07,8.891360860929503618e-01,-2.556602236647853577e-01,8.032131460849617724e+03,2.993514357492457202e+04
5.091339835412351042e+07,8.898127113027113344e-01,-2.531334468351100209e-01,7.946601057094141652e+03,2.995848355965685914e+04
5.092602255406254530e+07,8.904821918332435082e-01,-2.506046757422004667e-01,7.860989488571893162e+03,2.998158495271403808e+04
5.093864675400157273e+07,8.911445204722834301e-01,-2.480739302746806374e-01,7.775297627281963287e+03,3.000444762801804609e+04
5.095127095394060761e+07,8.917996900494343793e-01,-2.455412303482010783e-01,7.689526349159721576e+03,3.002707146273647231e+04
5.096389515387964249e+07,8.924476934361657010e-01,-2.430065959054486802e-01,7.603676534077134420e+03,3.004945633728248504e+04
5.097651935381867737e+07,8.930885235458124738e-01,-2.404700469161396847e-01,7.517749065842552227e+03,3.007160213531490081e+04
5.098914355375771224e+07,8.937221733335766194e-01,-2.379316033770217387e-01,7.431744832200776727e+03,3.009350874373815896e+04
5.100176775369674712e+07,8.943486357965263478e-01,-2.353912853118743376e-01,7.345664724833030050e+03,3.011517605270232161e+04
5.101439195363578200e+07,8.949679039735959352e-01,-2.328491127715076048e-01,7.259509639356994740e+03,3.013660395560307370e+04
5.102701615357480943e+07,8.955799709455856128e-01,-2.303051058337657331e-01,7.173280475326817395e+03,3.015779234908171202e+04
5.103964035351384431e+07,8.961848298351630104e-01,-2.277592846035185192e-01,7.086978136232966790e+03,3.017874113302520709e+04
5.105226455345287919e+07,8.967824738068613799e-01,-2.252116692126726050e-01,7.000603529502477613e+03,3.019945021056610130e+04
5.106488875339191407e+07,8.973728960670797061e-01,-2.226622798201641495e-01,6.914157566498779488e+03,3.021991948808257803e+04
5.107751295333094895e+07,8.979560898640841504e-01,-2.201111366119604951e-01,6.827641162521747901e+03,3.024014887519845797e+04
5.109013715326998383e+07,8.985320484880067182e-01,-2.175582598010606938e-01,6.741055236807686015e+03,3.026013828478316645e+04
5.110276135320901871e+07,8.991007652708455922e-01,-2.150036696274952308e-01,6.654400712529346492e+03,3.027988763295177341e+04
5.111538555314805359e+07,8.996622335864657982e-01,-2.124473863583256628e-01,6.567678516795913310e+03,3.029939683906495338e+04
5.112800975308708102e+07,9.002164468505976513e-01,-2.098894302876465334e-01,6.480889580653078156e+03,3.031866582572901825e+04
5.114063395302611589e+07,9.007633985208393090e-01,-2.073298217365797391e-01,6.394034839082793042e+03,3.033769451879591725e+04
5.115325815296515077e+07,9.013030820966536627e-01,-2.047685810532823836e-01,6.307115231003626832e+03,3.035648284736320056e+04
5.116588235290418565e+07,9.018354911193708912e-01,-2.022057286129418097e-01,6.220131699270525132e+03,3.037503074377405210e+04
5.117850655284322053e+07,9.023606191721870173e-01,-1.996412848177768207e-01,6.133085190674883052e+03,3.039333814361728582e+04
5.119113075278225541e+07,9.028784598801643524e-01,-1.970752700970375415e-01,6.045976655944501545e+03,3.041140498572732395e+04
5.120375495272129029e+07,9.033890069102316067e-01,-1.945077049070052244e-01,5.958807049743674725e+03,3.042923121218423694e+04
5.121637915266031772e+07,9.038922539711833348e-01,-1.919386097309942751e-01,5.871577330673146207e+03,3.044681676831369259e+04
5.122900335259935260e+07,9.043881948136814897e-01,-1.893680050793461189e-01,5.784288461269959953e+03,3.046416160268702515e+04
5.124162755253838748e+07,9.048768232302533132e-01,-1.867959114894379435e-01,5.696941408007758582e+03,3.048126566712114436e+04
5.125425175247742236e+07,9.053581330552927797e-01,-1.842223495256765653e-01,5.609537141296550544e+03,3.049812891667862277e+04
5.126687595241645724e+07,9.058321181650597076e-01,-1.816473397795003997e-01,5.522076635482822894e+03,3.051475130966764118e+04
5.127950015235549212e+07,9.062987724776809806e-01,-1.790709028693794891e-01,5.434560868849464896e+03,3.053113280764199953e+04
5.129212435229452699e+07,9.067580899531487715e-01,-1.764930594408149478e-01,5.346990823615822592e+03,3.054727337540113513e+04
5.130474855223355442e+07,9.072100645933220964e-01,-1.739138301663409880e-01,5.259367485937727906e+03,3.056317298099008985e+04
5.131737275217258930e+07,9.076546904419268147e-01,-1.713332357455185362e-01,5.171691845907305833e+03,3.057883159569957206e+04
5.132999695211162418e+07,9.080919615845539639e-01,-1.687512969049444478e-01,5.083964897553265473e+03,3.059424919406587287e+04
5.134262115205065906e+07,9.085218721486616467e-01,-1.661680343982454844e-01,4.996187638840714499e+03,3.060942575387092802e+04
5.135524535198969394e+07,9.089444163035736990e-01,-1.635834690060798124e-01,4.908361071671184618e+03,3.062436125614229240e+04
5.136786955192872882e+07,9.093595882604810221e-01,-1.609976215361372809e-01,4.820486201882667956e+03,3.063905568515314008e+04
5.138049375186776370e+07,9.097673822724398063e-01,-1.584105128231383108e-01,4.732564039249573398e+03,3.065350902842228970e+04
5.139311795180679113e+07,9.101677926343734182e-01,-1.558221637288371986e-01,4.644595597482828452e+03,3.066772127671415001e+04
5.140574215174582601e+07,9.105608136830710686e-01,-1.532325951420144550e-01,4.556581894229610043e+03,3.068169242403880344e+04
5.141836635168486089e+07,9.109464397971882565e-01,-1.506418279784868530e-01,4.468523951073719218e+03,3.069542246765192249e+04
5.143099055162389576e+07,9.113246653972468803e-01,-1.480498831811007387e-01,4.380422793535333767e+03,3.070891140805479517e+04
5.144361475156293064e+07,9.116954849456352372e-01,-1.454567817197341684e-01,4.292279451071080985e+03,3.072215924899436868e+04
5.145623895150196552e+07,9.120588929466074690e-01,-1.428625445912964920e-01,4.204094957074001286e+03,3.073516599746318388e+04
5.146886315144100040e+07,9.124148839462847826e-01,-1.402671928197283535e-01,4.115870348873606417e+03,3.074793166369943356e+04
5.148148735138002783e+07,9.127634525326533410e-01,-1.376707474560032729e-01,4.027606667735868541e+03,3.076045626118690780e+04
5.149411155131906271e+07,9.131045933355673716e-01,-1.350732295781217063e-01,3.939304958863089269e+03,3.077273980665504496e+04
5.150673575125809759e+07,9.134383010267460579e-01,-1.324746602911201498e-01,3.850966271394110663e+03,3.078478232007889892e+04
5.151935995119713247e+07,9.137645703197753155e-01,-1.298750607270645618e-01,3.762591658404202462e+03,3.079658382467914635e+04
5.153198415113616735e+07,9.140833959701072375e-01,-1.272744520450531935e-01,3.674182176905051165e+03,3.080814434692208306e+04
5.154460835107520223e+07,9.143947727750604271e-01,-1.246728554312143966e-01,3.585738887844803685e+03,3.081946391651964223e+04
5.155723255101423711e+07,9.146986955738194425e-01,-1.220702920987091489e-01,3.497262856108020060e+03,3.083054256642937617e+04
5.156985675095327199e+07,9.149951592474354634e-01,-1.194667832877291669e-01,3.408755150515724381e+03,3.084138033285445999e+04
5.158248095089229941e+07,9.152841587188255135e-01,-1.168623502654989460e-01,3.320216843825419346e+03,3.085197725524369525e+04
5.159510515083133429e+07,9.155656889527739040e-01,-1.142570143262700982e-01,3.231649012730897084e+03,3.086233337629151356e+04
5.160772935077036917e+07,9.158397449559299019e-01,-1.116507967913303312e-01,3.143052737862541107e+03,3.087244874193797295e+04
5.162035355070940405e+07,9.161063217768099509e-01,-1.090437190089970365e-01,3.054429103787122585e+03,3.088232340136873245e+04
5.163297775064843893e+07,9.163654145057962275e-01,-1.064358023546188303e-01,2.965779199007858551e+03,3.089195740701509931e+04
5.164560195058747381e+07,9.166170182751378626e-01,-1.038270682305758308e-01,2.877104115964382800e+03,3.090135081455400723e+04
5.165822615052650869e+07,9.168611282589497202e-01,-1.012175380662798801e-01,2.788404951032818644e+03,3.091050368290799815e+04
5.167085035046553612e+07,9.170977396732129527e-01,-9.860723331817544679e-02,2.699682804525720712e+03,3.091941607424524409e+04
5.168347455040457100e+07,9.173268477757754447e-01,-9.599617546973346349e-02,2.610938780691969441e+03,3.092808805397955439e+04
5.169609875034360588e+07,9.175484478663512578e-01,-9.338438603146149986e-02,2.522173987717025739e+03,3.093651969077035028e+04
5.170872295028264076e+07,9.177625352865202979e-01,-9.077188654089657360e-02,2.433389537722741807e+03,3.094471105652269034e+04
5.172134715022167563e+07,9.179691054197290923e-01,-8.815869856260738491e-02,2.344586546767393884e+03,3.095266222638723411e+04
5.173397135016071051e+07,9.181681536912904562e-01,-8.554484368819363638e-02,2.255766134845722263e+03,3.096037327876028939e+04
5.174659555009974539e+07,9.183596755683833823e-01,-8.293034353628678246e-02,2.166929425888894912e+03,3.096784429528377950e+04
5.175921975003877282e+07,9.185436665600532624e-01,-8.031521975255088985e-02,2.078077547764569317e+03,3.097507536084524327e+04
5.177184394997780770e+07,9.187201222172117765e-01,-7.769949400967704478e-02,1.989211632276685123e+03,3.098206656357787142e+04
5.178446814991684258e+07,9.188890381326368928e-01,-7.508318800739237353e-02,1.900332815165791544e+03,3.098881799486045202e+04
5.179709234985587746e+07,9.190504099409727568e-01,-7.246632347245374195e-02,1.811442236108807265e+03,3.099532974931741046e+04
5.180971654979491234e+07,9.192042333187296910e-01,-6.984892215864925424e-02,1.722541038719096832e+03,3.100160192481879494e+04
5.182234074973394722e+07,9.193505039842848614e-01,-6.723100584679853053e-02,1.633630370546477934e+03,3.100763462248027645e+04
5.183496494967298210e+07,9.194892176978809450e-01,-6.461259634475290115e-02,1.544711383077188657e+03,3.101342794666315604e+04
5.184758914961200953e+07,9.196203702616276843e-01,-6.199371548739601723e-02,1.455785231733960245e+03,3.101898200497434300e+04
5.186021334955104440e+07,9.197439575195002215e-01,-5.937438513663878537e-02,1.366853075875824288e+03,3.102429690826640581e+04
5.187283754949007928e+07,9.198599753573412086e-01,-5.675462718142820773e-02,1.277916078798396484e+03,3.102937277063750298e+04
5.188546174942911416e+07,9.199684197028583643e-01,-5.413446353774024888e-02,1.188975407733669272e+03,3.103420970943143038e+04
5.189808594936814904e+07,9.200692865256261399e-01,-5.151391614858352036e-02,1.100032233850099146e+03,3.103880784523761758e+04
5.191071014930718392e+07,9.201625718370856077e-01,-4.889300698399721978e-02,1.011087732252566639e+03,3.104316730189110240e+04
5.192333434924621880e+07,9.202482716905436844e-01,-4.627175804105197743e-02,9.221430819823835918e+02,3.104728820647255634e+04
5.193595854918525368e+07,9.203263821811739076e-01,-4.365019134385022398e-02,8.331994660173259035e+02,3.105117068930827372e+04
5.194858274912428111e+07,9.203968994460157704e-01,-4.102832894352703708e-02,7.442580712716371636e+02,3.105481488397018620e+04
5.196120694906331599e+07,9.204598196639756091e-01,-3.840619291824412529e-02,6.553200885958649451e+02,3.105822092727582640e+04
5.197383114900235087e+07,9.205151390558250490e-01,-3.578380537319917482e-02,5.663867127771372907e+02,3.106138895928837155e+04
5.198645534894138575e+07,9.205628538842031139e-01,-3.316118844062060367e-02,4.774591425389771757e+02,3.106431912331661442e+04
5.199907954888042063e+07,9.206029604536144495e-01,-3.053836427976679840e-02,3.885385805413352500e+02,3.106701156591497420e+04
5.201170374881945550e+07,9.206354551104299899e-01,-2.791535507692887927e-02,2.996262333806189417e+02,3.106946643688349286e+04
5.202432794875849038e+07,9.206603342428874015e-01,-2.529218304542837220e-02,2.107233115896706295e+02,3.107168388926784246e+04
5.203695214869751781e+07,9.206775942810900837e-01,-2.266887042562056379e-02,1.218310296378149360e+02,3.107366407935931056e+04
5.204957634863655269e+07,9.206872316970085013e-01,-2.004543948488643479e-02,3.295060593067682930e+01,3.107540716669482572e+04
5.206220054857558757e+07,9.206892430044784081e-01,-1.742191251764399484e-02,-5.591673718955280492e+01,3.107691331405692472e+04
5.207482474851462245e+07,9.206836247592024014e-01,-1.479831184534083008e-02,-1.447697734442626825e+02,3.107818268747378170e+04
5.208744894845365733e+07,9.206703735587495885e-01,-1.217465981645533130e-02,-2.336072726184102066e+02,3.107921545621918631e+04
5.210007314839269221e+07,9.206494860425551430e-01,-9.550978806498420029e-03,-3.224280005605251063e+02,3.108001179281255099e+04
5.211269734833172709e+07,9.206209588919199716e-01,-6.927291218011519779e-03,-4.112307191826948838e+02,3.108057187301891827e+04
5.212532154827075452e+07,9.205847888300121573e-01,-4.303619480568788604e-03,-5.000141864605066075e+02,3.108089587584896799e+04
5.213794574820978940e+07,9.205409726218655164e-01,-1.679986050772131357e-03,-5.887771564332724665e+02,3.108098398355898098e+04
5.215056994814882427e+07,9.204895070743805974e-01,9.435865877414641688e-04,-6.775183792037059902e+02,3.108083638165087905e+04
5.216319414808785915e+07,9.204303890363234597e-01,3.567075924304615332e-03,-7.662366009381221374e+02,3.108045325887219951e+04
5.217581834802689403e+07,9.203636153983274504e-01,6.190459421218627405e-03,-8.549305638664154685e+02,3.107983480721610613e+04
5.218844254796592891e+07,9.202891830928913164e-01,8.813714513753493143e-03,-9.435990062820274034e+02,3.107898122192139999e+04
5.220106674790496379e+07,9.202070890943806480e-01,1.143681861014799600e-02,-1.032240662541971687e+03,3.107789270147249044e+04
5.221369094784399122e+07,9.201173304190273239e-01,1.405974909160767096e-02,-1.120854263066754356e+03,3.107656944759941689e+04
5.222631514778302610e+07,9.200199041249292886e-01,1.668248331231163284e-02,-1.209438534340606566e+03,3.107501166527785244e+04
5.223893934772206098e+07,9.199148073120504421e-01,1.930499859940258689e-02,-1.297992198911175365e+03,3.107321956272907846e+04
5.225156354766109586e+07,9.198020371222217495e-01,2.192727225299345717e-02,-1.386513975389701955e+03,3.107119335142001364e+04
5.226418774760013074e+07,9.196815907391397982e-01,2.454928154616605948e-02,-1.475002578450992587e+03,3.106893324606319948e+04
5.227681194753916562e+07,9.195534667623433966e-01,2.717100513921909613e-02,-1.563457166575760311e+03,3.106643951965400265e+04
5.228943614747820050e+07,9.194177465651568459e-01,2.979250590117552000e-02,-1.651903679505781611e+03,3.106371553345111897e+04
5.230206034741722792e+07,9.192744799351244556e-01,3.241381134355757893e-02,-1.740357217152866042e+03,3.106076269269891054e+04
5.231468454735626280e+07,9.191236681444551193e-01,3.503489848643731586e-02,-1.828816954979386537e+03,3.105758033480502490e+04
5.232730874729529768e+07,9.189653125176922011e-01,3.765574436879928072e-02,-1.917282069186148419e+03,3.105416780349239707e+04
5.233993294723433256e+07,9.187994144317115364e-01,4.027632604854668175e-02,-2.005751736712597676e+03,3.105052444879924224e+04
5.235255714717336744e+07,9.186259753157225427e-01,4.289662060249987974e-02,-2.094225135236768892e+03,3.104664962707905579e+04
5.236518134711240232e+07,9.184449966512686636e-01,4.551660512639638112e-02,-2.182701443175285931e+03,3.104254270100061694e+04
5.237780554705143720e+07,9.182564799722263693e-01,4.813625673489082407e-02,-2.271179839683359660e+03,3.103820303954799238e+04
5.239042974699047208e+07,9.180604268648058230e-01,5.075555256155497158e-02,-2.359659504654791363e+03,3.103363001802052167e+04
5.240305394692949951e+07,9.178568389675504369e-01,5.337446975887619183e-02,-2.448139618721917941e+03,3.102882301803284281e+04
5.241567814686853439e+07,9.176457179713372048e-01,5.599298549826362686e-02,-2.536619363255821554e+03,3.102378142751485939e+04
5.242830234680756927e+07,9.174270656193765916e-01,5.861107697003890837e-02,-2.625097920366016297e+03,3.101850464071176975e+04
5.244092654674660414e+07,9.172008837072125331e-01,6.122872138344236798e-02,-2.713574472900657383e+03,3.101299205818405244e+04
5.245355074668563902e+07,9.169671740827226580e-01,6.384589596663146904e-02,-2.802048204446488398e+03,3.100724308680746253e+04
5.246617494662467390e+07,9.167259386461176218e-01,6.646257796668079976e-02,-2.890518299328841294e+03,3.100125713977304986e+04
5.247879914656370878e+07,9.164771793499418839e-01,6.907874464958209393e-02,-2.978983942611637758e+03,3.099503363658713351e+04
5.249142334650273621e+07,9.162208981990734857e-01,7.169437330024268362e-02,-3.067444320097333730e+03,3.098857200307133462e+04
5.250404754644177109e+07,9.159570972507232733e-01,7.430944122249166783e-02,-3.155898618327133590e+03,3.098187167136253265e+04
5.251667174638080597e+07,9.156857786144362299e-01,7.692392573907064213e-02,-3.244346024580670473e+03,3.097493207991290910e+04
5.252929594631984085e+07,9.154069444520906984e-01,7.953780419163991589e-02,-3.332785726876220451e+03,3.096775267348991838e+04
5.254192014625887573e+07,9.151205969778984928e-01,8.215105394077686085e-02,-3.421216913970646601e+03,3.096033290317630599e+04
5.255454434619791061e+07,9.148267384584045647e-01,8.476365236597610542e-02,-3.509638775359403553e+03,3.095267222637009036e+04
5.256716854613694549e+07,9.145253712124876699e-01,8.737557686564928483e-02,-3.598050501276531122e+03,3.094477010678458100e+04
5.257979274607597291e+07,9.142164976113601460e-01,8.998680485712372279e-02,-3.686451282694606107e+03,3.093662601444837492e+04
5.259241694601500779e+07,9.139001200785673573e-01,9.259731377664846830e-02,-3.774840311324954200e+03,3.092823942570532745e+04
5.260504114595404267e+07,9.135762410899884722e-01,9.520708107938509468e-02,-3.863216779617327120e+03,3.091960982321460688e+04
5.261766534589307755e+07,9.132448631738359079e-01,9.781608423941381969e-02,-3.951579880760123615e+03,3.091073669595064348e+04
5.263028954583211243e+07,9.129059889106558856e-01,1.004243007497320900e-01,-4.039928808680326256e+03,3.090161953920316591e+04
5.264291374577114731e+07,9.125596209333278752e-01,1.030317081222543313e-01,-4.128262758043507347e+03,3.089225785457717211e+04
5.265553794571018219e+07,9.122057619270649287e-01,1.056382838878122815e-01,-4.216580924253830744e+03,3.088265114999295474e+04
5.266816214564920962e+07,9.118444146294134578e-01,1.082440055961532005e-01,-4.304882503453993195e+03,3.087279893968608303e+04
5.268078634558824450e+07,9.114755818302532342e-01,1.108488508159460040e-01,-4.393166692525437611e+03,3.086270074420740275e+04
5.269341054552727938e+07,9.110992663717976114e-01,1.134527971347723818e-01,-4.481432689088040206e+03,3.085235609042305441e+04
5.270603474546631426e+07,9.107154711485936360e-01,1.160558221591323907e-01,-4.569679691500316949e+03,3.084176451151445508e+04
5.271865894540534914e+07,9.103241991075216033e-01,1.186579035144434691e-01,-4.657906898859371722e+03,3.083092554697830928e+04
5.273128314534438401e+07,9.099254532477951685e-01,1.212590188450400480e-01,-4.746113511000899052e+03,3.081983874262659810e+04
5.274390734528341889e+07,9.095192366209620127e-01,1.238591458141738016e-01,-4.834298728499179560e+03,3.080850365058659008e+04
5.275653154522245377e+07,9.091055523309024000e-01,1.264582621040134247e-01,-4.922461752667085420e+03,3.079691982930083395e+04
5.276915574516148120e+07,9.086844035338310643e-01,1.290563454156433421e-01,-5.010601785556023970e+03,3.078508684352717319e+04
5.278177994510051608e+07,9.082557934382953224e-01,1.316533734690695789e-01,-5.098718029956144164e+03,3.077300426433870598e+04
5.279440414503955096e+07,9.078197253051762949e-01,1.342493240032108237e-01,-5.186809689396034628e+03,3.076067166912383982e+04
5.280702834497858584e+07,9.073762024476887955e-01,1.368441747759044091e-01,-5.274875968142917372e+03,3.074808864158625875e+04
5.281965254491762072e+07,9.069252282313808866e-01,1.394379035639047582e-01,-5.362916071202607782e+03,3.073525477174492335e+04
5.283227674485665560e+07,9.064668060741342126e-01,1.420304881628834115e-01,-5.450929204319507335e+03,3.072216965593408531e+04
5.284490094479569048e+07,9.060009394461637777e-01,1.446219063874291388e-01,-5.538914573976606334e+03,3.070883289680326925e+04
5.285752514473471791e+07,9.055276318700185012e-01,1.472121360710462457e-01,-5.626871387395434795e+03,3.069524410331730178e+04
5.287014934467375278e+07,9.050468869205796629e-01,1.498011550661608182e-01,-5.714798852536263439e+03,3.068140289075626060e+04
5.288277354461278766e+07,9.045587082250631239e-01,1.523889412441113977e-01,-5.802696178097796292e+03,3.066730888071553272e+04
5.289539774455182254e+07,9.040630994630176609e-01,1.549754724951552809e-01,-5.890562573517379860e+03,3.065296170110578532e+04
5.290802194449085742e+07,9.035600643663259657e-01,1.575607267284669377e-01,-5.978397248970948567e+03,3.063836098615295487e+04
5.292064614442989230e+07,9.030496067192037568e-01,1.601446818721377896e-01,-6.066199415373023839e+03,3.062350637639827619e+04
5.293327034436892718e+07,9.025317303582004458e-01,1.627273158731765978e-01,-6.153968284376718657e+03,3.060839751869825704e+04
5.294589454430795461e+07,9.020064391721991370e-01,1.653086066975076873e-01,-6.241703068373680253e+03,3.059303406622469993e+04
5.295851874424698949e+07,9.014737371024156287e-01,1.678885323299769694e-01,-6.329402980494300209e+03,3.057741567846466569e+04
5.297114294418602437e+07,9.009336281423999671e-01,1.704670707743431157e-01,-6.417067234607405226e+03,3.056154202122052084e+04
5.298376714412505925e+07,9.003861163380352250e-01,1.730442000532833036e-01,-6.504695045320459940e+03,3.054541276660990843e+04
5.299639134406409413e+07,8.998312057875383907e-01,1.756198982083919113e-01,-6.592285627979520541e+03,3.052902759306575172e+04
5.300901554400312901e+07,8.992689006414594788e-01,1.781941433001804076e-01,-6.679838198669228404e+03,3.051238618533626504e+04
5.302163974394216388e+07,8.986992051026823081e-01,1.807669134080775175e-01,-6.767351974212815549e+03,3.049548823448493204e+04
5.303426394388119131e+07,8.981221234264241682e-01,1.833381866304274466e-01,-6.854826172172050974e+03,3.047833343789053833e+04
5.304688814382022619e+07,8.975376599202351535e-01,1.859079410844961533e-01,-6.942260010847446210e+03,3.046092149924712430e+04
5.305951234375926107e+07,8.969458189439997176e-01,1.884761549064621622e-01,-7.029652709277949725e+03,3.044325212856403959e+04
5.307213654369829595e+07,8.963466049099352295e-01,1.910428062514227254e-01,-7.117003487241144285e+03,3.042532504216590314e+04
5.308476074363733083e+07,8.957400222825928626e-01,1.936078732933920743e-01,-7.204311565253206936e+03,3.040713996269262498e+04
5.309738494357636571e+07,8.951260755788570389e-01,1.961713342253018355e-01,-7.291576164568900822e+03,3.038869661909938804e+04
5.311000914351540059e+07,8.945047693679458733e-01,1.987331672590004761e-01,-7.378796507181576999e+03,3.036999474665667003e+04
5.312263334345442802e+07,8.938761082714110628e-01,2.012933506252522486e-01,-7.465971815823124416e+03,3.035103408695023245e+04
5.313525754339346290e+07,8.932400969631367760e-01,2.038518625737431311e-01,-7.553101313964179099e+03,3.033181438788109153e+04
5.314788174333249778e+07,8.925967401693418735e-01,2.064086813730715564e-01,-7.640184225813802186e+03,3.031233540366558009e+04
5.316050594327153265e+07,8.919460426685781318e-01,2.089637853107546295e-01,-7.727219776319701850e+03,3.029259689483529655e+04
5.317313014321056753e+07,8.912880092917309094e-01,2.115171526932267954e-01,-7.814207191168175996e+03,3.027259862823713047e+04
5.318575434314960241e+07,8.906226449220189245e-01,2.140687618458393948e-01,-7.901145696784106804e+03,3.025234037703324793e+04
5.319837854308863729e+07,8.899499544949946994e-01,2.166185911128610253e-01,-7.988034520330965279e+03,3.023182192070110614e+04
5.321100274302767217e+07,8.892699429985436721e-01,2.191666188574773744e-01,-8.074872889710815798e+03,3.021104304503343519e+04
5.322362694296669960e+07,8.885826154728857507e-01,2.217128234617897764e-01,-8.161660033564252444e+03,3.019000354213826722e+04
5.323625114290573448e+07,8.878879770105727598e-01,2.242571833268212078e-01,-8.248395181270618195e+03,3.016870321043887452e+04
5.324887534284476936e+07,8.871860327564912163e-01,2.267996768725072942e-01,-8.335077562947690240e+03,3.014714185467385687e+04
5.326149954278380424e+07,8.864767879078605528e-01,2.293402825377023058e-01,-8.421706409451879153e+03,3.012531928589707968e+04
5.327412374272283912e+07,8.857602477142343389e-01,2.318789787801776303e-01,-8.508280952378197981e+03,3.010323532147769220e+04
5.328674794266187400e+07,8.850364174774988379e-01,2.344157440766217737e-01,-8.594800424060231308e+03,3.008088978510012385e+04
5.329937214260090888e+07,8.843053025518741173e-01,2.369505569226404706e-01,-8.681264057570162549e+03,3.005828250676409152e+04
5.331199634253993630e+07,8.835669083439143812e-01,2.394833958327549361e-01,-8.767671086718713923e+03,3.003541332278460686e+04
5.332462054247897118e+07,8.828212403125055285e-01,2.420142393404081382e-01,-8.854020746055342897e+03,3.001228207579192531e+04
5.333724474241800606e+07,8.820683039688684834e-01,2.445430659979556665e-01,-8.940312270867943880e+03,2.998888861473161887e+04
5.334986894235704094e+07,8.813081048765571968e-01,2.470698543766717270e-01,-9.026544897183059220e+03,2.996523279486453976e+04
5.336249314229607582e+07,8.805406486514592013e-01,2.495945830667477272e-01,-9.112717861765808266e+03,2.994131447776681307e+04
5.337511734223511070e+07,8.797659409617953896e-01,2.521172306772921368e-01,-9.198830402119905557e+03,2.991713353132985503e+04
5.338774154217414558e+07,8.789839875281200143e-01,2.546377758363305710e-01,-9.284881756487651728e+03,2.989268982976035841e+04
5.340036574211317301e+07,8.781947941233214650e-01,2.571561971908042921e-01,-9.370871163849889854e+03,2.986798325358031798e+04
5.341298994205220789e+07,8.773983665726199366e-01,2.596724734065762874e-01,-9.456797863926196442e+03,2.984301368962696142e+04
5.342561414199124277e+07,8.765947107535709826e-01,2.621865831684218606e-01,-9.542661097174590395e+03,2.981778103105285481e+04
5.343823834193027765e+07,8.757838325960625170e-01,2.646985051800354038e-01,-9.628460104791729464e+03,2.979228517732581895e+04
5.345086254186931252e+07,8.749657380823165909e-01,2.672082181640281773e-01,-9.714194128712857491e+03,2.976652603422896573e+04
5.346348674180834740e+07,8.741404332468881710e-01,2.697157008619285867e-01,-9.799862411611804418e+03,2.974050351386068360e+04
5.347611094174738228e+07,8.733079241766660283e-01,2.722209320341823502e-01,-9.885464196900995375e+03,2.971421753463465939e+04
5.348873514168640971e+07,8.724682170108727375e-01,2.747238904601506659e-01,-9.970998728731394294e+03,2.968766802127985284e+04
5.350135934162544459e+07,8.716213179410629008e-01,2.772245549381162633e-01,-1.005646525199269490e+04,2.966085490484048569e+04
5.351398354156447947e+07,8.707672332111262570e-01,2.797229042852747427e-01,-1.014186301231303696e+04,2.963377812267609261e+04
5.352660774150351435e+07,8.699059691172852382e-01,2.822189173377402382e-01,-1.022719125605920090e+04,2.960643761846148482e+04
5.353923194144254923e+07,8.690375320080958588e-01,2.847125729505439740e-01,-1.031244923033654595e+04,2.957883334218674645e+04
5.355185614138158411e+07,8.681619282844477148e-01,2.872038499976345416e-01,-1.039763618298902838e+04,2.955096525015725274e+04
5.356448034132061899e+07,8.672791643995636512e-01,2.896927273718773455e-01,-1.048275136259919600e+04,2.952283330499366275e+04
5.357710454125965387e+07,8.663892468590002061e-01,2.921791839850549910e-01,-1.056779401848816997e+04,2.949443747563190846e+04
5.358972874119868129e+07,8.654921822206478321e-01,2.946631987678660636e-01,-1.065276340071562845e+04,2.946577773732323840e+04
5.360235294113771617e+07,8.645879770947288989e-01,2.971447506699302354e-01,-1.073765876007997576e+04,2.943685407163411583e+04
5.361497714107675105e+07,8.636766381438006901e-01,2.996238186597803832e-01,-1.082247934811805862e+04,2.940766646644634966e+04
5.362760134101578593e+07,8.627581720827535161e-01,3.021003817248675838e-01,-1.090722441710536623e+04,2.937821491595700718e+04
5.364022554095482081e+07,8.618325856788112693e-01,3.045744188715602818e-01,-1.099189322005597023e+04,2.934849942067844313e+04
5.365284974089385569e+07,8.608998857515313130e-01,3.070459091251439010e-01,-1.107648501072253021e+04,2.931851998743829245e+04
5.366547394083289057e+07,8.599600791728043703e-01,3.095148315298211772e-01,-1.116099904359630818e+04,2.928827662937947389e+04
5.367809814077191800e+07,8.590131728668549682e-01,3.119811651487104376e-01,-1.124543457390708136e+04,2.925776936596021187e+04
5.369072234071095288e+07,8.580591738102399946e-01,3.144448890638514849e-01,-1.132979085762338218e+04,2.922699822295395279e+04
5.370334654064998776e+07,8.570980890318510292e-01,3.169059823761969374e-01,-1.141406715145218368e+04,2.919596323244948144e+04
5.371597074058902264e+07,8.561299256129126789e-01,3.193644242056180027e-01,-1.149826271283909045e+04,2.916466443285085188e+04
5.372859494052805752e+07,8.551546906869832432e-01,3.218201936909029781e-01,-1.158237679996829320e+04,2.913310186887739110e+04
5.374121914046709239e+07,8.541723914399540485e-01,3.242732699897575288e-01,-1.166640867176257598e+04,2.910127559156372445e+04
5.375384334040612727e+07,8.531830351100504473e-01,3.267236322788040770e-01,-1.175035758788331077e+04,2.906918565825974292e+04
5.376646754034515470e+07,8.521866289878312628e-01,3.291712597535809692e-01,-1.183422280873041200e+04,2.903683213263065772e+04
5.377909174028418958e+07,8.511831804161875681e-01,3.316161316285479721e-01,-1.191800359544252206e+04,2.900421508465688385e+04
5.379171594022322446e+07,8.501726967903453502e-01,3.340582271370777234e-01,-1.200169920989673483e+04,2.897133459063420014e+04
5.380434014016225934e+07,8.491551855578634012e-01,3.364975255314613389e-01,-1.208530891470877214e+04,2.893819073317363291e+04
5.381696434010129422e+07,8.481306542186343167e-01,3.389340060829071910e-01,-1.216883197323295099e+04,2.890478360120149591e+04
5.382958854004032910e+07,8.470991103248839416e-01,3.413676480815405756e-01,-1.225226764956217812e+04,2.887111328995938311e+04
5.384221273997936398e+07,8.460605614811715913e-01,3.437984308364042674e-01,-1.233561520852794092e+04,2.883717990100417956e+04
5.385483693991839141e+07,8.450150153443907186e-01,3.462263336754563547e-01,-1.241887391570027103e+04,2.880298354220806505e+04
5.386746113985742629e+07,8.439624796237664706e-01,3.486513359455766792e-01,-1.250204303738793897e+04,2.876852432775844863e+04
5.388008533979646116e+07,8.429029620808593526e-01,3.510734170125577314e-01,-1.258512184063815221e+04,2.873380237815807413e+04
5.389270953973549604e+07,8.418364705295623418e-01,3.534925562611106464e-01,-1.266810959323675706e+04,2.869881782022495463e+04
5.390533373967453092e+07,8.407630128361022193e-01,3.559087330948637606e-01,-1.275100556370819140e+04,2.866357078709238704e+04
5.391795793961356580e+07,8.396825969190393479e-01,3.583219269363623893e-01,-1.283380902131547555e+04,2.862806141820894481e+04
5.393058213955260068e+07,8.385952307492673397e-01,3.607321172270690490e-01,-1.291651923606022501e+04,2.859228985933849253e+04
5.394320633949162811e+07,8.375009223500138322e-01,3.631392834273621251e-01,-1.299913547868259047e+04,2.855625626256018950e+04
5.395583053943066299e+07,8.363996797968383801e-01,3.655434050165412008e-01,-1.308165702066146150e+04,2.851996078626842063e+04
5.396845473936969787e+07,8.352915112176356738e-01,3.679444614928187862e-01,-1.316408313421416460e+04,2.848340359517292018e+04
5.398107893930873275e+07,8.341764247926330977e-01,3.703424323733259249e-01,-1.324641309229666876e+04,2.844658486029867709e+04
5.399370313924776763e+07,8.330544287543916182e-01,3.727372971941110280e-01,-1.332864616860353090e+04,2.840950475898596051e+04
5.400632733918680251e+07,8.319255313878060054e-01,3.751290355101391527e-01,-1.341078163756789036e+04,2.837216347489033797e+04
5.401895153912583739e+07,8.307897410301042784e-01,3.775176268952930569e-01,-1.349281877436148534e+04,2.833456119798264262e+04
5.403157573906487226e+07,8.296470660708474831e-01,3.799030509423723112e-01,-1.357475685489463831e+04,2.829669812454900239e+04
5.404419993900389969e+07,8.284975149519315796e-01,3.822852872630922993e-01,-1.365659515581620690e+04,2.825857445719084353e+04
5.405682413894293457e+07,8.273410961675835562e-01,3.846643154880897142e-01,-1.373833295451378581e+04,2.822019040482481068e+04
5.406944833888196945e+07,8.261778182643657598e-01,3.870401152669141198e-01,-1.381996952911341941e+04,2.818154618268289778e+04
5.408207253882100433e+07,8.250076898411737858e-01,3.894126662680339468e-01,-1.390150415847978002e+04,2.814264201231236439e+04
5.409469673876003921e+07,8.238307195492361457e-01,3.917819481788342162e-01,-1.398293612221613512e+04,2.810347812157573935e+04
5.410732093869907409e+07,8.226469160921153767e-01,3.941479407056176498e-01,-1.406426470066433103e+04,2.806405474465085354e+04
5.411994513863810897e+07,8.214562882257070431e-01,3.965106235736036711e-01,-1.414548917490481654e+04,2.802437212203080344e+04
5.413256933857713640e+07,8.202588447582411790e-01,3.988699765269276276e-01,-1.422660882675657376e+04,2.798443050052399849e+04
5.414519353851617128e+07,8.190545945502791803e-01,4.012259793286463427e-01,-1.430762293877731645e+04,2.794423013325407010e+04
5.415781773845520616e+07,8.178435465147178007e-01,4.035786117607292889e-01,-1.438853079426320437e+04,2.790377127965998443e+04
5.417044193839424103e+07,8.166257096167864882e-01,4.059278536240646940e-01,-1.446933167724903251e+04,2.786305420549598421e+04
5.418306613833327591e+07,8.154010928740487163e-01,4.082736847384577095e-01,-1.455002487250818740e+04,2.782207918283158142e+04
5.419569033827231079e+07,8.141697053564008746e-01,4.106160849426309101e-01,-1.463060966555264349e+04,2.778084649005157917e+04
5.420831453821134567e+07,8.129315561860730455e-01,4.129550340942238496e-01,-1.471108534263296315e+04,2.773935641185606437e+04
5.422093873815037310e+07,8.116866545376294484e-01,4.152905120697917285e-01,-1.479145119073824753e+04,2.769760923926042597e+04
5.423356293808940798e+07,8.104350096379656643e-01,4.176224987648112785e-01,-1.487170649759633307e+04,2.765560526959526760e+04
5.424618713802844286e+07,8.091766307663128543e-01,4.199509740936719915e-01,-1.495185055167350038e+04,2.761334480650654223e+04
5.425881133796747774e+07,8.079115272542350956e-01,4.222759179896821147e-01,-1.503188264217466531e+04,2.757082815995546844e+04
5.427143553790651262e+07,8.066397084856296029e-01,4.245973104050667080e-01,-1.511180205904333343e+04,2.752805564621854137e+04
5.428405973784554750e+07,8.053611838967273950e-01,4.269151313109683654e-01,-1.519160809296159641e+04,2.748502758788754727e+04
5.429668393778458238e+07,8.040759629760929617e-01,4.292293606974463271e-01,-1.527130003535014475e+04,2.744174431386954529e+04
5.430930813772360981e+07,8.027840552646245964e-01,4.315399785734762017e-01,-1.535087717836819320e+04,2.739820615938691481e+04
5.432193233766264468e+07,8.014854703555523985e-01,4.338469649669542960e-01,-1.543033881491370266e+04,2.735441346597722804e+04
5.433455653760167956e+07,8.001802178944417143e-01,4.361502999246903989e-01,-1.550968423862306918e+04,2.731036658149342838e+04
5.434718073754071444e+07,7.988683075791908061e-01,4.384499635124122219e-01,-1.558891274387133672e+04,2.726606586010371029e+04
5.435980493747974932e+07,7.975497491600314071e-01,4.407459358147653439e-01,-1.566802362577212625e+04,2.722151166229155206e+04
5.437242913741878420e+07,7.962245524395289431e-01,4.430381969353119342e-01,-1.574701618017764849e+04,2.717670435485571579e+04
5.438505333735781908e+07,7.948927272725816451e-01,4.453267269965315855e-01,-1.582588970367871661e+04,2.713164431091024744e+04
5.439767753729685396e+07,7.935542835664218808e-01,4.476115061398207584e-01,-1.590464349360471533e+04,2.708633190988447313e+04
5.441030173723588139e+07,7.922092312806161551e-01,4.498925145254919489e-01,-1.598327684802357908e+04,2.704076753752302830e+04
5.442292593717491627e+07,7.908575804270618903e-01,4.521697323327787954e-01,-1.606178906574196844e+04,2.699495158588575578e+04
5.443555013711395115e+07,7.894993410699923109e-01,4.544431397598280298e-01,-1.614017944630499733e+04,2.694888445334785865e+04
5.444817433705298603e+07,7.881345233259736682e-01,4.567127170237045841e-01,-1.621844728999641120e+04,2.690256654459979472e+04
5.446079853699202091e+07,7.867631373639052406e-01,4.589784443603910913e-01,-1.629659189783854526e+04,2.685599827064730925e+04
5.447342273693105578e+07,7.853851934050202210e-01,4.612403020247866636e-01,-1.637461257159232082e+04,2.680918004881142042e+04
5.448604693687009066e+07,7.840007017228848296e-01,4.634982702907082808e-01,-1.645250861375725071e+04,2.676211230272844114e+04
5.449867113680911809e+07,7.826096726434000894e-01,4.657523294508877920e-01,-1.653027932757139206e+04,2.671479546234999361e+04
5.451129533674815297e+07,7.812121165447974969e-01,4.680024598169794103e-01,-1.660792401701152266e+04,2.666722996394288930e+04
5.452391953668718785e+07,7.798080438576447948e-01,4.702486417195492763e-01,-1.668544198679287365e+04,2.661941625008931442e+04
5.453654373662622273e+07,7.783974650648423088e-01,4.724908555080825634e-01,-1.676283254236932044e+04,2.657135476968670628e+04
5.454916793656525761e+07,7.769803907016240574e-01,4.747290815509816464e-01,-1.684009498993330635e+04,2.652304597794779329e+04
5.456179213650429249e+07,7.755568313555569748e-01,4.769633002355661011e-01,-1.691722863641587901e+04,2.647449033640057678e+04
5.457441633644332737e+07,7.741267976665420214e-01,4.791934919680723159e-01,-1.699423278948667576e+04,2.642568831288834917e+04
5.458704053638235480e+07,7.726903003268142944e-01,4.814196371736526592e-01,-1.707110675755386910e+04,2.637664038156970128e+04
5.459966473632138968e+07,7.712473500809396976e-01,4.836417162963804195e-01,-1.714784984976435226e+04,2.632734702291843860e+04
5.461228893626042455e+07,7.697979577258201589e-01,4.858597097992424785e-01,-1.722446137600348811e+04,2.627780872372371960e+04
5.462491313619945943e+07,7.683421341106906333e-01,4.880735981641439736e-01,-1.730094064689525840e+04,2.622802597708997200e+04
5.463753733613849431e+07,7.668798901371189913e-01,4.902833618919069658e-01,-1.737728697380224185e+04,2.617799928243689646e+04
5.465016153607752919e+07,7.654112367590067967e-01,4.924889815022709394e-01,-1.745349966882560693e+04,2.612772914549947018e+04
5.466278573601656407e+07,7.639361849825893058e-01,4.946904375338921356e-01,-1.752957804480509367e+04,2.607721607832797599e+04
5.467540993595559150e+07,7.624547458664355792e-01,4.968877105443433306e-01,-1.760552141531900270e+04,2.602646059928798059e+04
5.468803413589462638e+07,7.609669305214462609e-01,4.990807811101178326e-01,-1.768132909468435537e+04,2.597546323306026898e+04
5.470065833583366126e+07,7.594727501108574641e-01,5.012696298266219319e-01,-1.775700039795663179e+04,2.592422451064098277e+04
5.471328253577269614e+07,7.579722158502382179e-01,5.034542373081809519e-01,-1.783253464092993818e+04,2.587274496934152558e+04
5.472590673571173102e+07,7.564653390074908001e-01,5.056345841880368619e-01,-1.790793114013695595e+04,2.582102515278857754e+04
5.473853093565076590e+07,7.549521309028512928e-01,5.078106511183492211e-01,-1.798318921284898170e+04,2.576906561092410993e+04
5.475115513558980078e+07,7.534326029088890264e-01,5.099824187701945677e-01,-1.805830817707589085e+04,2.571686690000536328e+04
5.476377933552883565e+07,7.519067664505068027e-01,5.121498678335660859e-01,-1.813328735156613402e+04,2.566442958260488012e+04
5.477640353546786308e+07,7.503746330049416713e-01,5.143129790173737170e-01,-1.820812605580673335e+04,2.561175422761049413e+04
5.478902773540689796e+07,7.488362141017620432e-01,5.164717330494478231e-01,-1.828282361002339167e+04,2.555884141022525000e+04
5.480165193534593284e+07,7.472915213228715769e-01,5.186261106765318596e-01,-1.835737933518032150e+04,2.550569171196755633e+04
5.481427613528496772e+07,7.457405663025071796e-01,5.207760926642882593e-01,-1.843179255298031785e+04,2.545230572067107278e+04
5.482690033522400260e+07,7.441833607272391182e-01,5.229216597972963232e-01,-1.850606258586479453e+04,2.539868403048475011e+04
5.483952453516303748e+07,7.426199163359710198e-01,5.250627928790522203e-01,-1.858018875701374418e+04,2.534482724187281929e+04
5.485214873510207236e+07,7.410502449199400932e-01,5.271994727319696539e-01,-1.865417039034575282e+04,2.529073596161478781e+04
5.486477293504109979e+07,7.394743583227177952e-01,5.293316801973781960e-01,-1.872800681051793072e+04,2.523641080280548340e+04
5.487739713498013467e+07,7.378922684402061671e-01,5.314593961355281726e-01,-1.880169734292614521e+04,2.518185238485492300e+04
5.489002133491916955e+07,7.363039872206441627e-01,5.335826014255831140e-01,-1.887524131370468604e+04,2.512706133348849835e+04
5.490264553485820442e+07,7.347095266646023193e-01,5.357012769656253059e-01,-1.894863804972649814e+04,2.507203828074684861e+04
5.491526973479723930e+07,7.331088988249855332e-01,5.378154036726541243e-01,-1.902188687860310893e+04,2.501678386498590771e+04
5.492789393473627418e+07,7.315021158070313945e-01,5.399249624825855909e-01,-1.909498712868462098e+04,2.496129873087687884e+04
5.494051813467530906e+07,7.298891897683118524e-01,5.420299343502535949e-01,-1.916793812905974482e+04,2.490558352940625628e+04
5.495314233461433649e+07,7.282701329187322159e-01,5.441303002494073393e-01,-1.924073920955572612e+04,2.484963891787585453e+04
5.496576653455337137e+07,7.266449575205293776e-01,5.462260411727173359e-01,-1.931338970073852761e+04,2.479346555990265915e+04
5.497839073449240625e+07,7.250136758882760324e-01,5.483171381317671900e-01,-1.938588893391258534e+04,2.473706412541904137e+04
5.499101493443144113e+07,7.233763003888773468e-01,5.504035721570587070e-01,-1.945823624112094330e+04,2.468043529067263444e+04
5.500363913437047601e+07,7.217328434415724026e-01,5.524853242980115597e-01,-1.953043095514526067e+04,2.462357973822633357e+04
5.501626333430951089e+07,7.200833175179333079e-01,5.545623756229617340e-01,-1.960247240950575724e+04,2.456649815695834332e+04
5.502888753424854577e+07,7.184277351418659752e-01,5.566347072191628609e-01,-1.967435993846126439e+04,2.450919124206212655e+04
5.504151173418757319e+07,7.167661088896103427e-01,5.587023001927846622e-01,-1.974609287700914865e+04,2.445165969504647364e+04
5.505413593412660807e+07,7.150984513897373773e-01,5.607651356689169475e-01,-1.981767056088549361e+04,2.439390422373535694e+04
5.506676013406564295e+07,7.134247753231540701e-01,5.628231947915632860e-01,-1.988909232656484892e+04,2.433592554226813081e+04
5.507938433400467783e+07,7.117450934231002169e-01,5.648764587236462242e-01,-1.996035751126038667e+04,2.427772437109940074e+04
5.509200853394371271e+07,7.100594184751488624e-01,5.669249086470046217e-01,-2.003146545292388691e+04,2.421930143699905238e+04
5.510463273388274759e+07,7.083677633172066335e-01,5.689685257623948722e-01,-2.010241549024567939e+04,2.416065747305225887e+04
5.511725693382178247e+07,7.066701408395134054e-01,5.710072912894902375e-01,-2.017320696265473453e+04,2.410179321865946986e+04
5.512988113376080990e+07,7.049665639846438570e-01,5.730411864668804034e-01,-2.024383921031851423e+04,2.404270941953646252e+04
5.514250533369984478e+07,7.032570457475030290e-01,5.750701925520754765e-01,-2.031431157414325571e+04,2.398340682771417414e+04
5.515512953363887966e+07,7.015415991753322089e-01,5.770942908214988787e-01,-2.038462339577359671e+04,2.392388620153895317e+04
5.516775373357791454e+07,6.998202373677054888e-01,5.791134625704928984e-01,-2.045477401759285203e+04,2.386414830567238096e+04
5.518037793351694942e+07,6.980929734765303207e-01,5.811276891133163591e-01,-2.052476278272289710e+04,2.380419391109131902e+04
5.519300213345598429e+07,6.963598207060476275e-01,5.831369517831458404e-01,-2.059458903502420799e+04,2.374402379508792365e+04
5.520562633339501917e+07,6.946207923128315809e-01,5.851412319320745681e-01,-2.066425211909586142e+04,2.368363874126962764e+04
5.521825053333405405e+07,6.928759016057900455e-01,5.871405109311134130e-01,-2.073375138027549838e+04,2.362303953955914767e+04
5.523087473327308148e+07,6.911251619461655782e-01,5.891347701701884487e-01,-2.080308616463931685e+04,2.356222698619452058e+04
5.524349893321211636e+07,6.893685867475307649e-01,5.911239910581470580e-01,-2.087225581900223551e+04,2.350120188372895427e+04
5.525612313315115124e+07,6.876061894757947712e-01,5.931081550227499388e-01,-2.094125969091762818e+04,2.343996504103104598e+04
5.526874733309018612e+07,6.858379836491993453e-01,5.950872435106766556e-01,-2.101009712867749840e+04,2.337851727328464767e+04
5.528137153302922100e+07,6.840639828383200394e-01,5.970612379875227527e-01,-2.107876748131243949e+04,2.331685940198889148e+04
5.529399573296825588e+07,6.822842006660648773e-01,5.990301199378020858e-01,-2.114727009859164900e+04,2.325499225495818973e+04
5.530661993290729076e+07,6.804986508076766860e-01,6.009938708649450456e-01,-2.121560433102288516e+04,2.319291666632223496e+04
5.531924413284631819e+07,6.787073469907315415e-01,6.029524722912981138e-01,-2.128376952985248136e+04,2.313063347652605080e+04
5.533186833278535306e+07,6.769103029951368811e-01,6.049059057581284149e-01,-2.135176504706545165e+04,2.306814353232982467e+04
5.534449253272438794e+07,6.751075326531360554e-01,6.068541528256167217e-01,-2.141959023538530892e+04,2.300544768680912966e+04
5.535711673266342282e+07,6.732990498493052201e-01,6.087971950728620074e-01,-2.148724444827417392e+04,2.294254679935480817e+04
5.536974093260245770e+07,6.714848685205536682e-01,6.107350140978806685e-01,-2.155472703993275718e+04,2.287944173567296093e+04
5.538236513254149258e+07,6.696650026561247193e-01,6.126675915176058584e-01,-2.162203736530037713e+04,2.281613336778498342e+04
5.539498933248052746e+07,6.678394662975943863e-01,6.145949089678882649e-01,-2.168917478005490921e+04,2.275262257402755495e+04
5.540761353241955489e+07,6.660082735388741515e-01,6.165169481034940002e-01,-2.175613864061281129e+04,2.268891023905267502e+04
5.542023773235858977e+07,6.641714385262048603e-01,6.184336905981104859e-01,-2.182292830412922194e+04,2.262499725382750330e+04
5.543286193229762465e+07,6.623289754581647149e-01,6.203451181443382367e-01,-2.188954312849776397e+04,2.256088451563461786e+04
5.544548613223665953e+07,6.604808985856636117e-01,6.222512124536965228e-01,-2.195598247235068629e+04,2.249657292807180784e+04
5.545811033217569441e+07,6.586272222119460285e-01,6.241519552566212603e-01,-2.202224569505882391e+04,2.243206340105218260e+04
5.547073453211472929e+07,6.567679606925886926e-01,6.260473283024657887e-01,-2.208833215673159793e+04,2.236735685080410258e+04
5.548335873205376416e+07,6.549031284355026905e-01,6.279373133595007594e-01,-2.215424121821703011e+04,2.230245419987123751e+04
5.549598293199279159e+07,6.530327399009330236e-01,6.298218922149123600e-01,-2.221997224110166644e+04,2.223735637711254822e+04
5.550860713193182647e+07,6.511568096014554996e-01,6.317010466748076425e-01,-2.228552458771079910e+04,2.217206431770220297e+04
5.552123133187086135e+07,6.492753521019821727e-01,6.335747585642073076e-01,-2.235089762110815354e+04,2.210657896312973025e+04
5.553385553180989623e+07,6.473883820197577910e-01,6.354430097270505895e-01,-2.241609070509609592e+04,2.204090126119992783e+04
5.554647973174893111e+07,6.454959140243604621e-01,6.373057820261932571e-01,-2.248110320421558572e+04,2.197503216603286273e+04
5.555910393168796599e+07,6.435979628377016537e-01,6.391630573434090579e-01,-2.254593448374617219e+04,2.190897263806388946e+04
5.557172813162700087e+07,6.416945432340267486e-01,6.410148175793877190e-01,-2.261058390970598339e+04,2.184272364404364635e+04
5.558435233156603575e+07,6.397856700399138230e-01,6.428610446537373901e-01,-2.267505084885174801e+04,2.177628615703805553e+04
5.559697653150506318e+07,6.378713581342762007e-01,6.447017205049813127e-01,-2.273933466867872630e+04,2.170966115642835575e+04
5.560960073144409806e+07,6.359516224483573454e-01,6.465368270905635928e-01,-2.280343473742090646e+04,2.164284962791096041e+04
5.562222493138313293e+07,6.340264779657369676e-01,6.483663463868422072e-01,-2.286735042405073182e+04,2.157585256349767587e+04
5.563484913132216781e+07,6.320959397223275822e-01,6.501902603890931109e-01,-2.293108109827928638e+04,2.150867096151555234e+04
5.564747333126120269e+07,6.301600228063753972e-01,6.520085511115092380e-01,-2.299462613055622933e+04,2.144130582660692744e+04
5.566009753120023757e+07,6.282187423584590924e-01,6.538212005872015009e-01,-2.305798489206981685e+04,2.137375816972941539e+04
5.567272173113927245e+07,6.262721135714921505e-01,6.556281908681971249e-01,-2.312115675474688032e+04,2.130602900815591784e+04
5.568534593107829988e+07,6.243201516907217474e-01,6.574295040254397593e-01,-2.318414109125283721e+04,2.123811936547466394e+04
5.569797013101733476e+07,6.223628720137254211e-01,6.592251221487933632e-01,-2.324693727499175657e+04,2.117003027158903569e+04
5.571059433095636964e+07,6.204002898904176222e-01,6.610150273470355442e-01,-2.330954468010622804e+04,2.110176276271782262e+04
5.572321853089540452e+07,6.184324207230450510e-01,6.627992017478627762e-01,-2.337196268147743831e+04,2.103331788139505807e+04
5.573584273083443940e+07,6.164592799661876565e-01,6.645776274978877352e-01,-2.343419065472518196e+04,2.096469667647005554e+04
5.574846693077347428e+07,6.144808831267594140e-01,6.663502867626409643e-01,-2.349622797620783240e+04,2.089590020310741966e+04
5.576109113071250916e+07,6.124972457640073253e-01,6.681171617265700968e-01,-2.355807402302234186e+04,2.082692952278702433e+04
5.577371533065153658e+07,6.105083834895133066e-01,6.698782345930384130e-01,-2.361972817300422321e+04,2.075778570330407456e+04
5.578633953059057146e+07,6.085143119671887479e-01,6.716334875843301688e-01,-2.368118980472771727e+04,2.068846981876894279e+04
5.579896373052960634e+07,6.065150469132829514e-01,6.733829029416427137e-01,-2.374245829750548364e+04,2.061898294960739076e+04
5.581158793046864122e+07,6.045106040963763583e-01,6.751264629250922633e-01,-2.380353303138886258e+04,2.054932618256043861e+04
5.582421213040767610e+07,6.025009993373838801e-01,6.768641498137120127e-01,-2.386441338716774408e+04,2.047950061068437572e+04
5.583683633034671098e+07,6.004862485095533442e-01,6.785959459054520249e-01,-2.392509874637063331e+04,2.040950733335078257e+04
5.584946053028574586e+07,5.984663675384662707e-01,6.803218335171801190e-01,-2.398558849126460700e+04,2.033934745624652714e+04
5.586208473022477329e+07,5.964413724020385388e-01,6.820417949846796501e-01,-2.404588200485530615e+04,2.026902209137378668e+04
5.587470893016380817e+07,5.944112791305165011e-01,6.837558126626541721e-01,-2.410597867088706698e+04,2.019853235704991675e+04
5.588733313010284305e+07,5.923761038064828677e-01,6.854638689247218863e-01,-2.416587787384269177e+04,2.012787937790765136e+04
5.589995733004187793e+07,5.903358625648531532e-01,6.871659461634184174e-01,-2.422557899894362708e+04,2.005706428489500104e+04
5.591258152998091280e+07,5.882905715928760104e-01,6.888620267901968131e-01,-2.428508143214989104e+04,1.998608821527522377e+04
5.592520572991994768e+07,5.862402471301340068e-01,6.905520932354277663e-01,-2.434438456016010241e+04,1.991495231262689776e+04
5.593782992985898256e+07,5.841849054685427367e-01,6.922361279483983942e-01,-2.440348777041147332e+04,1.984365772684385593e+04
5.595045412979800999e+07,5.821245629523524867e-01,6.939141133973123488e-01,-2.446239045107975471e+04,1.977220561413526229e+04
5.596307832973704487e+07,5.800592359781439056e-01,6.955860320692931476e-01,-2.452109199107938912e+04,1.970059713702544104e+04
5.597570252967607975e+07,5.779889409948339996e-01,6.972518664703782898e-01,-2.457959178006332513e+04,1.962883346435413114e+04
5.598832672961511463e+07,5.759136945036724686e-01,6.989115991255244742e-01,-2.463788920842310836e+04,1.955691577127629716e+04
5.600095092955414951e+07,5.738335130582425947e-01,7.005652125786041573e-01,-2.469598366728889960e+04,1.948484523926220572e+04
5.601357512949318439e+07,5.717484132644607975e-01,7.022126893924079960e-01,-2.475387454852941664e+04,1.941262305609738542e+04
5.602619932943221927e+07,5.696584117805774117e-01,7.038540121486429602e-01,-2.481156124475200340e+04,1.934025041588266322e+04
5.603882352937125415e+07,5.675635253171755767e-01,7.054891634479335538e-01,-2.486904314930256078e+04,1.926772851903414994e+04
5.605144772931028157e+07,5.654637706371737904e-01,7.071181259098208161e-01,-2.492631965626555757e+04,1.919505857228326204e+04
5.606407192924931645e+07,5.633591645558199135e-01,7.087408821727648744e-01,-2.498339016046414326e+04,1.912224178867659793e+04
5.607669612918835133e+07,5.612497239406991634e-01,7.103574148941412814e-01,-2.504025405745998069e+04,1.904927938757614902e+04
5.608932032912738621e+07,5.591354657117291183e-01,7.119677067502427903e-01,-2.509691074355332603e+04,1.897617259465915413e+04
5.610194452906642109e+07,5.570164068411603830e-01,7.135717404362793559e-01,-2.515335961578303250e+04,1.890292264191812501e+04
5.611456872900545597e+07,5.548925643535774777e-01,7.151694986663784670e-01,-2.520960007192655030e+04,1.882953076766087543e+04
5.612719292894449085e+07,5.527639553258983929e-01,7.167609641735847026e-01,-2.526563151049991211e+04,1.875599821651048114e+04
5.613981712888351828e+07,5.506305968873754786e-01,7.183461197098587325e-01,-2.532145333075770031e+04,1.868232623940535996e+04
5.615244132882255316e+07,5.484925062195908918e-01,7.199249480460807593e-01,-2.537706493269319981e+04,1.860851609359907889e+04
5.616506552876158804e+07,5.463497005564643683e-01,7.214974319720460771e-01,-2.543246571703816880e+04,1.853456904266060519e+04
5.617768972870062292e+07,5.442021971842475603e-01,7.230635542964679585e-01,-2.548765508526300255e+04,1.846048635647416450e+04
5.619031392863965780e+07,5.420500134415258131e-01,7.246232978469756558e-01,-2.554263243957666782e+04,1.838626931123925169e+04
5.620293812857869267e+07,5.398931667192176098e-01,7.261766454701171769e-01,-2.559739718292673933e+04,1.831191918947065278e+04
5.621556232851772755e+07,5.377316744605749044e-01,7.277235800313567315e-01,-2.565194871899937425e+04,1.823743727999843395e+04
5.622818652845675498e+07,5.355655541611850090e-01,7.292640844150750645e-01,-2.570628645221925763e+04,1.816282487796798159e+04
5.624081072839578986e+07,5.333948233689641549e-01,7.307981415245724532e-01,-2.576040978774981340e+04,1.808808328483984951e+04
5.625343492833482474e+07,5.312194996841663741e-01,7.323257342820638227e-01,-2.581431813149290974e+04,1.801321380838998448e+04
5.626605912827385962e+07,5.290396007593775041e-01,7.338468456286821873e-01,-2.586801089008905910e+04,1.793821776270959526e+04
5.627868332821289450e+07,5.268551442995170753e-01,7.353614585244778734e-01,-2.592148747091736732e+04,1.786309646820514899e+04
5.629130752815192938e+07,5.246661480618382001e-01,7.368695559484177426e-01,-2.597474728209550813e+04,1.778785125159842573e+04
5.630393172809096426e+07,5.224726298559271287e-01,7.383711208983866348e-01,-2.602778973247975591e+04,1.771248344592645299e+04
5.631655592802999169e+07,5.202746075437054696e-01,7.398661363911847033e-01,-2.608061423166494933e+04,1.763699439054161849e+04
5.632918012796902657e+07,5.180720990394233061e-01,7.413545854625326337e-01,-2.613322018998459680e+04,1.756138543111143372e+04
5.634180432790806144e+07,5.158651223096695215e-01,7.428364511670653147e-01,-2.618560701851070553e+04,1.748565791961885043e+04
5.635442852784709632e+07,5.136536953733641386e-01,7.443117165783353917e-01,-2.623777412905391247e+04,1.740981321436203507e+04
5.636705272778613120e+07,5.114378363017609841e-01,7.457803647888133769e-01,-2.628972093416341886e+04,1.733385267995445247e+04
5.637967692772516608e+07,5.092175632184472445e-01,7.472423789098863178e-01,-2.634144684712704475e+04,1.725777768732485129e+04
5.639230112766420096e+07,5.069928942993437992e-01,7.486977420718581300e-01,-2.639295128197117810e+04,1.718158961371724581e+04
5.640492532760323584e+07,5.047638477727049988e-01,7.501464374239509292e-01,-2.644423365346079663e+04,1.710528984269095963e+04
5.641754952754226327e+07,5.025304419191193306e-01,7.515884481343020340e-01,-2.649529337709945685e+04,1.702887976412061835e+04
5.643017372748129815e+07,5.002926950715058663e-01,7.530237573899691839e-01,-2.654612986912935958e+04,1.695236077419601497e+04
5.644279792742033303e+07,4.980506256151204236e-01,7.544523483969242106e-01,-2.659674254653124081e+04,1.687573427542234276e+04
5.645542212735936791e+07,4.958042519875512366e-01,7.558742043800569244e-01,-2.664713082702442625e+04,1.679900167662005333e+04
5.646804632729840279e+07,4.935535926787193994e-01,7.572893085831751137e-01,-2.669729412906684229e+04,1.672216439292486029e+04
5.648067052723743767e+07,4.912986662308804209e-01,7.586976442690026579e-01,-2.674723187185501592e+04,1.664522384578778292e+04
5.649329472717647254e+07,4.890394912386228365e-01,7.600991947191808595e-01,-2.679694347532403481e+04,1.656818146297509520e+04
5.650591892711549997e+07,4.867760645596133084e-01,7.614940471000370970e-01,-2.684644214213863233e+04,1.649102075167084695e+04
5.651854312705453485e+07,4.845083769106425242e-01,7.628823279935348367e-01,-2.689574559967215100e+04,1.641371818976254872e+04
5.653116732699356973e+07,4.822364493428127341e-01,7.642640257245730817e-01,-2.694485278850356553e+04,1.633627398262684983e+04
5.654379152693260461e+07,4.799603030870480680e-01,7.656391278995019478e-01,-2.699376255162267262e+04,1.625868847268783975e+04
5.655641572687163949e+07,4.776799593874098138e-01,7.670076221835393504e-01,-2.704247373880259693e+04,1.618096200564696846e+04
5.656903992681067437e+07,4.753954395010955292e-01,7.683694963007716705e-01,-2.709098520659981295e+04,1.610309493048304466e+04
5.658166412674970925e+07,4.731067646984399300e-01,7.697247380341527556e-01,-2.713929581835412682e+04,1.602508759945224665e+04
5.659428832668873668e+07,4.708139562629151120e-01,7.710733352255041417e-01,-2.718740444418866900e+04,1.594694036808815508e+04
5.660691252662777156e+07,4.685170354911263879e-01,7.724152757755174958e-01,-2.723530996100998891e+04,1.586865359520157654e+04
5.661953672656680644e+07,4.662160236928194479e-01,7.737505476437501750e-01,-2.728301125250789119e+04,1.579022764288081635e+04
5.663216092650584131e+07,4.639109421908753084e-01,7.750791388486283351e-01,-2.733050720915554848e+04,1.571166287649149854e+04
5.664478512644487619e+07,4.616018123213118107e-01,7.764010374674459314e-01,-2.737779672820948690e+04,1.563295966467660764e+04
5.665740932638391107e+07,4.592886554332834548e-01,7.777162316363653849e-01,-2.742487871370955691e+04,1.555411837935648873e+04
5.667003352632294595e+07,4.569714928890812877e-01,7.790247095504166941e-01,-2.747175207647895877e+04,1.547513939572885101e+04
5.668265772626197338e+07,4.546503460641344585e-01,7.803264594634973239e-01,-2.751841573412420621e+04,1.539602309226881334e+04
5.669528192620100826e+07,4.523252363470046666e-01,7.816214696883749813e-01,-2.756486861103523552e+04,1.531676985072871685e+04
5.670790612614004314e+07,4.499961851393943779e-01,7.829097285966831743e-01,-2.761110963838524185e+04,1.523738005613839778e+04
5.672053032607907802e+07,4.476632138561414953e-01,7.841912246189238767e-01,-2.765713775413078474e+04,1.515785409680501834e+04
5.673315452601811290e+07,4.453263439252203582e-01,7.854659462444674167e-01,-2.770295190301177354e+04,1.507819236431309582e+04
5.674577872595714778e+07,4.429855967877421308e-01,7.867338820215521444e-01,-2.774855103655145285e+04,1.499839525352451165e+04
5.675840292589618266e+07,4.406409938979546359e-01,7.879950205572838762e-01,-2.779393411305640257e+04,1.491846316257850776e+04
5.677102712583521008e+07,4.382925567232436870e-01,7.892493505176364499e-01,-2.783910009761653055e+04,1.483839649289174122e+04
5.678365132577424496e+07,4.359403067441277035e-01,7.904968606274533904e-01,-2.788404796210515997e+04,1.475819564915808041e+04
5.679627552571327984e+07,4.335842654542658159e-01,7.917375396704442458e-01,-2.792877668517886559e+04,1.467786103934890525e+04
5.680889972565231472e+07,4.312244543604525915e-01,7.929713764891872518e-01,-2.797328525227760110e+04,1.459739307471290522e+04
5.682152392559134960e+07,4.288608949826191452e-01,7.941983599851284437e-01,-2.801757265562466273e+04,1.451679216977613578e+04
5.683414812553038448e+07,4.264936088538332504e-01,7.954184791185824333e-01,-2.806163789422667469e+04,1.443605874234201110e+04
5.684677232546941936e+07,4.241226175202995052e-01,7.966317229087312990e-01,-2.810547997387361829e+04,1.435519321349131133e+04
5.685939652540845424e+07,4.217479425413588889e-01,7.978380804336252519e-01,-2.814909790713880284e+04,1.427419600758217530e+04
5.687202072534748167e+07,4.193696054894908154e-01,7.990375408301817473e-01,-2.819249071337886198e+04,1.419306755225015331e+04
5.688464492528651655e+07,4.169876279503069716e-01,8.002300932941887046e-01,-2.823565741873384104e+04,1.411180827840801430e+04
5.689726912522555143e+07,4.146020315225597552e-01,8.014157270802995114e-01,-2.827859705612705511e+04,1.403041862024603324e+04
5.690989332516458631e+07,4.122128378181371677e-01,8.025944315020366870e-01,-2.832130866526518003e+04,1.394889901523179469e+04
5.692251752510362118e+07,4.098200684620637579e-01,8.037661959317903282e-01,-2.836379129263823779e+04,1.386724990411025283e+04
5.693514172504265606e+07,4.074237450925006221e-01,8.049310098008186642e-01,-2.840604399151958569e+04,1.378547173090372053e+04
5.694776592498169094e+07,4.050238893607455704e-01,8.060888625992481682e-01,-2.844806582196592717e+04,1.370356494291186937e+04
5.696039012492071837e+07,4.026205229312345701e-01,8.072397438760722244e-01,-2.848985585081728641e+04,1.362152999071178783e+04
5.697301432485975325e+07,4.002136674815360839e-01,8.083836432391549032e-01,-2.853141315169708832e+04,1.353936732815777577e+04
5.698563852479878813e+07,3.978033447023592850e-01,8.095205503552255211e-01,-2.857273680501203853e+04,1.345707741238164272e+04
5.699826272473782301e+07,3.953895762975487838e-01,8.106504549498825263e-01,-2.861382589795219974e+04,1.337466070379251323e+04
5.701088692467685789e+07,3.929723839840856270e-01,8.117733468075921666e-01,-2.865467952449098084e+04,1.329211766607687059e+04
5.702351112461589277e+07,3.905517894920879085e-01,8.128892157716889333e-01,-2.869529678538512962e+04,1.320944876619856404e+04
5.703613532455492765e+07,3.881278145648099920e-01,8.139980517443750063e-01,-2.873567678817473643e+04,1.312665447439880154e+04
5.704875952449395508e+07,3.857004809586446203e-01,8.150998446867201430e-01,-2.877581864718320503e+04,1.304373526419620248e+04
5.706138372443298995e+07,3.832698104431167541e-01,8.161945846186641207e-01,-2.881572148351735450e+04,1.296069161238660308e+04
5.707400792437202483e+07,3.808358248008925084e-01,8.172822616190125178e-01,-2.885538442506727733e+04,1.287752399904334925e+04
5.708663212431105971e+07,3.783985458277729363e-01,8.183628658254397115e-01,-2.889480660650642312e+04,1.279423290751709828e+04
5.709925632425009459e+07,3.759579953326959711e-01,8.194363874344881005e-01,-2.893398716929158763e+04,1.271081882443586619e+04
5.711188052418912947e+07,3.735141951377362601e-01,8.205028167015679941e-01,-2.897292526166290554e+04,1.262728223970504041e+04
5.712450472412816435e+07,3.710671670781050535e-01,8.215621439409579452e-01,-2.901162003864385406e+04,1.254362364650736163e+04
5.713712892406719178e+07,3.686169330021515367e-01,8.226143595258035290e-01,-2.905007066204123112e+04,1.245984354130298743e+04
5.714975312400622666e+07,3.661635147713576122e-01,8.236594538881206740e-01,-2.908827630044523175e+04,1.237594242382928314e+04
5.716237732394526154e+07,3.637069342603457822e-01,8.246974175187909983e-01,-2.912623612922933899e+04,1.229192079710113103e+04
5.717500152388429642e+07,3.612472133568740973e-01,8.257282409675646973e-01,-2.916394933055039655e+04,1.220777916741072477e+04
5.718762572382333130e+07,3.587843739618370997e-01,8.267519148430606535e-01,-2.920141509334857983e+04,1.212351804432761310e+04
5.720024992376236618e+07,3.563184379892659348e-01,8.277684298127648832e-01,-2.923863261334741401e+04,1.203913794069871801e+04
5.721287412370140105e+07,3.538494273663286838e-01,8.287777766030319793e-01,-2.927560109305376318e+04,1.195463937264831657e+04
5.722549832364043593e+07,3.513773640333298642e-01,8.297799459990844451e-01,-2.931231974175783034e+04,1.187002285957804997e+04
5.723812252357946336e+07,3.489022699437123176e-01,8.307749288450119174e-01,-2.934878777553313921e+04,1.178528892416696726e+04
5.725074672351849824e+07,3.464241670640508253e-01,8.317627160437743861e-01,-2.938500441723662516e+04,1.170043809237133610e+04
5.726337092345753312e+07,3.439430773740617120e-01,8.327432985571974200e-01,-2.942096889650848971e+04,1.161547089342493564e+04
5.727599512339656800e+07,3.414590228665960736e-01,8.337166674059757199e-01,-2.945668044977230602e+04,1.153038785983885100e+04
5.728861932333560288e+07,3.389720255476419974e-01,8.346828136696714528e-01,-2.949213832023497525e+04,1.144518952740153327e+04
5.730124352327463776e+07,3.364821074363240072e-01,8.356417284867152517e-01,-2.952734175788675930e+04,1.135987643517879769e+04
5.731386772321367264e+07,3.339892905649033961e-01,8.365934030544056599e-01,-2.956229001950124439e+04,1.127444912551381640e+04
5.732649192315270007e+07,3.314935969787795589e-01,8.375378286289084651e-01,-2.959698236863534112e+04,1.118890814402718024e+04
5.733911612309173495e+07,3.289950487364843301e-01,8.384749965252594750e-01,-2.963141807562936810e+04,1.110325403961668599e+04
5.735174032303076982e+07,3.264936679096903660e-01,8.394048981173605206e-01,-2.966559641760692102e+04,1.101748736445764735e+04
5.736436452296980470e+07,3.239894765832056489e-01,8.403275248379820095e-01,-2.969951667847495264e+04,1.093160867400268398e+04
5.737698872290883958e+07,3.214824968549747641e-01,8.412428681787627038e-01,-2.973317814892376555e+04,1.084561852698178700e+04
5.738961292284787446e+07,3.189727508360791219e-01,8.421509196902088323e-01,-2.976658012642699032e+04,1.075951748540229892e+04
5.740223712278690934e+07,3.164602606507366800e-01,8.430516709816952003e-01,-2.979972191524161099e+04,1.067330611454893369e+04
5.741486132272593677e+07,3.139450484363034977e-01,8.439451137214636356e-01,-2.983260282640792866e+04,1.058698498298380946e+04
5.742748552266497165e+07,3.114271363432680184e-01,8.448312396366256527e-01,-2.986522217774964520e+04,1.050055466254626299e+04
5.744010972260400653e+07,3.089065465352596740e-01,8.457100405131595666e-01,-2.989757929387373588e+04,1.041401572835313709e+04
5.745273392254304141e+07,3.063833011890431113e-01,8.465815081959117139e-01,-2.992967350617055126e+04,1.032736875879859326e+04
5.746535812248207629e+07,3.038574224945196911e-01,8.474456345885967856e-01,-2.996150415281377718e+04,1.024061433555415351e+04
5.747798232242111117e+07,3.013289326547274882e-01,8.483024116537970505e-01,-2.999307057876043473e+04,1.015375304356869310e+04
5.749060652236014605e+07,2.987978538858409583e-01,8.491518314129633538e-01,-3.002437213575089118e+04,1.006678547106846236e+04
5.750323072229917347e+07,2.962642084171731027e-01,8.499938859464137852e-01,-3.005540818230883451e+04,9.979712209557117603e+03
5.751585492223820835e+07,2.937280184911689185e-01,8.508285673933357884e-01,-3.008617808374135348e+04,9.892533853815522889e+03
5.752847912217724323e+07,2.911893063634145018e-01,8.516558679517834962e-01,-3.011668121213882114e+04,9.805251001902062853e+03
5.754110332211627811e+07,2.886480943026313306e-01,8.524757798786796181e-01,-3.014691694637496039e+04,9.717864255152428086e+03
5.755372752205531299e+07,2.861044045906773747e-01,8.532882954898144412e-01,-3.017688467210685121e+04,9.630374218179673335e+03
5.756635172199434787e+07,2.835582595225472624e-01,8.540934071598470512e-01,-3.020658378177490158e+04,9.542781498874217505e+03
5.757897592193338275e+07,2.810096814063725024e-01,8.548911073223036672e-01,-3.023601367460286565e+04,9.455086708403838202e+03
5.759160012187241018e+07,2.784586925634224275e-01,8.556813884695785299e-01,-3.026517375659782556e+04,9.367290461213728122e+03
5.760422432181144506e+07,2.759053153280989767e-01,8.564642431529352340e-01,-3.029406344055024601e+04,9.279393375026287686e+03
5.761684852175047994e+07,2.733495720479447999e-01,8.572396639825040632e-01,-3.032268214603389060e+04,9.191396070841434266e+03
5.762947272168951482e+07,2.707914850836380394e-01,8.580076436272834339e-01,-3.035102929940587273e+04,9.103299172936396644e+03
5.764209692162854970e+07,2.682310768089933850e-01,8.587681748151402283e-01,-3.037910433380665927e+04,9.015103308865758663e+03
5.765472112156758457e+07,2.656683696109622961e-01,8.595212503328089060e-01,-3.040690668916004142e+04,8.926809109461475600e+03
5.766734532150661945e+07,2.631033858896327238e-01,8.602668630258921700e-01,-3.043443581217316751e+04,8.838417208832861434e+03
5.767996952144565433e+07,2.605361480582294442e-01,8.610050057988607453e-01,-3.046169115633651745e+04,8.749928244366590661e+03
5.769259372138468176e+07,2.579666785431153908e-01,8.617356716150528229e-01,-3.048867218192389555e+04,8.661342856726754690e+03
5.770521792132371664e+07,2.553949997837853814e-01,8.624588534966759479e-01,-3.051537835599250320e+04,8.572661689854645374e+03
5.771784212126275152e+07,2.528211342328761102e-01,8.631745445248043547e-01,-3.054180915238282614e+04,8.483885390969084256e+03
5.773046632120178640e+07,2.502451043561585986e-01,8.638827378393808543e-01,-3.056796405171871083e+04,8.395014610566187912e+03
5.774309052114082128e+07,2.476669326325409981e-01,8.645834266392160572e-01,-3.059384254140734265e+04,8.306050002419444354e+03
5.775571472107985616e+07,2.450866415540680909e-01,8.652766041819885956e-01,-3.061944411563925678e+04,8.216992223579700294e+03
5.776833892101889104e+07,2.425042536259213732e-01,8.659622637842451232e-01,-3.064476827538831640e+04,8.127841934375172059e+03
5.778096312095791847e+07,2.399197913664203319e-01,8.666403988214002041e-01,-3.066981452841172359e+04,8.038599798411480151e+03
5.779358732089695334e+07,2.373332773070166990e-01,8.673110027277372014e-01,-3.069458238925005207e+04,7.949266482571454617e+03
5.780621152083598822e+07,2.347447339923035559e-01,8.679740689964063893e-01,-3.071907137922718175e+04,7.859842657015442455e+03
5.781883572077502310e+07,2.321541839800086438e-01,8.686295911794266189e-01,-3.074328102645034960e+04,7.770328995181107530e+03
5.783145992071405798e+07,2.295616498409971951e-01,8.692775628876846516e-01,-3.076721086581012787e+04,7.680726173783463310e+03
5.784408412065309286e+07,2.269671541592703512e-01,8.699179777909351596e-01,-3.079086043898043135e+04,7.591034872814896517e+03
5.785670832059212774e+07,2.243707195319662728e-01,8.705508296178008365e-01,-3.081422929441851738e+04,7.501255775545156212e+03
5.786933252053115517e+07,2.217723685693612778e-01,8.711761121557721754e-01,-3.083731698736497128e+04,7.411389568521395631e+03
5.788195672047019005e+07,2.191721238948637351e-01,8.717938192512085793e-01,-3.086012307984376093e+04,7.321436941567979375e+03
5.789458092040922493e+07,2.165700081450233350e-01,8.724039448093365845e-01,-3.088264714066214947e+04,7.231398587786792632e+03
5.790720512034825981e+07,2.139660439695248162e-01,8.730064827942507488e-01,-3.090488874541075711e+04,7.141275203557030181e+03
5.791982932028729469e+07,2.113602540311896594e-01,8.736014272289140958e-01,-3.092684747646354663e+04,7.051067488535245502e+03
5.793245352022632957e+07,2.087526610059761145e-01,8.741887721951573376e-01,-3.094852292297781969e+04,6.960776145655356231e+03
5.794507772016536444e+07,2.061432875829787570e-01,8.747685118336792076e-01,-3.096991468089422779e+04,6.870401881128642344e+03
5.795770192010439187e+07,2.035321564644306525e-01,8.753406403440463501e-01,-3.099102235293673584e+04,6.779945404443797088e+03
5.797032612004342675e+07,2.009192903656968621e-01,8.759051519846938749e-01,-3.101184554861269498e+04,6.689407428366717795e+03
5.798295031998246163e+07,1.983047120152838516e-01,8.764620410729245803e-01,-3.103238388421276250e+04,6.598788668940829666e+03
5.799557451992149651e+07,1.956884441548330522e-01,8.770113019849092861e-01,-3.105263698281094548e+04,6.508089845486847480e+03
5.800819871986053139e+07,1.930705095391224979e-01,8.775529291556867229e-01,-3.107260447426459723e+04,6.417311680602873821e+03
5.802082291979956627e+07,1.904509309360671865e-01,8.780869170791637535e-01,-3.109228599521439901e+04,6.326454900164353603e+03
5.803344711973860115e+07,1.878297311267184688e-01,8.786132603081151515e-01,-3.111168118908438919e+04,6.235520233324103174e+03
5.804607131967763603e+07,1.852069329052644653e-01,8.791319534541837122e-01,-3.113078970608194140e+04,6.144508412512301220e+03
5.805869551961666346e+07,1.825825590790317032e-01,8.796429911878802521e-01,-3.114961120319775364e+04,6.053420173436532423e+03
5.807131971955569834e+07,1.799566324684785668e-01,8.801463682385840537e-01,-3.116814534420589916e+04,5.962256255081596464e+03
5.808394391949473321e+07,1.773291759072045670e-01,8.806420793945416436e-01,-3.118639179966377196e+04,5.871017399709809979e+03
5.809656811943376809e+07,1.747002122419448189e-01,8.811301195028679034e-01,-3.120435024691210128e+04,5.779704352860791914e+03
5.810919231937280297e+07,1.720697643325706794e-01,8.816104834695457360e-01,-3.122202037007496983e+04,5.688317863351534470e+03
5.812181651931183785e+07,1.694378550520903026e-01,8.820831662594260658e-01,-3.123940186005979194e+04,5.596858683276381271e+03
5.813444071925087273e+07,1.668045072866486678e-01,8.825481628962278391e-01,-3.125649441455732449e+04,5.505327568007047375e+03
5.814706491918990016e+07,1.641697439355287169e-01,8.830054684625374684e-01,-3.127329773804166689e+04,5.413725276192657475e+03
5.815968911912893504e+07,1.615335879111456097e-01,8.834550780998106090e-01,-3.128981154177027202e+04,5.322052569759536709e+03
5.817231331906796992e+07,1.588960621390557992e-01,8.838969870083698277e-01,-3.130603554378392073e+04,5.230310213911541723e+03
5.818493751900700480e+07,1.562571895579506764e-01,8.843311904474059348e-01,-3.132196946890673280e+04,5.138498977129826017e+03
5.819756171894603968e+07,1.536169931196585681e-01,8.847576837349780954e-01,-3.133761304874617053e+04,5.046619631172912705e+03
5.821018591888507456e+07,1.509754957891443206e-01,8.851764622480129407e-01,-3.135296602169304242e+04,4.954672951076685422e+03
5.822281011882410944e+07,1.483327205445093833e-01,8.855875214223054570e-01,-3.136802813292149585e+04,4.862659715154388323e+03
5.823543431876313686e+07,1.456886903769936403e-01,8.859908567525186518e-01,-3.138279913438900985e+04,4.770580704996686109e+03
5.824805851870217174e+07,1.430434282909689159e-01,8.863864637921836653e-01,-3.139727878483642780e+04,4.678436705471438472e+03
5.826068271864120662e+07,1.403969573039479668e-01,8.867743381536992153e-01,-3.141146684978791745e+04,4.586228504724027516e+03
5.827330691858024150e+07,1.377493004465795146e-01,8.871544755083322631e-01,-3.142536310155098181e+04,4.493956894177150389e+03
5.828593111851927638e+07,1.351004807626481619e-01,8.875268715862180136e-01,-3.143896731921648097e+04,4.401622668530866576e+03
5.829855531845831126e+07,1.324505213090753919e-01,8.878915221763591381e-01,-3.145227928865860304e+04,4.309226625762588810e+03
5.831117951839734614e+07,1.297994451559196238e-01,8.882484231266267738e-01,-3.146529880253488227e+04,4.216769567127097616e+03
5.832380371833637357e+07,1.271472753863773231e-01,8.885975703437596351e-01,-3.147802566028618457e+04,4.124252297156588611e+03
5.833642791827540845e+07,1.244940350967767839e-01,8.889389597933652354e-01,-3.149045966813674750e+04,4.031675623660463316e+03
5.834905211821444333e+07,1.218397473965879413e-01,8.892725874999181102e-01,-3.150260063909411838e+04,3.939040357725632930e+03
5.836167631815347821e+07,1.191844354084157231e-01,8.895984495467614828e-01,-3.151444839294919075e+04,3.846347313716334611e+03
5.837430051809251308e+07,1.165281222680015910e-01,8.899165420761063761e-01,-3.152600275627621158e+04,3.753597309274151485e+03
5.838692471803154796e+07,1.138708311242238730e-01,8.902268612890317234e-01,-3.153726356243275586e+04,3.660791165318039930e+03
5.839954891797058284e+07,1.112125851390975279e-01,8.905294034454845908e-01,-3.154823065155974473e+04,3.567929706044315026e+03
5.841217311790961027e+07,1.085534074877756300e-01,8.908241648642796218e-01,-3.155890387058143824e+04,3.475013758926706942e+03
5.842479731784864515e+07,1.058933213585432770e-01,8.911111419231004804e-01,-3.156928307320544991e+04,3.382044154716144476e+03
5.843742151778768003e+07,1.032323499528272348e-01,8.913903310584979645e-01,-3.157936811992271760e+04,3.289021727441084295e+03
5.845004571772671491e+07,1.005705164851888322e-01,8.916617287658910040e-01,-3.158915887800752898e+04,3.195947314407290833e+03
5.846266991766574979e+07,9.790784418332634798e-02,8.919253315995667730e-01,-3.159865522151751065e+04,3.102821756197887225e+03
5.847529411760478467e+07,9.524435628807496890e-02,8.921811361726802447e-01,-3.160785703129362810e+04,3.009645896673355310e+03
5.848791831754381955e+07,9.258007605340601298e-02,8.924291391572545251e-01,-3.161676419496018934e+04,2.916420582971551994e+03
5.850054251748285443e+07,8.991502674642797011e-02,8.926693372841807417e-01,-3.162537660692484860e+04,2.823146665507685611e+03
5.851316671742188185e+07,8.724923164738732084e-02,8.929017273432178214e-01,-3.163369416837858807e+04,2.729824997974386861e+03
5.852579091736091673e+07,8.458271404966241636e-02,8.931263061829929351e-01,-3.164171678729575069e+04,2.636456437341477795e+03
5.853841511729995161e+07,8.191549725977341490e-02,8.933430707110012747e-01,-3.164944437843400374e+04,2.543041843856315609e+03
5.855103931723898649e+07,7.924760459737502372e-02,8.935520178936057212e-01,-3.165687686333436068e+04,2.449582081043550716e+03
5.856366351717802137e+07,7.657905939525899708e-02,8.937531447560376208e-01,-3.166401417032117752e+04,2.356078015705215876e+03
5.857628771711705625e+07,7.390988499935353950e-02,8.939464483823958973e-01,-3.167085623450215280e+04,2.262530517920687998e+03
5.858891191705609113e+07,7.124010476872368047e-02,8.941319259156477184e-01,-3.167740299776832035e+04,2.168940461046715427e+03
5.860153611699511856e+07,6.856974207557270384e-02,8.943095745576282729e-01,-3.168365440879405287e+04,2.075308721717459775e+03
5.861416031693415344e+07,6.589882030523575018e-02,8.944793915690404384e-01,-3.168961042303708018e+04,1.981636179844279468e+03
5.862678451687318832e+07,6.322736285618929530e-02,8.946413742694557802e-01,-3.169527100273845645e+04,1.887923718616068072e+03
5.863940871681222320e+07,6.055539314004505097e-02,8.947955200373131079e-01,-3.170063611692258564e+04,1.794172224499012373e+03
5.865203291675125808e+07,5.788293458155157473e-02,8.949418263099195858e-01,-3.170570574139720702e+04,1.700382587236672407e+03
5.866465711669029295e+07,5.521001061859345110e-02,8.950802905834506218e-01,-3.171047985875340601e+04,1.606555699849966913e+03
5.867728131662932783e+07,5.253664470219260307e-02,8.952109104129490902e-01,-3.171495845836560693e+04,1.512692458637178788e+03
5.868990551656835526e+07,4.986286029650871532e-02,8.953336834123261090e-01,-3.171914153639157303e+04,1.418793763173996922e+03
5.870252971650739014e+07,4.718868087883398149e-02,8.954486072543611508e-01,-3.172302909577241007e+04,1.324860516313323387e+03
5.871515391644642502e+07,4.451412993960145864e-02,8.955556796707012657e-01,-3.172662114623256639e+04,1.230893624185579029e+03
5.872777811638545990e+07,4.183923098237955773e-02,8.956548984518615253e-01,-3.172991770427983647e+04,1.136893996198490640e+03
5.874040231632449478e+07,3.916400752387316775e-02,8.957462614472252449e-01,-3.173291879320534281e+04,1.042862545037147356e+03
5.875302651626352966e+07,3.648848309392423855e-02,8.958297665650435393e-01,-3.173562444308355771e+04,9.488001866640115622e+02
5.876565071620256454e+07,3.381268123551083027e-02,8.959054117724356558e-01,-3.173803469077229238e+04,8.547078403188861557e+02
5.877827491614159197e+07,3.113662550474967719e-02,8.959731950953888635e-01,-3.174014957991270057e+04,7.605864285190127703e+02
5.879089911608062685e+07,2.846033947088935298e-02,8.960331146187581197e-01,-3.174196916092927495e+04,6.664368770588116604e+02
5.880352331601966172e+07,2.578384671631991573e-02,8.960851684862671807e-01,-3.174349349102985434e+04,5.722601150102509564e+02
5.881614751595869660e+07,2.310717083656606968e-02,8.961293549005066028e-01,-3.174472263420560557e+04,4.780570747225792729e+02
5.882877171589773148e+07,2.043033544028970486e-02,8.961656721229361855e-01,-3.174565666123105257e+04,3.838286918224366673e+02
5.884139591583676636e+07,1.775336414928946338e-02,8.961941184738828614e-01,-3.174629564966405451e+04,2.895759052138018887e+02
5.885402011577580124e+07,1.507628059850009417e-02,8.962146923325418069e-01,-3.174663968384580221e+04,1.952996570780251204e+02
5.886664431571483612e+07,1.239910843599309302e-02,8.962273921369765528e-01,-3.174668885490084358e+04,1.010008928738207032e+02
5.887926851565386355e+07,9.721871322979136476e-03,8.962322163841182077e-01,-3.174644326073705452e+04,6.680561337321705651e+00
5.889189271559289843e+07,7.044592933799417693e-03,8.962291636297660125e-01,-3.174590300604566073e+04,-8.766038551815654500e+01
5.890451691553193331e+07,4.367296955937778266e-03,8.962182324885873408e-01,-3.174506820230122321e+04,-1.820209924017581216e+02
5.891714111547096819e+07,1.690007090012147573e-03,8.961994216341173658e-01,-3.174393896776164183e+04,-2.764003007453175087e+02
5.892976531541000307e+07,-9.872529502219949335e-04,8.961727297987593932e-01,-3.174251542746816995e+04,-3.707973487033123092e+02
5.894238951534903795e+07,-3.664459437873350545e-03,8.961381557737848613e-01,-3.174079771324538888e+04,-4.652111711528596061e+02
5.895501371528807282e+07,-6.341588632912864912e-03,8.960956984093327859e-01,-3.173878596370122978e+04,-5.596407996937159623e+02
5.896763791522710025e+07,-9.018616782174646365e-03,8.960453566144105375e-01,-3.173648032422695542e+04,-6.540852626482228516e+02
5.898026211516613513e+07,-1.169552011935953185e-02,8.959871293568936190e-01,-3.173388094699717476e+04,-7.485435850615103845e+02
5.899288631510517001e+07,-1.437227486502754524e-02,8.959210156635253330e-01,-3.173098799096984294e+04,-8.430147887011844432e+02
5.900551051504420489e+07,-1.704885722660401393e-02,8.958470146199167816e-01,-3.172780162188625036e+04,-9.374978920575704251e+02
5.901813471498323977e+07,-1.972524339837660595e-02,8.957651253705474215e-01,-3.172432201227102996e+04,-1.031991910343596828e+03
5.903075891492227465e+07,-2.240140956149748799e-02,8.956753471187646198e-01,-3.172054934143214632e+04,-1.126495855494853458e+03
5.904338311486130953e+07,-2.507733188398095919e-02,8.955776791267836545e-01,-3.171648379546092474e+04,-1.221008736169547774e+03
5.905600731480033696e+07,-2.775298652070417801e-02,8.954721207156880469e-01,-3.171212556723202215e+04,-1.315529557748493971e+03
5.906863151473937184e+07,-3.042834961341144007e-02,8.953586712654287849e-01,-3.170747485640342347e+04,-1.410057322335287608e+03
5.908125571467840672e+07,-3.310339729070643083e-02,8.952373302148255441e-01,-3.170253186941647436e+04,-1.504591028756014566e+03
5.909387991461744159e+07,-3.577810566805712106e-02,8.951080970615654664e-01,-3.169729681949585211e+04,-1.599129672559436585e+03
5.910650411455647647e+07,-3.845245084779524980e-02,8.949709713622041596e-01,-3.169176992664957288e+04,-1.693672246016973077e+03
5.911912831449551135e+07,-4.112640891911542584e-02,8.948259527321648088e-01,-3.168595141766900633e+04,-1.788217738122657465e+03
5.913175251443454623e+07,-4.379995595807611303e-02,8.946730408457388428e-01,-3.167984152612884282e+04,-1.882765134593188122e+03
5.914437671437357366e+07,-4.647306802759691019e-02,8.945122354360858230e-01,-3.167344049238713342e+04,-1.977313417867819226e+03
5.915700091431260854e+07,-4.914572117746638519e-02,8.943435362952328882e-01,-3.166674856358526085e+04,-2.071861567108633608e+03
5.916962511425164342e+07,-5.181789144433057021e-02,8.941669432740756429e-01,-3.165976599364794674e+04,-2.166408558200160769e+03
5.918224931419067830e+07,-5.448955485170139945e-02,8.939824562823773801e-01,-3.165249304328325525e+04,-2.260953363749660639e+03
5.919487351412971318e+07,-5.716068740995355890e-02,8.937900752887695255e-01,-3.164492997998259671e+04,-2.355494953086970781e+03
5.920749771406874806e+07,-5.983126511632541611e-02,8.935898003207515261e-01,-3.163707707802072400e+04,-2.450032292264633725e+03
5.922012191400778294e+07,-6.250126395491818754e-02,8.933816314646907397e-01,-3.162893461845571437e+04,-2.544564344057784183e+03
5.923274611394681036e+07,-6.517065989669544590e-02,8.931655688658227676e-01,-3.162050288912901306e+04,-2.639090067964163609e+03
5.924537031388584524e+07,-6.783942889948829658e-02,8.929416127282510107e-01,-3.161178218466537874e+04,-2.733608420204298454e+03
5.925799451382488012e+07,-7.050754690798662072e-02,8.927097633149466693e-01,-3.160277280647292355e+04,-2.828118353721201856e+03
5.927061871376391500e+07,-7.317498985374543130e-02,8.924700209477495205e-01,-3.159347506274310945e+04,-2.922618818180584640e+03
5.928324291370294988e+07,-7.584173365518294407e-02,8.922223860073666968e-01,-3.158388926845072274e+04,-3.017108759970764368e+03
5.929586711364198476e+07,-7.850775421758030004e-02,8.919668589333740183e-01,-3.157401574535390318e+04,-3.111587122202745377e+03
5.930849131358101964e+07,-8.117302743308286994e-02,8.917034402242146607e-01,-3.156385482199412218e+04,-3.206052844710124191e+03
5.932111551352005452e+07,-8.383752918069818649e-02,8.914321304372003762e-01,-3.155340683369620456e+04,-3.300504864049155003e+03
5.933373971345908195e+07,-8.650123532629655498e-02,8.911529301885104948e-01,-3.154267212256831044e+04,-3.394942113498676918e+03
5.934636391339811683e+07,-8.916412172261600766e-02,8.908658401531924786e-01,-3.153165103750192065e+04,-3.489363523060328589e+03
5.935898811333715171e+07,-9.182616420925282519e-02,8.905708610651618118e-01,-3.152034393417189494e+04,-3.583768019458228082e+03
5.937161231327618659e+07,-9.448733861266855882e-02,8.902679937172019997e-01,-3.150875117503640649e+04,-3.678154526139169320e+03
5.938423651321522146e+07,-9.714762074618814303e-02,8.899572389609645695e-01,-3.149687312933697831e+04,-3.772521963272603898e+03
5.939686071315425634e+07,-9.980698640999961790e-02,8.896385977069692919e-01,-3.148471017309847957e+04,-3.866869247750604700e+03
5.940948491309329122e+07,-1.024654113911543096e-01,8.893120709246032929e-01,-3.147226268912910746e+04,-3.961195293187902280e+03
5.942210911303231865e+07,-1.051228714635659284e-01,8.889776596421224975e-01,-3.145953106702041623e+04,-4.055499009921782999e+03
5.943473331297135353e+07,-1.077793423880150786e-01,8.886353649466499638e-01,-3.144651570314728087e+04,-4.149779305012365512e+03
5.944735751291038841e+07,-1.104347999121419177e-01,8.882851879841774378e-01,-3.143321700066793346e+04,-4.244035082242215140e+03
5.945998171284942329e+07,-1.130892197704515129e-01,8.879271299595645761e-01,-3.141963536952394497e+04,-4.338265242116609443e+03
5.947260591278845817e+07,-1.157425776843114817e-01,8.875611921365389456e-01,-3.140577122644022529e+04,-4.432468681863447273e+03
5.948523011272749305e+07,-1.183948493619535330e-01,8.871873758376959129e-01,-3.139162499492502684e+04,-4.526644295433292427e+03
5.949785431266652793e+07,-1.210460104984724117e-01,8.868056824444991992e-01,-3.137719710526993731e+04,-4.620790973499308166e+03
5.951047851260555536e+07,-1.236960367758248025e-01,8.864161133972805473e-01,-3.136248799454989785e+04,-4.714907603457279038e+03
5.952310271254459023e+07,-1.263449038628349785e-01,8.860186701952390553e-01,-3.134749810662317032e+04,-4.808993069425763679e+03
5.953572691248362511e+07,-1.289925874151863217e-01,8.856133543964426202e-01,-3.133222789213137730e+04,-4.903046252245803771e+03
5.954835111242265999e+07,-1.316390630754268876e-01,8.852001676178268275e-01,-3.131667780849946939e+04,-4.997066029481145961e+03
5.956097531236169487e+07,-1.342843064729679348e-01,8.847791115351951730e-01,-3.130084831993574699e+04,-5.091051275418154546e+03
5.957359951230072975e+07,-1.369282932240844242e-01,8.843501878832192853e-01,-3.128473989743185302e+04,-5.185000861065840581e+03
5.958622371223976463e+07,-1.395709989319144362e-01,8.839133984554388146e-01,-3.126835301876275844e+04,-5.278913654155861877e+03
5.959884791217879206e+07,-1.422123991864575610e-01,8.834687451042616546e-01,-3.125168816848679853e+04,-5.372788519142435689e+03
5.961147211211782694e+07,-1.448524695645818927e-01,8.830162297409628325e-01,-3.123474583794561113e+04,-5.466624317202611564e+03
5.962409631205686182e+07,-1.474911856300141766e-01,8.825558543356863961e-01,-3.121752652526421298e+04,-5.560419906235896633e+03
5.963672051199589670e+07,-1.501285229333451099e-01,8.820876209174437488e-01,-3.120003073535094154e+04,-5.654174140864481160e+03
5.964934471193493158e+07,-1.527644570120301470e-01,8.816115315741147596e-01,-3.118225897989748773e+04,-5.747885872433216718e+03
5.966196891187396646e+07,-1.553989633903868628e-01,8.811275884524468749e-01,-3.116421177737887410e+04,-5.841553949009565258e+03
5.967459311181300133e+07,-1.580320175795967286e-01,8.806357937580558959e-01,-3.114588965305346210e+04,-5.935177215383657312e+03
5.968721731175203621e+07,-1.606635950777047794e-01,8.801361497554254232e-01,-3.112729313896297026e+04,-6.028754513068233791e+03
5.969984151169106364e+07,-1.632936713696172826e-01,8.796286587679073010e-01,-3.110842277393244876e+04,-6.122284680298638705e+03
5.971246571163009852e+07,-1.659222219271084542e-01,8.791133231777209511e-01,-3.108927910357026849e+04,-6.215766552033004700e+03
5.972508991156913340e+07,-1.685492222088119108e-01,8.785901454259539278e-01,-3.106986268026816833e+04,-6.309198959951947472e+03
5.973771411150816828e+07,-1.711746476602253320e-01,8.780591280125621401e-01,-3.105017406320122609e+04,-6.402580732458765851e+03
5.975033831144720316e+07,-1.737984737137101832e-01,8.775202734963692963e-01,-3.103021381832785119e+04,-6.495910694679409062e+03
5.976296251138623804e+07,-1.764206757884912991e-01,8.769735844950671266e-01,-3.100998251838979195e+04,-6.589187668462440342e+03
5.977558671132527292e+07,-1.790412292906567449e-01,8.764190636852151606e-01,-3.098948074291215016e+04,-6.682410472379106068e+03
5.978821091126430035e+07,-1.816601096131560400e-01,8.758567138022415044e-01,-3.096870907820337015e+04,-6.775577921723190229e+03
5.980083511120333523e+07,-1.842772921358073746e-01,8.752865376404412867e-01,-3.094766811735520605e+04,-6.868688828511298198e+03
5.981345931114237010e+07,-1.868927522252866180e-01,8.747085380529785459e-01,-3.092635846024279090e+04,-6.961742001482492924e+03
5.982608351108140498e+07,-1.895064652351357015e-01,8.741227179518848978e-01,-3.090478071352457482e+04,-7.054736246098578704e+03
5.983870771102043986e+07,-1.921184065057590373e-01,8.735290803080603128e-01,-3.088293549064236504e+04,-7.147670364543926553e+03
5.985133191095947474e+07,-1.947285513644247124e-01,8.729276281512721170e-01,-3.086082341182130040e+04,-7.240543155725605175e+03
5.986395611089850962e+07,-1.973368751252638498e-01,8.723183645701565458e-01,-3.083844510406986592e+04,-7.333353415273286373e+03
5.987658031083753705e+07,-1.999433530892698596e-01,8.717012927122174126e-01,-3.081580120117989645e+04,-7.426099935539241415e+03
5.988920451077657193e+07,-2.025479605443035458e-01,8.710764157838258859e-01,-3.079289234372652209e+04,-7.518781505598541116e+03
5.990182871071560681e+07,-2.051506727650849460e-01,8.704437370502219329e-01,-3.076971917906827002e+04,-7.611396911248724791e+03
5.991445291065464169e+07,-2.077514650131987439e-01,8.698032598355135425e-01,-3.074628236134698818e+04,-7.703944935010029440e+03
5.992707711059367657e+07,-2.103503125370926319e-01,8.691549875226762811e-01,-3.072258255148785247e+04,-7.796424356125320628e+03
5.993970131053271145e+07,-2.129471905720781155e-01,8.684989235535539587e-01,-3.069862041719940316e+04,-7.888833950560128869e+03
5.995232551047174633e+07,-2.155420743403298200e-01,8.678350714288586287e-01,-3.067439663297350489e+04,-7.981172491002580500e+03
5.996494971041077375e+07,-2.181349390508840469e-01,8.671634347081702554e-01,-3.064991188008537938e+04,-8.073438746863412234e+03
5.997757391034980863e+07,-2.207257598996451020e-01,8.664840170099357142e-01,-3.062516684659355087e+04,-8.165631484276174888e+03
5.999019811028884351e+07,-2.233145120693766639e-01,8.657968220114715674e-01,-3.060016222733992618e+04,-8.257749466096855031e+03
6.000282231022787839e+07,-2.259011707297061966e-01,8.651018534489613998e-01,-3.057489872394974373e+04,-8.349791451904169662e+03
6.001544651016691327e+07,-2.284857110371251165e-01,8.643991151174570398e-01,-3.054937704483157358e+04,-8.441756197999438882e+03
6.002807071010594815e+07,-2.310681081349878763e-01,8.636886108708784482e-01,-3.052359790517733200e+04,-8.533642457406658650e+03
6.004069491004498303e+07,-2.336483371535126863e-01,8.629703446220133856e-01,-3.049756202696227410e+04,-8.625448979872428026e+03
6.005331910998401046e+07,-2.362263732097791002e-01,8.622443203425179670e-01,-3.047127013894501215e+04,-8.717174511865960085e+03
6.006594330992304534e+07,-2.388021914077349817e-01,8.615105420629154409e-01,-3.044472297666745726e+04,-8.808817796579231072e+03
6.007856750986208022e+07,-2.413757668381865396e-01,8.607690138725979656e-01,-3.041792128245490312e+04,-8.900377573926740297e+03
6.009119170980111510e+07,-2.439470745788051009e-01,8.600197399198253878e-01,-3.039086580541597505e+04,-8.991852580545633828e+03
6.010381590974014997e+07,-2.465160896941254454e-01,8.592627244117255758e-01,-3.036355730144262270e+04,-9.083241549795726314e+03
6.011644010967918485e+07,-2.490827872355451944e-01,8.584979716142944195e-01,-3.033599653321016012e+04,-9.174543211759457336e+03
6.012906430961821973e+07,-2.516471422413260051e-01,8.577254858523957193e-01,-3.030818427017722570e+04,-9.265756293241905951e+03
6.014168850955725461e+07,-2.542091297365920988e-01,8.569452715097615192e-01,-3.028012128858581127e+04,-9.356879517770787061e+03
6.015431270949628204e+07,-2.567687247333301226e-01,8.561573330289919959e-01,-3.025180837146124759e+04,-9.447911605596404115e+03
6.016693690943531692e+07,-2.593259022303942563e-01,8.553616749115543483e-01,-3.022324630861217884e+04,-9.538851273691856477e+03
6.017956110937435180e+07,-2.618806372134973581e-01,8.545583017177846852e-01,-3.019443589663062448e+04,-9.629697235752733832e+03
6.019218530931338668e+07,-2.644329046552177931e-01,8.537472180668871369e-01,-3.016537793889193927e+04,-9.720448202197283535e+03
6.020480950925242156e+07,-2.669826795149964349e-01,8.529284286369335222e-01,-3.013607324555480227e+04,-9.811102880166428804e+03
6.021743370919145644e+07,-2.695299367391379430e-01,8.521019381648637925e-01,-3.010652263356125331e+04,-9.901659973523706867e+03
6.023005790913049132e+07,-2.720746512608104850e-01,8.512677514464856987e-01,-3.007672692663666385e+04,-9.992118182855308987e+03
6.024268210906951874e+07,-2.746167980000432940e-01,8.504258733364760126e-01,-3.004668695528976605e+04,-1.008247620546999678e+04
6.025530630900855362e+07,-2.771563518637342183e-01,8.495763087483773068e-01,-3.001640355681257279e+04,-1.017273273539933507e+04
6.026793050894758850e+07,-2.796932877456395627e-01,8.487190626546022854e-01,-2.998587757528050133e+04,-1.026288646339737170e+04
6.028055470888662338e+07,-2.822275805263809167e-01,8.478541400864307853e-01,-2.995510986155228602e+04,-1.035293607694083767e+04
6.029317890882565826e+07,-2.847592050734421010e-01,8.469815461340109985e-01,-2.992410127327000737e+04,-1.044288026022909980e+04
6.030580310876469314e+07,-2.872881362411717210e-01,8.461012859463584723e-01,-2.989285267485907752e+04,-1.053271769418418262e+04
6.031842730870372802e+07,-2.898143488707805582e-01,8.452133647313574416e-01,-2.986136493752826209e+04,-1.062244705645072463e+04
6.033105150864275545e+07,-2.923378177903417918e-01,8.443177877557604960e-01,-2.982963893926968012e+04,-1.071206702139596382e+04
6.034367570858179033e+07,-2.948585178147963837e-01,8.434145603451863593e-01,-2.979767556485873138e+04,-1.080157626010991953e+04
6.035629990852082521e+07,-2.973764237459436965e-01,8.425036878841236643e-01,-2.976547570585422363e+04,-1.089097344040510870e+04
6.036892410845986009e+07,-2.998915103724484887e-01,8.415851758159283991e-01,-2.973304026059827083e+04,-1.098025722681674233e+04
6.038154830839889497e+07,-3.024037524698385826e-01,8.406590296428244624e-01,-2.970037013421634765e+04,-1.106942628060263814e+04
6.039417250833792984e+07,-3.049131248005053085e-01,8.397252549259039967e-01,-2.966746623861725675e+04,-1.115847925974328609e+04
6.040679670827696472e+07,-3.074196021137028390e-01,8.387838572851270547e-01,-2.963432949249313970e+04,-1.124741481894179014e+04
6.041942090821599215e+07,-3.099231591455479107e-01,8.378348423993220440e-01,-2.960096082131950971e+04,-1.133623160962385737e+04
6.043204510815502703e+07,-3.124237706190244879e-01,8.368782160061840614e-01,-2.956736115735515341e+04,-1.142492827993798710e+04
6.044466930809406191e+07,-3.149214112439756574e-01,8.359139839022775575e-01,-2.953353143964226183e+04,-1.151350347475513627e+04
6.045729350803309679e+07,-3.174160557171090136e-01,8.349421519430345606e-01,-2.949947261400634306e+04,-1.160195583566898131e+04
6.046991770797213167e+07,-3.199076787219961582e-01,8.339627260427552313e-01,-2.946518563305625139e+04,-1.169028400099583087e+04
6.048254190791116655e+07,-3.223962549290710911e-01,8.329757121746075299e-01,-2.943067145618417999e+04,-1.177848660577461487e+04
6.049516610785020143e+07,-3.248817589956322083e-01,8.319811163706276602e-01,-2.939593104956566458e+04,-1.186656228176691729e+04
6.050779030778923631e+07,-3.273641655658402483e-01,8.309789447217195146e-01,-2.936096538615957616e+04,-1.195450965745695794e+04
6.052041450772826374e+07,-3.298434492707182919e-01,8.299692033776558953e-01,-2.932577544570815371e+04,-1.204232735805153789e+04
6.053303870766729861e+07,-3.323195847281572024e-01,8.289518985470755164e-01,-2.929036221473690966e+04,-1.213001400548024685e+04
6.054566290760633349e+07,-3.347925465429065217e-01,8.279270364974872232e-01,-2.925472668655476809e+04,-1.221756821839517943e+04
6.055828710754536837e+07,-3.372623093065806321e-01,8.268946235552671054e-01,-2.921886986125396652e+04,-1.230498861217109152e+04
6.057091130748440325e+07,-3.397288475976575906e-01,8.258546661056591631e-01,-2.918279274571008864e+04,-1.239227379890539305e+04
6.058353550742343813e+07,-3.421921359814786845e-01,8.248071705927756403e-01,-2.914649635358204614e+04,-1.247942238741813708e+04
6.059615970736247301e+07,-3.446521490102475993e-01,8.237521435195963582e-01,-2.910998170531210417e+04,-1.256643298325199066e+04
6.060878390730150044e+07,-3.471088612230316950e-01,8.226895914479704919e-01,-2.907324982812589587e+04,-1.265330418867222761e+04
6.062140810724053532e+07,-3.495622471457643377e-01,8.216195209986124626e-01,-2.903630175603231328e+04,-1.274003460266691400e+04
6.063403230717957020e+07,-3.520122812912387378e-01,8.205419388511073775e-01,-2.899913852982366734e+04,-1.282662282094658804e+04
6.064665650711860508e+07,-3.544589381591125576e-01,8.194568517439072552e-01,-2.896176119707558973e+04,-1.291306743594449654e+04
6.065928070705763996e+07,-3.569021922359070786e-01,8.183642664743320250e-01,-2.892417081214703649e+04,-1.299936703681649669e+04
6.067190490699667484e+07,-3.593420179950064242e-01,8.172641898985701925e-01,-2.888636843618032435e+04,-1.308552020944110700e+04
6.068452910693570971e+07,-3.617783898966588363e-01,8.161566289316777301e-01,-2.884835513710109808e+04,-1.317152553641947088e+04
6.069715330687473714e+07,-3.642112851774021443e-01,8.150415926268838041e-01,-2.881013148636023834e+04,-1.325738202017562435e+04
6.070977750681377202e+07,-3.666408538931900662e-01,8.139192191093128637e-01,-2.877166681928526305e+04,-1.334311490339224292e+04
6.072240170675280690e+07,-3.690671770636668736e-01,8.127895956395861932e-01,-2.873294274741958361e+04,-1.342873904070523167e+04
6.073502590669184178e+07,-3.714902320425069182e-01,8.116527323283536655e-01,-2.869395956128257967e+04,-1.351425357382462971e+04
6.074765010663087666e+07,-3.739099962292630752e-01,8.105086393406334411e-01,-2.865471755415475491e+04,-1.359965764624066651e+04
6.076027430656991154e+07,-3.763264470693667985e-01,8.093573268958131894e-01,-2.861521702207775525e+04,-1.368495040322375462e+04
6.077289850650894642e+07,-3.787395620541279539e-01,8.081988052676487566e-01,-2.857545826385435794e+04,-1.377013099182449696e+04
6.078552270644797385e+07,-3.811493187207335986e-01,8.070330847842659416e-01,-2.853544158104849339e+04,-1.385519856087363223e+04
6.079814690638700873e+07,-3.835556946522535315e-01,8.058601758281570548e-01,-2.849516727798515785e+04,-1.394015226098223502e+04
6.081077110632604361e+07,-3.859586674776319115e-01,8.046800888361853588e-01,-2.845463566175055894e+04,-1.402499124454142111e+04
6.082339530626507849e+07,-3.883582148716926419e-01,8.034928342995821815e-01,-2.841384704219199921e+04,-1.410971466572253667e+04
6.083601950620411336e+07,-3.907543145551384267e-01,8.022984227639478050e-01,-2.837280173191793074e+04,-1.419432168047712003e+04
6.084864370614314824e+07,-3.931469442945501602e-01,8.010968648292511318e-01,-2.833150004629792966e+04,-1.427881144653689626e+04
6.086126790608218312e+07,-3.955360819023876484e-01,7.998881711498297964e-01,-2.828994230346271070e+04,-1.436318312341377714e+04
6.087389210602121800e+07,-3.979217052369888319e-01,7.986723524343907199e-01,-2.824812882430411992e+04,-1.444743587239985936e+04
6.088651630596024543e+07,-4.003037922025690643e-01,7.974494194460096663e-01,-2.820605993247516017e+04,-1.453156885656737722e+04
6.089914050589928031e+07,-4.026823207492263301e-01,7.962193830021295771e-01,-2.816373595438990014e+04,-1.461558124076890635e+04
6.091176470583831519e+07,-4.050572688729329185e-01,7.949822539745643457e-01,-2.812115721922361263e+04,-1.469947219163705449e+04
6.092438890577735007e+07,-4.074286146155409183e-01,7.937380432894954874e-01,-2.807832405891267990e+04,-1.478324087758467067e+04
6.093701310571638495e+07,-4.097963360647812747e-01,7.924867619274738040e-01,-2.803523680815461557e+04,-1.486688646880478336e+04
6.094963730565541983e+07,-4.121604113542631787e-01,7.912284209234187182e-01,-2.799189580440806822e+04,-1.495040813727061868e+04
6.096226150559445471e+07,-4.145208186634743996e-01,7.899630313666186066e-01,-2.794830138789282501e+04,-1.503380505673558218e+04
6.097488570553348213e+07,-4.168775362177798982e-01,7.886906044007309102e-01,-2.790445390158982627e+04,-1.511707640273322249e+04
6.098750990547251701e+07,-4.192305422884273214e-01,7.874111512237803590e-01,-2.786035369124107456e+04,-1.520022135257741502e+04
6.100013410541155189e+07,-4.215798151925386206e-01,7.861246830881621905e-01,-2.781600110534977648e+04,-1.528323908536208364e+04
6.101275830535058677e+07,-4.239253332931157137e-01,7.848312113006399304e-01,-2.777139649518025544e+04,-1.536612878196138263e+04
6.102538250528962165e+07,-4.262670749990389862e-01,7.835307472223458358e-01,-2.772654021475796617e+04,-1.544888962502965842e+04
6.103800670522865653e+07,-4.286050187650674581e-01,7.822233022687810067e-01,-2.768143262086948380e+04,-1.553152079900143872e+04
6.105063090516769141e+07,-4.309391430918384502e-01,7.809088879098152747e-01,-2.763607407306254026e+04,-1.561402149009144159e+04
6.106325510510671884e+07,-4.332694265258667521e-01,7.795875156696883135e-01,-2.759046493364601338e+04,-1.569639088629452272e+04
6.107587930504575372e+07,-4.355958476595495621e-01,7.782591971270059750e-01,-2.754460556768983224e+04,-1.577862817738587364e+04
6.108850350498478860e+07,-4.379183851311585496e-01,7.769239439147453963e-01,-2.749849634302515187e+04,-1.586073255492072167e+04
6.110112770492382348e+07,-4.402370176248452394e-01,7.755817677202515581e-01,-2.745213763024422587e+04,-1.594270321223453357e+04
6.111375190486285836e+07,-4.425517238706397904e-01,7.742326802852386169e-01,-2.740552980270044281e+04,-1.602453934444296465e+04
6.112637610480189323e+07,-4.448624826444508296e-01,7.728766934057891280e-01,-2.735867323650832259e+04,-1.610624014844184967e+04
6.113900030474092811e+07,-4.471692727680655066e-01,7.715138189323548223e-01,-2.731156831054353097e+04,-1.618780482290722284e+04
6.115162450467995554e+07,-4.494720731091479959e-01,7.701440687697567178e-01,-2.726421540644287961e+04,-1.626923256829524325e+04
6.116424870461899042e+07,-4.517708625812453249e-01,7.687674548771823435e-01,-2.721661490860423874e+04,-1.635052258684241497e+04
6.117687290455802530e+07,-4.540656201437788808e-01,7.673839892681907360e-01,-2.716876720418669720e+04,-1.643167408256527415e+04
6.118949710449706018e+07,-4.563563248020498508e-01,7.659936840107084421e-01,-2.712067268311044245e+04,-1.651268626126059826e+04
6.120212130443609506e+07,-4.586429556072379454e-01,7.645965512270311848e-01,-2.707233173805680417e+04,-1.659355833050534784e+04
6.121474550437512994e+07,-4.609254916564015092e-01,7.631926030938231964e-01,-2.702374476446824337e+04,-1.667428949965667562e+04
6.122736970431416482e+07,-4.632039120924774100e-01,7.617818518421178853e-01,-2.697491216054835240e+04,-1.675487897985191739e+04
6.123999390425319225e+07,-4.654781961042795957e-01,7.603643097573180576e-01,-2.692583432726188767e+04,-1.683532598400854476e+04
6.125261810419222713e+07,-4.677483229265045894e-01,7.589399891791926978e-01,-2.687651166833465322e+04,-1.691562972682437248e+04
6.126524230413126200e+07,-4.700142718397234409e-01,7.575089025018824085e-01,-2.682694459025367178e+04,-1.699578942477724559e+04
6.127786650407029688e+07,-4.722760221703871109e-01,7.560710621738957471e-01,-2.677713350226707189e+04,-1.707580429612525040e+04
6.129049070400933176e+07,-4.745335532908249720e-01,7.546264806981097806e-01,-2.672707881638412073e+04,-1.715567356090665999e+04
6.130311490394836664e+07,-4.767868446192450871e-01,7.531751706317705297e-01,-2.667678094737520951e+04,-1.723539644093993411e+04
6.131573910388740152e+07,-4.790358756197338752e-01,7.517171445864930801e-01,-2.662624031277187169e+04,-1.731497215982371927e+04
6.132836330382643640e+07,-4.812806258022562234e-01,7.502524152282608050e-01,-2.657545733286677205e+04,-1.739439994293684504e+04
6.134098750376546383e+07,-4.835210747226545980e-01,7.487809952774273636e-01,-2.652443243071373581e+04,-1.747367901743828770e+04
6.135361170370449871e+07,-4.857572019826535970e-01,7.473028975087120385e-01,-2.647316603212763948e+04,-1.755280861226735215e+04
6.136623590364353359e+07,-4.879889872298524001e-01,7.458181347512058412e-01,-2.642165856568457457e+04,-1.763178795814338446e+04
6.137886010358256847e+07,-4.902164101577302091e-01,7.443267198883678493e-01,-2.636991046272174208e+04,-1.771061628756596110e+04
6.139148430352160335e+07,-4.924394505056446381e-01,7.428286658580255386e-01,-2.631792215733747798e+04,-1.778929283481485982e+04
6.140410850346063823e+07,-4.946580880588318241e-01,7.413239856523756721e-01,-2.626569408639124595e+04,-1.786781683595003051e+04
6.141673270339967310e+07,-4.968723026484065386e-01,7.398126923179834113e-01,-2.621322668950364823e+04,-1.794618752881161709e+04
6.142935690333870053e+07,-4.990820741513605219e-01,7.382947989557838708e-01,-2.616052040905645117e+04,-1.802440415301990652e+04
6.144198110327773541e+07,-5.012873824905682563e-01,7.367703187210781213e-01,-2.610757569019246148e+04,-1.810246594997550710e+04
6.145460530321677029e+07,-5.034882076347786395e-01,7.352392648235386297e-01,-2.605439298081571178e+04,-1.818037216285907925e+04
6.146722950315580517e+07,-5.056845295986204247e-01,7.337016505272063727e-01,-2.600097273159134056e+04,-1.825812203663151013e+04
6.147985370309484005e+07,-5.078763284426009994e-01,7.321574891504903926e-01,-2.594731539594561764e+04,-1.833571481803387724e+04
6.149247790303387493e+07,-5.100635842731061631e-01,7.306067940661689075e-01,-2.589342143006594415e+04,-1.841314975558745209e+04
6.150510210297290981e+07,-5.122462772424002386e-01,7.290495787013889784e-01,-2.583929129290085984e+04,-1.849042609959368565e+04
6.151772630291193724e+07,-5.144243875486247397e-01,7.274858565376672859e-01,-2.578492544616006489e+04,-1.856754310213417193e+04
6.153035050285097212e+07,-5.165978954358039221e-01,7.259156411108865781e-01,-2.573032435431430713e+04,-1.864450001707082993e+04
6.154297470279000700e+07,-5.187667811938361240e-01,7.243389460113011102e-01,-2.567548848459555666e+04,-1.872129610004562710e+04
6.155559890272904187e+07,-5.209310251584999829e-01,7.227557848835332033e-01,-2.562041830699687853e+04,-1.879793060848076493e+04
6.156822310266807675e+07,-5.230906077114524377e-01,7.211661714265739098e-01,-2.556511429427249095e+04,-1.887440280157862799e+04
6.158084730260711163e+07,-5.252455092802290615e-01,7.195701193937827922e-01,-2.550957692193772527e+04,-1.895071194032179847e+04
6.159347150254614651e+07,-5.273957103382436173e-01,7.179676425928886996e-01,-2.545380666826906236e+04,-1.902685728747303438e+04
6.160609570248517394e+07,-5.295411914047876145e-01,7.163587548859899901e-01,-2.539780401430414349e+04,-1.910283810757524043e+04
6.161871990242420882e+07,-5.316819330450346381e-01,7.147434701895509779e-01,-2.534156944384163944e+04,-1.917865366695164630e+04
6.163134410236324370e+07,-5.338179158700331328e-01,7.131218024744077066e-01,-2.528510344344146506e+04,-1.925430323370552651e+04
6.164396830230227858e+07,-5.359491205367109545e-01,7.114937657657639525e-01,-2.522840650242462289e+04,-1.932978607772039686e+04
6.165659250224131346e+07,-5.380755277478749266e-01,7.098593741431924453e-01,-2.517147911287326497e+04,-1.940510147065995261e+04
6.166921670218034834e+07,-5.401971182522101733e-01,7.082186417406347578e-01,-2.511432176963066377e+04,-1.948024868596807573e+04
6.168184090211938322e+07,-5.423138728442804535e-01,7.065715827464010834e-01,-2.505693497030123399e+04,-1.955522699886883856e+04
6.169446510205841810e+07,-5.444257723645279379e-01,7.049182114031703472e-01,-2.499931921525051439e+04,-1.963003568636650743e+04
6.170708930199744552e+07,-5.465327976992722103e-01,7.032585420079917604e-01,-2.494147500760522598e+04,-1.970467402724548083e+04
6.171971350193648040e+07,-5.486349297807149306e-01,7.015925889122798242e-01,-2.488340285325310469e+04,-1.977914130207047856e+04
6.173233770187551528e+07,-5.507321495869327288e-01,6.999203665218211023e-01,-2.482510326084314147e+04,-1.985343679318627619e+04
6.174496190181455016e+07,-5.528244381418818687e-01,6.982418892967700019e-01,-2.476657674178540765e+04,-1.992755978471788330e+04
6.175758610175358504e+07,-5.549117765153972481e-01,6.965571717516496619e-01,-2.470782381025112409e+04,-2.000150956257049620e+04
6.177021030169261992e+07,-5.569941458231921771e-01,6.948662284553517310e-01,-2.464884498317263206e+04,-2.007528541442949063e+04
6.178283450163165480e+07,-5.590715272268586000e-01,6.931690740311372556e-01,-2.458964078024341870e+04,-2.014888662976044361e+04
6.179545870157068223e+07,-5.611439019338657630e-01,6.914657231566369022e-01,-2.453021172391813161e+04,-2.022231249980906432e+04
6.180808290150971711e+07,-5.632112511975648772e-01,6.897561905638466273e-01,-2.447055833941245146e+04,-2.029556231760137962e+04
6.182070710144875199e+07,-5.652735563171825683e-01,6.880404910391348938e-01,-2.441068115470329940e+04,-2.036863537794347940e+04
6.183333130138778687e+07,-5.673307986378243184e-01,6.863186394232374532e-01,-2.435058070052868788e+04,-2.044153097742167665e+04
6.184595550132682174e+07,-5.693829595504750207e-01,6.845906506112593437e-01,-2.429025751038776798e+04,-2.051424841440248201e+04
6.185857970126585662e+07,-5.714300204919976478e-01,6.828565395526741133e-01,-2.422971212054082935e+04,-2.058678698903258191e+04
6.187120390120489150e+07,-5.734719629451336953e-01,6.811163212513239307e-01,-2.416894507000928570e+04,-2.065914600323885679e+04
6.188382810114391893e+07,-5.755087684385020719e-01,6.793700107654213616e-01,-2.410795690057572574e+04,-2.073132476072833015e+04
6.189645230108295381e+07,-5.775404185466037621e-01,6.776176232075441508e-01,-2.404674815678376763e+04,-2.080332256698833953e+04
6.190907650102198869e+07,-5.795668948898148320e-01,6.758591737446422165e-01,-2.398531938593826635e+04,-2.087513872928627825e+04
6.192170070096102357e+07,-5.815881791343909812e-01,6.740946775980329875e-01,-2.392367113810516821e+04,-2.094677255666978454e+04
6.193432490090005845e+07,-5.836042529924660993e-01,6.723241500434034013e-01,-2.386180396611157266e+04,-2.101822335996665788e+04
6.194694910083909333e+07,-5.856150982220532653e-01,6.705476064108082390e-01,-2.379971842554569230e+04,-2.108949045178490633e+04
6.195957330077812821e+07,-5.876206966270434151e-01,6.687650620846716798e-01,-2.373741507475688923e+04,-2.116057314651271736e+04
6.197219750071715564e+07,-5.896210300572053420e-01,6.669765325037877446e-01,-2.367489447485568235e+04,-2.123147076031842153e+04
6.198482170065619051e+07,-5.916160804081896929e-01,6.651820331613159665e-01,-2.361215718971362730e+04,-2.130218261115067071e+04
6.199744590059522539e+07,-5.936058296215220853e-01,6.633815796047878299e-01,-2.354920378596351293e+04,-2.137270801873816890e+04
6.201007010053426027e+07,-5.955902596846077701e-01,6.615751874361024409e-01,-2.348603483299923391e+04,-2.144304630458985048e+04
6.202269430047329515e+07,-5.975693526307307435e-01,6.597628723115283034e-01,-2.342265090297580900e+04,-2.151319679199484381e+04
6.203531850041233003e+07,-5.995430905390530807e-01,6.579446499417019867e-01,-2.335905257080939919e+04,-2.158315880602245670e+04
6.204794270035136491e+07,-6.015114555346160463e-01,6.561205360916292362e-01,-2.329524041417730041e+04,-2.165293167352218734e+04
6.206056690029039234e+07,-6.034744297883379849e-01,6.542905465806857501e-01,-2.323121501351796906e+04,-2.172251472312367696e+04
6.207319110022942722e+07,-6.054319955170187617e-01,6.524546972826127389e-01,-2.316697695203089461e+04,-2.179190728523688449e+04
6.208581530016846210e+07,-6.073841349833341008e-01,6.506130041255232532e-01,-2.310252681567681066e+04,-2.186110869205182462e+04
6.209843950010749698e+07,-6.093308304958385824e-01,6.487654830918984095e-01,-2.303786519317753846e+04,-2.193011827753874604e+04
6.211106370004653186e+07,-6.112720644089663091e-01,6.469121502185878336e-01,-2.297299267601604151e+04,-2.199893537744807691e+04
6.212368789998556674e+07,-6.132078191230287967e-01,6.450530215968099945e-01,-2.290790985843641465e+04,-2.206755932931044299e+04
6.213631209992460161e+07,-6.151380770842170831e-01,6.431881133721526478e-01,-2.284261733744388766e+04,-2.213598947243664588e+04
6.214893629986363649e+07,-6.170628207845999524e-01,6.413174417445713926e-01,-2.277711571280482167e+04,-2.220422514791768481e+04
6.216156049980266392e+07,-6.189820327621241569e-01,6.394410229683926694e-01,-2.271140558704674913e+04,-2.227226569862470569e+04
6.217418469974169880e+07,-6.208956956006179695e-01,6.375588733523079865e-01,-2.264548756545822835e+04,-2.234011046920914305e+04
6.218680889968073368e+07,-6.228037919297849667e-01,6.356710092593811368e-01,-2.257936225608906534e+04,-2.240775880610252352e+04
6.219943309961976856e+07,-6.247063044252083586e-01,6.337774471070433124e-01,-2.251303026975014654e+04,-2.247521005751658959e+04
6.221205729955880344e+07,-6.266032158083498782e-01,6.318782033670949927e-01,-2.244649222001351154e+04,-2.254246357344326680e+04
6.222468149949783832e+07,-6.284945088465496710e-01,6.299732945657048333e-01,-2.237974872321232397e+04,-2.260951870565467470e+04
6.223730569943687320e+07,-6.303801663530267385e-01,6.280627372834109989e-01,-2.231280039844088606e+04,-2.267637480770311959e+04
6.224992989937590063e+07,-6.322601711868771623e-01,6.261465481551211631e-01,-2.224564786755466412e+04,-2.274303123492104714e+04
6.226255409931493551e+07,-6.341345062530789889e-01,6.242247438701082896e-01,-2.217829175517015028e+04,-2.280948734442121349e+04
6.227517829925397038e+07,-6.360031545024855681e-01,6.222973411720179593e-01,-2.211073268866508442e+04,-2.287574249509645597e+04
6.228780249919300526e+07,-6.378660989318294394e-01,6.203643568588633750e-01,-2.204297129817830137e+04,-2.294179604761982046e+04
6.230042669913204014e+07,-6.397233225837225534e-01,6.184258077830259159e-01,-2.197500821660976726e+04,-2.300764736444454320e+04
6.231305089907107502e+07,-6.415748085466543849e-01,6.164817108512568034e-01,-2.190684407962059049e+04,-2.307329580980405444e+04
6.232567509901010990e+07,-6.434205399549937088e-01,6.145320830246752131e-01,-2.183847952563299987e+04,-2.313874074971196387e+04
6.233829929894913733e+07,-6.452604999889861581e-01,6.125769413187706069e-01,-2.176991519583041008e+04,-2.320398155196203879e+04
6.235092349888817221e+07,-6.470946718747594417e-01,6.106163028033977369e-01,-2.170115173415723984e+04,-2.326901758612834237e+04
6.236354769882720709e+07,-6.489230388843166830e-01,6.086501846027838614e-01,-2.163218978731917741e+04,-2.333384822356500808e+04
6.237617189876624197e+07,-6.507455843355403058e-01,6.066786038955234162e-01,-2.156303000478297690e+04,-2.339847283740640705e+04
6.238879609870527685e+07,-6.525622915921913680e-01,6.047015779145801240e-01,-2.149367303877656013e+04,-2.346289080256708257e+04
6.240142029864431173e+07,-6.543731440639095620e-01,6.027191239472861062e-01,-2.142411954428895478e+04,-2.352710149574176467e+04
6.241404449858334661e+07,-6.561781252062131031e-01,6.007312593353428820e-01,-2.135437017907034169e+04,-2.359110429540538098e+04
6.242666869852237403e+07,-6.579772185204971757e-01,5.987380014748211465e-01,-2.128442560363206576e+04,-2.365489858181300951e+04
6.243929289846140891e+07,-6.597704075540395952e-01,5.967393678161574400e-01,-2.121428648124647952e+04,-2.371848373700002412e+04
6.245191709840044379e+07,-6.615576758999927032e-01,5.947353758641604760e-01,-2.114395347794720510e+04,-2.378185914478186169e+04
6.246454129833947867e+07,-6.633390071973885860e-01,5.927260431780067007e-01,-2.107342726252895227e+04,-2.384502419075419675e+04
6.247716549827851355e+07,-6.651143851311385191e-01,5.907113873712412921e-01,-2.100270850654755486e+04,-2.390797826229289785e+04
6.248978969821754843e+07,-6.668837934320311911e-01,5.886914261117781599e-01,-2.093179788431999987e+04,-2.397072074855399842e+04
6.250241389815658331e+07,-6.686472158767347018e-01,5.866661771219000565e-01,-2.086069607292438741e+04,-2.403325104047374043e+04
6.251503809809561819e+07,-6.704046362877953413e-01,5.846356581782586881e-01,-2.078940375219995985e+04,-2.409556853076853804e+04
6.252766229803464562e+07,-6.721560385336369237e-01,5.825998871118756028e-01,-2.071792160474714183e+04,-2.415767261393496301e+04
6.254028649797368050e+07,-6.739014065285650057e-01,5.805588818081373059e-01,-2.064625031592736195e+04,-2.421956268624988297e+04
6.255291069791271538e+07,-6.756407242327601148e-01,5.785126602068036972e-01,-2.057439057386330387e+04,-2.428123814577025041e+04
6.256553489785175025e+07,-6.773739756522830779e-01,5.764612403020009657e-01,-2.050234306943874253e+04,-2.434269839233321909e+04
6.257815909779078513e+07,-6.791011448390724681e-01,5.744046401422250314e-01,-2.043010849629859513e+04,-2.440394282755615859e+04
6.259078329772982001e+07,-6.808222158909460475e-01,5.723428778303403242e-01,-2.035768755084891018e+04,-2.446497085483659612e+04
6.260340749766885489e+07,-6.825371729515996577e-01,5.702759715235801163e-01,-2.028508093225686025e+04,-2.452578187935227470e+04
6.261603169760788232e+07,-6.842460002106067751e-01,5.682039394335475224e-01,-2.021228934245080745e+04,-2.458637530806106952e+04
6.262865589754691720e+07,-6.859486819034227301e-01,5.661267998262111689e-01,-2.013931348612011789e+04,-2.464675054970116616e+04
6.264128009748595208e+07,-6.876452023113779344e-01,5.640445710219117448e-01,-2.006615407071540540e+04,-2.470690701479080599e+04
6.265390429742498696e+07,-6.893355457616822113e-01,5.619572713953577825e-01,-1.999281180644839333e+04,-2.476684411562846799e+04
6.266652849736402184e+07,-6.910196966274244623e-01,5.598649193756266573e-01,-1.991928740629192907e+04,-2.482656126629282517e+04
6.267915269730305672e+07,-6.926976393275720012e-01,5.577675334461644763e-01,-1.984558158597999136e+04,-2.488605788264272633e+04
6.269177689724209160e+07,-6.943693583269701097e-01,5.556651321447859670e-01,-1.977169506400770479e+04,-2.494533338231720700e+04
6.270440109718111902e+07,-6.960348381363421488e-01,5.535577340636763655e-01,-1.969762856163135439e+04,-2.500438718473546760e+04
6.271702529712015390e+07,-6.976940633122928892e-01,5.514453578493854202e-01,-1.962338280286824738e+04,-2.506321871109698259e+04
6.272964949705918878e+07,-6.993470184573025161e-01,5.493280222028359416e-01,-1.954895851449693873e+04,-2.512182738438132219e+04
6.274227369699822366e+07,-7.009936882197307373e-01,5.472057458793178064e-01,-1.947435642605708563e+04,-2.518021262934827246e+04
6.275489789693725854e+07,-7.026340572938158946e-01,5.450785476884899561e-01,-1.939957726984946930e+04,-2.523837387253780616e+04
6.276752209687629342e+07,-7.042681104196748532e-01,5.429464464943805080e-01,-1.932462178093600960e+04,-2.529631054227009736e+04
6.278014629681532830e+07,-7.058958323833028903e-01,5.408094612153856451e-01,-1.924949069713976496e+04,-2.535402206864547770e+04
6.279277049675435573e+07,-7.075172080165731403e-01,5.386676108242721694e-01,-1.917418475904496518e+04,-2.541150788354445831e+04
6.280539469669339061e+07,-7.091322221972394813e-01,5.365209143481716181e-01,-1.909870470999684039e+04,-2.546876742062783160e+04
6.281801889663242549e+07,-7.107408598489323159e-01,5.343693908685882565e-01,-1.902305129610189033e+04,-2.552580011533646757e+04
6.283064309657146037e+07,-7.123431059411606814e-01,5.322130595213939719e-01,-1.894722526622770602e+04,-2.558260540489147388e+04
6.284326729651049525e+07,-7.139389454893126929e-01,5.300519394968293829e-01,-1.887122737200300617e+04,-2.563918272829411944e+04
6.285589149644953012e+07,-7.155283635546549892e-01,5.278860500395037292e-01,-1.879505836781764810e+04,-2.569553152632588899e+04
6.286851569638856500e+07,-7.171113452443323988e-01,5.257154104483952040e-01,-1.871871901082263139e+04,-2.575165124154843943e+04
6.288113989632759243e+07,-7.186878757113677185e-01,5.235400400768521756e-01,-1.864221006093011965e+04,-2.580754131830357801e+04
6.289376409626662731e+07,-7.202579401546645999e-01,5.213599583325880804e-01,-1.856553228081326961e+04,-2.586320120271340420e+04
6.290638829620566219e+07,-7.218215238190029970e-01,5.191751846776885282e-01,-1.848868643590653301e+04,-2.591863034268010233e+04
6.291901249614469707e+07,-7.233786119950418314e-01,5.169857386286071943e-01,-1.841167329440542380e+04,-2.597382818788609438e+04
6.293163669608373195e+07,-7.249291900193186589e-01,5.147916397561661528e-01,-1.833449362726661639e+04,-2.602879418979395996e+04
6.294426089602276683e+07,-7.264732432742497803e-01,5.125929076855565425e-01,-1.825714820820789464e+04,-2.608352780164648357e+04
6.295688509596180171e+07,-7.280107571881299089e-01,5.103895620963383450e-01,-1.817963781370818469e+04,-2.613802847846663644e+04
6.296950929590083659e+07,-7.295417172351322810e-01,5.081816227224399407e-01,-1.810196322300754400e+04,-2.619229567705756926e+04
6.298213349583986402e+07,-7.310661089353075459e-01,5.059691093521603289e-01,-1.802412521810721955e+04,-2.624632885600259397e+04
6.299475769577889889e+07,-7.325839178545879848e-01,5.037520418281632439e-01,-1.794612458376945142e+04,-2.630012747566530743e+04
6.300738189571793377e+07,-7.340951296047814045e-01,5.015304400474850377e-01,-1.786796210751774197e+04,-2.635369099818938776e+04
6.302000609565696865e+07,-7.355997298435750231e-01,4.993043239615294615e-01,-1.778963857963669216e+04,-2.640701888749874342e+04
6.303263029559600353e+07,-7.370977042745345820e-01,4.970737135760691650e-01,-1.771115479317202335e+04,-2.646011060929746600e+04
6.304525449553503841e+07,-7.385890386471047897e-01,4.948386289512459735e-01,-1.763251154393060278e+04,-2.651296563106983012e+04
6.305787869547407329e+07,-7.400737187566084341e-01,4.925990902015700557e-01,-1.755370963048042904e+04,-2.656558342208030808e+04
6.307050289541310072e+07,-7.415517304442456048e-01,4.903551174959218661e-01,-1.747474985415068295e+04,-2.661796345337350431e+04
6.308312709535213560e+07,-7.430230595970983565e-01,4.881067310575467055e-01,-1.739563301903153479e+04,-2.667010519777433365e+04
6.309575129529117048e+07,-7.444876921481244914e-01,4.858539511640626030e-01,-1.731635993197443167e+04,-2.672200812988779217e+04
6.310837549523020536e+07,-7.459456140761605569e-01,4.835967981474550981e-01,-1.723693140259190113e+04,-2.677367172609909176e+04
