time,x,y,vx,vy
0.000000000000000000e+00,0.000000000000000000e+00,9.832899999999999974e-01,-6.773251395529817045e+07,0.000000000000000000e+00
1.411852101619977162e+01,-6.392265519772202982e-03,9.832664385916795036e-01,-6.773089105300186574e+07,-4.992998189675890608e+05
2.823704203239954325e+01,-1.278422470624348065e-02,9.831957560395959694e-01,-6.772602218866081536e+07,-9.985849389220869634e+05
4.235556304859931487e+01,-1.917557122013660575e-02,9.830779544246552870e-01,-6.771790732563510537e+07,-1.497840658351610415e+06
5.647408406479908649e+01,-2.556599871756445874e-02,9.829130372153214168e-01,-6.770654640288837254e+07,-1.997052272890295368e+06
7.059260508099885101e+01,-3.195520084772881381e-02,9.827010092679528963e-01,-6.769193933502022922e+07,-2.496205073891166132e+06
8.471112609719862974e+01,-3.834287125062282864e-02,9.824418768272751290e-01,-6.767408601231157780e+07,-2.995284346998757217e+06
9.882964711339840846e+01,-4.472870355473838877e-02,9.821356475269855668e-01,-6.765298630078294873e+07,-3.494275370721395127e+06
1.129481681295981730e+02,-5.111239137477961714e-02,9.817823303904952281e-01,-6.762864004226586223e+07,-3.993163415003069676e+06
1.270666891457979375e+02,-5.749362830938368335e-02,9.813819358318038866e-01,-6.760104705448715389e+07,-4.491933739794804715e+06
1.411852101619977020e+02,-6.387210793885024496e-02,9.809344756565110401e-01,-6.757020713116636872e+07,-4.990571593625440262e+06
1.553037311781974950e+02,-7.024752382288060315e-02,9.804399630629607731e-01,-6.753612004212631285e+07,-5.489062212171760388e+06
1.694222521943972595e+02,-7.661956949832800234e-02,9.798984126435226205e-01,-6.749878553341659904e+07,-5.987390816827862523e+06
1.835407732105970240e+02,-8.298793847696017689e-02,9.793098403860067691e-01,-6.745820332745045424e+07,-6.485542613273710944e+06
1.976592942267968169e+02,-8.935232424323542866e-02,9.786742636752152613e-01,-6.741437312315468490e+07,-6.983502790042773820e+06
2.117778152429965814e+02,-9.571242025209347748e-02,9.779917012946264254e-01,-6.736729459613291919e+07,-7.481256517088666558e+06
2.258963362591963460e+02,-1.020679199267623266e-01,9.772621734282178618e-01,-6.731696739884215593e+07,-7.978788944350737147e+06
2.400148572753961105e+02,-1.084185166565824893e-01,9.764857016624212127e-01,-6.726339116078265011e+07,-8.476085200318492949e+06
2.541333782915958750e+02,-1.147639037948496588e-01,9.756623089882155986e-01,-6.720656548870122433e+07,-8.973130390594799072e+06
2.682518993077956679e+02,-1.211037746566773488e-01,9.747920198033548367e-01,-6.714648996680817008e+07,-9.469909596457777545e+06
2.823704203239954040e+02,-1.274378225168804335e-01,9.738748599147308838e-01,-6.708316415700756758e+07,-9.966407873421307653e+06
2.964889413401951970e+02,-1.337657406078813782e-01,9.729108565408735032e-01,-6.701658759914133698e+07,-1.046261024979408830e+07
3.106074623563949899e+02,-1.400872221176396593e-01,9.719000383145859345e-01,-6.694675981124701351e+07,-1.095850172523713857e+07
3.247259833725947260e+02,-1.464019601876067611e-01,9.708424352857161210e-01,-6.687368028982926160e+07,-1.145406726931970194e+07
3.388445043887945189e+02,-1.527096479107070137e-01,9.697380789240654941e-01,-6.679734851014535129e+07,-1.194929182007347047e+07
3.529630254049943119e+02,-1.590099783293461577e-01,9.685870021224326498e-01,-6.671776392650456727e+07,-1.244416028254502639e+07
3.670815464211940480e+02,-1.653026444334488587e-01,9.673892391997958029e-01,-6.663492597258172184e+07,-1.293865752734646946e+07
3.812000674373938409e+02,-1.715873391585264751e-01,9.661448259046303555e-01,-6.654883406174484640e+07,-1.343276838920415379e+07
3.953185884535936339e+02,-1.778637553837763008e-01,9.648537994183641331e-01,-6.645948758739718050e+07,-1.392647766550541669e+07
4.094371094697933700e+02,-1.841315859302139757e-01,9.635161983589698442e-01,-6.636688592333353311e+07,-1.441977011484330334e+07
4.235556304859931629e+02,-1.903905235588401468e-01,9.621320627846953188e-01,-6.627102842411119491e+07,-1.491263045555916615e+07
4.376741515021928990e+02,-1.966402609688424896e-01,9.607014341979309702e-01,-6.617191442543544620e+07,-1.540504336428308301e+07
4.517926725183926919e+02,-2.028804907958354498e-01,9.592243555492150353e-01,-6.606954324455986172e+07,-1.589699347447205894e+07
4.659111935345924849e+02,-2.091109056101378427e-01,9.577008712413775937e-01,-6.596391418070147187e+07,-1.638846537494589947e+07
4.800297145507922210e+02,-2.153311979150906719e-01,9.561310271338214761e-01,-6.585502651547095925e+07,-1.687944360842072964e+07
4.941482355669920139e+02,-2.215410601454162465e-01,9.545148705469435058e-01,-6.574287951331801713e+07,-1.736991267004010454e+07
5.082667565831917500e+02,-2.277401846656197659e-01,9.528524502666928520e-01,-6.562747242199198157e+07,-1.785985700590360165e+07
5.223852775993915429e+02,-2.339282637684357569e-01,9.511438165492694941e-01,-6.550880447301796079e+07,-1.834926101159290969e+07
5.365037986155913359e+02,-2.401049896733191691e-01,9.493890211259613521e-01,-6.538687488218851388e+07,-1.883810903069528565e+07
5.506223196317911288e+02,-2.462700545249846551e-01,9.475881172081205284e-01,-6.526168285007113218e+07,-1.932638535332439095e+07
5.647408406479908081e+02,-2.524231503919938113e-01,9.457411594922808806e-01,-6.513322756253159791e+07,-1.981407421463840082e+07
5.788593616641906010e+02,-2.585639692653928789e-01,9.438482041654131516e-01,-6.500150819127346575e+07,-2.030115979335540533e+07
5.929778826803903939e+02,-2.646922030574018203e-01,9.419093089103223182e-01,-6.486652389439377189e+07,-2.078762621026593819e+07
6.070964036965901869e+02,-2.708075436001570746e-01,9.399245329111849401e-01,-6.472827381695520878e+07,-2.127345752674274147e+07
6.212149247127899798e+02,-2.769096826445086035e-01,9.378939368592267289e-01,-6.458675709157487005e+07,-2.175863774324757978e+07
6.353334457289897728e+02,-2.829983118588736413e-01,9.358175829585414496e-01,-6.444197283902983367e+07,-2.224315079783516005e+07
6.494519667451894520e+02,-2.890731228281481768e-01,9.336955349320519293e-01,-6.429392016887972504e+07,-2.272698056465406343e+07
6.635704877613892450e+02,-2.951338070526782764e-01,9.315278580276111775e-01,-6.414259818010645360e+07,-2.321011085244469717e+07
6.776890087775890379e+02,-3.011800559472921912e-01,9.293146190242469462e-01,-6.398800596177134663e+07,-2.369252540303415805e+07
6.918075297937888308e+02,-3.072115608403955811e-01,9.270558862385472887e-01,-6.383014259368989617e+07,-2.417420788982807472e+07
7.059260508099886238e+02,-3.132280129731312424e-01,9.247517295311894481e-01,-6.366900714712426066e+07,-2.465514191629933193e+07
7.200445718261883030e+02,-3.192291034986048937e-01,9.224022203136107434e-01,-6.350459868549383432e+07,-2.513531101447365060e+07
7.341630928423880960e+02,-3.252145234811791297e-01,9.200074315548236736e-01,-6.333691626510403305e+07,-2.561469864341204986e+07
7.482816138585878889e+02,-3.311839638958368193e-01,9.175674377883727972e-01,-6.316595893589355797e+07,-2.609328818769010529e+07
7.624001348747876818e+02,-3.371371156276157244e-01,9.150823151194364957e-01,-6.299172574220035970e+07,-2.657106295587403700e+07
7.765186558909874748e+02,-3.430736694711167267e-01,9.125521412320727332e-01,-6.281421572354652733e+07,-2.704800617899359763e+07
7.906371769071872677e+02,-3.489933161300869391e-01,9.099769953966080349e-01,-6.263342791544234753e+07,-2.752410100901173800e+07
8.047556979233869470e+02,-3.548957462170790333e-01,9.073569584771723484e-01,-6.244936135020983219e+07,-2.799933051729104295e+07
8.188742189395867399e+02,-3.607806502531902271e-01,9.046921129393775685e-01,-6.226201505782585591e+07,-2.847367769305697083e+07
8.329927399557865328e+02,-3.666477186678808176e-01,9.019825428581423887e-01,-6.207138806678529829e+07,-2.894712544185781479e+07
8.471112609719863258e+02,-3.724966417988757050e-01,8.992283339256615937e-01,-6.187747940498434752e+07,-2.941965658402148634e+07
8.612297819881861187e+02,-3.783271098921500153e-01,8.964295734595222331e-01,-6.168028810062426329e+07,-2.989125385310904682e+07
8.753483030043857980e+02,-3.841388131020007646e-01,8.935863504109646804e-01,-6.147981318313590437e+07,-3.036189989436504990e+07
8.894668240205855909e+02,-3.899314414912076199e-01,8.906987553732911289e-01,-6.127605368412527442e+07,-3.083157726316468418e+07
9.035853450367853839e+02,-3.957046850312827546e-01,8.877668805904200822e-01,-6.106900863834036142e+07,-3.130026842345771194e+07
9.177038660529851768e+02,-4.014582336028136855e-01,8.847908199655886152e-01,-6.085867708465959877e+07,-3.176795574620929360e+07
9.318223870691849697e+02,-4.071917769959002564e-01,8.817706690702009631e-01,-6.064505806710218638e+07,-3.223462150783765316e+07
9.459409080853846490e+02,-4.129050049106879339e-01,8.787065251528256571e-01,-6.042815063586065173e+07,-3.270024788864864781e+07
9.600594291015844419e+02,-4.185976069579998571e-01,8.755984871483394327e-01,-6.020795384835586697e+07,-3.316481697126730159e+07
9.741779501177842349e+02,-4.242692726600690301e-01,8.724466556872205736e-01,-5.998446677031493187e+07,-3.362831073906626552e+07
9.882964711339840278e+02,-4.299196914513738199e-01,8.692511331049900258e-01,-5.975768847687215358e+07,-3.409071107459134609e+07
1.002414992150183821e+03,-4.355485526795783158e-01,8.660120234518011717e-01,-5.952761805369353294e+07,-3.455199975798407942e+07
1.016533513166383500e+03,-4.411555456065796021e-01,8.627294325021784838e-01,-5.929425459812498838e+07,-3.501215846540143341e+07
1.030652034182583293e+03,-4.467403594096652775e-01,8.594034677649062814e-01,-5.905759722036475688e+07,-3.547116876743272692e+07
1.044770555198783086e+03,-4.523026831827818284e-01,8.560342384930659243e-01,-5.881764504466024786e+07,-3.592901212751373649e+07
1.058889076214982879e+03,-4.578422059379176901e-01,8.526218556942239957e-01,-5.857439721052972227e+07,-3.638566990033819526e+07
1.073007597231182672e+03,-4.633586166066028800e-01,8.491664321407691451e-01,-5.832785287400913239e+07,-3.684112333026665449e+07
1.087126118247382465e+03,-4.688516040415271480e-01,8.456680823804003655e-01,-5.807801120892452449e+07,-3.729535354973281920e+07
1.101244639263582258e+03,-4.743208570182793071e-01,8.421269227467653717e-01,-5.782487140819032490e+07,-3.774834157764749229e+07
1.115363160279782051e+03,-4.797660642372111872e-01,8.385430713702496375e-01,-5.756843268513390422e+07,-3.820006831780014932e+07
1.129481681295981616e+03,-4.851869143254267103e-01,8.349166481889164215e-01,-5.730869427484678477e+07,-3.865051455725828558e+07
1.143600202312181409e+03,-4.905830958389005847e-01,8.312477749595977849e-01,-5.704565543556290120e+07,-3.909966096476467699e+07
1.157718723328381202e+03,-4.959542972647278392e-01,8.275365752691380417e-01,-5.677931545006427914e+07,-3.954748808913256228e+07
1.171837244344580995e+03,-5.013002070235076379e-01,8.237831745457867560e-01,-5.650967362711454183e+07,-3.999397635763899237e+07
1.185955765360780788e+03,-5.066205134718634318e-01,8.199877000707455066e-01,-5.623672930292064697e+07,-4.043910607441639900e+07
1.200074286376980581e+03,-5.119149049051032740e-01,8.161502809898650845e-01,-5.596048184262322634e+07,-4.088285741884253174e+07
1.214192807393180374e+03,-5.171830695600202477e-01,8.122710483254955705e-01,-5.568093064181602746e+07,-4.132521044392891973e+07
1.228311328409380167e+03,-5.224246956178397738e-01,8.083501349884879561e-01,-5.539807512809479982e+07,-4.176614507470802218e+07
1.242429849425579960e+03,-5.276394712073135818e-01,8.043876757903486441e-01,-5.511191476263605803e+07,-4.220564110661915690e+07
1.256548370441779753e+03,-5.328270844079634472e-01,8.003838074555458260e-01,-5.482244904180621356e+07,-4.264367820389347523e+07
1.270666891457979546e+03,-5.379872232534798071e-01,7.963386686339682941e-01,-5.452967749880146980e+07,-4.308023589793806523e+07
1.284785412474179111e+03,-5.431195757352746956e-01,7.922523999135377970e-01,-5.423359970531892776e+07,-4.351529358571944386e+07
1.298903933490378904e+03,-5.482238298061958837e-01,7.881251438329718306e-01,-5.393421527325933427e+07,-4.394883052814658731e+07
1.313022454506578697e+03,-5.532996733844015580e-01,7.839570448947018599e-01,-5.363152385646201670e+07,-4.438082584845367074e+07
1.327140975522778490e+03,-5.583467943574006442e-01,7.797482495779419764e-01,-5.332552515247236192e+07,-4.481125853058280051e+07
1.341259496538978283e+03,-5.633648805862627729e-01,7.754989063519107662e-01,-5.301621890434238315e+07,-4.524010741756692529e+07
1.355378017555178076e+03,-5.683536199099977759e-01,7.712091656892062774e-01,-5.270360490246480703e+07,-4.566735120991314203e+07
1.369496538571377869e+03,-5.733127001501111542e-01,7.668791800793332003e-01,-5.238768298644120991e+07,-4.609296846398665011e+07
1.383615059587577662e+03,-5.782418091153372908e-01,7.625091040423823685e-01,-5.206845304698463529e+07,-4.651693759039559960e+07
1.397733580603777455e+03,-5.831406346065535207e-01,7.580990941428628060e-01,-5.174591502785723656e+07,-4.693923685237710923e+07
1.411852101619977248e+03,-5.880088644218788296e-01,7.536493090036862075e-01,-5.142006892784343660e+07,-4.735984436418468505e+07
1.425970622636177040e+03,-5.928461863619607364e-01,7.491599093203031856e-01,-5.109091480275907367e+07,-4.777873808947736770e+07
1.440089143652376606e+03,-5.976522882354531330e-01,7.446310578749916198e-01,-5.075845276749711484e+07,-4.819589583971087635e+07
1.454207664668576399e+03,-6.024268578646893024e-01,7.400629195512965497e-01,-5.042268299811038375e+07,-4.861129527253107727e+07
1.468326185684776192e+03,-6.071695830915531111e-01,7.354556613486222805e-01,-5.008360573393190652e+07,-4.902491389017003030e+07
1.482444706700975985e+03,-6.118801517835512627e-01,7.308094523969749234e-01,-4.974122127973332256e+07,-4.943672903784503788e+07
1.496563227717175778e+03,-6.165582518400931633e-01,7.261244639718559268e-01,-4.939553000792195648e+07,-4.984671790216093510e+07
1.510681748733375571e+03,-6.212035711989774001e-01,7.214008695093069301e-01,-4.904653236077708751e+07,-5.025485750951607525e+07
1.524800269749575364e+03,-6.258157978430931578e-01,7.166388446211038321e-01,-4.869422885272595286e+07,-5.066112472451229393e+07
1.538918790765775157e+03,-6.303946198073371310e-01,7.118385671101021828e-01,-4.833862007266003639e+07,-5.106549624836929142e+07
1.553037311781974950e+03,-6.349397251857513691e-01,7.070002169857299013e-01,-4.797970668629222363e+07,-5.146794861734376848e+07
1.567155832798174742e+03,-6.394508021388859431e-01,7.021239764796312066e-01,-4.761748943855536729e+07,-5.186845820115377009e+07
1.581274353814374535e+03,-6.439275389013888740e-01,6.972100300614576529e-01,-4.725196915604285151e+07,-5.226700120140866935e+07
1.595392874830574101e+03,-6.483696237898296522e-01,6.922585644548070460e-01,-4.688314674949172884e+07,-5.266355365004515648e+07
1.609511395846773894e+03,-6.527767452107579027e-01,6.872697686533102424e-01,-4.651102321630898118e+07,-5.305809140776979178e+07
1.623629916862973687e+03,-6.571485916690037454e-01,6.822438339368647187e-01,-4.613559964314159751e+07,-5.345059016250844300e+07
1.637748437879173480e+03,-6.614848517762211833e-01,6.771809538880129153e-01,-4.575687720849090070e+07,-5.384102542786325514e+07
1.651866958895373273e+03,-6.657852142596825118e-01,6.720813244084674620e-01,-4.537485718537185341e+07,-5.422937254157754779e+07
1.665985479911573066e+03,-6.700493679713237505e-01,6.669451437357797330e-01,-4.498954094401789457e+07,-5.461560666400916129e+07
1.680104000927772859e+03,-6.742770018970486445e-01,6.617726124601528426e-01,-4.460092995463191718e+07,-5.499970277661281079e+07
1.694222521943972652e+03,-6.784678051662941245e-01,6.565639335413964162e-01,-4.420902579018401355e+07,-5.538163568043199927e+07
1.708341042960172445e+03,-6.826214670618621083e-01,6.513193123260244688e-01,-4.381383012925657630e+07,-5.576137999460104108e+07
1.722459563976372237e+03,-6.867376770300223088e-01,6.460389565644933940e-01,-4.341534475893742591e+07,-5.613891015485776961e+07
1.736578084992571803e+03,-6.908161246908898212e-01,6.407230764285799518e-01,-4.301357157776153833e+07,-5.651420041206755489e+07
1.750696606008771596e+03,-6.948564998490829314e-01,6.353718845288975903e-01,-4.260851259870201349e+07,-5.688722483075927943e+07
1.764815127024971389e+03,-6.988584925046658070e-01,6.299855959325516563e-01,-4.220016995221100003e+07,-5.725795728767380863e+07
1.778933648041171182e+03,-7.028217928643798462e-01,6.245644281809290543e-01,-4.178854588931106776e+07,-5.762637147032577544e+07
1.793052169057370975e+03,-7.067460913531702360e-01,6.191086013076252392e-01,-4.137364278473778814e+07,-5.799244087557918578e+07
1.807170690073570768e+03,-7.106310786260101597e-01,6.136183378565026603e-01,-4.095546314013411105e+07,-5.835613880823770911e+07
1.821289211089770561e+03,-7.144764455800303171e-01,6.080938628998835416e-01,-4.053400958729723096e+07,-5.871743837965025008e+07
1.835407732105970354e+03,-7.182818833669561975e-01,6.025354040568718927e-01,-4.010928489147852361e+07,-5.907631250633262098e+07
1.849526253122170147e+03,-7.220470834058603238e-01,5.969431915118061927e-01,-3.968129195473726839e+07,-5.943273390860605985e+07
1.863644774138369939e+03,-7.257717373962324636e-01,5.913174580328386387e-01,-3.925003381934878975e+07,-5.978667510925336182e+07
1.877763295154569732e+03,-7.294555373313751367e-01,5.856584389906414057e-01,-3.881551367126766592e+07,-6.013810843219345808e+07
1.891881816170769298e+03,-7.330981755121278587e-01,5.799663723772360280e-01,-3.837773484364671260e+07,-6.048700600117528439e+07
1.906000337186969091e+03,-7.366993445609265612e-01,5.742414988249456842e-01,-3.793670082041226327e+07,-6.083333973849178106e+07
1.920118858203168884e+03,-7.402587374362027406e-01,5.684840616254682732e-01,-3.749241523989665508e+07,-6.117708136371488869e+07
1.934237379219368677e+03,-7.437760474471282190e-01,5.626943067490672856e-01,-3.704488189852832258e+07,-6.151820239245250076e+07
1.948355900235568470e+03,-7.472509682687112909e-01,5.568724828638785818e-01,-3.659410475458030403e+07,-6.185667413512825221e+07
1.962474421251768263e+03,-7.506831939572489176e-01,5.510188413553324116e-01,-3.614008793197782338e+07,-6.219246769578513503e+07
1.976592942267968056e+03,-7.540724189661414112e-01,5.451336363456861234e-01,-3.568283572416555882e+07,-6.252555397091392428e+07
1.990711463284167849e+03,-7.574183381620743782e-01,5.392171247136666734e-01,-3.522235259803531319e+07,-6.285590364830737561e+07
2.004829984300367641e+03,-7.607206468415750322e-01,5.332695661142199395e-01,-3.475864319791468233e+07,-6.318348720594133437e+07
2.018948505316567434e+03,-7.639790407479472023e-01,5.272912229983646171e-01,-3.429171234961745143e+07,-6.350827491088372469e+07
2.033067026332767000e+03,-7.671932160885915897e-01,5.212823606331472570e-01,-3.382156506455635279e+07,-6.383023681823255122e+07
2.047185547348966793e+03,-7.703628695527175996e-01,5.152432471216963350e-01,-3.334820654391876608e+07,-6.414934277008409053e+07
2.061304068365166586e+03,-7.734876983294514119e-01,5.091741534233729105e-01,-3.287164218290621415e+07,-6.446556239453228563e+07
2.075422589381366379e+03,-7.765674001263482840e-01,5.030753533740124350e-01,-3.239187757503804937e+07,-6.477886510470070690e+07
2.089541110397566172e+03,-7.796016731883126383e-01,4.969471237062587643e-01,-3.190891851652016118e+07,-6.508922009780815989e+07
2.103659631413765965e+03,-7.825902163169351500e-01,4.907897440699827141e-01,-3.142277101067927480e+07,-6.539659635426923633e+07
2.117778152429965758e+03,-7.855327288902500538e-01,4.846034970527848817e-01,-3.093344127246349305e+07,-6.570096263683108985e+07
2.131896673446165551e+03,-7.884289108829211079e-01,4.783886682005777380e-01,-3.044093573300969973e+07,-6.600228748974772543e+07
2.146015194462365343e+03,-7.912784628868613224e-01,4.721455460382441016e-01,-2.994526104427847639e+07,-6.630053923799318075e+07
2.160133715478565136e+03,-7.940810861322940006e-01,4.658744220903682232e-01,-2.944642408375710994e+07,-6.659568598651491851e+07
2.174252236494764929e+03,-7.968364825092599801e-01,4.595755909020345364e-01,-2.894443195923135057e+07,-6.688769561952889711e+07
2.188370757510964722e+03,-7.995443545895792870e-01,4.532493500596919689e-01,-2.843929201362648606e+07,-6.717653579985775054e+07
2.202489278527164515e+03,-8.022044056492718678e-01,4.468960002120779262e-01,-2.793101182991833240e+07,-6.746217396831354499e+07
2.216607799543364308e+03,-8.048163396914467249e-01,4.405158450911987322e-01,-2.741959923611474410e+07,-6.774457734312658012e+07
2.230726320559564101e+03,-8.073798614696625631e-01,4.341091915333616935e-01,-2.690506231030820310e+07,-6.802371291942194104e+07
2.244844841575763894e+03,-8.098946765117708280e-01,4.276763495002540716e-01,-2.638740938580005243e+07,-6.829954746874520183e+07
2.258963362591963232e+03,-8.123604911442434684e-01,4.212176321000650758e-01,-2.586664905629693717e+07,-6.857204753863902390e+07
2.273081883608163025e+03,-8.147770125169963018e-01,4.147333556086441053e-01,-2.534279018117990345e+07,-6.884117945227235556e+07
2.287200404624362818e+03,-8.171439486287124243e-01,4.082238394906933521e-01,-2.481584189084693044e+07,-6.910690930812372267e+07
2.301318925640562611e+03,-8.194610083526731037e-01,4.016894064209858284e-01,-2.428581359212904796e+07,-6.936920297972060740e+07
2.315437446656762404e+03,-8.217279014631033718e-01,3.951303823056066533e-01,-2.375271497378082201e+07,-6.962802611543656886e+07
2.329555967672962197e+03,-8.239443386620400878e-01,3.885470963032097158e-01,-2.321655601204555482e+07,-6.988334413834795356e+07
2.343674488689161990e+03,-8.261100316067274685e-01,3.819398808462858841e-01,-2.267734697629570961e+07,-7.013512224615201354e+07
2.357793009705361783e+03,-8.282246929375491895e-01,3.753090716624353229e-01,-2.213509843474896252e+07,-7.038332541114842892e+07
2.371911530721561576e+03,-8.302880363065042735e-01,3.686550077956389226e-01,-2.158982126026033610e+07,-7.062791838028612733e+07
2.386030051737761369e+03,-8.322997764062309844e-01,3.619780316275220122e-01,-2.104152663619082049e+07,-7.086886567527738214e+07
2.400148572753961162e+03,-8.342596289995911629e-01,3.552784888986040834e-01,-2.049022606235283241e+07,-7.110613159278121591e+07
2.414267093770160955e+03,-8.361673109498164447e-01,3.485567287295279759e-01,-1.993593136103290692e+07,-7.133968020465828478e+07
2.428385614786360748e+03,-8.380225402512289090e-01,3.418131036422614177e-01,-1.937865468309192359e+07,-7.156947535829922557e+07
2.442504135802560540e+03,-8.398250360605391540e-01,3.350479695812643710e-01,-1.881840851414320618e+07,-7.179548067702871561e+07
2.456622656818760333e+03,-8.415745187287326790e-01,3.282616859346141891e-01,-1.825520568080874905e+07,-7.201765956058749557e+07
2.470741177834960126e+03,-8.432707098335491258e-01,3.214546155550819795e-01,-1.768905935705385730e+07,-7.223597518569444120e+07
2.484859698851159919e+03,-8.449133322125640388e-01,3.146271247811516791e-01,-1.711998307060038671e+07,-7.245039050669120252e+07
2.498978219867359712e+03,-8.465021099968791374e-01,3.077795834579749035e-01,-1.654799070941881835e+07,-7.266086825627167523e+07
2.513096740883559505e+03,-8.480367686454288734e-01,3.009123649582520765e-01,-1.597309652829929814e+07,-7.286737094629859924e+07
2.527215261899759298e+03,-8.495170349799110454e-01,2.940258462030331810e-01,-1.539531515550179407e+07,-7.306986086870989203e+07
2.541333782915959091e+03,-8.509426372203490185e-01,2.871204076824281359e-01,-1.481466159948544018e+07,-7.326830009651716053e+07
2.555452303932158884e+03,-8.523133050212922113e-01,2.801964334762186981e-01,-1.423115125571715087e+07,-7.346265048489883542e+07
2.569570824948358222e+03,-8.536287695086632876e-01,2.732543112743628932e-01,-1.364479991355951689e+07,-7.365287367239065468e+07
2.583689345964558015e+03,-8.548887633172591594e-01,2.662944323973812644e-01,-1.305562376323787309e+07,-7.383893108217610419e+07
2.597807866980757808e+03,-8.560930206289126820e-01,2.593171918166189416e-01,-1.246363940288674086e+07,-7.402078392347939312e+07
2.611926387996957601e+03,-8.572412772113242596e-01,2.523229881743688785e-01,-1.186886384567515925e+07,-7.419839319306387007e+07
2.626044909013157394e+03,-8.583332704575683536e-01,2.453122238038500658e-01,-1.127131452701105736e+07,-7.437171967683857679e+07
2.640163430029357187e+03,-8.593687394262838897e-01,2.382853047490284260e-01,-1.067100931182432733e+07,-7.454072395157577097e+07
2.654281951045556980e+03,-8.603474248825568882e-01,2.312426407842703979e-01,-1.006796650192838721e+07,-7.470536638674232364e+07
2.668400472061756773e+03,-8.612690693394998709e-01,2.241846454338184136e-01,-9.462204843459933996e+06,-7.486560714644797146e+07
2.682518993077956566e+03,-8.621334171005381464e-01,2.171117359910767208e-01,-8.853743534396523610e+06,-7.502140619151338935e+07
2.696637514094156359e+03,-8.629402143024091920e-01,2.100243335376962839e-01,-8.242602232151583768e+06,-7.517272328166104853e+07
2.710756035110356152e+03,-8.636892089588816823e-01,2.029228629624473812e-01,-7.628801061246385798e+06,-7.531951797783210874e+07
2.724874556126555945e+03,-8.643801510052032677e-01,1.958077529798670502e-01,-7.012360621058457531e+06,-7.546174964463238418e+07
2.738993077142755737e+03,-8.650127923432819887e-01,1.886794361486699712e-01,-6.393301993645851500e+06,-7.559937745291057229e+07
2.753111598158955530e+03,-8.655868868876109845e-01,1.815383488899092734e-01,-5.771646751646617427e+06,-7.573236038247202337e+07
2.767230119175155323e+03,-8.661021906119411584e-01,1.743849315048752735e-01,-5.147416966252768412e+06,-7.586065722493138909e+07
2.781348640191355116e+03,-8.665584615967107940e-01,1.672196281927178785e-01,-4.520635215257954784e+06,-7.598422658670739830e+07
2.795467161207554909e+03,-8.669554600772370057e-01,1.600428870677799154e-01,-3.891324591177992523e+06,-7.610302689216327667e+07
2.809585682223754702e+03,-8.672929484926780175e-01,1.528551601766268142e-01,-3.259508709443321917e+06,-7.621701638689611852e+07
2.823704203239954495e+03,-8.675706915357718207e-01,1.456569035147590729e-01,-2.625211716662390158e+06,-7.632615314117886126e+07
2.837822724256154288e+03,-8.677884562033573168e-01,1.384485770429924045e-01,-1.988458298954878468e+06,-7.643039505355829000e+07
2.851941245272354081e+03,-8.679460118476857167e-01,1.312306447034909396e-01,-1.349273690353615675e+06,-7.652969985461276770e+07
2.866059766288553419e+03,-8.680431302285285255e-01,1.240035744354383435e-01,-7.076836812739461893e+05,-7.662402511087319255e+07
2.880178287304753212e+03,-8.680795855660868865e-01,1.167678381903299589e-01,-6.371462704910349566e+04,-7.671332822891108692e+07
2.894296808320953005e+03,-8.680551545947103875e-01,1.095239119468735534e-01,5.826065434695251752e+05,-7.679756645959734917e+07
2.908415329337152798e+03,-8.679696166174301064e-01,1.022722757254776321e-01,1.231252319249167340e+06,-7.687669690253560245e+07
2.922533850353352591e+03,-8.678227535613128873e-01,9.501341360231417565e-02,1.882194598350765416e+06,-7.695067651067386568e+07
2.936652371369552384e+03,-8.676143500336404024e-01,8.774781372293739834e-02,2.535404679144235328e+06,-7.701946209509854019e+07
2.950770892385752177e+03,-8.673441933789221014e-01,8.047596831544144569e-02,3.190853251465672627e+06,-7.708301033001449704e+07
2.964889413401951970e+03,-8.670120737367434938e-01,7.319837370313912739e-02,3.848510387718410231e+06,-7.714127775791537762e+07
2.979007934418151763e+03,-8.666177841004583104e-01,6.591553031674370067e-02,4.508345533919947222e+06,-7.719422079494798183e+07
2.993126455434351556e+03,-8.661611203767268785e-01,5.862794270603514935e-02,5.170327500696875155e+06,-7.724179573647488654e+07
3.007244976450551349e+03,-8.656418814459080346e-01,5.133611955099196683e-02,5.834424454230036587e+06,-7.728395876283925772e+07
3.021363497466751141e+03,-8.650598692233069098e-01,4.404057367236927090e-02,6.500603907152277417e+06,-7.732066594533619285e+07
3.035482018482950934e+03,-8.644148887212843579e-01,3.674182204170360622e-02,7.168832709401261061e+06,-7.735187325239446759e+07
3.049600539499150727e+03,-8.637067481122311374e-01,2.944038579072418699e-02,7.839077039029947482e+06,-7.737753655597318709e+07
3.063719060515350520e+03,-8.629352587924127294e-01,2.213679022015030765e-02,8.511302392977453768e+06,-7.739761163817723095e+07
3.077837581531550313e+03,-8.621002354466847928e-01,1.483156480785396622e-02,9.185473577803157270e+06,-7.741205419809609652e+07
3.091956102547750106e+03,-8.612014961140872504e-01,7.525243216366443028e-03,9.861554700387025252e+06,-7.742081985887013376e+07
3.106074623563949899e+03,-8.602388622543150065e-01,2.183632997071217061e-04,1.053950915859928168e+07,-7.742386417498864233e+07
3.120193144580149692e+03,-8.592121588150728462e-01,-7.088532890487426671e-03,1.121929963194269314e+07,-7.742114263982412219e+07
3.134311665596349485e+03,-8.581212143003128512e-01,-1.439489909955669888e-02,1.190088807217086293e+07,-7.741261069340705872e+07
3.148430186612549278e+03,-8.569658608393597721e-01,-2.170018486515469178e-02,1.258423569388609193e+07,-7.739822373044551909e+07
3.162548707628749071e+03,-8.557459342569235794e-01,-2.900383551335685220e-02,1.326930296512050368e+07,-7.737793710859407485e+07
3.176667228644948409e+03,-8.544612741440020809e-01,-3.630529215555904077e-02,1.395604959790427797e+07,-7.735170615697641671e+07
3.190785749661148202e+03,-8.531117239296739374e-01,-4.360399168619406157e-02,1.464443453882512823e+07,-7.731948618496599793e+07
3.204904270677347995e+03,-8.516971309537831880e-01,-5.089936678128680753e-02,1.533441595958286896e+07,-7.728123249122923613e+07
3.219022791693547788e+03,-8.502173465405150621e-01,-5.819084589787767298e-02,1.602595124754385836e+07,-7.723690037303560972e+07
3.233141312709747581e+03,-8.486722260728638556e-01,-6.547785327433623681e-02,1.671899699629948847e+07,-7.718644513583917916e+07
3.247259833725947374e+03,-8.470616290679898741e-01,-7.275980893159214591e-02,1.741350899623353779e+07,-7.712982210313582420e+07
3.261378354742147167e+03,-8.453854192534683287e-01,-8.003612867530963959e-02,1.810944222510321811e+07,-7.706698662660066783e+07
3.275496875758346960e+03,-8.436434646444243013e-01,-8.730622409903195102e-02,1.880675083863894269e+07,-7.699789409651015699e+07
3.289615396774546753e+03,-8.418356376215554437e-01,-9.456950258832283462e-02,1.950538816116804257e+07,-7.692249995245307684e+07
3.303733917790746546e+03,-8.399618150100369718e-01,-1.018253673259328224e-01,2.020530667626783624e+07,-7.684075969433492422e+07
3.317852438806946338e+03,-8.380218781593082866e-01,-1.090732172980177911e-01,2.090645801745363325e+07,-7.675262889367996156e+07
3.331970959823146131e+03,-8.360157130237365619e-01,-1.163124473014384569e-01,2.160879295890746266e+07,-7.665806320523530245e+07
3.346089480839345924e+03,-8.339432102441520778e-01,-1.235424479521692459e-01,2.231226140625350550e+07,-7.655701837888123095e+07
3.360208001855545717e+03,-8.318042652302535256e-01,-1.307626056948458793e-01,2.301681238738643378e+07,-7.644945027185203135e+07
3.374326522871745510e+03,-8.295987782438749569e-01,-1.379723028134808849e-01,2.372239404335901141e+07,-7.633531486127160490e+07
3.388445043887945303e+03,-8.273266544831100466e-01,-1.451709174433772898e-01,2.442895361933557317e+07,-7.621456825700783730e+07
3.402563564904145096e+03,-8.249878041672873419e-01,-1.523578235842704964e-01,2.513643745561816543e+07,-7.608716671484994888e+07
3.416682085920344889e+03,-8.225821426227882815e-01,-1.595323911147290830e-01,2.584479097875239328e+07,-7.595306665001279116e+07
3.430800606936544682e+03,-8.201095903697007694e-01,-1.666939858078456682e-01,2.655395869272017106e+07,-7.581222465097200871e+07
3.444919127952744475e+03,-8.175700732093000855e-01,-1.738419693482491091e-01,2.726388417022684962e+07,-7.566459749363408983e+07
3.459037648968944268e+03,-8.149635223123468108e-01,-1.809756993504700040e-01,2.797451004409039766e+07,-7.551014215584485233e+07
3.473156169985143606e+03,-8.122898743081927719e-01,-1.880945293786911166e-01,2.868577799874049798e+07,-7.534881583224031329e+07
3.487274691001343399e+03,-8.095490713746839040e-01,-1.951978089679168304e-01,2.939762876183582097e+07,-7.518057594944338500e+07
3.501393212017543192e+03,-8.067410613288481525e-01,-2.022848836465908628e-01,3.011000209600751102e+07,-7.500538018160998821e+07
3.515511733033742985e+03,-8.038657977183572001e-01,-2.093550949607000944e-01,3.082283679073790088e+07,-7.482318646632795036e+07
3.529630254049942778e+03,-8.009232399137466984e-01,-2.164077804993944365e-01,3.153607065438295901e+07,-7.463395302087192237e+07
3.543748775066142571e+03,-7.979133532013841235e-01,-2.234422739221576526e-01,3.224964050634764880e+07,-7.443763835881751776e+07
3.557867296082342364e+03,-7.948361088771659366e-01,-2.304579049875634111e-01,3.296348216942348704e+07,-7.423420130701762438e+07
3.571985817098542157e+03,-7.916914843409310620e-01,-2.374539995836506823e-01,3.367753046229784936e+07,-7.402360102294377983e+07
3.586104338114741950e+03,-7.884794631915732488e-01,-2.444298797599525619e-01,3.439171919224476069e+07,-7.380579701239530742e+07
3.600222859130941742e+03,-7.852000353228327789e-01,-2.513848637612145498e-01,3.510598114800725877e+07,-7.358074914757876098e+07
3.614341380147141535e+03,-7.818531970197530878e-01,-2.583182660628359217e-01,3.582024809288152307e+07,-7.334841768556000292e+07
3.628459901163341328e+03,-7.784389510557777614e-01,-2.652293974080704997e-01,3.653445075801338255e+07,-7.310876328709118068e+07
3.642578422179541121e+03,-7.749573067904718116e-01,-2.721175648470220976e-01,3.724851883591783047e+07,-7.286174703581449389e+07
3.656696943195740914e+03,-7.714082802678430273e-01,-2.789820717774696424e-01,3.796238097423268110e+07,-7.260733045784464478e+07
3.670815464211940707e+03,-7.677918943152413078e-01,-2.858222179875590241e-01,3.867596476971752197e+07,-7.234547554173140228e+07
3.684933985228140500e+03,-7.641081786428128853e-01,-2.926372997003960363e-01,3.938919676250950992e+07,-7.207614475880384445e+07
3.699052506244340293e+03,-7.603571699434841236e-01,-2.994266096205780991e-01,4.010200243064773828e+07,-7.179930108389711380e+07
3.713171027260540086e+03,-7.565389119934492479e-01,-3.061894369826999585e-01,4.081430618487816304e+07,-7.151490801646280289e+07
3.727289548276739879e+03,-7.526534557531343594e-01,-3.129250676018692778e-01,4.152603136375128478e+07,-7.122292960206341743e+07
3.741408069292939672e+03,-7.487008594686108687e-01,-3.196327839262696480e-01,4.223710022902511805e+07,-7.092333045425134897e+07
3.755526590309139465e+03,-7.446811887734271496e-01,-3.263118650918062635e-01,4.294743396138612181e+07,-7.061607577683229744e+07
3.769645111325338803e+03,-7.405945167908294380e-01,-3.329615869788703497e-01,4.365695265650098026e+07,-7.030113138651305437e+07
3.783763632341538596e+03,-7.364409242363386676e-01,-3.395812222712607520e-01,4.436557532141262293e+07,-6.997846373593291640e+07
3.797882153357738389e+03,-7.322204995206520461e-01,-3.461700405172947748e-01,4.507321987129350752e+07,-6.964803993707810342e+07
3.812000674373938182e+03,-7.279333388528325122e-01,-3.527273081931486809e-01,4.577980312657024711e+07,-6.930982778507767618e+07
3.826119195390137975e+03,-7.235795463437527664e-01,-3.592522887684614363e-01,4.648524081043317169e+07,-6.896379578237968683e+07
3.840237716406337768e+03,-7.191592341097549079e-01,-3.657442427742375601e-01,4.718944754674492031e+07,-6.860991316330550611e+07
3.854356237422537561e+03,-7.146725223764895940e-01,-3.722024278730856062e-01,4.789233685836248100e+07,-6.824814991898007691e+07
3.868474758438737354e+03,-7.101195395828922008e-01,-3.786260989318268044e-01,4.859382116588706523e+07,-6.787847682263544202e+07
3.882593279454937147e+03,-7.055004224852574612e-01,-3.850145080965095556e-01,4.929381178685655445e+07,-6.750086545528455079e+07
3.896711800471136939e+03,-7.008153162613685039e-01,-3.913669048698639741e-01,4.999221893539544940e+07,-6.711528823176170886e+07
3.910830321487336732e+03,-6.960643746146376598e-01,-3.976825361912312840e-01,5.068895172233737260e+07,-6.672171842712596059e+07
3.924948842503536525e+03,-6.912477598782124089e-01,-4.039606465190024309e-01,5.138391815583539009e+07,-6.632013020342297107e+07
3.939067363519736318e+03,-6.863656431190005014e-01,-4.102004779155986602e-01,5.207702514247559756e+07,-6.591049863680056483e+07
3.953185884535936111e+03,-6.814182042415660723e-01,-4.164012701350280343e-01,5.276817848890957981e+07,-6.549279974497279525e+07
3.967304405552135904e+03,-6.764056320918465648e-01,-4.225622607130500308e-01,5.345728290402148664e+07,-6.506701051502667367e+07
3.981422926568335697e+03,-6.713281245606399494e-01,-4.286826850599805283e-01,5.414424200164560974e+07,-6.463310893156540394e+07
3.995541447584535490e+03,-6.661858886868082807e-01,-4.347617765561684888e-01,5.482895830385050923e+07,-6.419107400518129021e+07
4.009659968600735283e+03,-6.609791407601455226e-01,-4.407987666501750890e-01,5.551133324480579048e+07,-6.374088580125113577e+07
4.023778489616935076e+03,-6.557081064238512447e-01,-4.467928849596858321e-01,5.619126717524784803e+07,-6.328252546904624999e+07
4.037897010633134869e+03,-6.503730207765550109e-01,-4.527433593751839513e-01,5.686865936756084114e+07,-6.281597527114871889e+07
4.052015531649334662e+03,-6.449741284738311764e-01,-4.586494161664148583e-01,5.754340802148941904e+07,-6.234121861316496879e+07
4.066134052665534000e+03,-6.395116838291459160e-01,-4.645102800916678931e-01,5.821541027049954236e+07,-6.185824007372722030e+07
4.080252573681733793e+03,-6.339859509141698712e-01,-4.703251745099044090e-01,5.888456218880421668e+07,-6.136702543477249891e+07
4.094371094697933586e+03,-6.283972036583999055e-01,-4.760933214957538406e-01,5.955075879907023907e+07,-6.086756171208881587e+07
4.108489615714133834e+03,-6.227457259480178031e-01,-4.818139419574068438e-01,6.021389408082310110e+07,-6.035983718611683697e+07
4.122608136730333172e+03,-6.170318117239248501e-01,-4.874862557574261013e-01,6.087386097956611216e+07,-5.984384143299537152e+07
4.136726657746533419e+03,-6.112557650788780217e-01,-4.931094818365002186e-01,6.153055141663093120e+07,-5.931956535583766550e+07
4.150845178762732758e+03,-6.054179003536677151e-01,-4.986828383401557541e-01,6.218385629977509379e+07,-5.878700121622589976e+07
4.164963699778933005e+03,-5.995185422322520941e-01,-5.042055427484573027e-01,6.283366553454422206e+07,-5.824614266590902209e+07
4.179082220795132343e+03,-5.935580258357904260e-01,-5.096768120087017406e-01,6.347986803641398996e+07,-5.769698477869033813e+07
4.193200741811332591e+03,-5.875366968154861480e-01,-5.150958626711377164e-01,6.412235174372941256e+07,-5.713952408248843253e+07
4.207319262827531929e+03,-5.814549114441771582e-01,-5.204619110277111105e-01,6.476100363145635277e+07,-5.657375859155654907e+07
4.221437783843731268e+03,-5.753130367065841799e-01,-5.257741732538652180e-01,6.539570972576246411e+07,-5.599968783884257823e+07
4.235556304859931515e+03,-5.691114503881469222e-01,-5.310318655533964316e-01,6.602635511944243312e+07,-5.541731290847310424e+07
4.249674825876130853e+03,-5.628505411623643262e-01,-5.362342043063821340e-01,6.665282398820348829e+07,-5.482663646834291518e+07
4.263793346892331101e+03,-5.565307086765537425e-01,-5.413804062201915679e-01,6.727499960782708228e+07,-5.422766280279079080e+07
4.277911867908530439e+03,-5.501523636359531011e-01,-5.464696884835787971e-01,6.789276437222079933e+07,-5.362039784534271061e+07
4.292030388924730687e+03,-5.437159278860724809e-01,-5.515012689238742993e-01,6.850599981237664819e+07,-5.300484921150095761e+07
4.306148909940930025e+03,-5.372218344932185863e-01,-5.564743661672675312e-01,6.911458661624900997e+07,-5.238102623155912757e+07
4.320267430957130273e+03,-5.306705278230935408e-01,-5.613881998021922337e-01,6.971840464956773818e+07,-5.174893998341992497e+07
4.334385951973329611e+03,-5.240624636173912831e-01,-5.662419905458028202e-01,7.031733297759903967e+07,-5.110860332539415359e+07
4.348504472989529859e+03,-5.173981090682887585e-01,-5.710349604135506185e-01,7.091124988786870241e+07,-5.046003092895632237e+07
4.362622994005729197e+03,-5.106779428907536333e-01,-5.757663328918434242e-01,7.150003291385969520e+07,-4.980323931143374741e+07
4.376741515021929445e+03,-5.039024553925621763e-01,-5.804353331137915850e-01,7.208355885969762504e+07,-4.913824686860290170e+07
4.390860036038128783e+03,-4.970721485419475338e-01,-5.850411880380198548e-01,7.266170382583515346e+07,-4.846507390716852993e+07
4.404978557054329031e+03,-4.901875360327702102e-01,-5.895831266305441298e-01,7.323434323574790359e+07,-4.778374267709758133e+07
4.419097078070528369e+03,-4.832491433471272635e-01,-5.940603800496861986e-01,7.380135186365181208e+07,-4.709427740378201753e+07
4.433215599086728616e+03,-4.762575078152903596e-01,-5.984721818340215105e-01,7.436260386325326562e+07,-4.639670432000097632e+07
4.447334120102927955e+03,-4.692131786728892529e-01,-6.028177680933266558e-01,7.491797279754070938e+07,-4.569105169765489548e+07
4.461452641119128202e+03,-4.621167171152266717e-01,-6.070963777025168984e-01,7.546733166962788999e+07,-4.497734987924046069e+07
4.475571162135327540e+03,-4.549686963486396785e-01,-6.113072524985345702e-01,7.601055295465588570e+07,-4.425563130903756618e+07
4.489689683151527788e+03,-4.477697016387928719e-01,-6.154496374801730063e-01,7.654750863276271522e+07,-4.352593056397563964e+07
4.503808204167727126e+03,-4.405203303558173911e-01,-6.195227810107917232e-01,7.707807022312615812e+07,-4.278828438414907455e+07
4.517926725183926465e+03,-4.332211920161786467e-01,-6.235259350238987475e-01,7.760210881908680499e+07,-4.204273170294776559e+07
4.532045246200126712e+03,-4.258729083211830191e-01,-6.274583552315550206e-01,7.811949512435567379e+07,-4.128931367677065730e+07
4.546163767216326050e+03,-4.184761131920169408e-01,-6.313193013355621330e-01,7.863009949031089246e+07,-4.052807371428802609e+07
4.560282288232526298e+03,-4.110314528012086743e-01,-6.351080372413931974e-01,7.913379195438706875e+07,-3.975905750521735847e+07
4.574400809248725636e+03,-4.035395856004233561e-01,-6.388238312748104608e-01,7.963044227955885231e+07,-3.898231304857889563e+07
4.588519330264925884e+03,-3.960011823444725687e-01,-6.424659564011288015e-01,8.011991999492086470e+07,-3.819789068039349467e+07
4.602637851281125222e+03,-3.884169261114494009e-01,-6.460336904470629360e-01,8.060209443736340106e+07,-3.740584310078793019e+07
4.616756372297325470e+03,-3.807875123188715905e-01,-6.495263163251059346e-01,8.107683479434385896e+07,-3.660622540046910197e+07
4.630874893313524808e+03,-3.731136487357439302e-01,-6.529431222603736540e-01,8.154401014775095880e+07,-3.579909508653119206e+07
4.644993414329725056e+03,-3.653960554904215896e-01,-6.562834020198544671e-01,8.200348951885962486e+07,-3.498451210755608976e+07
4.659111935345924394e+03,-3.576354650741874197e-01,-6.595464551439911283e-01,8.245514191437113285e+07,-3.416253887797023356e+07
4.673230456362124642e+03,-3.498326223404251700e-01,-6.627315871805284919e-01,8.289883637353381515e+07,-3.333324030161720142e+07
4.687348977378323980e+03,-3.419882844993026305e-01,-6.658381099205441522e-01,8.333444201633656025e+07,-3.249668379450831562e+07
4.701467498394524227e+03,-3.341032211078485137e-01,-6.688653416365903936e-01,8.376182809276783466e+07,-3.165293930670984462e+07
4.715586019410723566e+03,-3.261782140553380338e-01,-6.718126073228565254e-01,8.418086403312960267e+07,-3.080207934332835674e+07
4.729704540426923813e+03,-3.182140575438723307e-01,-6.746792389372708865e-01,8.459141949939619005e+07,-2.994417898455213010e+07
4.743823061443123152e+03,-3.102115580640707471e-01,-6.774645756454470424e-01,8.499336443760490417e+07,-2.907931590470966324e+07
4.757941582459323399e+03,-3.021715343657613850e-01,-6.801679640663825799e-01,8.538656913126522303e+07,-2.820757039030272141e+07
4.772060103475522737e+03,-2.940948174235918922e-01,-6.827887585198084697e-01,8.577090425577066839e+07,-2.732902535697462410e+07
4.786178624491722985e+03,-2.859822503974503438e-01,-6.853263212750919653e-01,8.614624093379713595e+07,-2.644376636537088454e+07
4.800297145507922323e+03,-2.778346885876192274e-01,-6.877800228015785722e-01,8.651245079166865349e+07,-2.555188163585281745e+07
4.814415666524122571e+03,-2.696529993845571682e-01,-6.901492420202722800e-01,8.686940601667138934e+07,-2.465346206202111021e+07
4.828534187540321909e+03,-2.614380622132354559e-01,-6.924333665567308227e-01,8.721697941529357433e+07,-2.374860122301005200e+07
4.842652708556521247e+03,-2.531907684719266749e-01,-6.946317929950653891e-01,8.755504447236901522e+07,-2.283739539450963959e+07
4.856771229572721495e+03,-2.449120214653757177e-01,-6.967439271329175510e-01,8.788347541109882295e+07,-2.191994355847613141e+07
4.870889750588920833e+03,-2.366027363322646682e-01,-6.987691842372899531e-01,8.820214725392512977e+07,-2.099634741148990765e+07
4.885008271605121081e+03,-2.282638399668880380e-01,-7.007069893011029782e-01,8.851093588422894478e+07,-2.006671137171967700e+07
4.899126792621320419e+03,-2.198962709349753797e-01,-7.025567773003387195e-01,8.880971810882180929e+07,-1.913114258445461467e+07
4.913245313637520667e+03,-2.115009793835703755e-01,-7.043179934516414775e-01,8.909837172120051086e+07,-1.818975092616303638e+07
4.927363834653720005e+03,-2.030789269449140289e-01,-7.059900934702287856e-01,8.937677556553092599e+07,-1.724264900704052672e+07
4.941482355669920253e+03,-1.946310866342470525e-01,-7.075725438279723001e-01,8.964480960132670403e+07,-1.628995217200715095e+07
4.955600876686119591e+03,-1.861584427414846588e-01,-7.090648220114970091e-01,8.990235496878570318e+07,-1.533177850011786073e+07
4.969719397702319839e+03,-1.776619907166867296e-01,-7.104664167801509889e-01,9.014929405474631488e+07,-1.436824880234709382e+07
4.983837918718519177e+03,-1.691427370492834814e-01,-7.117768284236866139e-01,9.038551055922307074e+07,-1.339948661771319434e+07
4.997956439734719424e+03,-1.606016991409867367e-01,-7.129955690194982321e-01,9.061088956248034537e+07,-1.242561820770528167e+07
5.012074960750918763e+03,-1.520399051723556605e-01,-7.141221626892518826e-01,9.082531759260019660e+07,-1.144677254898002744e+07
5.026193481767119010e+03,-1.434583939629543725e-01,-7.151561458547444072e-01,9.102868269349956512e+07,-1.046308132429289073e+07
5.040312002783318349e+03,-1.348582148250795920e-01,-7.160970674928213153e-01,9.122087449334962666e+07,-9.474678911633446813e+06
5.054430523799518596e+03,-1.262404274110039137e-01,-7.169444893891850912e-01,9.140178427334918082e+07,-8.481702371531572193e+06
5.068549044815717934e+03,-1.176061015537224197e-01,-7.176979863909174195e-01,9.157130503680156171e+07,-7.484291432506579906e+06
5.082667565831918182e+03,-1.089563171011579401e-01,-7.183571466575408015e-01,9.172933157844369113e+07,-6.482588474628655240e+06
5.096786086848117520e+03,-1.002921637438214386e-01,-7.189215719104379287e-01,9.187576055397355556e+07,-5.476738511167430319e+06
5.110904607864317768e+03,-9.161474083589406237e-02,-7.193908776804491811e-01,9.201049054972153902e+07,-4.466889168299943209e+06
5.125023128880517106e+03,-8.292515720973711590e-02,-7.197646935534625090e-01,9.213342215240904689e+07,-3.453190662855904549e+06
5.139141649896716444e+03,-7.422453098380764336e-02,-7.200426634138098470e-01,9.224445801893658936e+07,-2.435795778075778391e+06
5.153260170912916692e+03,-6.551398936399306649e-02,-7.202244456852814336e-01,9.234350294614201784e+07,-1.414859837362544145e+06
5.167378691929116030e+03,-5.679466843836541989e-02,-7.203097135695677444e-01,9.243046394046823680e+07,-3.905406760075383354e+05
5.181497212945316278e+03,-4.806771296536072047e-02,-7.202981552819374134e-01,9.250525028747843206e+07,6.370013891273544868e+05
5.195615733961515616e+03,-3.933427615541487676e-02,-7.201894742839561880e-01,9.256777362115544081e+07,1.667603591984634055e+06
5.209734254977715864e+03,-3.059551944606221999e-02,-7.199833895130539618e-01,9.261794799292087555e+07,2.701100751758369152e+06
5.223852775993915202e+03,-2.185261227054409797e-02,-7.196796356087425961e-01,9.265568994030831754e+07,3.737325309422497172e+06
5.237971297010115450e+03,-1.310673181994526267e-02,-7.192779631352871350e-01,9.268091855522395670e+07,4.776107366351184435e+06
5.252089818026314788e+03,-4.359062798918254822e-03,-7.187781388006349026e-01,9.269355555172681808e+07,5.817274725035680458e+06
5.266208339042515036e+03,4.389202824973737795e-03,-7.181799456714010876e-01,9.269352533326013386e+07,6.860652931904078461e+06
5.280326860058714374e+03,1.313686607822243078e-02,-7.174831833837151951e-01,9.268075505926422775e+07,7.906065322243737057e+06
5.294445381074914621e+03,2.188272124460479209e-02,-7.166876683497278577e-01,9.265517471110081673e+07,8.953333067227983847e+06
5.308563902091113960e+03,3.062555613459181508e-02,-7.157932339595810545e-01,9.261671715721766651e+07,1.000227522304193862e+07
5.322682423107314207e+03,3.936415236087872915e-02,-7.147997307786421173e-01,9.256531821748220921e+07,1.105270878210405447e+07
5.336800944123513545e+03,4.809728561993675128e-02,-7.137070267398060164e-01,9.250091672661218047e+07,1.210444872637308016e+07
5.350919465139713793e+03,5.682372597951580728e-02,-7.125150073306675269e-01,9.242345459663073719e+07,1.315730808273182809e+07
5.365037986155913131e+03,6.554223817198476243e-02,-7.112235757753699872e-01,9.233287687827365100e+07,1.421109798043210991e+07
5.379156507172113379e+03,7.425158189342474790e-02,-7.098326532109342502e-01,9.222913182127548754e+07,1.526562771058684960e+07
5.393275028188312717e+03,8.295051210834834821e-02,-7.083421788578788680e-01,9.211217093346209824e+07,1.632070478768824227e+07
5.407393549204512965e+03,9.163777935994669999e-02,-7.067521101849368881e-01,9.198194903857627511e+07,1.737613501313244179e+07
5.421512070220712303e+03,1.003121300857233444e-01,-7.050624230676864057e-01,9.183842433276420832e+07,1.843172254072403535e+07
5.435630591236911641e+03,1.089723069384024856e-01,-7.032731119409026954e-01,9.168155843964985013e+07,1.948726994413509965e+07
5.449749112253111889e+03,1.176170491119609418e-01,-7.013841899444552830e-01,9.151131646392551064e+07,2.054257828628686070e+07
5.463867633269311227e+03,1.262450926726461087e-01,-6.993956890625664391e-01,9.132766704338690639e+07,2.159744719062163308e+07
5.477986154285511475e+03,1.348551708948350636e-01,-6.973076602562531257e-01,9.113058239934159815e+07,2.265167491422974318e+07
5.492104675301710813e+03,1.434460146015643645e-01,-6.951201735887841959e-01,9.092003838532093167e+07,2.370505842279093713e+07
5.506223196317911061e+03,1.520163525095840351e-01,-6.928333183439767673e-01,9.069601453402574360e+07,2.475739346729074419e+07
5.520341717334110399e+03,1.605649115787484704e-01,-6.904472031371731156e-01,9.045849410243786871e+07,2.580847466246507317e+07
5.534460238350310647e+03,1.690904173655850551e-01,-6.879619560187302252e-01,9.020746411502984166e+07,2.685809556692792475e+07
5.548578759366509985e+03,1.775915943808410169e-01,-6.853777245698732257e-01,8.994291540500722826e+07,2.790604876492984220e+07
5.562697280382710233e+03,1.860671664508365963e-01,-6.826946759907527307e-01,8.966484265351842344e+07,2.895212594969636574e+07
5.576815801398909571e+03,1.945158570824125355e-01,-6.799129971805680794e-01,8.937324442676945031e+07,2.999611800828866288e+07
5.590934322415109818e+03,2.029363898312887271e-01,-6.770328948096068222e-01,8.906812321098157763e+07,3.103781510793007165e+07
5.605052843431309157e+03,2.113274886736101754e-01,-6.740545953830741066e-01,8.874948544513262808e+07,3.207700678373538330e+07
5.619171364447509404e+03,2.196878783804852020e-01,-6.709783452965736306e-01,8.841734155142349005e+07,3.311348202778137848e+07
5.633289885463708742e+03,2.280162848952820842e-01,-6.678044108831241443e-01,8.807170596341452003e+07,3.414702937945024669e+07
5.647408406479908990e+03,2.363114357134781240e-01,-6.645330784515883771e-01,8.771259715177749097e+07,3.517743701697938889e+07
5.661526927496108328e+03,2.445720602648168984e-01,-6.611646543164098055e-01,8.734003764761203527e+07,3.620449285014434159e+07
5.675645448512308576e+03,2.527968902975581411e-01,-6.576994648185471304e-01,8.695405406327679753e+07,3.722798461400357634e+07
5.689763969528507914e+03,2.609846602645668479e-01,-6.541378563375166433e-01,8.655467711068920791e+07,3.824769996362733841e+07
5.703882490544708162e+03,2.691341077110174784e-01,-6.504801952944471166e-01,8.614194161704884470e+07,3.926342656973487139e+07
5.718001011560907500e+03,2.772439736634506602e-01,-6.467268681460704993e-01,8.571588653794378042e+07,4.027495221515794843e+07
5.732119532577106838e+03,2.853130030199505507e-01,-6.428782813695688159e-01,8.527655496780019999e+07,4.128206489205093682e+07
5.746238053593307086e+03,2.933399449411767668e-01,-6.389348614382160951e-01,8.482399414764015377e+07,4.228455289976200461e+07
5.760356574609506424e+03,3.013235532420006080e-01,-6.348970547877538229e-01,8.435825547011415660e+07,4.328220494328068942e+07
5.774475095625706672e+03,3.092625867834919995e-01,-6.307653277734489583e-01,8.387939448177859187e+07,4.427481023217529058e+07
5.788593616641906010e+03,3.171558098649831514e-01,-6.265401666177957685e-01,8.338747088259175420e+07,4.526215857992993295e+07
5.802712137658106258e+03,3.250019926159606332e-01,-6.222220773488235102e-01,8.288254852260413766e+07,4.624404050359322131e+07
5.816830658674305596e+03,3.327999113875045323e-01,-6.178115857289905311e-01,8.236469539582380652e+07,4.722024732364518940e+07
5.830949179690505844e+03,3.405483491430225662e-01,-6.133092371746405869e-01,8.183398363123871386e+07,4.819057126399216801e+07
5.845067700706705182e+03,3.482460958479943192e-01,-6.087155966660239281e-01,8.129048948098377883e+07,4.915480555199418962e+07
5.859186221722905429e+03,3.558919488584721957e-01,-6.040312486478732756e-01,8.073429330564157665e+07,5.011274451843264699e+07
5.873304742739104768e+03,3.634847133080513215e-01,-5.992567969205557787e-01,8.016547955667117238e+07,5.106418369732135534e+07
5.887423263755305015e+03,3.710232024930532613e-01,-5.943928645218092832e-01,7.958413675596123934e+07,5.200891992546740174e+07
5.901541784771504354e+03,3.785062382556371174e-01,-5.894400935991027657e-01,7.899035747250914574e+07,5.294675144168400764e+07
5.915660305787704601e+03,3.859326513645811585e-01,-5.843991452726461366e-01,7.838423829622930288e+07,5.387747798556114733e+07
5.929778826803903939e+03,3.933012818934501498e-01,-5.792706994891072547e-01,7.776587980889986455e+07,5.480090089569571614e+07
5.943897347820104187e+03,4.006109795958932018e-01,-5.740554548660811163e-01,7.713538655225822330e+07,5.571682320728701353e+07
5.958015868836303525e+03,4.078606042777891960e-01,-5.687541285273851610e-01,7.649286699326185882e+07,5.662504974899960309e+07
5.972134389852503773e+03,4.150490261659873226e-01,-5.633674559292463080e-01,7.583843348653233051e+07,5.752538723899985105e+07
5.986252910868703111e+03,4.221751262733640098e-01,-5.578961906774692059e-01,7.517220223400624096e+07,5.841764438006909192e+07
6.000371431884903359e+03,4.292377967599474431e-01,-5.523411043356699635e-01,7.449429324181832373e+07,5.930163195370096713e+07
6.014489952901102697e+03,4.362359412898362265e-01,-5.467029862246843841e-01,7.380483027444778383e+07,6.017716291308744997e+07
6.028608473917302035e+03,4.431684753836681590e-01,-5.409826432132504026e-01,7.310394080616024137e+07,6.104405247490276396e+07
6.042726994933502283e+03,4.500343267663762803e-01,-5.351808995000902902e-01,7.239175596978338063e+07,6.190211820979235321e+07
6.056845515949701621e+03,4.568324357099843858e-01,-5.292985963875171951e-01,7.166841050285647810e+07,6.275118013147732615e+07
6.070964036965901869e+03,4.635617553712026995e-01,-5.233365920466951371e-01,7.093404269119754434e+07,6.359106078438632935e+07
6.085082557982101207e+03,4.702212521235702436e-01,-5.172957612747066669e-01,7.018879430993655324e+07,6.442158532972634584e+07
6.099201078998301455e+03,4.768099058839205262e-01,-5.111769952435668563e-01,6.943281056206430495e+07,6.524258162990881503e+07
6.113319600014500793e+03,4.833267104329247998e-01,-5.049812012413554818e-01,6.866624001455236971e+07,6.605388033124600351e+07
6.127438121030701041e+03,4.897706737295005053e-01,-4.987093024056215573e-01,6.788923453209997714e+07,6.685531494483789802e+07
6.141556642046900379e+03,4.961408182188494220e-01,-4.923622374492490072e-01,6.710194920856969804e+07,6.764672192556878924e+07
6.155675163063100626e+03,5.024361811339240758e-01,-4.859409603789502929e-01,6.630454229617375135e+07,6.842794074913829565e+07
6.169793684079299965e+03,5.086558147901002469e-01,-4.794464402065917730e-01,6.549717513247877359e+07,6.919881398705072701e+07
6.183912205095500212e+03,5.147987868728652883e-01,-4.728796606535339286e-01,6.468001206529654562e+07,6.995918737949258089e+07
6.198030726111699551e+03,5.208641807183136407e-01,-4.662416198482010610e-01,6.385322037553405017e+07,7.070890990602724254e+07
6.212149247127899798e+03,5.268510955862729661e-01,-4.595333300170773017e-01,6.301697019807548821e+07,7.144783385404215753e+07
6.226267768144099136e+03,5.327586469258666080e-01,-4.527558171693573663e-01,6.217143444077479094e+07,7.217581488488322496e+07
6.240386289160299384e+03,5.385859666333490114e-01,-4.459101207754595508e-01,6.131678870163593441e+07,7.289271209761761129e+07
6.254504810176498722e+03,5.443322033020357997e-01,-4.389972934396416115e-01,6.045321118426408619e+07,7.359838809036581218e+07
6.268623331192698970e+03,5.499965224641810702e-01,-4.320184005669366889e-01,5.958088261166916043e+07,7.429270901915025711e+07
6.282741852208898308e+03,5.555781068246379295e-01,-4.249745200246620169e-01,5.869998613850880414e+07,7.497554465420806408e+07
6.296860373225098556e+03,5.610761564861708184e-01,-4.178667417987257937e-01,5.781070726185601950e+07,7.564676843372146785e+07
6.310978894241297894e+03,5.664898891662738523e-01,-4.106961676449940590e-01,5.691323373058181256e+07,7.630625751492045820e+07
6.325097415257498142e+03,5.718185404053794940e-01,-4.034639107359520582e-01,5.600775545344123989e+07,7.695389282251805067e+07
6.339215936273697480e+03,5.770613637663277729e-01,-3.961710953029291549e-01,5.509446440595602244e+07,7.758955909443956614e+07
6.353334457289896818e+03,5.822176310249980169e-01,-3.888188562741289878e-01,5.417355453618455678e+07,7.821314492481341958e+07
6.367452978306097066e+03,5.872866323519948528e-01,-3.814083389087377096e-01,5.324522166947436333e+07,7.882454280419225991e+07
6.381571499322296404e+03,5.922676764852983222e-01,-3.739406984273672130e-01,5.230966341229087859e+07,7.942364915697835386e+07
6.395690020338496652e+03,5.971600908938000662e-01,-3.664170996390944124e-01,5.136707905521710217e+07,8.001036437603075802e+07
6.409808541354695990e+03,6.019632219316441990e-01,-3.588387165653748601e-01,5.041766947522129864e+07,8.058459285443399847e+07
6.423927062370896238e+03,6.066764349833156933e-01,-3.512067320610852139e-01,4.946163703728695214e+07,8.114624301441404223e+07
6.438045583387095576e+03,6.112991145994144393e-01,-3.435223374329791080e-01,4.849918549550326914e+07,8.169522733338843286e+07
6.452164104403295823e+03,6.158306646230747861e-01,-3.357867320558126090e-01,4.753051989371053874e+07,8.223146236714357138e+07
6.466282625419495162e+03,6.202705083069852687e-01,-3.280011229864253086e-01,4.655584646579871327e+07,8.275486877013358474e+07
6.480401146435695409e+03,6.246180884209903139e-01,-3.201667245760342895e-01,4.557537253575314581e+07,8.326537131290091574e+07
6.494519667451894748e+03,6.288728673502438360e-01,-3.122847580810275692e-01,4.458930641754525155e+07,8.376289889662027359e+07
6.508638188468094995e+03,6.330343271839146135e-01,-3.043564512725124294e-01,4.359785731496108323e+07,8.424738456477336586e+07
6.522756709484294333e+03,6.371019697944325655e-01,-2.963830380449056223e-01,4.260123522146426141e+07,8.471876551196317375e+07
6.536875230500494581e+03,6.410753169072934687e-01,-2.883657580238178642e-01,4.159965082018488646e+07,8.517698308988212049e+07
6.550993751516693919e+03,6.449539101614283343e-01,-2.803058561735174981e-01,4.059331538412892818e+07,8.562198281044982374e+07
6.565112272532894167e+03,6.487373111601719700e-01,-2.722045824042230167e-01,3.958244067669764906e+07,8.605371434614162147e+07
6.579230793549093505e+03,6.524251015128559317e-01,-2.640631911795045528e-01,3.856723885260926932e+07,8.647213152753022313e+07
6.593349314565293753e+03,6.560168828670758234e-01,-2.558829411240403640e-01,3.754792235930966586e+07,8.687719233806814253e+07
6.607467835581493091e+03,6.595122769316760225e-01,-2.476650946320035629e-01,3.652470383896155655e+07,8.726885890613968670e+07
6.621586356597693339e+03,6.629109254905161119e-01,-2.394109174763182912e-01,3.549779603109572828e+07,8.764709749441641569e+07
6.635704877613892677e+03,6.662124904070820808e-01,-2.311216784190560369e-01,3.446741167601045966e+07,8.801187848655083776e+07
6.649823398630092015e+03,6.694166536200193418e-01,-2.227986488232038820e-01,3.343376341899913549e+07,8.836317637124799192e+07
6.663941919646292263e+03,6.725231171296669475e-01,-2.144431022660644170e-01,3.239706371548789367e+07,8.870096972375573218e+07
6.678060440662491601e+03,6.755316029756842644e-01,-2.060563141545233845e-01,3.135752473716070876e+07,8.902524118481817842e+07
6.692178961678691849e+03,6.784418532058678064e-01,-1.976395613424165310e-01,3.031535827914721146e+07,8.933597743713928759e+07
6.706297482694891187e+03,6.812536298362584786e-01,-1.891941217502426664e-01,2.927077566834853962e+07,8.963316917940519750e+07
6.720416003711091435e+03,6.839667148026552512e-01,-1.807212739874333451e-01,2.822398767297054827e+07,8.991681109791764617e+07
6.734534524727290773e+03,6.865809099036472851e-01,-1.722222969774198642e-01,2.717520441333543509e+07,9.018690183589157462e+07
6.748653045743491020e+03,6.890960367352922944e-01,-1.636984695856982253e-01,2.612463527403608710e+07,9.044344396047350764e+07
6.762771566759690359e+03,6.915119366175684901e-01,-1.551510702511215423e-01,2.507248881749925017e+07,9.068644392753812671e+07
6.776890087775890606e+03,6.938284705127381047e-01,-1.465813766206094659e-01,2.401897269901660457e+07,9.091591204432326555e+07
6.791008608792089944e+03,6.960455189357611649e-01,-1.379906651874934498e-01,2.296429358330461755e+07,9.113186242996460199e+07
6.805127129808290192e+03,6.981629818569093926e-01,-1.293802109336751327e-01,2.190865706264688820e+07,9.133431297399358451e+07
6.819245650824489530e+03,7.001807785967296693e-01,-1.207512869758052415e-01,2.085226757667436451e+07,9.152328529286298156e+07
6.833364171840689778e+03,7.020988477135167161e-01,-1.121051642156478401e-01,1.979532833383166417e+07,9.169880468456654251e+07
6.847482692856889116e+03,7.039171468834531931e-01,-1.034431109948246996e-01,1.873804123457921669e+07,9.186090008141970634e+07
6.861601213873089364e+03,7.056356527735861972e-01,-9.476639275409221019e-02,1.768060679637383670e+07,9.200960400107039511e+07
6.875719734889288702e+03,7.072543609078080218e-01,-8.607627169733261807e-02,1.662322408047178015e+07,9.214495249580882490e+07
6.889838255905488950e+03,7.087732855260165943e-01,-7.737400646039860330e-02,1.556609062059110217e+07,9.226698510024726391e+07
6.903956776921688288e+03,7.101924594366313404e-01,-6.866085178498006203e-02,1.450940235347168148e+07,9.237574477744039893e+07
6.918075297937888536e+03,7.115119338626468837e-01,-5.993805819761851422e-02,1.345335355136397108e+07,9.247127786351856589e+07
6.932193818954087874e+03,7.127317782814058811e-01,-5.120687169402426964e-02,1.239813675647907518e+07,9.255363401090562344e+07
6.946312339970287212e+03,7.138520802582800640e-01,-4.246853342880917842e-02,1.134394271742558107e+07,9.262286613019464910e+07
6.960430860986487460e+03,7.148729452744466695e-01,-3.372427941077192626e-02,1.029096032765954919e+07,9.267903033075407147e+07
6.974549382002686798e+03,7.157944965489502209e-01,-2.497534020384700043e-02,9.239376565968861803e+06,9.272218586013740301e+07
6.988667903018887046e+03,7.166168748552460555e-01,-1.622294063382082388e-02,8.189376439010342583e+06,9.275239504236996174e+07
7.002786424035086384e+03,7.173402383324171128e-01,-7.468299500931923837e-03,7.141142925917639397e+06,9.276972321518529952e+07
7.016904945051286631e+03,7.179647622912607163e-01,1.287370701566835796e-03,6.094856924991386943e+06,9.277423866628460586e+07
7.031023466067485970e+03,7.184906390154434108e-01,1.004286406277704082e-02,5.050697202484674752e+06,9.276601256869144738e+07
7.045141987083686217e+03,7.189180775579219196e-01,1.879698152339066841e-02,4.008840343489927705e+06,9.274511891527427733e+07
7.059260508099885556e+03,7.192473035328267317e-01,2.754853113869998316e-02,2.969460704934977926e+06,9.271163445250838995e+07
7.073379029116085803e+03,7.194785589030116002e-01,3.629632833533103647e-02,1.932730370689277072e+06,9.266563861354850233e+07
7.087497550132285141e+03,7.196121017634639072e-01,4.503919616162097711e-02,8.988191087829753524e+05,9.260721345068261027e+07
7.101616071148485389e+03,7.196482061207782888e-01,5.377596553160220866e-02,-1.321056692651215708e+05,9.253644356723663211e+07
7.115734592164684727e+03,7.195871616688910288e-01,6.250547546252668840e-02,-1.159878947012811201e+06,9.245341604899907112e+07
7.129853113180884975e+03,7.194292735612738410e-01,7.122657330590642655e-02,-2.184338139561659656e+06,9.235822039523337781e+07
7.143971634197084313e+03,7.191748621797856567e-01,7.993811497201643024e-02,-3.205323127932742704e+06,9.225094844934533536e+07
7.158090155213284561e+03,7.188242629003777084e-01,8.863896514784859459e-02,-4.222676291364071891e+06,9.213169432927097380e+07
7.172208676229483899e+03,7.183778258558489727e-01,9.732799750847541398e-02,-5.236242537540697493e+06,9.200055435765025020e+07
7.186327197245684147e+03,7.178359156958458165e-01,1.060040949218240269e-01,-6.245869330774736591e+06,9.185762699184964597e+07
7.200445718261883485e+03,7.171989113442984731e-01,1.146661496468317637e-01,-7.251406718150341883e+06,9.170301275389626622e+07
7.214564239278083733e+03,7.164672057544850814e-01,1.233130635249952561e-01,-8.252707353654705919e+06,9.153681416038416326e+07
7.228682760294283071e+03,7.156412056619142481e-01,1.319437481652957767e-01,-9.249626520313851535e+06,9.135913565241275728e+07
7.242801281310482409e+03,7.147213313352106523e-01,1.405571251225235518e-01,-1.024202215035777353e+07,9.117008352561511099e+07
7.256919802326682657e+03,7.137080163251914300e-01,1.491521260689988859e-01,-1.122975484343753941e+07,9.096976586033314466e+07
7.271038323342881995e+03,7.126017072123137508e-01,1.577276929597113408e-01,-1.221268788292082399e+07,9.075829245199465752e+07
7.285156844359082243e+03,7.114028633526744416e-01,1.662827781909050062e-01,-1.319068725029380433e+07,9.053577474174578488e+07
7.299275365375281581e+03,7.101119566227402924e-01,1.748163447521220715e-01,-1.416362163769656979e+07,9.030232574739114940e+07
7.313393886391481828e+03,7.087294711629809063e-01,1.833273663717532864e-01,-1.513136245862409472e+07,9.005805999469162524e+07
7.327512407407681167e+03,7.072559031205797320e-01,1.918148276561140730e-01,-1.609378385682209581e+07,8.980309344906903803e+07
7.341630928423881414e+03,7.056917603913874792e-01,2.002777242221042697e-01,-1.705076271341231465e+07,8.953754344776426256e+07
7.355749449440080753e+03,7.040375623612881162e-01,2.087150628234790417e-01,-1.800217865227885172e+07,8.926152863249476254e+07
7.369867970456281000e+03,7.022938396471362088e-01,2.171258614707977930e-01,-1.894791404375222325e+07,8.897516888265457749e+07
7.383986491472480338e+03,7.004611338374272522e-01,2.255091495450864958e-01,-1.988785400662476197e+07,8.867858524909941852e+07
7.398105012488680586e+03,6.985399972328542040e-01,2.338639679052884890e-01,-2.082188640853579342e+07,8.837189988855643570e+07
7.412223533504879924e+03,6.965309925869058727e-01,2.421893689895467661e-01,-2.174990186476197466e+07,8.805523599869789183e+07
7.426342054521080172e+03,6.944346928466513802e-01,2.504844169103998541e-01,-2.267179373545265570e+07,8.772871775391490757e+07
7.440460575537279510e+03,6.922516808938602439e-01,2.587481875439415213e-01,-2.358745812134707347e+07,8.739247024182686210e+07
7.454579096553479758e+03,6.899825492865957477e-01,2.669797686130324643e-01,-2.449679385801445693e+07,8.704661940055935085e+07
7.468697617569679096e+03,6.876279000014217102e-01,2.751782597646215689e-01,-2.539970250865490735e+07,8.669129195682281256e+07
7.482816138585879344e+03,6.851883441763548799e-01,2.833427726412697245e-01,-2.629608835550310090e+07,8.632661536482125521e+07
7.496934659602078682e+03,6.826645018546941834e-01,2.914724309469402530e-01,-2.718585838987348601e+07,8.595271774601979554e+07
7.511053180618278930e+03,6.800570017298521730e-01,2.995663705071538452e-01,-2.806892230088966340e+07,8.556972782979707420e+07
7.525171701634478268e+03,6.773664808913121282e-01,3.076237393235769502e-01,-2.894519246293717995e+07,8.517777489500796795e+07
7.539290222650677606e+03,6.745935845718268320e-01,3.156436976231462577e-01,-2.981458392188279331e+07,8.477698871247927845e+07
7.553408743666877854e+03,6.717389658959769250e-01,3.236254179018057675e-01,-3.067701438010011241e+07,8.436749948846049607e+07
7.567527264683077192e+03,6.688032856301974194e-01,3.315680849629524807e-01,-3.153240418034363911e+07,8.394943780904947221e+07
7.581645785699277440e+03,6.657872119343779538e-01,3.394708959506885781e-01,-3.238067628851317242e+07,8.352293458561116457e+07
7.595764306715476778e+03,6.626914201151440365e-01,3.473330603779630765e-01,-3.322175627534858882e+07,8.308812100120705366e+07
7.609882827731677025e+03,6.595165923809115371e-01,3.551538001497123731e-01,-3.405557229709792882e+07,8.264512845804964006e+07
7.624001348747876364e+03,6.562634175988172336e-01,3.629323495810841127e-01,-3.488205507519818097e+07,8.219408852599693835e+07
7.638119869764076611e+03,6.529325910536085686e-01,3.706679554108565089e-01,-3.570113787501138449e+07,8.173513289209838212e+07
7.652238390780275950e+03,6.495248142085873200e-01,3.783598768101382737e-01,-3.651275648365499079e+07,8.126839331120404601e+07
7.666356911796476197e+03,6.460407944686844539e-01,3.860073853864657845e-01,-3.731684918696852028e+07,8.079400155764596164e+07
7.680475432812675535e+03,6.424812449457513175e-01,3.936097651833831979e-01,-3.811335674565485865e+07,8.031208937800049782e+07
7.694593953828875783e+03,6.388468842261372238e-01,4.011663126756230269e-01,-3.890222237063747644e+07,7.982278844493795931e+07
7.708712474845075121e+03,6.351384361406325896e-01,4.086763367599752783e-01,-3.968339169767118990e+07,7.932623031216591597e+07
7.722830995861275369e+03,6.313566295368386871e-01,4.161391587419642213e-01,-4.045681276124677807e+07,7.882254637046952546e+07
7.736949516877474707e+03,6.275021980540360644e-01,4.235541123184195511e-01,-4.122243596782621741e+07,7.831186780485320091e+07
7.751068037893674955e+03,6.235758799006059228e-01,4.309205435560637398e-01,-4.198021406844782829e+07,7.779432555278447270e+07
7.765186558909874293e+03,6.195784176340701777e-01,4.382378108662020599e-01,-4.273010213073698431e+07,7.727005026354180276e+07
7.779305079926074541e+03,6.155105579437950558e-01,4.455052849756364619e-01,-4.347205751036061347e+07,7.673917225866527855e+07
7.793423600942273879e+03,6.113730514364192903e-01,4.527223488938909024e-01,-4.420603982195997238e+07,7.620182149350966513e+07
7.807542121958474127e+03,6.071666524240442175e-01,4.598883978768681380e-01,-4.493201090959861875e+07,7.565812751989656687e+07
7.821660642974673465e+03,6.028921187152400663e-01,4.670028393870258032e-01,-4.564993481675890088e+07,7.510821944986328483e+07
7.835779163990872803e+03,5.985502114088994130e-01,4.740650930501903448e-01,-4.635977775592243671e+07,7.455222592050316930e+07
7.849897685007073051e+03,5.941416946909836572e-01,4.810745906090991286e-01,-4.706150807776692510e+07,7.399027505989305675e+07
7.864016206023272389e+03,5.896673356341932681e-01,4.880307758737783552e-01,-4.775509624001242220e+07,7.342249445410138369e+07
7.878134727039472637e+03,5.851279040005923360e-01,4.949331046688623670e-01,-4.844051477594958246e+07,7.284901111526972055e+07
7.892253248055671975e+03,5.805241720472199551e-01,5.017810447779452732e-01,-4.911773826267994940e+07,7.226995145076097548e+07
7.906371769071872222e+03,5.758569143347087582e-01,5.085740758850770815e-01,-4.978674328910031915e+07,7.168544123336470127e+07
7.920490290088071561e+03,5.711269075389405758e-01,5.153116895134913777e-01,-5.044750842365944386e+07,7.109560557255150378e+07
7.934608811104271808e+03,5.663349302657501028e-01,5.219933889616759082e-01,-5.110001418191758543e+07,7.050056888676556945e+07
7.948727332120471146e+03,5.614817628687029938e-01,5.286186892368707202e-01,-5.174424299393577129e+07,6.990045487674595416e+07
7.962845853136671394e+03,5.565681872699560495e-01,5.351871169861028843e-01,-5.238017917152360082e+07,6.929538649986448884e+07
7.976964374152870732e+03,5.515949867842168119e-01,5.416982104248406760e-01,-5.300780887537103146e+07,6.868548594546973705e+07
7.991082895169070980e+03,5.465629459458073436e-01,5.481515192633751310e-01,-5.362712008209133148e+07,6.807087461122369766e+07
8.005201416185270318e+03,5.414728503388451797e-01,5.545466046310072450e-01,-5.423810255119913816e+07,6.745167308041968942e+07
8.019319937201470566e+03,5.363254864305387892e-01,5.608830389981483977e-01,-5.484074779204928130e+07,6.682800110026714951e+07
8.033438458217669904e+03,5.311216414076103121e-01,5.671604060964087202e-01,-5.543504903075864166e+07,6.619997756113090366e+07
8.047556979233870152e+03,5.258621030158335818e-01,5.733783008367792089e-01,-5.602100117713525146e+07,6.556772047670970857e+07
8.061675500250069490e+03,5.205476594026989812e-01,5.795363292259788635e-01,-5.659860079163534939e+07,6.493134696514096856e+07
8.075794021266269738e+03,5.151790989631888085e-01,5.856341082810694321e-01,-5.716784605237098038e+07,6.429097323101565242e+07
8.089912542282469076e+03,5.097572101886692630e-01,5.916712659424092635e-01,-5.772873672218740731e+07,6.364671454828964174e+07
8.104031063298669324e+03,5.042827815188796192e-01,5.976474409850414116e-01,-5.828127411583134532e+07,6.299868524407495558e+07
8.118149584314868662e+03,4.987566011970219204e-01,6.035622829285887114e-01,-5.882546106722779572e+07,6.234699868329661340e+07
8.132268105331068000e+03,4.931794571279262684e-01,6.094154519457450903e-01,-5.936130189688494056e+07,6.169176725419804454e+07
8.146386626347268248e+03,4.875521367392910976e-01,6.152066187694370525e-01,-5.988880237944369763e+07,6.103310235468012840e+07
8.160505147363467586e+03,4.818754268459781165e-01,6.209354645987325005e-01,-6.040796971138913184e+07,6.037111437945729494e+07
8.174623668379667834e+03,4.761501135173422106e-01,6.266016810035816009e-01,-6.091881247894009203e+07,5.970591270801393688e+07
8.188742189395867172e+03,4.703769819475895342e-01,6.322049698284508690e-01,-6.142134062613169104e+07,5.903760569334581494e+07
8.202860710412067419e+03,4.645568163291314834e-01,6.377450430949387350e-01,-6.191556542310627550e+07,5.836630065146852285e+07
8.216979231428267667e+03,4.586903997289276114e-01,6.432216229034307675e-01,-6.240149943462591618e+07,5.769210385167779773e+07
8.231097752444466096e+03,4.527785139677849569e-01,6.486344413338734904e-01,-6.287915648882049322e+07,5.701512050754394382e+07
8.245216273460666343e+03,4.468219395025941898e-01,6.539832403457354060e-01,-6.334855164618387073e+07,5.633545476862379164e+07
8.259334794476866591e+03,4.408214553114869760e-01,6.592677716772117336e-01,-6.380970116882949322e+07,5.565320971287458390e+07
8.273453315493066839e+03,4.347778387818742041e-01,6.644877967437532451e-01,-6.426262249001793563e+07,5.496848733975125849e+07
8.287571836509265268e+03,4.286918656013519735e-01,6.696430865359714879e-01,-6.470733418396615982e+07,5.428138856397191435e+07
8.301690357525465515e+03,4.225643096514385411e-01,6.747334215169908944e-01,-6.514385593594935536e+07,5.359201320993360132e+07
8.315808878541665763e+03,4.163959429041266258e-01,6.797585915192965178e-01,-6.557220851270395517e+07,5.290046000676333159e+07
8.329927399557866011e+03,4.101875353212066089e-01,6.847183956411525552e-01,-6.599241373314189911e+07,5.220682658398591727e+07
8.344045920574064439e+03,4.039398547563435304e-01,6.896126421426356234e-01,-6.640449443938370794e+07,5.151120946779358387e+07
8.358164441590264687e+03,3.976536668598679714e-01,6.944411483413478470e-01,-6.680847446811868995e+07,5.081370407789988071e+07
8.372282962606464935e+03,3.913297349862617236e-01,6.992037405078544987e-01,-6.720437862229885161e+07,5.011440472496307641e+07
8.386401483622665182e+03,3.849688201042914537e-01,7.039002537609111432e-01,-6.759223264317427576e+07,4.941340460856105387e+07
8.400520004638863611e+03,3.785716807097695980e-01,7.085305319625209153e-01,-6.797206318267527223e+07,4.871079581570316106e+07
8.414638525655063859e+03,3.721390727409010224e-01,7.130944276128804438e-01,-6.834389777614781260e+07,4.800666931986199319e+07
8.428757046671264106e+03,3.656717494961931880e-01,7.175918017452531661e-01,-6.870776481544655561e+07,4.730111498051087558e+07
8.442875567687462535e+03,3.591704615548821367e-01,7.220225238208265450e-01,-6.906369352239122987e+07,4.659422154314974695e+07
8.456994088703662783e+03,3.526359566998457096e-01,7.263864716235952645e-01,-6.941171392259028554e+07,4.588607663980486989e+07
8.471112609719863030e+03,3.460689798429776864e-01,7.306835311553080414e-01,-6.975185681963521242e+07,4.517676678998796642e+07
8.485231130736063278e+03,3.394702729529708307e-01,7.349135965305327867e-01,-7.008415376966986060e+07,4.446637740209808201e+07
8.499349651752261707e+03,3.328405749854878581e-01,7.390765698718695376e-01,-7.040863705633711815e+07,4.375499277525275946e+07
8.513468172768461955e+03,3.261806218156733106e-01,7.431723612053612316e-01,-7.072533966610601544e+07,4.304269610153283924e+07
8.527586693784662202e+03,3.194911461729849078e-01,7.472008883561290782e-01,-7.103429526398088038e+07,4.232956946862795949e+07
8.541705214800862450e+03,3.127728775782901982e-01,7.511620768442817120e-01,-7.133553816959525645e+07,4.161569386286670715e+07
8.555823735817060879e+03,3.060265422832069149e-01,7.550558597811251049e-01,-7.162910333369134367e+07,4.090114917261892557e+07
8.569942256833261126e+03,2.992528632116392973e-01,7.588821777657138723e-01,-7.191502631498670578e+07,4.018601419205537438e+07
8.584060777849461374e+03,2.924525599034876744e-01,7.626409787817685082e-01,-7.219334325742842257e+07,3.947036662525266409e+07
8.598179298865661622e+03,2.856263484604786296e-01,7.663322180950015161e-01,-7.246409086783586442e+07,3.875428309062832594e+07
8.612297819881860050e+03,2.787749414940912107e-01,7.699558581508743060e-01,-7.272730639393179119e+07,3.803783912569452077e+07
8.626416340898060298e+03,2.718990480755330563e-01,7.735118684728202743e-01,-7.298302760276207328e+07,3.732110919211643189e+07
8.640534861914260546e+03,2.649993736877438999e-01,7.770002255609539388e-01,-7.323129275950302184e+07,3.660416668106424063e+07
8.654653382930460793e+03,2.580766201793716075e-01,7.804209127913049882e-01,-7.347214060665652156e+07,3.588708391884459555e+07
8.668771903946659222e+03,2.511314857206990991e-01,7.837739203155922318e-01,-7.370561034363129735e+07,3.516993217280091345e+07
8.682890424962859470e+03,2.441646647614745813e-01,7.870592449615707586e-01,-7.393174160670970380e+07,3.445278165746961534e+07
8.697008945979059718e+03,2.371768479906229410e-01,7.902768901339666252e-01,-7.415057444939802587e+07,3.373570154098218679e+07
8.711127466995259965e+03,2.301687222977852332e-01,7.934268657160319371e-01,-7.436214932315935194e+07,3.301875995169993117e+07
8.725245988011458394e+03,2.231409707366631134e-01,7.965091879717339785e-01,-7.456650705852667987e+07,3.230202398507174477e+07
8.739364509027658642e+03,2.160942724901229461e-01,7.995238794486041467e-01,-7.476368884659448266e+07,3.158555971070303768e+07
8.753483030043858889e+03,2.090293028370375228e-01,8.024709688812607933e-01,-7.495373622088608146e+07,3.086943217962668091e+07
8.767601551060057318e+03,2.019467331208135985e-01,8.053504910956290619e-01,-7.513669103959503770e+07,3.015370543176387623e+07
8.781720072076257566e+03,1.948472307195774633e-01,8.081624869138755995e-01,-7.531259546819747984e+07,2.943844250356572121e+07
8.795838593092457813e+03,1.877314590179924025e-01,8.109070030600681322e-01,-7.548149196243257821e+07,2.872370543582642823e+07
8.809957114108658061e+03,1.806000773806558657e-01,8.135840920665842191e-01,-7.564342325164861977e+07,2.800955528165689111e+07
8.824075635124856490e+03,1.734537411270568319e-01,8.161938121812780667e-01,-7.579843232251125574e+07,2.729605211461066827e+07
8.838194156141056737e+03,1.662931015080478248e-01,8.187362272754228343e-01,-7.594656240307100117e+07,2.658325503695221990e+07
8.852312677157256985e+03,1.591188056838133691e-01,8.212114067524366456e-01,-7.608785694718623161e+07,2.587122218805996329e+07
8.866431198173457233e+03,1.519314967032821817e-01,8.236194254574107365e-01,-7.622235961929880083e+07,2.516001075295367092e+07
8.880549719189655661e+03,1.447318134849654159e-01,8.259603635874470662e-01,-7.635011427955821157e+07,2.444967697093930840e+07
8.894668240205855909e+03,1.375203907991767172e-01,8.282343066028174938e-01,-7.647116496929100156e+07,2.374027614436202124e+07
8.908786761222056157e+03,1.302978592516168543e-01,8.304413451389521805e-01,-7.658555589681123197e+07,2.303186264746079594e+07
8.922905282238256405e+03,1.230648452682721605e-01,8.325815749192707615e-01,-7.669333142356866598e+07,2.232448993531525508e+07
8.937023803254454833e+03,1.158219710816097286e-01,8.346550966688603967e-01,-7.679453605063031614e+07,2.161821055287858099e+07
8.951142324270655081e+03,1.085698547180275753e-01,8.366620160290112462e-01,-7.688921440549159050e+07,2.091307614408817515e+07
8.965260845286855329e+03,1.013091099865430778e-01,8.386024434726138121e-01,-7.697741122921267152e+07,2.020913746104848757e+07
8.979379366303055576e+03,9.404034646867097391e-02,8.404764942204275835e-01,-7.705917136387640238e+07,1.950644437327735499e+07
8.993497887319254005e+03,8.676416950947550555e-02,8.422842881582244257e-01,-7.713453974036300182e+07,1.880504587701067328e+07
9.007616408335454253e+03,7.948118020975587783e-02,8.440259497548135981e-01,-7.720356136643782258e+07,1.810499010455792025e+07
9.021734929351654500e+03,7.219197541935055973e-02,8.457016079809498432e-01,-7.726628131514735520e+07,1.740632433370375633e+07
9.035853450367852929e+03,6.489714773151405991e-02,8.473113962291332069e-01,-7.732274471351963282e+07,1.670909499714798294e+07
9.049971971384053177e+03,5.759728547834546547e-02,8.488554522343002562e-01,-7.737299673156432807e+07,1.601334769197887741e+07
9.064090492400253424e+03,5.029297272724991830e-02,8.503339179954104710e-01,-7.741708257156822085e+07,1.531912718917508051e+07
9.078209013416453672e+03,4.298478927838678826e-02,8.517469396979315821e-01,-7.745504745768168569e+07,1.462647744312892854e+07
9.092327534432652101e+03,3.567331066309280263e-02,8.530946676372233028e-01,-7.748693662579171360e+07,1.393544160118742660e+07
9.106446055448852348e+03,2.835910814324178048e-02,8.543772561428241152e-01,-7.751279531367695332e+07,1.324606201320473291e+07
9.120564576465052596e+03,2.104274871152974832e-02,8.555948635036374483e-01,-7.753266875144036114e+07,1.255838024110272899e+07
9.134683097481252844e+03,1.372479509264048873e-02,8.567476518940225771e-01,-7.754660215221497416e+07,1.187243706843319349e+07
9.148801618497451273e+03,6.405805745281195791e-03,8.578357873007865786e-01,-7.755464070313833654e+07,1.118827250993848592e+07
9.162920139513651520e+03,-9.136651349483916823e-04,8.588594394510797869e-01,-7.755682955659103394e+07,1.050592582110533677e+07
9.177038660529851768e+03,-8.233067611862871296e-03,8.598187817411904188e-01,-7.755321382169492543e+07,9.825435507708964869e+06
9.191157181546052016e+03,-1.555185600421730291e-02,8.607139911662415876e-01,-7.754383855606660247e+07,9.146839335341744125e+06
9.205275702562250444e+03,-2.286948888046132916e-02,8.615452482507849341e-01,-7.752874875782160461e+07,8.470174338923975825e+06
9.219394223578450692e+03,-3.018542905275610824e-02,8.623127369802924269e-01,-7.750798935782487690e+07,7.795476832191991620e+06
9.233512744594650940e+03,-3.749914357026192663e-02,8.630166447335411162e-01,-7.748160521218322217e+07,7.122782417161445133e+06
9.247631265610851187e+03,-4.481010371173807516e-02,8.636571622158905059e-01,-7.744964109497517347e+07,6.452125993560635485e+06
9.261749786627049616e+03,-5.211778497746202138e-02,8.642344833934486603e-01,-7.741214169121393561e+07,5.783541768231997266e+06
9.275868307643249864e+03,-5.942166708050101998e-02,8.647488054281239345e-01,-7.736915159003911912e+07,5.117063264497596771e+06
9.289986828659450111e+03,-6.672123393734243069e-02,8.652003286135584448e-01,-7.732071527813285589e+07,4.452723331487024203e+06
9.304105349675650359e+03,-7.401597365792267347e-02,8.655892563119405025e-01,-7.726687713335601985e+07,3.790554153423117939e+06
9.318223870691848788e+03,-8.130537853506010493e-02,8.659157948916909042e-01,-7.720768141860027611e+07,3.130587258864175063e+06
9.332342391708049036e+03,-8.858894503332355452e-02,8.661801536660203027e-01,-7.714317227585169673e+07,2.472853529899026733e+06
9.346460912724249283e+03,-9.586617377734100998e-02,8.663825448323503320e-01,-7.707339372046183050e+07,1.817383211293874774e+06
9.360579433740447712e+03,-1.031365695395857762e-01,8.665231834125974864e-01,-7.699838963562197983e+07,1.164205919586920645e+06
9.374697954756647960e+03,-1.103996412276506411e-01,8.666022871943113159e-01,-7.691820376703648269e+07,5.133506521293317201e+05
9.388816475772848207e+03,-1.176549018710202760e-01,8.666200766726644966e-01,-7.683287971779114008e+07,-1.351542039288267260e+05
9.402934996789048455e+03,-1.249018686073776474e-01,8.665767749932873354e-01,-7.674246094341254234e+07,-7.812808627112945542e+05
9.417053517805246884e+03,-1.321400626684476332e-01,8.664726078959427147e-01,-7.664699074711430073e+07,-1.425002130747512449e+06
9.431172038821447131e+03,-1.393690093654062212e-01,8.663078036590343700e-01,-7.654651227522635460e+07,-2.066291398166505154e+06
9.445290559837647379e+03,-1.465882380738575963e-01,8.660825930449438381e-01,-7.644106851280334592e+07,-2.705122629953121301e+06
9.459409080853847627e+03,-1.537972822184144051e-01,8.657972092461898583e-01,-7.633070227940814197e+07,-3.341470357269881759e+06
9.473527601870046055e+03,-1.609956792568828232e-01,8.654518878324025666e-01,-7.621545622506684065e+07,-3.975309668844613712e+06
9.487646122886246303e+03,-1.681829706640792232e-01,8.650468666981083743e-01,-7.609537282639123499e+07,-4.606616202426262200e+06
9.501764643902446551e+03,-1.753587019152796633e-01,8.645823860113182047e-01,-7.597049438286536932e+07,-5.235366136308897287e+06
9.515883164918646798e+03,-1.825224224693356156e-01,8.640586881629105376e-01,-7.584086301329210401e+07,-5.861536180926771834e+06
9.530001685934845227e+03,-1.896736857514565167e-01,8.634760177168069317e-01,-7.570652065239632130e+07,-6.485103570520284586e+06
9.544120206951045475e+03,-1.968120491356843693e-01,8.628346213609279225e-01,-7.556750904758110642e+07,-7.106046054874873720e+06
9.558238727967245723e+03,-2.039370739270602029e-01,8.621347478589280744e-01,-7.542386975583347678e+07,-7.724341891132555902e+06
9.572357248983445970e+03,-2.110483253435146422e-01,8.613766480026973094e-01,-7.527564414077590406e+07,-8.339969835678616539e+06
9.586475769999644399e+03,-2.181453724974816988e-01,8.605605745656272898e-01,-7.512287336986058950e+07,-8.952909136103017256e+06
9.600594291015844647e+03,-2.252277883772595968e-01,8.596867822566297557e-01,-7.496559841170269251e+07,-9.563139523238232359e+06
9.614712812032044894e+03,-2.322951498281176363e-01,8.587555276749062605e-01,-7.480386003354965150e+07,-1.017064120327296108e+07
9.628831333048245142e+03,-2.393470375331792355e-01,8.577670692654552065e-01,-7.463769879888287187e+07,-1.077539484994391166e+07
9.642949854064443571e+03,-2.463830359940798187e-01,8.567216672753146245e-01,-7.446715506514889002e+07,-1.137738159680497646e+07
9.657068375080643818e+03,-2.534027335114216739e-01,8.556195837105289304e-01,-7.429226898161655664e+07,-1.197658302957524545e+07
9.671186896096844066e+03,-2.604057221650238341e-01,8.544610822938355499e-01,-7.411308048735752702e+07,-1.257298117856504396e+07
9.685305417113042495e+03,-2.673915977939945177e-01,8.532464284230626417e-01,-7.392962930934652686e+07,-1.316655851118188351e+07
9.699423938129242742e+03,-2.743599599766307628e-01,8.519758891302281478e-01,-7.374195496067857742e+07,-1.375729792451594584e+07
9.713542459145442990e+03,-2.813104120101463934e-01,8.506497330413379521e-01,-7.355009673890051246e+07,-1.434518273800469190e+07
9.727660980161643238e+03,-2.882425608902574599e-01,8.492682303368707109e-01,-7.335409372445322573e+07,-1.493019668617829308e+07
9.741779501177841667e+03,-2.951560172906198543e-01,8.478316527129435842e-01,-7.315398477922242880e+07,-1.551232391148483567e+07
9.755898022194041914e+03,-3.020503955421409703e-01,8.463402733431512059e-01,-7.294980854519462585e+07,-1.609154895719634369e+07
9.770016543210242162e+03,-3.089253136121604126e-01,8.447943668410720086e-01,-7.274160344321598113e+07,-1.666785676039450802e+07
9.784135064226442410e+03,-3.157803930835271777e-01,8.431942092234305797e-01,-7.252940767185094953e+07,-1.724123264503766969e+07
9.798253585242640838e+03,-3.226152591335686437e-01,8.415400778739113852e-01,-7.231325920633828640e+07,-1.781166231510784850e+07
9.812372106258841086e+03,-3.294295405129702980e-01,8.398322515076155348e-01,-7.209319579764164984e+07,-1.837913184783870354e+07
9.826490627275041334e+03,-3.362228695245624843e-01,8.380710101361529274e-01,-7.186925497159256041e+07,-1.894362768702313676e+07
9.840609148291241581e+03,-3.429948820020383149e-01,8.362566350333623388e-01,-7.164147402812270820e+07,-1.950513663640191779e+07
9.854727669307440010e+03,-3.497452172885985311e-01,8.343894087016511252e-01,-7.140989004058358073e+07,-2.006364585313201323e+07
9.868846190323640258e+03,-3.564735182155414073e-01,8.324696148389471029e-01,-7.117453985515066981e+07,-2.061914284133529663e+07
9.882964711339840505e+03,-3.631794310807919812e-01,8.304975383062578320e-01,-7.093546009031030536e+07,-2.117161544572628662e+07
9.897083232356040753e+03,-3.698626056273942586e-01,8.284734650958244240e-01,-7.069268713642629981e+07,-2.172105184532012045e+07
9.911201753372239182e+03,-3.765226950219627278e-01,8.263976822998683192e-01,-7.044625715538446605e+07,-2.226744054721929505e+07
9.925320274388439429e+03,-3.831593558331073957e-01,8.242704780799177122e-01,-7.019620608031262457e+07,-2.281077038047979772e+07
9.939438795404639677e+03,-3.897722480098286812e-01,8.220921416367122925e-01,-6.994256961537417769e+07,-2.335103049005511403e+07
9.953557316420838106e+03,-3.963610348599032052e-01,8.198629631806736429e-01,-6.968538323563271761e+07,-2.388821033081912249e+07
9.967675837437038354e+03,-4.029253830282603088e-01,8.175832339029359686e-01,-6.942468218698571622e+07,-2.442229966166687384e+07
9.981794358453238601e+03,-4.094649624753477490e-01,8.152532459469320480e-01,-6.916050148616567254e+07,-2.495328853969221190e+07
9.995912879469438849e+03,-4.159794464555095495e-01,8.128732923805226385e-01,-6.889287592080600560e+07,-2.548116731444314495e+07
1.001003140048563728e+04,-4.224685114953671827e-01,8.104436671686658933e-01,-6.862184004957024753e+07,-2.600592662225343660e+07
1.002414992150183753e+04,-4.289318373722221245e-01,8.079646651466162455e-01,-6.834742820234233141e+07,-2.652755738065074012e+07
1.003826844251803777e+04,-4.353691070924693984e-01,8.054365819936509796e-01,-6.806967448047648370e+07,-2.704605078283974528e+07
1.005238696353423802e+04,-4.417800068700471483e-01,8.028597142073100601e-01,-6.778861275710438192e+07,-2.756139829226118326e+07
1.006650548455043645e+04,-4.481642261049120224e-01,8.002343590781485494e-01,-6.750427667749817669e+07,-2.807359163722510636e+07
1.008062400556663670e+04,-4.545214573615565801e-01,7.975608146649892927e-01,-6.721669965948727727e+07,-2.858262280561870337e+07
1.009474252658283694e+04,-4.608513963475604491e-01,7.948393797706758690e-01,-6.692591489392777532e+07,-2.908848403968704864e+07
1.010886104759903719e+04,-4.671537418921965501e-01,7.920703539183103770e-01,-6.663195534522209316e+07,-2.959116783088758588e+07
1.012297956861523562e+04,-4.734281959250830618e-01,7.892540373279753885e-01,-6.633485375188780576e+07,-3.009066691481667012e+07
1.013709808963143587e+04,-4.796744634548971709e-01,7.863907308939305230e-01,-6.603464262717356533e+07,-3.058697426620842889e+07
1.015121661064763612e+04,-4.858922525481403354e-01,7.834807361622795341e-01,-6.573135425972121209e+07,-3.108008309400426969e+07
1.016533513166383636e+04,-4.920812743079768792e-01,7.805243553090965847e-01,-6.542502071427180618e+07,-3.156998683649374917e+07
1.017945365268003479e+04,-4.982412428531358128e-01,7.775218911190102666e-01,-6.511567383241463453e+07,-3.205667915652517602e+07
1.019357217369623504e+04,-5.043718752968902042e-01,7.744736469642331533e-01,-6.480334523337733746e+07,-3.254015393678605184e+07
1.020769069471243529e+04,-5.104728917261057708e-01,7.713799267840381058e-01,-6.448806631485633552e+07,-3.302040527515177056e+07
1.022180921572863554e+04,-5.165440151803764035e-01,7.682410350646664554e-01,-6.416986825388542563e+07,-3.349742748010315001e+07
1.023592773674483396e+04,-5.225849716312404025e-01,7.650572768196668427e-01,-6.384878200774177909e+07,-3.397121506621118635e+07
1.025004625776103421e+04,-5.285954899614867530e-01,7.618289575706560512e-01,-6.352483831488758326e+07,-3.444176274968912452e+07
1.026416477877723446e+04,-5.345753019445455001e-01,7.585563833284990620e-01,-6.319806769594667107e+07,-3.490906544401018322e+07
1.027828329979343289e+04,-5.405241422239781546e-01,7.552398605748973370e-01,-6.286850045471414924e+07,-3.537311825559149683e+07
1.029240182080963314e+04,-5.464417482930657988e-01,7.518796962443797804e-01,-6.253616667919812351e+07,-3.583391647954300791e+07
1.030652034182583338e+04,-5.523278604744884523e-01,7.484761977066971550e-01,-6.220109624269274622e+07,-3.629145559548011422e+07
1.032063886284203363e+04,-5.581822219001167928e-01,7.450296727496034110e-01,-6.186331880488064140e+07,-3.674573126340060681e+07
1.033475738385823206e+04,-5.640045784909033522e-01,7.415404295620259267e-01,-6.152286381296420097e+07,-3.719673931962418556e+07
1.034887590487443231e+04,-5.697946789368865117e-01,7.380087767176138902e-01,-6.117976050282420218e+07,-3.764447577279464155e+07
1.036299442589063256e+04,-5.755522746772981924e-01,7.344350231586642685e-01,-6.083403790020534396e+07,-3.808893679994308203e+07
1.037711294690683280e+04,-5.812771198807916706e-01,7.308194781804138174e-01,-6.048572482192677259e+07,-3.853011874261269718e+07
1.039123146792303123e+04,-5.869689714257801949e-01,7.271624514156944663e-01,-6.013484987711731344e+07,-3.896801810304347426e+07
1.040534998893923148e+04,-5.926275888808985037e-01,7.234642528199450862e-01,-5.978144146847388148e+07,-3.940263154041682929e+07
1.041946850995543173e+04,-5.982527344855755880e-01,7.197251926565786384e-01,-5.942552779354280978e+07,-3.983395586715862155e+07
1.043358703097163198e+04,-6.038441731307382376e-01,7.159455814826906073e-01,-5.906713684602228552e+07,-4.026198804530098289e+07
1.044770555198783040e+04,-6.094016723396329382e-01,7.121257301351112678e-01,-5.870629641708569229e+07,-4.068672518290137500e+07
1.046182407300403065e+04,-6.149250022487784406e-01,7.082659497167902440e-01,-5.834303409672443569e+07,-4.110816453051890433e+07
1.047594259402023090e+04,-6.204139355890386787e-01,7.043665515835159097e-01,-5.797737727511012554e+07,-4.152630347774632275e+07
1.049006111503643115e+04,-6.258682476668322447e-01,7.004278473309542008e-01,-5.760935314397436380e+07,-4.194113954979810864e+07
1.050417963605262958e+04,-6.312877163454690965e-01,6.964501487820101699e-01,-5.723898869800603390e+07,-4.235267040415315330e+07
1.051829815706882982e+04,-6.366721220266235992e-01,6.924337679745006247e-01,-5.686631073626480997e+07,-4.276089382725195587e+07
1.053241667808503007e+04,-6.420212476319343553e-01,6.883790171491405152e-01,-5.649134586361079663e+07,-4.316580773124688864e+07
1.054653519910122850e+04,-6.473348785847473641e-01,6.842862087378304148e-01,-5.611412049214872718e+07,-4.356741015080581605e+07
1.056065372011742875e+04,-6.526128027919945174e-01,6.801556553522410953e-01,-5.573466084268634766e+07,-4.396569923996797204e+07
1.057477224113362900e+04,-6.578548106262056550e-01,6.759876697726988626e-01,-5.535299294620679319e+07,-4.436067326905095577e+07
1.058889076214982924e+04,-6.630606949076656154e-01,6.717825649373538877e-01,-5.496914264535330981e+07,-4.475233062160915881e+07
1.060300928316602767e+04,-6.682302508867095092e-01,6.675406539316373067e-01,-5.458313559592645615e+07,-4.514066979144221544e+07
1.061712780418222792e+04,-6.733632762261622107e-01,6.632622499779943226e-01,-5.419499726839256287e+07,-4.552568937965338677e+07
1.063124632519842817e+04,-6.784595709839151834e-01,6.589476664258983041e-01,-5.380475294940358400e+07,-4.590738809175643325e+07
1.064536484621462841e+04,-6.835189375956538527e-01,6.545972167421306720e-01,-5.341242774332681298e+07,-4.628576473483138531e+07
1.065948336723082684e+04,-6.885411808577251991e-01,6.502112145013290156e-01,-5.301804657378459722e+07,-4.666081821472774446e+07
1.067360188824702709e+04,-6.935261079101557868e-01,6.457899733767950012e-01,-5.262163418520292640e+07,-4.703254753331509233e+07
1.068772040926322734e+04,-6.984735282198089035e-01,6.413338071315641820e-01,-5.222321514436917007e+07,-4.740095178577969968e+07
1.070183893027942759e+04,-7.033832535636970196e-01,6.368430296097234988e-01,-5.182281384199739248e+07,-4.776603015796751529e+07
1.071595745129562602e+04,-7.082550980124368012e-01,6.323179547279804691e-01,-5.142045449430151284e+07,-4.812778192377211899e+07
1.073007597231182626e+04,-7.130888779138581102e-01,6.277588964674739591e-01,-5.101616114457530528e+07,-4.848620644256761670e+07
1.074419449332802651e+04,-7.178844118767553351e-01,6.231661688658302056e-01,-5.060995766477945447e+07,-4.884130315668509901e+07
1.075831301434422676e+04,-7.226415207547954855e-01,6.185400860094497633e-01,-5.020186775713424385e+07,-4.919307158893308789e+07
1.077243153536042519e+04,-7.273600276305728363e-01,6.138809620260292643e-01,-4.979191495571827143e+07,-4.954151134016050398e+07
1.078655005637662543e+04,-7.320397577998187799e-01,6.091891110773081097e-01,-4.938012262807204574e+07,-4.988662208686224371e+07
1.080066857739282568e+04,-7.366805387557566753e-01,6.044648473520450871e-01,-4.896651397680697590e+07,-5.022840357882597297e+07
1.081478709840902593e+04,-7.412822001736153466e-01,5.997084850592088179e-01,-4.855111204121823609e+07,-5.056685563682051748e+07
1.082890561942522436e+04,-7.458445738952907966e-01,5.949203384213882506e-01,-4.813393969890200347e+07,-5.090197815032455325e+07
1.084302414044142461e+04,-7.503674939141649070e-01,5.901007216684118761e-01,-4.771501966737599671e+07,-5.123377107529556006e+07
1.085714266145762485e+04,-7.548507963600707971e-01,5.852499490311824371e-01,-4.729437450570385158e+07,-5.156223443197775632e+07
1.087126118247382328e+04,-7.592943194844176125e-01,5.803683347357094791e-01,-4.687202661612196267e+07,-5.188736830274935812e+07
1.088537970349002353e+04,-7.636979036454678571e-01,5.754561929973450729e-01,-4.644799824566889554e+07,-5.220917283000814915e+07
1.089949822450622378e+04,-7.680613912937647170e-01,5.705138380152215971e-01,-4.602231148781757802e+07,-5.252764821409451216e+07
1.091361674552242403e+04,-7.723846269577179235e-01,5.655415839668783695e-01,-4.559498828410890698e+07,-5.284279471125213802e+07
1.092773526653862245e+04,-7.766674572293421619e-01,5.605397450030823459e-01,-4.516605042578731477e+07,-5.315461263162524998e+07
1.094185378755482270e+04,-7.809097307501511320e-01,5.555086352428318941e-01,-4.473551955543738604e+07,-5.346310233729229867e+07
1.095597230857102295e+04,-7.851112981972024896e-01,5.504485687685517492e-01,-4.430341716862211376e+07,-5.376826424033496529e+07
1.097009082958722320e+04,-7.892720122693021034e-01,5.453598596214617178e-01,-4.386976461552139372e+07,-5.407009880094280839e+07
1.098420935060342163e+04,-7.933917276733593038e-01,5.402428217971259050e-01,-4.343458310257143527e+07,-5.436860652555235475e+07
1.099832787161962187e+04,-7.974703011109011141e-01,5.350977692411730269e-01,-4.299789369410414249e+07,-5.466378796502064168e+07
1.101244639263582212e+04,-8.015075912647349199e-01,5.299250158451932480e-01,-4.255971731398709863e+07,-5.495564371283213049e+07
1.102656491365202237e+04,-8.055034587857718975e-01,5.247248754427966677e-01,-4.212007474726288021e+07,-5.524417440333919972e+07
1.104068343466822080e+04,-8.094577662800014339e-01,5.194976618058395612e-01,-4.167898664178829640e+07,-5.552938071003524214e+07
1.105480195568442105e+04,-8.133703782956240858e-01,5.142436886408088270e-01,-4.123647350987272710e+07,-5.581126334386022389e+07
1.106892047670062129e+04,-8.172411613103327532e-01,5.089632695853713029e-01,-4.079255572991624475e+07,-5.608982305153775215e+07
1.108303899771682154e+04,-8.210699837187547256e-01,5.036567182050711855e-01,-4.034725354804620892e+07,-5.636506061394389719e+07
1.109715751873301997e+04,-8.248567158200451610e-01,4.983243479901850459e-01,-3.990058707975302637e+07,-5.663697684450668097e+07
1.111127603974922022e+04,-8.286012298056362191e-01,4.929664723527214520e-01,-3.945257631152425706e+07,-5.690557258763630688e+07
1.112539456076542047e+04,-8.323033997471371848e-01,4.875834046235746344e-01,-3.900324110247782618e+07,-5.717084871718507260e+07
1.113951308178162071e+04,-8.359631015843931312e-01,4.821754580498150977e-01,-3.855260118599297106e+07,-5.743280613493722677e+07
1.115363160279781914e+04,-8.395802131136936852e-01,4.767429457921252278e-01,-3.810067617133978009e+07,-5.769144576912786812e+07
1.116775012381401939e+04,-8.431546139761396663e-01,4.712861809223701237e-01,-3.764748554530642927e+07,-5.794676857299073040e+07
1.118186864483021964e+04,-8.466861856461568303e-01,4.658054764213093724e-01,-3.719304867382495850e+07,-5.819877552333409339e+07
1.119598716584641807e+04,-8.501748114201691520e-01,4.603011451764376094e-01,-3.673738480359428376e+07,-5.844746761914484948e+07
1.121010568686261831e+04,-8.536203764054232090e-01,4.547734999799537547e-01,-3.628051306370093673e+07,-5.869284588022018224e+07
1.122422420787881856e+04,-8.570227675089628905e-01,4.492228535268657508e-01,-3.582245246723788977e+07,-5.893491134582609683e+07
1.123834272889501881e+04,-8.603818734267602020e-01,4.436495184132126512e-01,-3.536322191292028129e+07,-5.917366507338303328e+07
1.125246124991121724e+04,-8.636975846329962847e-01,4.380538071344143303e-01,-3.490284018669882417e+07,-5.940910813717767596e+07
1.126657977092741748e+04,-8.669697933694968661e-01,4.324360320837368210e-01,-3.444132596337019652e+07,-5.964124162710097432e+07
1.128069829194361773e+04,-8.701983936353160365e-01,4.267965055508832206e-01,-3.397869780818515271e+07,-5.987006664741148055e+07
1.129481681295981798e+04,-8.733832811764744575e-01,4.211355397206923423e-01,-3.351497417845321074e+07,-6.009558431552428752e+07
1.130893533397601641e+04,-8.765243534758480060e-01,4.154534466719552177e-01,-3.305017342514470220e+07,-6.031779576082470268e+07
1.132305385499221666e+04,-8.796215097432086294e-01,4.097505383763376807e-01,-3.258431379448942468e+07,-6.053670212350665033e+07
1.133717237600841690e+04,-8.826746509054128609e-01,4.040271266974192477e-01,-3.211741342957282439e+07,-6.075230455343503505e+07
1.135129089702461715e+04,-8.856836795967441001e-01,3.982835233898305294e-01,-3.164949037192841247e+07,-6.096460420903224498e+07
1.136540941804081558e+04,-8.886485001494027758e-01,3.925200400984987237e-01,-3.118056256312732771e+07,-6.117360225618807971e+07
1.137952793905701583e+04,-8.915690185841490534e-01,3.867369883579911405e-01,-3.071064784636430070e+07,-6.137929986719300598e+07
1.139364646007321608e+04,-8.944451426010914252e-01,3.809346795919654194e-01,-3.023976396804091707e+07,-6.158169821969410777e+07
1.140776498108941632e+04,-8.972767815706270689e-01,3.751134251127095642e-01,-2.976792857934493572e+07,-6.178079849567382038e+07
1.142188350210561475e+04,-9.000638465245306419e-01,3.692735361207819533e-01,-2.929515923782662302e+07,-6.197660188045084476e+07
1.143600202312181500e+04,-9.028062501471922907e-01,3.634153237047402785e-01,-2.882147340897130594e+07,-6.216910956170313805e+07
1.145012054413801525e+04,-9.055039067670017650e-01,3.575390988409688497e-01,-2.834688846776911989e+07,-6.235832272851234674e+07
1.146423906515421368e+04,-9.081567323478819675e-01,3.516451723935883900e-01,-2.787142170028077811e+07,-6.254424257042980939e+07
1.147835758617041392e+04,-9.107646444809720521e-01,3.457338551144532035e-01,-2.739509030519986898e+07,-6.272687027656370401e+07
1.149247610718661417e+04,-9.133275623764531836e-01,3.398054576432399387e-01,-2.691791139541224763e+07,-6.290620703468672186e+07
1.150659462820281442e+04,-9.158454068555251792e-01,3.338602905076123450e-01,-2.643990199955133721e+07,-6.308225403036455065e+07
1.152071314921901285e+04,-9.183181003425282540e-01,3.278986641234716282e-01,-2.596107906355031580e+07,-6.325501244610445946e+07
1.153483167023521310e+04,-9.207455668572125385e-01,3.219208887952818010e-01,-2.548145945219044387e+07,-6.342448346052401513e+07
1.154895019125141334e+04,-9.231277320071499259e-01,3.159272747164800776e-01,-2.500105995064655319e+07,-6.359066824753931910e+07
1.156306871226761359e+04,-9.254645229802959117e-01,3.099181319699553794e-01,-2.451989726602843031e+07,-6.375356797557292879e+07
1.157718723328381202e+04,-9.277558685376940950e-01,3.038937705286052227e-01,-2.403798802891911566e+07,-6.391318380678088218e+07
1.159130575430001227e+04,-9.300016990063274536e-01,2.978545002559600530e-01,-2.355534879490938038e+07,-6.406951689629884064e+07
1.160542427531621252e+04,-9.322019462721116145e-01,2.918006309068856829e-01,-2.307199604612939805e+07,-6.422256839150676876e+07
1.161954279633241276e+04,-9.343565437730354528e-01,2.857324721283461821e-01,-2.258794619277637452e+07,-6.437233943131234497e+07
1.163366131734861119e+04,-9.364654264924437976e-01,2.796503334602385427e-01,-2.210321557463916391e+07,-6.451883114545249939e+07
1.164777983836481144e+04,-9.385285309524654673e-01,2.735545243362875745e-01,-2.161782046261915937e+07,-6.466204465381316841e+07
1.166189835938101169e+04,-9.405457952075821915e-01,2.674453540850117439e-01,-2.113177706024844944e+07,-6.480198106576670706e+07
1.167601688039721193e+04,-9.425171588383433052e-01,2.613231319307435796e-01,-2.064510150520405546e+07,-6.493864147952707857e+07
1.169013540141341036e+04,-9.444425629452212201e-01,2.551881669947137499e-01,-2.015780987081927061e+07,-6.507202698152241856e+07
1.170425392242961061e+04,-9.463219501426121116e-01,2.490407682961899016e-01,-1.966991816759139299e+07,-6.520213864578486979e+07
1.171837244344581086e+04,-9.481552645529739420e-01,2.428812447536792818e-01,-1.918144234468686953e+07,-6.532897753335731477e+07
1.173249096446201111e+04,-9.499424518011115870e-01,2.367099051861792647e-01,-1.869239829144266620e+07,-6.545254469171708822e+07
1.174660948547820954e+04,-9.516834590085995194e-01,2.305270583144859442e-01,-1.820280183886491135e+07,-6.557284115421624482e+07
1.176072800649440978e+04,-9.533782347883500430e-01,2.243330127625499937e-01,-1.771266876112406328e+07,-6.568986793953839689e+07
1.177484652751061003e+04,-9.550267292393165297e-01,2.181280770588909790e-01,-1.722201477704770491e+07,-6.580362605117164552e+07
1.178896504852680846e+04,-9.566288939413434278e-01,2.119125596380537213e-01,-1.673085555160979182e+07,-6.591411647689780593e+07
1.180308356954300871e+04,-9.581846819501530499e-01,2.056867688421117613e-01,-1.623920669741698168e+07,-6.602134018829756975e+07
1.181720209055920895e+04,-9.596940477924730262e-01,1.994510129222240857e-01,-1.574708377619265206e+07,-6.612529814027129114e+07
1.183132061157540920e+04,-9.611569474613050890e-01,1.932056000402285201e-01,-1.525450230025748163e+07,-6.622599127057558298e+07
1.184543913259160763e+04,-9.625733384113317470e-01,1.869508382702826099e-01,-1.476147773400765099e+07,-6.632342049937526137e+07
1.185955765360780788e+04,-9.639431795544639581e-01,1.806870356005416123e-01,-1.426802549538995698e+07,-6.641758672881072760e+07
1.187367617462400813e+04,-9.652664312555258030e-01,1.744144999348842262e-01,-1.377416095737493038e+07,-6.650849084258039296e+07
1.188779469564020837e+04,-9.665430553280800474e-01,1.681335390946692432e-01,-1.327989944942673109e+07,-6.659613370553824306e+07
1.190191321665640680e+04,-9.677730150303914813e-01,1.618444608205344137e-01,-1.278525625897092186e+07,-6.668051616330628097e+07
1.191603173767260705e+04,-9.689562750615292597e-01,1.555475727742259284e-01,-1.229024663285939582e+07,-6.676163904190178216e+07
1.193015025868880730e+04,-9.700928015576051333e-01,1.492431825404708645e-01,-1.179488577883356623e+07,-6.683950314737908542e+07
1.194426877970500755e+04,-9.711825620881532339e-01,1.429315976288743906e-01,-1.129918886698459834e+07,-6.691410926548607647e+07
1.195838730072120597e+04,-9.722255256526447509e-01,1.366131254758539137e-01,-1.080317103121176921e+07,-6.698545816133493930e+07
1.197250582173740622e+04,-9.732216626771410528e-01,1.302880734465982071e-01,-1.030684737067827582e+07,-6.705355057908735424e+07
1.198662434275360647e+04,-9.741709450110848101e-01,1.239567488370642429e-01,-9.810232951265564188e+06,-6.711838724165374041e+07
1.200074286376980672e+04,-9.750733459242266754e-01,1.176194588759933296e-01,-9.313342807024983689e+06,-6.717996885040670633e+07
1.201486138478600515e+04,-9.759288401036901872e-01,1.112765107269585441e-01,-8.816191941627869383e+06,-6.723829608490844071e+07
1.202897990580220539e+04,-9.767374036511734525e-01,1.049282114904323687e-01,-8.318795329813336954e+06,-6.729336960265205801e+07
1.204309842681840564e+04,-9.774990140802860550e-01,9.857486820588622078e-02,-7.821167918834914453e+06,-6.734519003881667554e+07
1.205721694783460407e+04,-9.782136503140240746e-01,9.221678785390519106e-02,-7.323324629904852249e+06,-6.739375800603629649e+07
1.207133546885080432e+04,-9.788812926823804439e-01,8.585427735832379392e-02,-6.825280359636774287e+06,-6.743907409418231249e+07
1.208545398986700457e+04,-9.795019229200909727e-01,7.948764358838908417e-02,-6.327049981487316079e+06,-6.748113887015955150e+07
1.209957251088320481e+04,-9.800755241645175975e-01,7.311719336093415456e-02,-5.828648347195616923e+06,-6.751995287771590054e+07
1.211369103189940324e+04,-9.806020809536661886e-01,6.674323344257386548e-02,-5.330090288221771829e+06,-6.755551663726526499e+07
1.212780955291560349e+04,-9.810815792243404720e-01,6.036607055191177407e-02,-4.831390617183542810e+06,-6.758783064572399855e+07
1.214192807393180374e+04,-9.815140063104321744e-01,5.398601136177001020e-02,-4.332564129292447120e+06,-6.761689537636058033e+07
1.215604659494800399e+04,-9.818993509413455056e-01,4.760336250142458564e-02,-3.833625603788014501e+06,-6.764271127865856886e+07
1.217016511596420241e+04,-9.822376032405577551e-01,4.121843055885786311e-02,-3.334589805371324066e+06,-6.766527877819277346e+07
1.218428363698040266e+04,-9.825287547243144459e-01,3.483152208301720787e-02,-2.835471485637126025e+06,-6.768459827651858330e+07
1.219840215799660291e+04,-9.827727983004606038e-01,2.844294358609167697e-02,-2.336285384505665395e+06,-6.770067015107440948e+07
1.221252067901280316e+04,-9.829697282674056957e-01,2.205300154578904853e-02,-1.837046231653000694e+06,-6.771349475509725511e+07
1.222663920002900159e+04,-9.831195403132250155e-01,1.566200240762516058e-02,-1.337768747940928210e+06,-6.772307241755127907e+07
1.224075772104520183e+04,-9.832222315148950731e-01,9.270252587214441661e-03,-8.384676468458265299e+05,-6.772940344306945801e+07
1.225487624206140208e+04,-9.832778003376639875e-01,2.878058472573547747e-03,-3.391576358875280712e+05,-6.773248811190815270e+07
1.226899476307760233e+04,-9.832862466345565489e-01,-3.514273573579545021e-03,1.601465819429788389e+05,-6.773232667991475761e+07
1.228311328409380076e+04,-9.832475716460147286e-01,-9.906437211519071931e-03,6.594303067559114425e+05,-6.772891937850823998e+07
1.229723180511000101e+04,-9.831617779996716378e-01,-1.629812612220872883e-02,1.158678840335800080e+06,-6.772226641467268765e+07
1.231135032612620125e+04,-9.830288697102614881e-01,-2.268903400499068523e-02,1.657877484714234248e+06,-6.771236797096379101e+07
1.232546884714240150e+04,-9.828488521796631128e-01,-2.907885457528405770e-02,2.157011540743444115e+06,-6.769922420552822948e+07
1.233958736815859993e+04,-9.826217321970789342e-01,-3.546728156228086404e-02,2.656066306669613812e+06,-6.768283525213608146e+07
1.235370588917480018e+04,-9.823475179393478252e-01,-4.185400870665063888e-02,3.155027076706603169e+06,-6.766320122022609413e+07
1.236782441019100042e+04,-9.820262189713936385e-01,-4.823872975824163023e-02,3.653879139608975966e+06,-6.764032219496399164e+07
1.238194293120719885e+04,-9.816578462468070754e-01,-5.462113847379557879e-02,4.152607777245467529e+06,-6.761419823731377721e+07
1.239606145222339910e+04,-9.812424121085633333e-01,-6.100092861466980404e-02,4.651198263172231615e+06,-6.758482938412189484e+07
1.241017997323959935e+04,-9.807799302898737581e-01,-6.737779394456044901e-02,5.149635861205206253e+06,-6.755221564821459353e+07
1.242429849425579960e+04,-9.802704159151721663e-01,-7.375142822724378711e-02,5.647905823992734775e+06,-6.751635701850821078e+07
1.243841701527199803e+04,-9.797138855012369474e-01,-8.012152522432353097e-02,6.145993391587335616e+06,-6.747725346013255417e+07
1.245253553628819827e+04,-9.791103569584461708e-01,-8.648777869299545396e-02,6.643883790017305873e+06,-6.743490491456742585e+07
1.246665405730439852e+04,-9.784598495921692507e-01,-9.284988238381722270e-02,7.141562229857055470e+06,-6.738931129979227483e+07
1.248077257832059877e+04,-9.777623841042929476e-01,-9.920753003850119045e-02,7.639013904797364958e+06,-6.734047251044909656e+07
1.249489109933679720e+04,-9.770179825948819285e-01,-1.055604153877182927e-01,8.136223990214476362e+06,-6.728838841801847517e+07
1.250900962035299744e+04,-9.762266685639743313e-01,-1.119082321489240778e-01,8.633177641738686711e+06,-6.723305887100900710e+07
1.252312814136919769e+04,-9.753884669135142182e-01,-1.182506740241950627e-01,9.129859993821360171e+06,-6.717448369516007602e+07
1.253724666238539794e+04,-9.745034039494162581e-01,-1.245874346980930247e-01,9.626256158301545307e+06,-6.711266269365797937e+07
1.255136518340159637e+04,-9.735715073837691858e-01,-1.309182078355455026e-01,1.012235122297110409e+07,-6.704759564736562222e+07
1.256548370441779662e+04,-9.725928063371713783e-01,-1.372426870797533172e-01,1.061813025013903901e+07,-6.697928231506567448e+07
1.257960222543399686e+04,-9.715673313412045431e-01,-1.435605660501138026e-01,1.111357827519392781e+07,-6.690772243371743709e+07
1.259372074645019711e+04,-9.704951143410420755e-01,-1.498715383401768020e-01,1.160868030516565591e+07,-6.683291571872736514e+07
1.260783926746639554e+04,-9.693761886981933085e-01,-1.561752975156221190e-01,1.210342131728535891e+07,-6.675486186423338205e+07
1.262195778848259579e+04,-9.682105891933835418e-01,-1.624715371122693874e-01,1.259778625754426420e+07,-6.667356054340304434e+07
1.263607630949879604e+04,-9.669983520295700741e-01,-1.687599506341082300e-01,1.309176003925034218e+07,-6.658901140874575824e+07
1.265019483051499628e+04,-9.657395148350961245e-01,-1.750402315513673313e-01,1.358532754158397205e+07,-6.650121409243896604e+07
1.266431335153119471e+04,-9.644341166669786469e-01,-1.813120732986094330e-01,1.407847360815151781e+07,-6.641016820666855574e+07
1.267843187254739496e+04,-9.630821980143335903e-01,-1.875751692728643005e-01,1.457118304553753324e+07,-6.631587334398347139e+07
1.269255039356359521e+04,-9.616838008019394923e-01,-1.938292128317879170e-01,1.506344062185448781e+07,-6.621832907766480744e+07
1.270666891457979364e+04,-9.602389683939364096e-01,-2.000738972918639225e-01,1.555523106529117562e+07,-6.611753496210931242e+07
1.272078743559599388e+04,-9.587477455976608498e-01,-2.063089159266425499e-01,1.604653906265914440e+07,-6.601349053322748840e+07
1.273490595661219413e+04,-9.572101786676214807e-01,-2.125339619650100931e-01,1.653734925793653913e+07,-6.590619530885653943e+07
1.274902447762839438e+04,-9.556263153096091756e-01,-2.187487285895064193e-01,1.702764625081048533e+07,-6.579564878918806463e+07
1.276314299864459281e+04,-9.539962046849461696e-01,-2.249529089346785082e-01,1.751741459521692991e+07,-6.568185045721079409e+07
1.277726151966079306e+04,-9.523198974148718854e-01,-2.311461960854814535e-01,1.800663879787866026e+07,-6.556479977916841954e+07
1.279138004067699330e+04,-9.505974455850690896e-01,-2.373282830757150741e-01,1.849530331684042513e+07,-6.544449620503281057e+07
1.280549856169319355e+04,-9.488289027503261641e-01,-2.434988628865146221e-01,1.898339256000235677e+07,-6.532093916899250448e+07
1.281961708270939198e+04,-9.470143239393394863e-01,-2.496576284448825123e-01,1.947089088365062699e+07,-6.519412808995687962e+07
1.283373560372559223e+04,-9.451537656596525894e-01,-2.558042726222741203e-01,1.995778259098606929e+07,-6.506406237207593024e+07
1.284785412474179248e+04,-9.432472859027370982e-01,-2.619384882332246867e-01,2.044405193064967543e+07,-6.493074140527612716e+07
1.286197264575799272e+04,-9.412949441492106661e-01,-2.680599680340360336e-01,2.092968309524618834e+07,-6.479416456581211835e+07
1.287609116677419115e+04,-9.392968013741956890e-01,-2.741684047215109943e-01,2.141466021986475587e+07,-6.465433121683479846e+07
1.289020968779039140e+04,-9.372529200528160187e-01,-2.802634909317470169e-01,2.189896738059732690e+07,-6.451124070897565037e+07
1.290432820880659165e+04,-9.351633641658358975e-01,-2.863449192389780906e-01,2.238258859305376187e+07,-6.436489238094782829e+07
1.291844672982279189e+04,-9.330281992054381135e-01,-2.924123821544817314e-01,2.286550781087486446e+07,-6.421528556016385555e+07
1.293256525083899032e+04,-9.308474921811424885e-01,-2.984655721255405347e-01,2.334770892424230278e+07,-6.406241956337033957e+07
1.294668377185519057e+04,-9.286213116258636990e-01,-3.045041815344687874e-01,2.382917575838612020e+07,-6.390629369729975611e+07
1.296080229287139082e+04,-9.263497276021143145e-01,-3.105279026976943135e-01,2.430989207208881900e+07,-6.374690725933974981e+07
1.297492081388758925e+04,-9.240328117083448367e-01,-3.165364278649104302e-01,2.478984155618716776e+07,-6.358425953821981698e+07
1.298903933490378950e+04,-9.216706370854258479e-01,-3.225294492182943507e-01,2.526900783207113668e+07,-6.341834981471573561e+07
1.300315785591998974e+04,-9.192632784232754872e-01,-3.285066588717853175e-01,2.574737445017938688e+07,-6.324917736237215251e+07
1.301727637693618999e+04,-9.168108119676248169e-01,-3.344677488704400070e-01,2.622492488849246874e+07,-6.307674144824316353e+07
1.303139489795238842e+04,-9.143133155269279611e-01,-3.404124111898534366e-01,2.670164255102271214e+07,-6.290104133365143090e+07
1.304551341896858867e+04,-9.117708684794127993e-01,-3.463403377356579216e-01,2.717751076630154625e+07,-6.272207627496581525e+07
1.305963193998478891e+04,-9.091835517802782096e-01,-3.522512203430875899e-01,2.765251278586323559e+07,-6.253984552439808846e+07
1.307375046100098916e+04,-9.065514479690306437e-01,-3.581447507766274962e-01,2.812663178272626549e+07,-6.235434833081859350e+07
1.308786898201718759e+04,-9.038746411769669198e-01,-3.640206207297355112e-01,2.859985084987137839e+07,-6.216558394059135765e+07
1.310198750303338784e+04,-9.011532171347975684e-01,-3.698785218246489204e-01,2.907215299871700630e+07,-6.197355159842869639e+07
1.311610602404958809e+04,-8.983872631804192821e-01,-3.757181456122643537e-01,2.954352115759110823e+07,-6.177825054826594144e+07
1.313022454506578833e+04,-8.955768682668266978e-01,-3.815391835721097524e-01,3.001393817020064592e+07,-6.157968003415604681e+07
1.314434306608198676e+04,-8.927221229701716165e-01,-3.873413271123963275e-01,3.048338679409772158e+07,-6.137783930118474364e+07
1.315846158709818701e+04,-8.898231194979654424e-01,-3.931242675701626665e-01,3.095184969914313778e+07,-6.117272759640621394e+07
1.317258010811438726e+04,-8.868799516974290587e-01,-3.988876962115009972e-01,3.141930946596640348e+07,-6.096434416979996860e+07
1.318669862913058751e+04,-8.838927150639857011e-01,-4.046313042318814834e-01,3.188574858442342281e+07,-6.075268827524872124e+07
1.320081715014678593e+04,-8.808615067499016016e-01,-4.103547827565660056e-01,3.235114945205093920e+07,-6.053775917153790593e+07
1.321493567116298618e+04,-8.777864255730692955e-01,-4.160578228411215274e-01,3.281549437251847237e+07,-6.031955612337687612e+07
1.322905419217918643e+04,-8.746675720259426967e-01,-4.217401154720231693e-01,3.327876555407680944e+07,-6.009807840244245529e+07
1.324317271319538668e+04,-8.715050482846132818e-01,-4.274013515673647512e-01,3.374094510800430924e+07,-5.987332528844468296e+07
1.325729123421158511e+04,-8.682989582180364874e-01,-4.330412219776662575e-01,3.420201504705009609e+07,-5.964529607021541893e+07
1.327140975522778535e+04,-8.650494073974022147e-01,-4.386594174867893270e-01,3.466195728387489915e+07,-5.941399004681983590e+07
1.328552827624398560e+04,-8.617565031056565461e-01,-4.442556288129518860e-01,3.512075362948863953e+07,-5.917940652869155258e+07
1.329964679726018403e+04,-8.584203543471679021e-01,-4.498295466098573003e-01,3.557838579168596864e+07,-5.894154483879125118e+07
1.331376531827638428e+04,-8.550410718575406355e-01,-4.553808614679338285e-01,3.603483537347923964e+07,-5.870040431378924847e+07
1.332788383929258453e+04,-8.516187681135801713e-01,-4.609092639156807669e-01,3.649008387152852863e+07,-5.845598430527278036e+07
1.334200236030878477e+04,-8.481535573434026976e-01,-4.664144444211366092e-01,3.694411267456978559e+07,-5.820828418097764254e+07
1.335612088132498320e+04,-8.446455555366955137e-01,-4.718960933934602253e-01,3.739690306184039265e+07,-5.795730332604511827e+07
1.337023940234118345e+04,-8.410948804551233726e-01,-4.773539011846362756e-01,3.784843620150276273e+07,-5.770304114430413395e+07
1.338435792335738370e+04,-8.375016516428888114e-01,-4.827875580912958098e-01,3.829869314906528592e+07,-5.744549705957948416e+07
1.339847644437358394e+04,-8.338659904374362553e-01,-4.881967543566686496e-01,3.874765484580177069e+07,-5.718467051702593267e+07
1.341259496538978237e+04,-8.301880199803083338e-01,-4.935811801726581738e-01,3.919530211716860533e+07,-5.692056098448903859e+07
1.342671348640598262e+04,-8.264678652281495230e-01,-4.989405256820509393e-01,3.964161567122045159e+07,-5.665316795389264077e+07
1.344083200742218287e+04,-8.227056529638633320e-01,-5.042744809808505924e-01,4.008657609702363610e+07,-5.638249094265403599e+07
1.345495052843838312e+04,-8.189015118079147060e-01,-5.095827361207539985e-01,4.053016386306852847e+07,-5.610852949512647092e+07
1.346906904945458155e+04,-8.150555722297855299e-01,-5.148649811117610442e-01,4.097235931568010896e+07,-5.583128318406993896e+07
1.348318757047078179e+04,-8.111679665595771249e-01,-5.201209059249283229e-01,4.141314267742758989e+07,-5.555075161215025187e+07
1.349730609148698204e+04,-8.072388289997676214e-01,-5.253502004952581572e-01,4.185249404553224891e+07,-5.526693441346739233e+07
1.351142461250318229e+04,-8.032682956371147709e-01,-5.305525547247414986e-01,4.229039339027483761e+07,-5.497983125511278957e+07
1.352554313351938072e+04,-7.992565044547124131e-01,-5.357276584855440449e-01,4.272682055340178311e+07,-5.468944183875657618e+07
1.353966165453558096e+04,-7.952035953441939364e-01,-5.408752016233477899e-01,4.316175524653102458e+07,-5.439576590226481855e+07
1.355378017555178121e+04,-7.911097101180915026e-01,-5.459948739608401214e-01,4.359517704955679178e+07,-5.409880322134767473e+07
1.356789869656797964e+04,-7.869749925223413767e-01,-5.510863653013660102e-01,4.402706540905454010e+07,-5.379855361123830080e+07
1.358201721758417989e+04,-7.827995882489393598e-01,-5.561493654327396285e-01,4.445739963668575883e+07,-5.349501692840323597e+07
1.359613573860038014e+04,-7.785836449487522071e-01,-5.611835641312137302e-01,4.488615890760235488e+07,-5.318819307228508592e+07
1.361025425961658038e+04,-7.743273122444732648e-01,-5.661886511656204490e-01,4.531332225885184854e+07,-5.287808198707723618e+07
1.362437278063277881e+04,-7.700307417437328716e-01,-5.711643163016786318e-01,4.573886858778277785e+07,-5.256468366353163868e+07
1.363849130164897906e+04,-7.656940870523554210e-01,-5.761102493064761410e-01,4.616277665045113862e+07,-5.224799814079975337e+07
1.365260982266517931e+04,-7.613175037877725204e-01,-5.810261399531209126e-01,4.658502506002725661e+07,-5.192802550830766559e+07
1.366672834368137956e+04,-7.569011495925802580e-01,-5.859116780255785306e-01,4.700559228520444781e+07,-5.160476590766514838e+07
1.368084686469757798e+04,-7.524451841482509007e-01,-5.907665533236857724e-01,4.742445664860884100e+07,-5.127821953460972011e+07
1.369496538571377823e+04,-7.479497691889909206e-01,-5.955904556683541129e-01,4.784159632521127164e+07,-5.094838664098578691e+07
1.370908390672997848e+04,-7.434150685157534522e-01,-6.003830749069560824e-01,4.825698934074069560e+07,-5.061526753675996512e+07
1.372320242774617873e+04,-7.388412480103964119e-01,-6.051441009189078013e-01,4.867061357010050118e+07,-5.027886259207230806e+07
1.373732094876237716e+04,-7.342284756499921627e-01,-6.098732236214454705e-01,4.908244673578711599e+07,-4.993917223932457715e+07
1.375143946977857740e+04,-7.295769215212831726e-01,-6.145701329756019238e-01,4.949246640631192178e+07,-4.959619697530560195e+07
1.376555799079477765e+04,-7.248867578352924390e-01,-6.192345189923822435e-01,4.990064999462591857e+07,-4.924993736335492879e+07
1.377967651181097790e+04,-7.201581589420759100e-01,-6.238660717391484312e-01,5.030697475654858351e+07,-4.890039403556443751e+07
1.379379503282717633e+04,-7.153913013456278946e-01,-6.284644813462123558e-01,5.071141778920039535e+07,-4.854756769501912594e+07
1.380791355384337658e+04,-7.105863637189291371e-01,-6.330294380136446408e-01,5.111395602944003791e+07,-4.819145911807709932e+07
1.382203207485957682e+04,-7.057435269191487670e-01,-6.375606320182944931e-01,5.151456625230580568e+07,-4.783206915669005364e+07
1.383615059587577707e+04,-7.008629740029878041e-01,-6.420577537210373498e-01,5.191322506946272403e+07,-4.746939874076384306e+07
1.385026911689197550e+04,-6.959448902421710992e-01,-6.465204935742422387e-01,5.230990892765485495e+07,-4.710344888056048006e+07
1.386438763790817575e+04,-6.909894631390826047e-01,-6.509485421294722851e-01,5.270459410716390610e+07,-4.673422066914150864e+07
1.387850615892437600e+04,-6.859968824425516365e-01,-6.553415900454119258e-01,5.309725672027375549e+07,-4.636171528485418111e+07
1.389262467994057442e+04,-6.809673401637782453e-01,-6.596993280960359307e-01,5.348787270974226296e+07,-4.598593399385999143e+07
1.390674320095677467e+04,-6.759010305924016970e-01,-6.640214471790185646e-01,5.387641784728044271e+07,-4.560687815270663798e+07
1.392086172197297492e+04,-6.707981503127191658e-01,-6.683076383243827800e-01,5.426286773203898221e+07,-4.522454921094445139e+07
1.393498024298917517e+04,-6.656588982200395410e-01,-6.725575927034045387e-01,5.464719778910359740e+07,-4.483894871378690004e+07
1.394909876400537360e+04,-6.604834755371826738e-01,-6.767710016377662674e-01,5.502938326799889654e+07,-4.445007830481662601e+07
1.396321728502157384e+04,-6.552720858311162910e-01,-6.809475566089711052e-01,5.540939924120191485e+07,-4.405793972873691469e+07
1.397733580603777409e+04,-6.500249350297381268e-01,-6.850869492680145001e-01,5.578722060266508907e+07,-4.366253483417009562e+07
1.399145432705397434e+04,-6.447422314387917242e-01,-6.891888714453263676e-01,5.616282206635017693e+07,-4.326386557650245726e+07
1.400557284807017277e+04,-6.394241857589226807e-01,-6.932530151609815894e-01,5.653617816477296501e+07,-4.286193402077705413e+07
1.401969136908637302e+04,-6.340710111028688978e-01,-6.972790726351882906e-01,5.690726324755994976e+07,-4.245674234463444352e+07
1.403380989010257326e+04,-6.286829230127921608e-01,-7.012667362990514519e-01,5.727605148001681268e+07,-4.204829284130279720e+07
1.404792841111877351e+04,-6.232601394777386172e-01,-7.052156988056252906e-01,5.764251684171031415e+07,-4.163658792263699323e+07
1.406204693213497194e+04,-6.178028809512352559e-01,-7.091256530412529679e-01,5.800663312506350875e+07,-4.122163012220810354e+07
1.407616545315117219e+04,-6.123113703690150622e-01,-7.129962921372018370e-01,5.836837393396551162e+07,-4.080342209844329953e+07
1.409028397416737243e+04,-6.067858331668795069e-01,-7.168273094815935664e-01,5.872771268239577860e+07,-4.038196663781768084e+07
1.410440249518357268e+04,-6.012264972986830491e-01,-7.206183987316421291e-01,5.908462259306456894e+07,-3.995726665809758753e+07
1.411852101619977111e+04,-5.956335932544492007e-01,-7.243692538261983227e-01,5.943907669606954604e+07,-3.952932521163684875e+07
1.413263953721597136e+04,-5.900073540786086035e-01,-7.280795689986094832e-01,5.979104782756988704e+07,-3.909814548872604221e+07
1.414675805823217161e+04,-5.843480153883686690e-01,-7.317490387898947235e-01,6.014050862847793847e+07,-3.866373082099621743e+07
1.416087657924837004e+04,-5.786558153921985692e-01,-7.353773580622461337e-01,6.048743154317006469e+07,-3.822608468487669528e+07
1.417499510026457028e+04,-5.729309949084365750e-01,-7.389642220128606054e-01,6.083178881821718067e+07,-3.778521070510813594e+07
1.418911362128077053e+04,-5.671737973840205171e-01,-7.425093261881011708e-01,6.117355250113532692e+07,-3.734111265831195563e+07
1.420323214229697078e+04,-5.613844689133303811e-01,-7.460123664980019553e-01,6.151269443915812671e+07,-3.689379447661575675e+07
1.421735066331316921e+04,-5.555632582571479183e-01,-7.494730392311160783e-01,6.184918627803123742e+07,-3.644326025133623928e+07
1.423146918432936945e+04,-5.497104168617262809e-01,-7.528910410697157163e-01,6.218299946083026379e+07,-3.598951423671962321e+07
1.424558770534556970e+04,-5.438261988779760081e-01,-7.562660691053438855e-01,6.251410522680246085e+07,-3.553256085374113917e+07
1.425970622636176995e+04,-5.379108611807528195e-01,-7.595978208547319310e-01,6.284247461023399234e+07,-3.507240469396308064e+07
1.427382474737796838e+04,-5.319646633882555431e-01,-7.628859942760818358e-01,6.316807843934309483e+07,-3.460905052345298976e+07
1.428794326839416863e+04,-5.259878678815216313e-01,-7.661302877857222304e-01,6.349088733520071954e+07,-3.414250328676192462e+07
1.430206178941036887e+04,-5.199807398240321454e-01,-7.693304002751401027e-01,6.381087171067903191e+07,-3.367276811096440256e+07
1.431618031042656912e+04,-5.139435471814062240e-01,-7.724860311284001968e-01,6.412800176942963898e+07,-3.319985030975951254e+07
1.433029883144276755e+04,-5.078765607411953598e-01,-7.755968802399515472e-01,6.444224750489210337e+07,-3.272375538763470948e+07
1.434441735245896780e+04,-5.017800541327650521e-01,-7.786626480328332489e-01,6.475357869933431596e+07,-3.224448904409229755e+07
1.435853587347516805e+04,-4.956543038472737694e-01,-7.816830354772770217e-01,6.506196492292526364e+07,-3.176205717794016004e+07
1.437265439449136829e+04,-4.894995892577291841e-01,-7.846577441097227767e-01,6.536737553284224123e+07,-3.127646589164616913e+07
1.438677291550756672e+04,-4.833161926391323360e-01,-7.875864760522447439e-01,6.566977967241308093e+07,-3.078772149575786293e+07
1.440089143652376697e+04,-4.771043991886964042e-01,-7.904689340324011493e-01,6.596914627029515058e+07,-3.029583051338730380e+07
1.441500995753996722e+04,-4.708644970461486334e-01,-7.933048214035055556e-01,6.626544403969182074e+07,-2.980079968476269022e+07
1.442912847855616747e+04,-4.645967773140967649e-01,-7.960938421653354080e-01,6.655864147760847956e+07,-2.930263597184612602e+07
1.444324699957236589e+04,-4.583015340784686309e-01,-7.988357009852767865e-01,6.684870686414887756e+07,-2.880134656301911920e+07
1.445736552058856614e+04,-4.519790644290112569e-01,-8.015301032199166897e-01,6.713560826185368001e+07,-2.829693887783566117e+07
1.447148404160476639e+04,-4.456296684798584096e-01,-8.041767549370844037e-01,6.741931351508198678e+07,-2.778942057184451073e+07
1.448560256262096482e+04,-4.392536493901473271e-01,-8.067753629383530578e-01,6.769979024943810701e+07,-2.727879954148002341e+07
1.449972108363716507e+04,-4.328513133846871308e-01,-8.093256347820070307e-01,6.797700587124468386e+07,-2.676508392902266607e+07
1.451383960465336531e+04,-4.264229697746825254e-01,-8.118272788064774259e-01,6.825092756706345081e+07,-2.624828212763039768e+07
1.452795812566956556e+04,-4.199689309784915281e-01,-8.142800041542589407e-01,6.852152230326579511e+07,-2.572840278644019365e+07
1.454207664668576399e+04,-4.134895125424270512e-01,-8.166835207963100141e-01,6.878875682565428317e+07,-2.520545481574130058e+07
1.455619516770196424e+04,-4.069850331615862959e-01,-8.190375395569458039e-01,6.905259765913714468e+07,-2.467944739221996069e+07
1.457031368871816449e+04,-4.004558147007168389e-01,-8.213417721392268778e-01,6.931301110745692253e+07,-2.415038996427718922e+07
1.458443220973436473e+04,-3.939021822150972629e-01,-8.235959311508563863e-01,6.956996325297565758e+07,-2.361829225741873682e+07
1.459855073075056316e+04,-3.873244639714404913e-01,-8.257997301305873838e-01,6.982341995651784539e+07,-2.308316427971881628e+07
1.461266925176676341e+04,-3.807229914688041728e-01,-8.279528835751505111e-01,7.007334685727341473e+07,-2.254501632735722139e+07
1.462678777278296366e+04,-3.740980994595155540e-01,-8.300551069667058135e-01,7.031970937276199460e+07,-2.200385899023139104e+07
1.464090629379916390e+04,-3.674501259700885814e-01,-8.321061168008299092e-01,7.056247269886109233e+07,-2.145970315764246508e+07
1.465502481481536233e+04,-3.607794123221402249e-01,-8.341056306150420596e-01,7.080160180989955366e+07,-2.091256002405685186e+07
1.466914333583156258e+04,-3.540863031532898164e-01,-8.360533670178780241e-01,7.103706145881865919e+07,-2.036244109494284913e+07
1.468326185684776283e+04,-3.473711464380483394e-01,-8.379490457185180263e-01,7.126881617740239203e+07,-1.980935819268379360e+07
1.469738037786396308e+04,-3.406342935086744683e-01,-8.397923875569761609e-01,7.149683027657958865e+07,-1.925332346256671101e+07
1.471149889888016151e+04,-3.338760990760032410e-01,-8.415831145348591225e-01,7.172106784679955244e+07,-1.869434937884788215e+07
1.472561741989636175e+04,-3.270969212502312651e-01,-8.433209498467012510e-01,7.194149275848366320e+07,-1.813244875089475140e+07
1.473973594091256200e+04,-3.202971215616637335e-01,-8.450056179118816679e-01,7.215806866255469620e+07,-1.756763472940564156e+07
1.475385446192876225e+04,-3.134770649813993226e-01,-8.466368444071327160e-01,7.237075899104668200e+07,-1.699992081270601600e+07
1.476797298294496068e+04,-3.066371199419590798e-01,-8.482143562996466990e-01,7.257952695779712498e+07,-1.642932085312270001e+07
1.478209150396116092e+04,-2.997776583578404264e-01,-8.497378818807875822e-01,7.278433555922433734e+07,-1.585584906343531981e+07
1.479621002497736117e+04,-2.928990556460027705e-01,-8.512071508004144249e-01,7.298514757519163191e+07,-1.527952002340631187e+07
1.481032854599355960e+04,-2.860016907462595293e-01,-8.526218941018256503e-01,7.318192556996156275e+07,-1.470034868638821132e+07
1.482444706700975985e+04,-2.790859461415755027e-01,-8.539818442573309243e-01,7.337463189324226975e+07,-1.411835038600893877e+07
1.483856558802596010e+04,-2.721522078782692700e-01,-8.552867352044557503e-01,7.356322868132828176e+07,-1.353354084293581732e+07
1.485268410904216034e+04,-2.652008655860944586e-01,-8.565363023827906597e-01,7.374767785833884776e+07,-1.294593617171689682e+07
1.486680263005835877e+04,-2.582323124982051077e-01,-8.577302827714876621e-01,7.392794113755598664e+07,-1.235555288770073466e+07
1.488092115107455902e+04,-2.512469454709839178e-01,-8.588684149274147250e-01,7.410398002286523581e+07,-1.176240791403366625e+07
1.489503967209075927e+04,-2.442451650037393285e-01,-8.599504390239732787e-01,7.427575581030142307e+07,-1.116651858873564377e+07
1.490915819310695952e+04,-2.372273752582424178e-01,-8.609760968905882939e-01,7.444322958970272541e+07,-1.056790267185295187e+07
1.492327671412315794e+04,-2.301939840781078161e-01,-8.619451320528758176e-01,7.460636224647542834e+07,-9.966578352688811719e+06
1.493739523513935819e+04,-2.231454030079975115e-01,-8.628572897734979597e-01,7.476511446347253025e+07,-9.362564257110685110e+06
1.495151375615555844e+04,-2.160820473126509322e-01,-8.637123170937095473e-01,7.491944672298876941e+07,-8.755879454935193062e+06
1.496563227717175869e+04,-2.090043359957120817e-01,-8.645099628756066634e-01,7.506931930887551606e+07,-8.146543467388743535e+06
1.497975079818795712e+04,-2.019126918183568320e-01,-8.652499778450819523e-01,7.521469230877809227e+07,-7.534576274644676596e+06
1.499386931920415736e+04,-1.948075413176977577e-01,-8.659321146354964638e-01,7.535552561649893224e+07,-6.919998323435509577e+06
1.500798784022035761e+04,-1.876893148249692000e-01,-8.665561278320705885e-01,7.549177893448936939e+07,-6.302830534741013311e+06
1.502210636123655786e+04,-1.805584464834614766e-01,-8.671217740170067412e-01,7.562341177647358179e+07,-5.683094311549928039e+06
1.503622488225275629e+04,-1.734153742662071784e-01,-8.676288118153469009e-01,7.575038347020760179e+07,-5.060811546695928089e+06
1.505034340326895654e+04,-1.662605399933946571e-01,-8.680770019415734451e-01,7.587265316037693620e+07,-4.436004630766144954e+06
1.506446192428515678e+04,-1.590943893495109229e-01,-8.684661072469591625e-01,7.599017981163574755e+07,-3.808696460082741454e+06
1.507858044530135521e+04,-1.519173719001825351e-01,-8.687958927676751042e-01,7.610292221179138124e+07,-3.178910444755135570e+06
1.509269896631755546e+04,-1.447299411087090981e-01,-8.690661257736601586e-01,7.621083897513741255e+07,-2.546670516802658327e+06
1.510681748733375571e+04,-1.375325543522833427e-01,-8.692765758182621205e-01,7.631388854593865573e+07,-1.912001138347358443e+06
1.512093600834995596e+04,-1.303256729378658441e-01,-8.694270147886539180e-01,7.641202920207180083e+07,-1.274927309874323662e+06
1.513505452936615438e+04,-1.231097621177142665e-01,-8.695172169570334342e-01,7.650521905882512033e+07,-6.354745785596373025e+05
1.514917305038235463e+04,-1.158852911045409051e-01,-8.695469590326118103e-01,7.659341607286097109e+07,6.330953336265170947e+03
1.516329157139855488e+04,-1.086527330862977342e-01,-8.695160202143976669e-01,7.667657804634456336e+07,6.504626200098668924e+05
1.517741009241475513e+04,-1.014125652405545586e-01,-8.694241822447816848e-01,7.675466263124288619e+07,1.296893183593547903e+06
1.519152861343095356e+04,-9.416526874846897766e-02,-8.692712294639294290e-01,7.682762733379746974e+07,1.945594825572474394e+06
1.520564713444715380e+04,-8.691132880832035112e-02,-8.690569488649860785e-01,7.689542951917481422e+07,2.596539138142012991e+06
1.521976565546335405e+04,-7.965123464860560110e-02,-8.687811301501000560e-01,7.695802641629815102e+07,3.249697115506050177e+06
1.523388417647955430e+04,-7.238547954066125445e-02,-8.684435657872705550e-01,7.701537512286472321e+07,3.905039145119697321e+06
1.524800269749575273e+04,-6.511456081080853331e-02,-8.680440510680244026e-01,7.706743261055222154e+07,4.562534998876970261e+06
1.526212121851195297e+04,-5.783897985199255160e-02,-8.675823841659261459e-01,7.711415573041857779e+07,5.222153824246469885e+06
1.527623973952815322e+04,-5.055924213491205105e-02,-8.670583661959285759e-01,7.715550121849884093e+07,5.883864135355839506e+06
1.529035826054435347e+04,-4.327585721860217199e-02,-8.664718012745660225e-01,7.719142570160348713e+07,6.547633804028952494e+06
1.530447678156055190e+04,-3.598933876046597757e-02,-8.658224965809958595e-01,7.722188570332202315e+07,7.213430050776815042e+06
1.531859530257675215e+04,-2.870020452572401293e-02,-8.651102624188922174e-01,7.724683765023608506e+07,7.881219435745704919e+06
1.533271382359295239e+04,-2.140897639627691723e-02,-8.643349122791964545e-01,7.726623787834613025e+07,8.550967849623760208e+06
1.534683234460915264e+04,-1.411618037894192546e-02,-8.634962629037277182e-01,7.728004263971598446e+07,9.222640504510475323e+06
1.536095086562535107e+04,-6.822346613057542197e-03,-8.625941343496559277e-01,7.728820810933935642e+07,9.896201924750568345e+06
1.537506938664155132e+04,4.719906225760018051e-04,-8.616283500548422847e-01,7.729069039223261178e+07,1.057161593773625605e+07
1.538918790765775157e+04,7.766292903427077232e-03,-8.605987369040495327e-01,7.728744553075805306e+07,1.124884566467966884e+07
1.540330642867394999e+04,1.506001765367353737e-02,-8.595051252960235200e-01,7.727842951218201220e+07,1.192785351136030629e+07
1.541742494969015024e+04,2.235261814136808509e-02,-8.583473492114488401e-01,7.726359827647195756e+07,1.260860115885016695e+07
1.543154347070635049e+04,2.964354347434243475e-02,-8.571252462817828821e-01,7.724290772433713078e+07,1.329104955421931110e+07
1.544566199172255074e+04,3.693223859689125088e-02,-8.558386578589649574e-01,7.721631372551685572e+07,1.397515890122720413e+07
1.545978051273874917e+04,4.421814428724452767e-02,-8.544874290860070554e-01,7.718377212732097507e+07,1.466088865100230835e+07
1.547389903375494941e+04,5.150069715586351460e-02,-8.530714089684621193e-01,7.714523876342675090e+07,1.534819749271497689e+07
1.548801755477114966e+04,5.877932964456974996e-02,-8.515904504467759484e-01,7.710066946293659508e+07,1.603704334424639121e+07
1.550213607578734991e+04,6.605347002655068134e-02,-8.500444104695170644e-01,7.705002005970102549e+07,1.672738334285966121e+07
1.551625459680354834e+04,7.332254240725215311e-02,-8.484331500674882065e-01,7.699324640191113949e+07,1.741917383587615192e+07
1.553037311781974859e+04,8.058596672619453005e-02,-8.467565344287162343e-01,7.693030436196501553e+07,1.811237037136277929e+07
1.554449163883594883e+04,8.784315875972378840e-02,-8.450144329743224381e-01,7.686114984661251307e+07,1.880692768883368745e+07
1.555861015985214908e+04,9.509353012474257294e-02,-8.432067194352670381e-01,7.678573880738256872e+07,1.950279970997309685e+07
1.557272868086834751e+04,1.023364882834330164e-01,-8.413332719299699836e-01,7.670402725129751861e+07,2.019993952938312665e+07
1.558684720188454776e+04,1.095714365490101788e-01,-8.393939730428019441e-01,7.661597125187866390e+07,2.089829940536300465e+07
1.560096572290074801e+04,1.167977740925184860e-01,-8.373887099034461601e-01,7.652152696044741571e+07,2.159783075072384998e+07
1.561508424391694825e+04,1.240148959507182264e-01,-8.353173742671232693e-01,7.642065061772625148e+07,2.229848412364654243e+07
1.562920276493314668e+04,1.312221930350754850e-01,-8.331798625956781112e-01,7.631329856574359536e+07,2.300020921858722717e+07
1.564332128594934693e+04,1.384190521418955933e-01,-8.309760761395201811e-01,7.619942726004698873e+07,2.370295485723769292e+07
1.565743980696554718e+04,1.456048559636144990e-01,-8.287059210204185122e-01,7.607899328222857416e+07,2.440666897954551876e+07
1.567155832798174561e+04,1.527789831012957011e-01,-8.263693083151377738e-01,7.595195335276696086e+07,2.511129863480228558e+07
1.568567684899794585e+04,1.599408080783538133e-01,-8.239661541399114775e-01,7.581826434418945014e+07,2.581678997280579805e+07
1.569979537001414610e+04,1.670897013555273369e-01,-8.214963797357492936e-01,7.567788329455879331e+07,2.652308823510249704e+07
1.571391389103034635e+04,1.742250293471490352e-01,-8.189599115545638242e-01,7.553076742128810287e+07,2.723013774631898105e+07
1.572803241204654478e+04,1.813461544387299507e-01,-8.163566813461119454e-01,7.537687413528794050e+07,2.793788190558856353e+07
1.574215093306274503e+04,1.884524350058998654e-01,-8.136866262457396193e-01,7.521616105544906855e+07,2.864626317808165774e+07
1.575626945407894527e+04,1.955432254347213294e-01,-8.109496888629240674e-01,7.504858602346488833e+07,2.935522308664631471e+07
1.577038797509514552e+04,2.026178761434279385e-01,-8.081458173705958759e-01,7.487410711899672449e+07,3.006470220356888324e+07
1.578450649611134395e+04,2.096757336056045418e-01,-8.052749655952350372e-01,7.469268267518557608e+07,3.077464014246157557e+07
1.579862501712754420e+04,2.167161403748531501e-01,-8.023370931077243862e-01,7.450427129451362789e+07,3.148497555028665438e+07
1.581274353814374444e+04,2.237384351109635294e-01,-7.993321653149524364e-01,7.430883186501888931e+07,3.219564609952446446e+07
1.582686205915994469e+04,2.307419526076396332e-01,-7.962601535521448559e-01,7.410632357686567307e+07,3.290658848049620911e+07
1.584098058017614312e+04,2.377260238218014132e-01,-7.931210351759154786e-01,7.389670593927426636e+07,3.361773839384922385e+07
1.585509910119234337e+04,2.446899759045067513e-01,-7.899147936580158680e-01,7.367993879781219363e+07,3.432903054321532696e+07
1.586921762220854362e+04,2.516331322335134679e-01,-7.866414186797733299e-01,7.345598235205022991e+07,3.504039862805049866e+07
1.588333614322474386e+04,2.585548124475338105e-01,-7.833009062271926171e-01,7.322479717358507216e+07,3.575177533666767925e+07
1.589745466424094229e+04,2.654543324822019601e-01,-7.798932586867067807e-01,7.298634422443139553e+07,3.646309233947144449e+07
1.591157318525714254e+04,2.723310046077995761e-01,-7.764184849415561862e-01,7.274058487578509748e+07,3.717428028240607679e+07
1.592569170627334279e+04,2.791841374687616395e-01,-7.728766004687778191e-01,7.248748092716012895e+07,3.788526878062625229e+07
1.593981022728954304e+04,2.860130361250144970e-01,-7.692676274367783451e-01,7.222699462590007484e+07,3.859598641240312904e+07
1.595392874830574146e+04,2.928170020951673669e-01,-7.655915948034726082e-01,7.195908868706646562e+07,3.930636071327553689e+07
1.596804726932194171e+04,2.995953334016043801e-01,-7.618485384149602524e-01,7.168372631370463967e+07,4.001631817045875639e+07
1.598216579033814196e+04,3.063473246174982512e-01,-7.580385011047217070e-01,7.140087121748898923e+07,4.072578421752112359e+07
1.599628431135434039e+04,3.130722669157978699e-01,-7.541615327932997825e-01,7.111048763974745572e+07,4.143468322934205830e+07
1.601040283237054064e+04,3.197694481202182915e-01,-7.502176905884431202e-01,7.081254037286639214e+07,4.214293851736289263e+07
1.602452135338674088e+04,3.264381527582605469e-01,-7.462070388856885117e-01,7.050699478207625449e+07,4.285047232514199615e+07
1.603863987440294113e+04,3.330776621163148987e-01,-7.421296494693427892e-01,7.019381682761748135e+07,4.355720582422856241e+07
1.605275839541913956e+04,3.396872542968676356e-01,-7.379856016138423014e-01,6.987297308728688955e+07,4.426305911036647856e+07
1.606687691643533981e+04,3.462662042778600346e-01,-7.337749821854508969e-01,6.954443077936352789e+07,4.496795120004244894e+07
1.608099543745154006e+04,3.528137839742190862e-01,-7.294978857442733222e-01,6.920815778591364622e+07,4.567180002739015222e+07
1.609511395846774030e+04,3.593292623016150489e-01,-7.251544146465375151e-01,6.886412267647288740e+07,4.637452244146591425e+07
1.610923247948393873e+04,3.658119052424659290e-01,-7.207446791471198155e-01,6.851229473210455477e+07,4.707603420390807837e+07
1.612335100050013898e+04,3.722609759142357921e-01,-7.162687975022690168e-01,6.815264396983177960e+07,4.777624998699522763e+07
1.613746952151633923e+04,3.786757346400476121e-01,-7.117268960725009475e-01,6.778514116744172573e+07,4.847508337211589515e+07
1.615158804253253948e+04,3.850554390216631151e-01,-7.071191094256107368e-01,6.740975788865841925e+07,4.917244684866607934e+07
1.616570656354873790e+04,3.913993440148507141e-01,-7.024455804397733427e-01,6.702646650868178159e+07,4.986825181338757277e+07
1.617982508456493815e+04,3.977067020071857195e-01,-6.977064604066807174e-01,6.663524024008879811e+07,5.056240857016308606e+07
1.619394360558113840e+04,4.039767628983037540e-01,-6.929019091346835246e-01,6.623605315909371525e+07,5.125482633028161526e+07
1.620806212659733865e+04,4.102087741826574985e-01,-6.880320950518781231e-01,6.582888023216193169e+07,5.194541321319101006e+07
1.622218064761353708e+04,4.164019810347970862e-01,-6.830971953091037330e-01,6.541369734297350049e+07,5.263407624775164574e+07
1.623629916862973732e+04,4.225556263972158888e-01,-6.780973958827924974e-01,6.499048131973045319e+07,5.332072137400770932e+07
1.625041768964593757e+04,4.286689510707821782e-01,-6.730328916776355808e-01,6.455920996280296147e+07,5.400525344549029320e+07
1.626453621066213600e+04,4.347411938078021842e-01,-6.679038866289986887e-01,6.411986207270715386e+07,5.468757623206981272e+07
1.627865473167833625e+04,4.407715914077398600e-01,-6.627105938050438239e-01,6.367241747840823233e+07,5.536759242337272316e+07
1.629277325269453650e+04,4.467593788156150603e-01,-6.574532355085059843e-01,6.321685706594222039e+07,5.604520363277786970e+07
1.630689177371073674e+04,4.527037892231261518e-01,-6.521320433780597448e-01,6.275316280734736472e+07,5.672031040201019496e+07
1.632101029472693517e+04,4.586040541725127095e-01,-6.467472584892268728e-01,6.228131778989782184e+07,5.739281220634658635e+07
1.633512881574313542e+04,4.644594036631954359e-01,-6.412991314547593635e-01,6.180130624563001841e+07,5.806260746045126021e+07
1.634924733675933567e+04,4.702690662612091788e-01,-6.357879225244490451e-01,6.131311358115307242e+07,5.872959352485557646e+07
1.636336585777553591e+04,4.760322692114696275e-01,-6.302139016842871477e-01,6.081672640773205459e+07,5.939366671310043335e+07
1.637748437879173434e+04,4.817482385528874533e-01,-6.245773487549232117e-01,6.031213257163439691e+07,6.005472229955632985e+07
1.639160289980793459e+04,4.874161992363627016e-01,-6.188785534893486151e-01,5.979932118472731113e+07,6.071265452793847024e+07
1.640572142082413484e+04,4.930353752456717031e-01,-6.131178156697506543e-01,5.927828265531538427e+07,6.136735662053210288e+07
1.641983994184033509e+04,4.986049897212819215e-01,-6.072954452034556860e-01,5.874900871920448542e+07,6.201872078814610094e+07
1.643395846285653533e+04,5.041242650871055053e-01,-6.014117622179000477e-01,5.821149247097972780e+07,6.266663824080999196e+07
1.644807698387273558e+04,5.095924231802154702e-01,-5.954670971545571456e-01,5.766572839548317343e+07,6.331099919923117012e+07
1.646219550488893219e+04,5.150086853835396106e-01,-5.894617908617471036e-01,5.711171239947698265e+07,6.395169290702836215e+07
1.647631402590513244e+04,5.203722727615588406e-01,-5.833961946862479264e-01,5.654944184347587824e+07,6.458860764375839382e+07
1.649043254692133269e+04,5.256824061990026387e-01,-5.772706705636546642e-01,5.597891557373511046e+07,6.522163073874986172e+07
1.650455106793753293e+04,5.309383065425847814e-01,-5.710855911073793312e-01,5.540013395437441021e+07,6.585064858576278389e+07
1.651866958895373318e+04,5.361391947457698759e-01,-5.648413396962349564e-01,5.481309889962276816e+07,6.647554665848755091e+07
1.653278810996993343e+04,5.412842920165888971e-01,-5.585383105605163934e-01,5.421781390616495907e+07,6.709620952689950913e+07
1.654690663098613368e+04,5.463728199685128351e-01,-5.521769088664963965e-01,5.361428408557126671e+07,6.771252087448441982e+07
1.656102515200233393e+04,5.514040007743896687e-01,-5.457575507992543651e-01,5.300251619679075480e+07,6.832436351634968817e+07
1.657514367301853054e+04,5.563770573234495531e-01,-5.392806636437560419e-01,5.238251867868795991e+07,6.893161941823600233e+07
1.658926219403473078e+04,5.612912133813882098e-01,-5.327466858640869107e-01,5.175430168260096759e+07,6.953416971644473076e+07
1.660338071505093103e+04,5.661456937535112033e-01,-5.261560671807792300e-01,5.111787710490146279e+07,7.013189473869276047e+07
1.661749923606713128e+04,5.709397244509627489e-01,-5.195092686461088016e-01,5.047325861953095347e+07,7.072467402591170371e+07
1.663161775708333153e+04,5.756725328600182934e-01,-5.128067627172989695e-01,4.982046171049224585e+07,7.131238635500241816e+07
1.664573627809953177e+04,5.803433479144403107e-01,-5.060490333275292629e-01,4.915950370427104086e+07,7.189490976255865395e+07
1.665985479911573202e+04,5.849514002708918747e-01,-4.992365759546602000e-01,4.849040380216301233e+07,7.247212156957207620e+07
1.667397332013192863e+04,5.894959224873932424e-01,-4.923698976875801048e-01,4.781318311248079687e+07,7.304389840713050961e+07
1.668809184114812888e+04,5.939761492048190039e-01,-4.854495172900720190e-01,4.712786468261354417e+07,7.361011624312168360e+07
1.670221036216432913e+04,5.983913173314004963e-01,-4.784759652621302095e-01,4.643447353091433644e+07,7.417065040995106101e+07
1.671632888318052937e+04,6.027406662302409179e-01,-4.714497838985940992e-01,4.573303667838419974e+07,7.472537563328701258e+07
1.673044740419672962e+04,6.070234379098046196e-01,-4.643715273450308989e-01,4.502358318012649566e+07,7.527416606184063852e+07
1.674456592521292987e+04,6.112388772173644735e-01,-4.572417616507556404e-01,4.430614415654134750e+07,7.581689529819022119e+07
1.675868444622913012e+04,6.153862320353801207e-01,-4.500610648188933527e-01,4.358075282422994822e+07,7.635343643065822124e+07
1.677280296724533036e+04,6.194647534807782296e-01,-4.428300268533830741e-01,4.284744452657800168e+07,7.688366206624844670e+07
1.678692148826152697e+04,6.234736961071031258e-01,-4.355492498028244452e-01,4.210625676398678124e+07,7.740744436464990675e+07
1.680104000927772722e+04,6.274123181095070390e-01,-4.282193478010561383e-01,4.135722922371831536e+07,7.792465507331413031e+07
1.681515853029392747e+04,6.312798815325283419e-01,-4.208409471043910166e-01,4.060040380932464451e+07,7.843516556360881031e+07
1.682927705131012772e+04,6.350756524806369097e-01,-4.134146861253704119e-01,3.983582466962351650e+07,7.893884686805485189e+07
1.684339557232632797e+04,6.387989013314870901e-01,-4.059412154629617464e-01,3.906353822718916088e+07,7.943556971864779294e+07
1.685751409334252821e+04,6.424489029518362093e-01,-3.984211979290865902e-01,3.828359320632188767e+07,7.992520458626681566e+07
1.687163261435872846e+04,6.460249369160773192e-01,-3.908553085713782349e-01,3.749604066046122462e+07,8.040762172117233276e+07
1.688575113537492507e+04,6.495262877273321189e-01,-3.832442346920677534e-01,3.670093399900650978e+07,8.088269119459232688e+07
1.689986965639112532e+04,6.529522450410488732e-01,-3.755886758628841915e-01,3.589832901350697130e+07,8.135028294139720500e+07
1.691398817740732557e+04,6.563021038910347160e-01,-3.678893439358958406e-01,3.508828390318711102e+07,8.181026680385930836e+07
1.692810669842352581e+04,6.595751649178711595e-01,-3.601469630501504260e-01,3.427085929976542294e+07,8.226251257649637759e+07
1.694222521943972606e+04,6.627707345996354249e-01,-3.523622696340423244e-01,3.344611829153125733e+07,8.270689005199278891e+07
1.695634374045592631e+04,6.658881254848572073e-01,-3.445360124032931792e-01,3.261412644663984701e+07,8.314326906819358468e+07
1.697046226147212656e+04,6.689266564276373783e-01,-3.366689523544471041e-01,3.177495183558657020e+07,8.357151955616435409e+07
1.698458078248832680e+04,6.718856528248473570e-01,-3.287618627537796656e-01,3.092866505282087997e+07,8.399151158930876851e+07
1.699869930350452341e+04,6.747644468553261055e-01,-3.208155291215241678e-01,3.007533923746030778e+07,8.440311543353413045e+07
1.701281782452072366e+04,6.775623777209925924e-01,-3.128307492113039379e-01,2.921505009306301549e+07,8.480620159845459461e+07
1.702693634553692391e+04,6.802787918897708064e-01,-3.048083329847040557e-01,2.834787590642180666e+07,8.520064088961821795e+07
1.704105486655312416e+04,6.829130433402502698e-01,-2.967491025808457472e-01,2.747389756533459201e+07,8.558630446174614131e+07
1.705517338756932440e+04,6.854644938079684779e-01,-2.886538922808989938e-01,2.659319857531380653e+07,8.596306387296713889e+07
1.706929190858552465e+04,6.879325130332218929e-01,-2.805235484674282742e-01,2.570586507519260794e+07,8.633079114003135264e+07
1.708341042960172490e+04,6.903164790102956916e-01,-2.723589295784816788e-01,2.481198585158709809e+07,8.668935879448485374e+07
1.709752895061792515e+04,6.926157782380040207e-01,-2.641609060563333000e-01,2.391165235217365995e+07,8.703863993978530169e+07
1.711164747163412176e+04,6.948298059714251851e-01,-2.559303602907940789e-01,2.300495869774072990e+07,8.737850830933700502e+07
1.712576599265032200e+04,6.969579664747191927e-01,-2.476681865569918539e-01,2.209200169297282398e+07,8.770883832542309165e+07
1.713988451366652225e+04,6.989996732748957609e-01,-2.393752909475689028e-01,2.117288083592973650e+07,8.802950515900875628e+07
1.715400303468272250e+04,7.009543494164203192e-01,-2.310525912991741593e-01,2.024769832617580518e+07,8.834038479039102793e+07
1.716812155569892275e+04,7.028214277165197865e-01,-2.227010171132026428e-01,1.931655907152272016e+07,8.864135407066585124e+07
1.718224007671512300e+04,7.046003510210591125e-01,-2.143215094706941715e-01,1.837957069334469736e+07,8.893229078398337960e+07
1.719635859773132324e+04,7.062905724608506963e-01,-2.059150209413199151e-01,1.743684353042699397e+07,8.921307371056006849e+07
1.721047711874751985e+04,7.078915557082566812e-01,-1.974825154863896759e-01,1.648849064130914584e+07,8.948358269041447341e+07
1.722459563976372010e+04,7.094027752339424620e-01,-1.890249683557997384e-01,1.553462780508327857e+07,8.974369868779255450e+07
1.723871416077992035e+04,7.108237165636276389e-01,-1.805433659788905354e-01,1.457537352061350457e+07,8.999330385624490678e+07
1.725283268179612060e+04,7.121538765346925315e-01,-1.720387058491111842e-01,1.361084900413464382e+07,9.023228160431925952e+07
1.726695120281232084e+04,7.133927635524770494e-01,-1.635119964024669414e-01,1.264117818519780226e+07,9.046051666182738543e+07
1.728106972382852109e+04,7.145398978461208195e-01,-1.549642568896844042e-01,1.166648770092608221e+07,9.067789514664518833e+07
1.729518824484472134e+04,7.155948117237789230e-01,-1.463965172420481353e-01,1.068690688854634203e+07,9.088430463200277090e+07
1.730930676586092159e+04,7.165570498270504851e-01,-1.378098179308649973e-01,9.702567776163695380e+06,9.107963421421949565e+07
1.732342528687711820e+04,7.174261693844546928e-01,-1.292052098205180855e-01,8.713605071746751666e+06,9.126377458083742857e+07
1.733754380789331844e+04,7.182017404637808244e-01,-1.205837540150616338e-01,7.720156150291019119e+06,9.143661807910524309e+07
1.735166232890951869e+04,7.188833462231390969e-01,-1.119465216983599187e-01,6.722361039134463295e+06,9.159805878476183116e+07
1.736578084992571894e+04,7.194705831605403556e-01,-1.032945939676992025e-01,5.720362401391630061e+06,9.174799257106931508e+07
1.737989937094191919e+04,7.199630613618207553e-01,-9.462906166088545790e-02,4.714305517483050935e+06,9.188631717804153264e+07
1.739401789195811944e+04,7.203604047467336846e-01,-8.595102517679836795e-02,3.704338264732786454e+06,9.201293228181366622e+07
1.740813641297431968e+04,7.206622513130245267e-01,-7.726159428939322060e-02,2.690611095010308549e+06,9.212773956409694254e+07
1.742225493399051993e+04,7.208682533783020707e-01,-6.856188795514535361e-02,1.673277010394298006e+06,9.223064278166076541e+07
1.743637345500671654e+04,7.209780778195195028e-01,-5.985303411393946837e-02,6.524915368379182182e+05,9.232154783578324318e+07
1.745049197602291679e+04,7.209914063098754600e-01,-5.113616948339634594e-02,-3.715873041849252768e+05,9.240036284160985053e+07
1.746461049703911704e+04,7.209079355529435240e-01,-4.241243934668188081e-02,-1.398799026065438055e+06,9.246699819735820591e+07
1.747872901805531728e+04,7.207273775138371974e-01,-3.368299733377133620e-02,-2.428980709498260170e+06,9.252136665330645442e+07
1.749284753907151753e+04,7.204494596472167389e-01,-2.494900519622562929e-02,-3.461967036981402896e+06,9.256338338050067425e+07
1.750696606008771778e+04,7.200739251219429038e-01,-1.621163257549599127e-02,-4.497590329390367493e+06,9.259296603911615908e+07
1.752108458110391803e+04,7.196005330421801904e-01,-7.472056764794816376e-03,-5.535680584635027684e+06,9.261003484640607238e+07
1.753520310212011464e+04,7.190290586647534177e-01,1.268537535422799767e-03,-6.576065518405606970e+06,9.261451264417023957e+07
1.754932162313631488e+04,7.183592936125603456e-01,1.000895846833192368e-02,-7.618570607013695873e+06,9.260632496567551792e+07
1.756344014415251513e+04,7.175910460838427207e-01,1.874800727787625382e-02,-8.663019132326245308e+06,9.258540010195870697e+07
1.757755866516871538e+04,7.167241410571169036e-01,2.748447857215566281e-02,-9.709232228797443211e+06,9.255166916744206846e+07
1.759167718618491563e+04,7.157584204915674597e-01,3.621716059296088697e-02,-1.075702893259155378e+07,9.250506616479066014e+07
1.760579570720111587e+04,7.146937435227064261e-01,4.494483549139387940e-02,-1.180622623279285245e+07,9.244552804894050956e+07
1.761991422821731612e+04,7.135299866531007451e-01,5.366627960949010845e-02,-1.285663912469439209e+07,9.237299479022569954e+07
1.763403274923351637e+04,7.122670439379725771e-01,6.238026376775416409e-02,-1.390808066515493765e+07,9.228740943653245270e+07
1.764815127024971298e+04,7.109048271654796469e-01,7.108555355851135793e-02,-1.496036203001048416e+07,9.218871817440770566e+07
1.766226979126591323e+04,7.094432660314767825e-01,7.978090964498658899e-02,-1.601329257352595963e+07,9.207687038904953003e+07
1.767638831228211347e+04,7.078823083085766799e-01,8.846508806596797836e-02,-1.706667988986429200e+07,9.195181872310708463e+07
1.769050683329831372e+04,7.062219200093093896e-01,9.713684054598419049e-02,-1.812032987655670941e+07,9.181351913421694934e+07
1.770462535431451397e+04,7.044620855432007778e-01,1.057949148108392606e-01,-1.917404679994586110e+07,9.166193095120374858e+07
1.771874387533071422e+04,7.026028078675812250e-01,1.144380549083888060e-01,-2.022763336257625744e+07,9.149701692887263000e+07
1.773286239634691447e+04,7.006441086319440403e-01,1.230650015344192383e-01,-2.128089077250171453e+07,9.131874330132180452e+07
1.774698091736311471e+04,6.985860283156721806e-01,1.316744923634866893e-01,-2.233361881447699293e+07,9.112707983370371163e+07
1.776109943837931132e+04,6.964286263589589687e-01,1.402652623845639657e-01,-2.338561592299761996e+07,9.092199987236416340e+07
1.777521795939551157e+04,6.941719812867476191e-01,1.488360442413520224e-01,-2.443667925715099275e+07,9.070348039328901470e+07
1.778933648041171182e+04,6.918161908255259229e-01,1.573855685770601809e-01,-2.548660477723325789e+07,9.047150204879005253e+07
1.780345500142791207e+04,6.893613720128036748e-01,1.659125643835296371e-01,-2.653518732309314236e+07,9.022604921236078441e+07
1.781757352244411231e+04,6.868076612991182994e-01,1.744157593544912177e-01,-2.758222069415159151e+07,8.996711002163590491e+07
1.783169204346031256e+04,6.841552146424099146e-01,1.828938802427885479e-01,-2.862749773104894906e+07,8.969467641938814521e+07
1.784581056447651281e+04,6.814042075946153965e-01,1.913456532213763384e-01,-2.967081039886674657e+07,8.940874419249811769e+07
1.785992908549270942e+04,6.785548353803368959e-01,1.997698042478968650e-01,-3.071194987186843902e+07,8.910931300883416831e+07
1.787404760650890967e+04,6.756073129674375899e-01,2.081650594326478754e-01,-3.175070661970258132e+07,8.879638645198039711e+07
1.788816612752510991e+04,6.725618751294424325e-01,2.165301454097033340e-01,-3.278687049500365183e+07,8.846997205375424027e+07
1.790228464854131016e+04,6.694187764995999101e-01,2.248637897110188355e-01,-3.382023082233256847e+07,8.813008132445426285e+07
1.791640316955751041e+04,6.661782916164914470e-01,2.331647211432725797e-01,-3.485057648838690668e+07,8.777672978078342974e+07
1.793052169057371066e+04,6.628407149610685556e-01,2.414316701672325483e-01,-3.587769603341403604e+07,8.740993697139367461e+07
1.794464021158991090e+04,6.594063609850078223e-01,2.496633692794211767e-01,-3.690137774375619739e+07,8.702972650000017881e+07
1.795875873260611115e+04,6.558755641302798089e-01,2.578585533958453468e-01,-3.792140974545422196e+07,8.663612604601617157e+07
1.797287725362230776e+04,6.522486788398367263e-01,2.660159602375536392e-01,-3.893758009883439541e+07,8.622916738266156614e+07
1.798699577463850801e+04,6.485260795593248417e-01,2.741343307177929733e-01,-3.994967689400240034e+07,8.580888639250057936e+07
1.800111429565470826e+04,6.447081607297526773e-01,2.822124093304879122e-01,-4.095748834716076404e+07,8.537532308036819100e+07
1.801523281667090851e+04,6.407953367710226278e-01,2.902489445398369616e-01,-4.196080289767351747e+07,8.492852158364461362e+07
1.802935133768710875e+04,6.367880420562740396e-01,2.982426891707420369e-01,-4.295940930579061806e+07,8.446853017984332144e+07
1.804346985870330900e+04,6.326867308769725806e-01,3.061924007998283459e-01,-4.395309675094849616e+07,8.399540129147896171e+07
1.805758837971950925e+04,6.284918773986987173e-01,3.140968421467946747e-01,-4.494165493055959791e+07,8.350919148818531632e+07
1.807170690073570586e+04,6.242039756075912216e-01,3.219547814658311746e-01,-4.592487415920229256e+07,8.300996148605640233e+07
1.808582542175190611e+04,6.198235392474090721e-01,3.297649929368533517e-01,-4.690254546812285483e+07,8.249777614418648183e+07
1.809994394276810635e+04,6.153511017471998690e-01,3.375262570562564401e-01,-4.787446070495466143e+07,8.197270445839035511e+07
1.811406246378430660e+04,6.107872161395391242e-01,3.452373610269640625e-01,-4.884041263356751204e+07,8.143481955208438635e+07
1.812818098480050685e+04,6.061324549693469788e-01,3.528970991474718044e-01,-4.980019503395000845e+07,8.088419866431650519e+07
1.814229950581670710e+04,6.013874101932789040e-01,3.605042731996281336e-01,-5.075360280203255266e+07,8.032092313493429124e+07
1.815641802683290734e+04,5.965526930696996022e-01,3.680576928348803234e-01,-5.170043204935583472e+07,7.974507838688454032e+07
1.817053654784910759e+04,5.916289340392617557e-01,3.755561759587148218e-01,-5.264048020248953998e+07,7.915675390564122796e+07
1.818465506886530420e+04,5.866167825961153826e-01,3.829985491130178943e-01,-5.357354610210525244e+07,7.855604321576255560e+07
1.819877358988150445e+04,5.815169071497809927e-01,3.903836478560987477e-01,-5.449943010160896182e+07,7.794304385458016396e+07
1.821289211089770470e+04,5.763299948777499404e-01,3.977103171400745985e-01,-5.541793416523341835e+07,7.731785734303070605e+07
1.822701063191390494e+04,5.710567515688413920e-01,4.049774116853880335e-01,-5.632886196549904346e+07,7.668058915363799036e+07
1.824112915293010519e+04,5.656979014574003983e-01,4.121837963521585158e-01,-5.723201897994389385e+07,7.603134867566320300e+07
1.825524767394630544e+04,5.602541870484030184e-01,4.193283465081137362e-01,-5.812721258702849597e+07,7.537024917744095623e+07
1.826936619496250569e+04,5.547263689335504289e-01,4.264099483928342482e-01,-5.901425216112035513e+07,7.469740776592378318e+07
1.828348471597870594e+04,5.491152255984462771e-01,4.334274994780486501e-01,-5.989294916646369547e+07,7.401294534346118569e+07
1.829760323699490255e+04,5.434215532209547561e-01,4.403799088237185799e-01,-6.076311725004063547e+07,7.331698656184302270e+07
1.831172175801110279e+04,5.376461654608446494e-01,4.472660974296665537e-01,-6.162457233323262632e+07,7.260965977363955975e+07
1.832584027902730304e+04,5.317898932408542390e-01,4.540849985824674806e-01,-6.247713270218731463e+07,7.189109698087765276e+07
1.833995880004350329e+04,5.258535845192783276e-01,4.608355581973889725e-01,-6.332061909680512547e+07,7.116143378108994663e+07
1.835407732105970354e+04,5.198381040542289222e-01,4.675167351551087758e-01,-6.415485479825358838e+07,7.042080931078355014e+07
1.836819584207590378e+04,5.137443331597104645e-01,4.741275016329772329e-01,-6.497966571492355317e+07,6.966936618637442589e+07
1.838231436309210403e+04,5.075731694536550487e-01,4.806668434305882420e-01,-6.579488046674172580e+07,6.890725044263827801e+07
1.839643288410830064e+04,5.013255265980843811e-01,4.871337602894226237e-01,-6.660033046775580943e+07,6.813461146873190999e+07
1.841055140512450089e+04,4.950023340315514719e-01,4.935272662063489579e-01,-6.739585000691205263e+07,6.735160194184106588e+07
1.842466992614070114e+04,4.886045366940631740e-01,4.998463897407355305e-01,-6.818127632694277167e+07,6.655837775851787627e+07
1.843878844715690138e+04,4.821330947446323401e-01,5.060901743149908150e-01,-6.895644970129095018e+07,6.575509796376696974e+07
1.845290696817310163e+04,4.755889832716726495e-01,5.122576785082983974e-01,-6.972121350899423659e+07,6.494192467794952542e+07
1.846702548918930188e+04,4.689731919964228446e-01,5.183479763433541665e-01,-7.047541430745756626e+07,6.411902302157284319e+07
1.848114401020550213e+04,4.622867249696041014e-01,5.243601575659068148e-01,-7.121890190304470062e+07,6.328656103803726286e+07
1.849526253122170237e+04,4.555306002615200356e-01,5.302933279169135261e-01,-7.195152941942223907e+07,6.244470961441461742e+07
1.850938105223789898e+04,4.487058496458161128e-01,5.361466093971258839e-01,-7.267315336359202862e+07,6.159364240033505857e+07
1.852349957325409923e+04,4.418135182771087965e-01,5.419191405239409676e-01,-7.338363368955245614e+07,6.073353572505990416e+07
1.853761809427029948e+04,4.348546643627378416e-01,5.476100765803281201e-01,-7.408283385952810943e+07,5.986456851282498240e+07
1.855173661528649973e+04,4.278303588288382420e-01,5.532185898557001602e-01,-7.477062090271709859e+07,5.898692219653329998e+07
1.856585513630269998e+04,4.207416849809954007e-01,5.587438698785577307e-01,-7.544686547150191665e+07,5.810078062988547236e+07
1.857997365731890022e+04,4.135897381597140599e-01,5.641851236407685599e-01,-7.611144189507713914e+07,5.720632999803356826e+07
1.859409217833510047e+04,4.063756253909495131e-01,5.695415758133495210e-01,-7.676422823044915497e+07,5.630375872684713453e+07
1.860821069935130072e+04,3.991004650319505132e-01,5.748124689536200371e-01,-7.740510631076698005e+07,5.539325739088149369e+07
1.862232922036749733e+04,3.917653864126699470e-01,5.799970637036111487e-01,-7.803396179094637930e+07,5.447501862013991922e+07
1.863644774138369758e+04,3.843715294729885823e-01,5.850946389796259917e-01,-7.865068419055426121e+07,5.354923700572089106e+07
1.865056626239989782e+04,3.769200443960405988e-01,5.901044921528332265e-01,-7.925516693392057717e+07,5.261610900444751978e+07
1.866468478341609807e+04,3.694120912378665578e-01,5.950259392208258058e-01,-7.984730738745409250e+07,5.167583284256900102e+07
1.867880330443229832e+04,3.618488395536860192e-01,5.998583149700452699e-01,-8.042700689413669705e+07,5.072860841863272339e+07
1.869292182544849857e+04,3.542314680210472133e-01,6.046009731290016287e-01,-8.099417080517750978e+07,4.977463720562145114e+07
1.870704034646469881e+04,3.465611640601232168e-01,6.092532865122276542e-01,-8.154870850881110132e+07,4.881412215245191753e+07
1.872115886748089542e+04,3.388391234514277484e-01,6.138146471549059680e-01,-8.209053345622745156e+07,4.784726758493147790e+07
1.873527738849709567e+04,3.310665499512094878e-01,6.182844664381321742e-01,-8.261956318462617695e+07,4.687427910626782477e+07
1.874939590951329592e+04,3.232446549048261231e-01,6.226621752047586389e-01,-8.313571933738811314e+07,4.589536349723186344e+07
1.876351443052949617e+04,3.153746568583309928e-01,6.269472238658130303e-01,-8.363892768136605620e+07,4.491072861606495827e+07
1.877763295154569641e+04,3.074577811685743067e-01,6.311390824974545399e-01,-8.412911812129497528e+07,4.392058329823007435e+07
1.879175147256189666e+04,2.994952596120775135e-01,6.352372409284667842e-01,-8.460622471132870018e+07,4.292513725610058755e+07
1.880586999357809691e+04,2.914883299929546534e-01,6.392412088182815033e-01,-8.507018566371257603e+07,4.192460097868160158e+07
1.881998851459429716e+04,2.834382357501502026e-01,6.431505157255424932e-01,-8.552094335460525751e+07,4.091918563145748526e+07
1.883410703561049377e+04,2.753462255642637468e-01,6.469647111672258699e-01,-8.595844432706603408e+07,3.990910295645875484e+07
1.884822555662669401e+04,2.672135529642152840e-01,6.506833646683453098e-01,-8.638263929122835398e+07,3.889456517263834924e+07
1.886234407764289426e+04,2.590414759340479711e-01,6.543060658022628040e-01,-8.679348312168116868e+07,3.787578487665172666e+07
1.887646259865909451e+04,2.508312565200874200e-01,6.578324242216665452e-01,-8.719093485208678246e+07,3.685297494412459433e+07
1.889058111967529476e+04,2.425841604387499462e-01,6.612620696802508080e-01,-8.757495766706320643e+07,3.582634843149976432e+07
1.890469964069149501e+04,2.343014566852429370e-01,6.645946520451638806e-01,-8.794551889136449993e+07,3.479611847854758799e+07
1.891881816170769525e+04,2.259844171434125804e-01,6.678298413002868861e-01,-8.830258997639462352e+07,3.376249821162434667e+07
1.893293668272389550e+04,2.176343161969900575e-01,6.709673275404222093e-01,-8.864614648409351707e+07,3.272570064776109159e+07
1.894705520374009211e+04,2.092524303424831977e-01,6.740068209564686885e-01,-8.897616806823667884e+07,3.168593859966352582e+07
1.896117372475629236e+04,2.008400378039433554e-01,6.769480518116810508e-01,-8.929263845319299400e+07,3.064342458169971406e+07
1.897529224577249261e+04,1.923984181498776258e-01,6.797907704090968561e-01,-8.959554541018614173e+07,2.959837071695586666e+07
1.898941076678869285e+04,1.839288519124963051e-01,6.825347470502528546e-01,-8.988488073111054301e+07,2.855098864542875066e+07
1.900352928780489310e+04,1.754326202095566334e-01,6.851797719852871227e-01,-9.016064019995215535e+07,2.750148943343040720e+07
1.901764780882109335e+04,1.669110043690132106e-01,6.877256553545513240e-01,-9.042282356186848879e+07,2.645008348427280039e+07
1.903176632983729360e+04,1.583652855566957673e-01,6.901722271218568849e-01,-9.067143448998358846e+07,2.539698045029937848e+07
1.904588485085349021e+04,1.497967444072292598e-01,6.925193369994823156e-01,-9.090648054995615780e+07,2.434238914632801339e+07
1.906000337186969045e+04,1.412066606583906037e-01,6.947668543650832307e-01,-9.112797316238076985e+07,2.328651746456530318e+07
1.907412189288589070e+04,1.325963127891366666e-01,6.969146681706374080e-01,-9.133592756308324635e+07,2.222957229105519503e+07
1.908824041390209095e+04,1.239669776614551466e-01,6.989626868435846463e-01,-9.153036276137442887e+07,2.117175942371273786e+07
1.910235893491829120e+04,1.153199301662613113e-01,7.009108381803030863e-01,-9.171130149632650614e+07,2.011328349200045317e+07
1.911647745593449145e+04,1.066564428735104764e-01,7.027590692320860866e-01,-9.187877019113828242e+07,1.905434787829640508e+07
1.913059597695069169e+04,9.797778568670612032e-02,7.045073461837771944e-01,-9.203279890565706789e+07,1.799515464100203663e+07
1.914471449796689194e+04,8.928522550197399987e-02,7.061556542252335200e-01,-9.217342128712557256e+07,1.693590443943481520e+07
1.915883301898308855e+04,8.058002587186890997e-02,7.077039974157844915e-01,-9.230067451922366023e+07,1.587679646054806933e+07
1.917295153999928880e+04,7.186344667405827891e-02,7.091523985418638487e-01,-9.241459926947560906e+07,1.481802834751563147e+07
1.918707006101548905e+04,6.313674378506711760e-02,7.105008989679878484e-01,-9.251523963509371877e+07,1.375979613022178784e+07
1.920118858203168929e+04,5.440116875918351441e-02,7.117495584812668641e-01,-9.260264308733092248e+07,1.270229415768455341e+07
1.921530710304788954e+04,4.565796851269596918e-02,7.128984551296307925e-01,-9.267686041441442072e+07,1.164571503244697861e+07
1.922942562406408979e+04,3.690838501357914664e-02,7.139476850539548947e-01,-9.273794566313336790e+07,1.059024954696261510e+07
1.924354414508029004e+04,2.815365497675425058e-02,7.148973623142785838e-01,-9.278595607915379107e+07,9.536086622000295669e+06
1.925766266609649028e+04,1.939500956504040113e-02,7.157476187103056775e-01,-9.282095204613417387e+07,8.483413247090296820e+06
1.927178118711268689e+04,1.063367409590921381e-02,7.164986035963810673e-01,-9.284299702371492982e+07,7.432414423031404614e+06
1.928589970812888714e+04,1.870867754131671839e-03,7.171504836911413161e-01,-9.285215748445525765e+07,6.383273106473740190e+06
1.930001822914508739e+04,-6.892196689552832108e-03,7.177034428820295853e-01,-9.284850284979051352e+07,5.336170156595138833e+06
1.931413675016128764e+04,-1.565431315370154411e-02,7.181576820248809501e-01,-9.283210542508293688e+07,4.291284283876684494e+06
1.932825527117748788e+04,-2.441428251525141341e-02,7.185134187387711702e-01,-9.280304033383838832e+07,3.248792000989838503e+06
1.934237379219368813e+04,-3.317091287235848784e-02,7.187708871963296442e-01,-9.276138545116095245e+07,2.208867575799277052e+06
1.935649231320988838e+04,-4.192301980092277836e-02,7.189303379097182756e-01,-9.270722133651709557e+07,1.171682986484893598e+06
1.937061083422608499e+04,-5.066942660473461313e-02,7.189920375124744245e-01,-9.264063116588002443e+07,1.374078787839034339e+05
1.938472935524228524e+04,-5.940896455920074287e-02,7.189562685374181195e-01,-9.256170066332429647e+07,-8.937904746503317729e+05
1.939884787625848548e+04,-6.814047314856788717e-02,7.188233291908243672e-01,-9.247051803214016557e+07,-1.921747212772941915e+06
1.941296639727468573e+04,-7.686280029664668834e-02,7.185935331230589584e-01,-9.236717388553544879e+07,-2.946299922567491420e+06
1.942708491829088598e+04,-8.557480259096643394e-02,7.182672091958766103e-01,-9.225176117699272931e+07,-3.967288673365997151e+06
1.944120343930708623e+04,-9.427534550034492866e-02,7.178447012465788424e-01,-9.212437513034774363e+07,-4.984556049081604928e+06
1.945532196032328648e+04,-1.029633035858477930e-01,7.173263678492277640e-01,-9.198511316965419054e+07,-5.997947178366750479e+06
1.946944048133948672e+04,-1.116375607051202090e-01,7.167125820731122809e-01,-9.183407484889878333e+07,-7.007309762711972930e+06
1.948355900235568333e+04,-1.202970102100777705e-01,7.160037312386584585e-01,-9.167136178162916005e+07,-8.012494102502251044e+06
1.949767752337188358e+04,-1.289405551379643744e-01,7.152002166709756636e-01,-9.149707757055570185e+07,-9.013353121051469818e+06
1.951179604438808383e+04,-1.375671083957442087e-01,7.143024534512328882e-01,-9.131132773718762398e+07,-1.000974238663200475e+07
1.952591456540428408e+04,-1.461755929378785457e-01,7.133108701660461071e-01,-9.111421965156118572e+07,-1.100152013252723962e+07
1.954003308642048432e+04,-1.547649419374650115e-01,7.122259086550685181e-01,-9.090586246211728454e+07,-1.198854727512743324e+07
1.955415160743668457e+04,-1.633340989507697516e-01,7.110480237569635209e-01,-9.068636702578388155e+07,-1.297068743009637296e+07
1.956827012845288482e+04,-1.718820180751721993e-01,7.097776830539433979e-01,-9.045584583831705153e+07,-1.394780692663600296e+07
1.958238864946908143e+04,-1.804076641005466775e-01,7.084153666150498907e-01,-9.021441296495299041e+07,-1.491977481987758540e+07
1.959650717048528168e+04,-1.889100126541265745e-01,7.069615667383525315e-01,-8.996218397142130136e+07,-1.588646290143113025e+07
1.961062569150148192e+04,-1.973880503388538432e-01,7.054167876922402547e-01,-8.969927585536940396e+07,-1.684774570812079310e+07
1.962474421251768217e+04,-2.058407748652993918e-01,7.037815454559704920e-01,-8.942580697824433446e+07,-1.780350052894395217e+07
1.963886273353388242e+04,-2.142671951771662753e-01,7.020563674596458359e-01,-8.914189699767829478e+07,-1.875360741028394923e+07
1.965298125455008267e+04,-2.226663315704390245e-01,7.002417923237805875e-01,-8.884766680042156577e+07,-1.969794915941287205e+07
1.966709977556628291e+04,-2.310372158062302395e-01,6.983383695986158379e-01,-8.854323843586516380e+07,-2.063641134631988779e+07
1.968121829658248316e+04,-2.393788912173821504e-01,6.963466595033408479e-01,-8.822873505019354820e+07,-2.156888230390177667e+07
1.969533681759867977e+04,-2.476904128088825152e-01,6.942672326653727133e-01,-8.790428082120628655e+07,-2.249525312655293196e+07
1.970945533861488002e+04,-2.559708473521722927e-01,6.921006698598421991e-01,-8.757000089384521544e+07,-2.341541766719442233e+07
1.972357385963108027e+04,-2.642192734733815329e-01,6.898475617494366219e-01,-8.722602131646348536e+07,-2.432927253277742118e+07
1.973769238064728052e+04,-2.724347817356078671e-01,6.875085086247336719e-01,-8.687246897786849737e+07,-2.523671707830518484e+07
1.975181090166348076e+04,-2.806164747152799510e-01,6.850841201451712825e-01,-8.650947154517170787e+07,-2.613765339940996096e+07
1.976592942267968101e+04,-2.887634670726966224e-01,6.825750150807836647e-01,-8.613715740247488022e+07,-2.703198632352665439e+07
1.978004794369588126e+04,-2.968748856168193506e-01,6.799818210548371766e-01,-8.575565559042131901e+07,-2.791962339970375225e+07
1.979416646471208151e+04,-3.049498693644016600e-01,6.773051742874894865e-01,-8.536509574663870037e+07,-2.880047488709261268e+07
1.980828498572827812e+04,-3.129875695935382951e-01,6.745457193405988150e-01,-8.496560804709869623e+07,-2.967445374215615913e+07
1.982240350674447836e+04,-3.209871498917343802e-01,6.717041088637942803e-01,-8.455732314841610193e+07,-3.054147560463985428e+07
1.983652202776067861e+04,-3.289477861985534712e-01,6.687810033419369082e-01,-8.414037213111066818e+07,-3.140145878234317526e+07
1.985064054877687886e+04,-3.368686668429768938e-01,6.657770708440647889e-01,-8.371488644384990633e+07,-3.225432423473775014e+07
1.986475906979307911e+04,-3.447489925755382600e-01,6.626929867739419500e-01,-8.328099784869268537e+07,-3.309999555547047406e+07
1.987887759080927935e+04,-3.525879765953394696e-01,6.595294336223090914e-01,-8.283883836735016108e+07,-3.393839895379453152e+07
1.989299611182547960e+04,-3.603848445720436167e-01,6.562871007209370999e-01,-8.238854022847951949e+07,-3.476946323496966064e+07
1.990711463284167621e+04,-3.681388346629408947e-01,6.529666839985776017e-01,-8.193023581602460146e+07,-3.559311977967273444e+07
1.992123315385787646e+04,-3.758491975251988526e-01,6.495688857388992599e-01,-8.146405761861515045e+07,-3.640930252246116847e+07
1.993535167487407671e+04,-3.835151963233672245e-01,6.460944143405081830e-01,-8.099013818003746867e+07,-3.721794792932676524e+07
1.994947019589027695e+04,-3.911361067322797758e-01,6.425439840791205004e-01,-8.050861005078382790e+07,-3.801899497438493371e+07
1.996358871690647720e+04,-3.987112169354239399e-01,6.389183148719785876e-01,-8.001960574069060385e+07,-3.881238511573628336e+07
1.997770723792267745e+04,-4.062398276188948221e-01,6.352181320445827728e-01,-7.952325767267131805e+07,-3.959806227054179460e+07
1.999182575893887770e+04,-4.137212519610345973e-01,6.314441660998121320e-01,-7.901969813755036891e+07,-4.037597278935077041e+07
2.000594427995507795e+04,-4.211548156178608338e-01,6.275971524895012088e-01,-7.850905925000178814e+07,-4.114606542972065508e+07
2.002006280097127456e+04,-4.285398567043876006e-01,6.236778313885410485e-01,-7.799147290559636056e+07,-4.190829132916691154e+07
2.003418132198747480e+04,-4.358757257719541589e-01,6.196869474715577253e-01,-7.746707073895813525e+07,-4.266260397748228163e+07
2.004829984300367505e+04,-4.431617857816384509e-01,6.156252496922433037e-01,-7.693598408303317428e+07,-4.340895918845981359e+07
2.006241836401987530e+04,-4.503974120738977183e-01,6.114934910653715416e-01,-7.639834392946767807e+07,-4.414731507106051594e+07
2.007653688503607555e+04,-4.575819923345130213e-01,6.072924284515657245e-01,-7.585428089009587467e+07,-4.487763200005896389e+07
2.009065540605227579e+04,-4.647149265569531784e-01,6.030228223448594882e-01,-7.530392515953470767e+07,-4.559987258620359749e+07
2.010477392706847604e+04,-4.717956270012605424e-01,5.986854366630957047e-01,-7.474740647888188064e+07,-4.631400164592663944e+07
2.011889244808467629e+04,-4.788235181495634762e-01,5.942810385412042873e-01,-7.418485410051298141e+07,-4.701998617063779384e+07
2.013301096910087290e+04,-4.857980366583153908e-01,5.898103981273981056e-01,-7.361639675397257507e+07,-4.771779529563530535e+07
2.014712949011707315e+04,-4.927186313073761981e-01,5.852742883823148778e-01,-7.304216261295214295e+07,-4.840740026866828650e+07
2.016124801113327339e+04,-4.995847629460101191e-01,5.806734848811522243e-01,-7.246227926335024834e+07,-4.908877441817989945e+07
2.017536653214947364e+04,-5.063959044359379602e-01,5.760087656188030980e-01,-7.187687367240411043e+07,-4.976189312126640230e+07
2.018948505316567389e+04,-5.131515405915176853e-01,5.712809108180336715e-01,-7.128607215888625383e+07,-5.042673377138007432e+07
2.020360357418187414e+04,-5.198511681171639198e-01,5.664907027407195539e-01,-7.069000036435614526e+07,-5.108327574580717087e+07
2.021772209519807438e+04,-5.264942955421044735e-01,5.616389255021602134e-01,-7.008878322545701265e+07,-5.173150037294977903e+07
2.023184061621427099e+04,-5.330804431525686393e-01,5.567263648884925864e-01,-6.948254494724744558e+07,-5.237139089944001287e+07
2.024595913723047124e+04,-5.396091429215170709e-01,5.517538081772078717e-01,-6.887140897755555809e+07,-5.300293245711503178e+07
2.026007765824667149e+04,-5.460799384359814601e-01,5.467220439608042604e-01,-6.825549798234634101e+07,-5.362611202987743914e+07
2.027419617926287174e+04,-5.524923848221440226e-01,5.416318619735590589e-01,-6.763493382208684087e+07,-5.424091842047034949e+07
2.028831470027907199e+04,-5.588460486682254036e-01,5.364840529214466303e-01,-6.700983752909860760e+07,-5.484734221719002724e+07
2.030243322129527223e+04,-5.651405079452824776e-01,5.312794083151987090e-01,-6.638032928588318825e+07,-5.544537576056157053e+07
2.031655174231147248e+04,-5.713753519260064140e-01,5.260187203065102013e-01,-6.574652840440712124e+07,-5.603501311000124365e+07
2.033067026332767273e+04,-5.775501811016108267e-01,5.207027815273925775e-01,-6.510855330633236468e+07,-5.661625001048842818e+07
2.034478878434386934e+04,-5.836646070968972699e-01,5.153323849326719719e-01,-6.446652150417772681e+07,-5.718908385926918685e+07
2.035890730536006959e+04,-5.897182525835932276e-01,5.099083236456208867e-01,-6.382054958339549601e+07,-5.775351367261379212e+07
2.037302582637626983e+04,-5.957107511920268772e-01,5.044313908067388219e-01,-6.317075318535063416e+07,-5.830954005264658481e+07
2.038714434739247008e+04,-6.016417474212524263e-01,4.989023794256440825e-01,-6.251724699118372053e+07,-5.885716515427104384e+07
2.040126286840867033e+04,-6.075108965476867517e-01,4.933220822360903646e-01,-6.186014470654448122e+07,-5.939639265220689029e+07
2.041538138942487058e+04,-6.133178645323473788e-01,4.876912915540864701e-01,-6.119955904717896134e+07,-5.992722770815856755e+07
2.042949991044107082e+04,-6.190623279267699619e-01,4.820107991391078817e-01,-6.053560172535437346e+07,-6.044967693813250214e+07
2.044361843145727107e+04,-6.247439737776835367e-01,4.762813960583854866e-01,-5.986838343710534275e+07,-6.096374837992007285e+07
2.045773695247346768e+04,-6.303624995305199263e-01,4.705038725542565192e-01,-5.919801385028524697e+07,-6.146945146076226979e+07
2.047185547348966793e+04,-6.359176129318392379e-01,4.646790179145500743e-01,-5.852460159340505302e+07,-6.196679696521236002e+07
2.048597399450586818e+04,-6.414090319307252930e-01,4.588076203460120239e-01,-5.784825424524554610e+07,-6.245579700320927799e+07
2.050009251552206842e+04,-6.468364845792504703e-01,4.528904668507163223e-01,-5.716907832522272319e+07,-6.293646497837842256e+07
2.051421103653826867e+04,-6.521997089320601404e-01,4.469283431054656974e-01,-5.648717928449216485e+07,-6.340881555657128990e+07
2.052832955755446892e+04,-6.574984529451519677e-01,4.409220333441473128e-01,-5.580266149777442217e+07,-6.387286463465743512e+07
2.054244807857066917e+04,-6.627324743739195778e-01,4.348723202430221924e-01,-5.511562825588476658e+07,-6.432862930958065391e+07
2.055656659958686578e+04,-6.679015406705200997e-01,4.287799848089232646e-01,-5.442618175895056129e+07,-6.477612784769070148e+07
2.057068512060306603e+04,-6.730054288806429641e-01,4.226458062703271068e-01,-5.373442311029834300e+07,-6.521537965436200798e+07
2.058480364161926627e+04,-6.780439255397174847e-01,4.164705619712945062e-01,-5.304045231099646538e+07,-6.564640524390782416e+07
2.059892216263546652e+04,-6.830168265686503704e-01,4.102550272682205512e-01,-5.234436825503292680e+07,-6.606922620980162919e+07
2.061304068365166677e+04,-6.879239371691312499e-01,4.039999754293882028e-01,-5.164626872511442751e+07,-6.648386519521310180e+07
2.062715920466786702e+04,-6.927650717185710461e-01,3.977061775372860986e-01,-5.094625038906884193e+07,-6.689034586386767030e+07
2.064127772568406726e+04,-6.975400536647300420e-01,3.913744023936609473e-01,-5.024440879683490098e+07,-6.728869287123739719e+07
2.065539624670026751e+04,-7.022487154200879322e-01,3.850054164272724844e-01,-4.954083837802253664e+07,-6.767893183607044816e+07
2.066951476771646412e+04,-7.068908982560101473e-01,3.785999836043219546e-01,-4.883563244002784789e+07,-6.806108931226585805e+07
2.068363328873266437e+04,-7.114664521967675181e-01,3.721588653415088821e-01,-4.812888316668544710e+07,-6.843519276110033691e+07
2.069775180974886462e+04,-7.159752359134412547e-01,3.656828204217098532e-01,-4.742068161744484305e+07,-6.880127052381139994e+07
2.071187033076506486e+04,-7.204171166177880670e-01,3.591726049122104802e-01,-4.671111772705142945e+07,-6.915935179454407096e+07
2.072598885178126511e+04,-7.247919699560902984e-01,3.526289720854819953e-01,-4.600028030571907014e+07,-6.950946659366436303e+07
2.074010737279746536e+04,-7.290996799030489139e-01,3.460526723424571238e-01,-4.528825703977772593e+07,-6.985164574144449830e+07
2.075422589381366561e+04,-7.333401386557579782e-01,3.394444531382717622e-01,-4.457513449278091639e+07,-7.018592083212357759e+07
2.076834441482986585e+04,-7.375132465278051441e-01,3.328050589104371015e-01,-4.386099810705792159e+07,-7.051232420834712684e+07
2.078246293584606246e+04,-7.416189118435387861e-01,3.261352310094072227e-01,-4.314593220569598675e+07,-7.083088893598847091e+07
2.079658145686226271e+04,-7.456570508325471858e-01,3.194357076314972010e-01,-4.243001999493663758e+07,-7.114164877935503423e+07
2.081069997787846296e+04,-7.496275875243726405e-01,3.127072237541390631e-01,-4.171334356697440892e+07,-7.144463817678043246e+07
2.082481849889466321e+04,-7.535304536435184497e-01,3.059505110734063726e-01,-4.099598390313998610e+07,-7.173989221660602093e+07
2.083893701991086346e+04,-7.573655885047692049e-01,2.991662979437957892e-01,-4.027802087745641917e+07,-7.202744661355194449e+07
2.085305554092706370e+04,-7.611329389088651309e-01,2.923553093202181374e-01,-3.955953326055353135e+07,-7.230733768547944725e+07
2.086717406194326395e+04,-7.648324590385618960e-01,2.855182667021643472e-01,-3.884059872392700613e+07,-7.257960233054502308e+07
2.088129258295946056e+04,-7.684641103551080876e-01,2.786558880800104054e-01,-3.812129384452904016e+07,-7.284427800474691391e+07
2.089541110397566081e+04,-7.720278614951756602e-01,2.717688878834145783e-01,-3.740169410967625678e+07,-7.310140269986440241e+07
2.090952962499186106e+04,-7.755236881682584515e-01,2.648579769317949695e-01,-3.668187392226478457e+07,-7.335101492178878188e+07
2.092364814600806130e+04,-7.789515730545870653e-01,2.579238623868167490e-01,-3.596190660627619177e+07,-7.359315366924697161e+07
2.093776666702426155e+04,-7.823115057035717745e-01,2.509672477068770058e-01,-3.524186441256454587e+07,-7.382785841291595995e+07
2.095188518804046180e+04,-7.856034824328053112e-01,2.439888326035407895e-01,-3.452181852491147071e+07,-7.405516907492753863e+07
2.096600370905666205e+04,-7.888275062276504102e-01,2.369893129998931203e-01,-3.380183906633734703e+07,-7.427512600876207650e+07
2.098012223007286229e+04,-7.919835866414330905e-01,2.299693809907699116e-01,-3.308199510565711558e+07,-7.448776997952985764e+07
2.099424075108905890e+04,-7.950717396962673211e-01,2.229297248048335567e-01,-3.236235466426938027e+07,-7.469314214463821054e+07
2.100835927210525915e+04,-7.980919877845327193e-01,2.158710287684459106e-01,-3.164298472316661105e+07,-7.489128403484284878e+07
2.102247779312145940e+04,-8.010443595710182718e-01,2.087939732713293695e-01,-3.092395123015828431e+07,-7.508223753568060696e+07
2.103659631413765965e+04,-8.039288898957634988e-01,2.016992347339444103e-01,-3.020531910729263350e+07,-7.526604486928218603e+07
2.105071483515385989e+04,-8.067456196776072730e-01,1.945874855765745148e-01,-2.948715225846935809e+07,-7.544274857656174898e+07
2.106483335617006014e+04,-8.094945958184627255e-01,1.874593941900726535e-01,-2.876951357723207027e+07,-7.561239149978093803e+07
2.107895187718626039e+04,-8.121758711083366666e-01,1.803156249082354667e-01,-2.805246495473073423e+07,-7.577501676548449695e+07
2.109307039820245700e+04,-8.147895041311080666e-01,1.731568379817724490e-01,-2.733606728784463182e+07,-7.593066776780441403e+07
2.110718891921865725e+04,-8.173355591710830259e-01,1.659836895538241430e-01,-2.662038048745534942e+07,-7.607938815212973952e+07
2.112130744023485749e+04,-8.198141061203310098e-01,1.587968316370227673e-01,-2.590546348686338216e+07,-7.622122179913815856e+07
2.113542596125105774e+04,-8.222252203868284370e-01,1.515969120920246105e-01,-2.519137425033573806e+07,-7.635621280918684602e+07
2.114954448226725799e+04,-8.245689828034120650e-01,1.443845746075075875e-01,-2.447816978177862614e+07,-7.648440548705829680e+07
2.116366300328345824e+04,-8.268454795375567157e-01,1.371604586815901583e-01,-2.376590613352568075e+07,-7.660584432705791295e+07
2.117778152429965849e+04,-8.290548020019880004e-01,1.299251996046400237e-01,-2.305463841523367912e+07,-7.672057399845942855e+07
2.119190004531585873e+04,-8.311970467661392581e-01,1.226794284434401111e-01,-2.234442080287779868e+07,-7.682863933129449189e+07
2.120601856633205534e+04,-8.332723154684614775e-01,1.154237720266814149e-01,-2.163530654783879966e+07,-7.693008530248233676e+07
2.122013708734825559e+04,-8.352807147295974177e-01,1.081588529317394631e-01,-2.092734798607356846e+07,-7.702495702229574323e+07
2.123425560836445584e+04,-8.372223560664203701e-01,1.008852894727311350e-01,-2.022059654736440629e+07,-7.711329972115883231e+07
2.124837412938065609e+04,-8.390973558069536598e-01,9.360369568978305077e-02,-1.951510276463636756e+07,-7.719515873677298427e+07
2.126249265039685633e+04,-8.409058350061703324e-01,8.631468133950889743e-02,-1.881091628333850577e+07,-7.727057950156645477e+07
2.127661117141305658e+04,-8.426479193626822406e-01,7.901885188665434823e-02,-1.810808587088127062e+07,-7.733960753046333790e+07
2.129072969242925683e+04,-8.443237391363208610e-01,7.171680849688102932e-02,-1.740665942612383887e+07,-7.740228840896779299e+07
2.130484821344545708e+04,-8.459334290666170597e-01,6.440914803066052907e-02,-1.670668398890509270e+07,-7.745866778155891597e+07
2.131896673446165369e+04,-8.474771282921809146e-01,5.709646303825079844e-02,-1.600820574961244129e+07,-7.750879134039208293e+07
2.133308525547785393e+04,-8.489549802709890347e-01,4.977934175571521042e-02,-1.531127005878155306e+07,-7.755270481430222094e+07
2.134720377649405418e+04,-8.503671327015742687e-01,4.245836810198400091e-02,-1.461592143672407232e+07,-7.759045395810446143e+07
2.136132229751025443e+04,-8.517137374451296816e-01,3.513412167689280302e-02,-1.392220358317429014e+07,-7.762208454218789935e+07
2.137544081852645468e+04,-8.529949504485223599e-01,2.780717776019891313e-02,-1.323015938695220649e+07,-7.764764234239779413e+07
2.138955933954265493e+04,-8.542109316682191533e-01,2.047810731153706584e-02,-1.253983093563684821e+07,-7.766717313020172715e+07
2.140367786055885517e+04,-8.553618449951259084e-01,1.314747697128995120e-02,-1.185125952524514124e+07,-7.768072266313520074e+07
2.141779638157505178e+04,-8.564478581803405266e-01,5.815849062349272118e-03,-1.116448566991181299e+07,-7.768833667552217841e+07
2.143191490259125203e+04,-8.574691427618209572e-01,-1.516218407269779916e-03,-1.047954911156472750e+07,-7.769006086946590245e+07
2.144603342360745228e+04,-8.584258739919620185e-01,-8.848171740957561093e-03,-9.796488829593958333e+06,-7.768594090610563755e+07
2.146015194462365253e+04,-8.593182307660885977e-01,-1.617946154924519014e-02,-9.115343050506871194e+06,-7.767602239713466167e+07
2.147427046563985277e+04,-8.601463955518572346e-01,-2.350954274474204714e-02,-8.436149257567839697e+06,-7.766035089657500386e+07
2.148838898665605302e+04,-8.609105543195666455e-01,-3.083787453631093786e-02,-7.758944200417665765e+06,-7.763897189280454814e+07
2.150250750767225327e+04,-8.616108964733754094e-01,-3.816392042250257854e-02,-7.083763904669180512e+06,-7.761193080083177984e+07
2.151662602868845352e+04,-8.622476147834242655e-01,-4.548714818427260220e-02,-6.410643681475464255e+06,-7.757927295481391251e+07
2.153074454970465013e+04,-8.628209053188590216e-01,-5.280702987700198331e-02,-5.739618137067444623e+06,-7.754104360081385076e+07
2.154486307072085037e+04,-8.633309673817539664e-01,-6.012304182185444767e-02,-5.070721182256587781e+06,-7.749728788979145885e+07
2.155898159173705062e+04,-8.637780034419277886e-01,-6.743466459646456357e-02,-4.403986041902140714e+06,-7.744805087082494795e+07
2.157310011275325087e+04,-8.641622190726534480e-01,-7.474138302501572018e-02,-3.739445264336496126e+06,-7.739337748455779254e+07
2.158721863376945112e+04,-8.644838228872544494e-01,-8.204268616770069023e-02,-3.077130730748416856e+06,-7.733331255686691403e+07
2.160133715478565136e+04,-8.647430264765846308e-01,-8.933806730959698017e-02,-2.417073664520377293e+06,-7.726790079274785519e+07
2.161545567580185161e+04,-8.649400443473876932e-01,-9.662702394897514091e-02,-1.759304640517595690e+06,-7.719718677041253448e+07
2.162957419681805186e+04,-8.650750938615298091e-01,-1.039090577850599884e-01,-1.103853594326302642e+06,-7.712121493559549749e+07
2.164369271783424847e+04,-8.651483951761027580e-01,-1.111836747052623309e-01,-4.507498314390660962e+05,-7.704002959606431425e+07
2.165781123885044872e+04,-8.651601711843907028e-01,-1.184503847719116515e-01,1.999779636160561349e+05,-7.695367491632995009e+07
2.167192975986664896e+04,-8.651106474576962801e-01,-1.257087022084799333e-01,8.483017182021279586e+05,-7.686219491255322099e+07
2.168604828088284921e+04,-8.650000521880197857e-01,-1.329581453853529716e-01,1.494193962561069988e+06,-7.676563344764283299e+07
2.170016680189904946e+04,-8.648286161315866805e-01,-1.401982368051382932e-01,2.137627820861889049e+06,-7.666403422654132545e+07
2.171428532291524971e+04,-8.645965725532162027e-01,-1.474285030875391866e-01,2.778577002312190831e+06,-7.655744079169473052e+07
2.172840384393144996e+04,-8.643041571715264215e-01,-1.546484749538095671e-01,3.417015792334499769e+06,-7.644589651870203018e+07
2.174252236494764657e+04,-8.639516081049687379e-01,-1.618576872108047626e-01,4.052919043808797374e+06,-7.632944461214056611e+07
2.175664088596384681e+04,-8.635391658186853947e-01,-1.690556787346558787e-01,4.686262168383761309e+06,-7.620812810156331956e+07
2.177075940698004706e+04,-8.630670730721845541e-01,-1.762419924540558902e-01,5.317021127855635248e+06,-7.608198983766470850e+07
2.178487792799624731e+04,-8.625355748678249501e-01,-1.834161753332102240e-01,5.945172425619318150e+06,-7.595107248861058056e+07
2.179899644901244756e+04,-8.619449184001037878e-01,-1.905777783544395088e-01,6.570693098190429620e+06,-7.581541853652901947e+07
2.181311497002864780e+04,-8.612953530057426699e-01,-1.977263565004602208e-01,7.193560706800472923e+06,-7.567507027415828407e+07
2.182723349104484805e+04,-8.605871301145614494e-01,-2.048614687363567166e-01,7.813753329065984115e+06,-7.553006980164818466e+07
2.184135201206104830e+04,-8.598205032011362325e-01,-2.119826779912581671e-01,8.431249550732634962e+06,-7.538045902351133525e+07
2.185547053307724491e+04,-8.589957277372325395e-01,-2.190895511397330797e-01,9.046028457495035604e+06,-7.522627964572083950e+07
2.186958905409344516e+04,-8.581130611450057399e-01,-2.261816589829260260e-01,9.658069626894013956e+06,-7.506757317295077443e+07
2.188370757510964540e+04,-8.571727627509652114e-01,-2.332585762294220044e-01,1.026735312028972618e+07,-7.490438090595650673e+07
2.189782609612584565e+04,-8.561750937406893414e-01,-2.403198814758886193e-01,1.087385947491448559e+07,-7.473674393909083307e+07
2.191194461714204590e+04,-8.551203171142892634e-01,-2.473651571874810329e-01,1.147756969600351527e+07,-7.456470315795317292e+07
2.192606313815824615e+04,-8.540086976426094489e-01,-2.543939896780328946e-01,1.207846524900514260e+07,-7.438829923716832697e+07
2.194018165917444639e+04,-8.528405018241619340e-01,-2.614059690900437660e-01,1.267652805187077820e+07,-7.420757263829167187e+07
2.195430018019064664e+04,-8.516159978427820798e-01,-2.684006893744749767e-01,1.327174046742508747e+07,-7.402256360783761740e+07
2.196841870120684325e+04,-8.503354555260028702e-01,-2.753777482703629875e-01,1.386408529581658915e+07,-7.383331217542828619e+07
2.198253722222304350e+04,-8.489991463041351993e-01,-2.823367472842727710e-01,1.445354576704991981e+07,-7.363985815205910802e+07
2.199665574323924375e+04,-8.476073431700525962e-01,-2.892772916695751095e-01,1.504010553359772079e+07,-7.344224112847904861e+07
2.201077426425544400e+04,-8.461603206396658416e-01,-2.961989904055941092e-01,1.562374866309543513e+07,-7.324050047368152440e+07
2.202489278527164424e+04,-8.446583547130859237e-01,-3.031014561766087745e-01,1.620445963111687452e+07,-7.303467533350397646e+07
2.203901130628784449e+04,-8.431017228364626748e-01,-3.099843053507288504e-01,1.678222331403159350e+07,-7.282480462933281064e+07
2.205312982730404474e+04,-8.414907038644958703e-01,-3.168471579586537579e-01,1.735702498194399849e+07,-7.261092705691109598e+07
2.206724834832024135e+04,-8.398255780236071333e-01,-3.236896376723217283e-01,1.792885029171404615e+07,-7.239308108524632454e+07
2.208136686933644160e+04,-8.381066268757663140e-01,-3.305113717834695097e-01,1.849768528006043658e+07,-7.217130495561516285e+07
2.209548539035264184e+04,-8.363341332829677954e-01,-3.373119911820849914e-01,1.906351635674402118e+07,-7.194563668066348135e+07
2.210960391136884209e+04,-8.345083813723431776e-01,-3.440911303347968797e-01,1.962633029783425853e+07,-7.171611404359786212e+07
2.212372243238504234e+04,-8.326296565019064566e-01,-3.508484272631837708e-01,2.018611423905642703e+07,-7.148277459746703506e+07
2.213784095340124259e+04,-8.306982452269241479e-01,-3.575835235220206632e-01,2.074285566922026128e+07,-7.124565566453032196e+07
2.215195947441744283e+04,-8.287144352669005842e-01,-3.642960641774710129e-01,2.129654242372970656e+07,-7.100479433571073413e+07
2.216607799543364308e+04,-8.266785154731726148e-01,-3.709856977852301618e-01,2.184716267817354947e+07,-7.076022747013035417e+07
2.218019651644983969e+04,-8.245907757971057128e-01,-3.776520763686275206e-01,2.239470494199651480e+07,-7.051199169472570717e+07
2.219431503746603994e+04,-8.224515072588807207e-01,-3.842948553967043823e-01,2.293915805225138366e+07,-7.026012340394052863e+07
2.220843355848224019e+04,-8.202610019168723454e-01,-3.909136937622497698e-01,2.348051116742973030e+07,-7.000465875949452817e+07
2.222255207949844043e+04,-8.180195528375997505e-01,-3.975082537598343957e-01,2.401875376137371361e+07,-6.974563369022473693e+07
2.223667060051464068e+04,-8.157274540662520224e-01,-4.040782010638251931e-01,2.455387561726646498e+07,-6.948308389199833572e+07
2.225078912153084093e+04,-8.133850005977752984e-01,-4.106232047063960167e-01,2.508586682170151174e+07,-6.921704482769428194e+07
2.226490764254704118e+04,-8.109924883485163383e-01,-4.171429370555402305e-01,2.561471775883070007e+07,-6.894755172725187242e+07
2.227902616356324143e+04,-8.085502141284152122e-01,-4.236370737930909569e-01,2.614041910459014773e+07,-6.867463958778430521e+07
2.229314468457943804e+04,-8.060584756137388895e-01,-4.301052938927529823e-01,2.666296182100366428e+07,-6.839834317375509441e+07
2.230726320559563828e+04,-8.035175713203462911e-01,-4.365472795981632514e-01,2.718233715056395903e+07,-6.811869701721525192e+07
2.232138172661183853e+04,-8.009278005774862486e-01,-4.429627164009591889e-01,2.769853661068911105e+07,-6.783573541810022295e+07
2.233550024762803878e+04,-7.982894635021084984e-01,-4.493512930188950372e-01,2.821155198825649917e+07,-6.754949244458340108e+07
2.234961876864423903e+04,-7.956028609736903734e-01,-4.557127013739856181e-01,2.872137533421165124e+07,-6.726000193348552287e+07
2.236373728966043927e+04,-7.928682946095676476e-01,-4.620466365706928369e-01,2.922799895825223625e+07,-6.696729749073760957e+07
2.237785581067663952e+04,-7.900860667407643145e-01,-4.683527968741587055e-01,2.973141542358655483e+07,-6.667141249189600348e+07
2.239197433169283613e+04,-7.872564803883131956e-01,-4.746308836884877147e-01,3.023161754176579788e+07,-6.637238008270769566e+07
2.240609285270903638e+04,-7.843798392400586073e-01,-4.808806015350924334e-01,3.072859836759028211e+07,-6.607023317972400039e+07
2.242021137372523663e+04,-7.814564476279416416e-01,-4.871016580310839617e-01,3.122235119408711419e+07,-6.576500447096203268e+07
2.243432989474143687e+04,-7.784866105057510755e-01,-4.932937638677426517e-01,3.171286954756128788e+07,-6.545672641661092639e+07
2.244844841575763712e+04,-7.754706334273391288e-01,-4.994566327890493929e-01,3.220014718271761760e+07,-6.514543124978239089e+07
2.246256693677383737e+04,-7.724088225252955242e-01,-5.055899815702918909e-01,3.268417807785370573e+07,-6.483115097730366886e+07
2.247668545779003762e+04,-7.693014844900706306e-01,-5.116935299967472206e-01,3.316495643012315780e+07,-6.451391738055151701e+07
2.249080397880623786e+04,-7.661489265495431411e-01,-5.177670008424453130e-01,3.364247665086839348e+07,-6.419376201632578671e+07
2.250492249982243447e+04,-7.629514564490249562e-01,-5.238101198490150434e-01,3.411673336102230847e+07,-6.387071621776127815e+07
2.251904102083863472e+04,-7.597093824316935029e-01,-5.298226157046261875e-01,3.458772138657886535e+07,-6.354481109527605027e+07
2.253315954185483497e+04,-7.564230132194559308e-01,-5.358042200230062058e-01,3.505543575413008779e+07,-6.321607753755608201e+07
2.254727806287103522e+04,-7.530926579942233134e-01,-5.417546673225683840e-01,3.551987168647126108e+07,-6.288454621257337183e+07
2.256139658388723547e+04,-7.497186263796010719e-01,-5.476736950056286801e-01,3.598102459827186167e+07,-6.255024756863744557e+07
2.257551510490343571e+04,-7.463012284229828541e-01,-5.535610433377261552e-01,3.643889009181221575e+07,-6.221321183547852933e+07
2.258963362591963596e+04,-7.428407745780447602e-01,-5.594164554270455447e-01,3.689346395278511941e+07,-6.187346902536133677e+07
2.260375214693583257e+04,-7.393375756876330307e-01,-5.652396772039461892e-01,3.734474214616166800e+07,-6.153104893422834575e+07
2.261787066795203282e+04,-7.357919429670352063e-01,-5.710304574006072054e-01,3.779272081212119758e+07,-6.118598114287094772e+07
2.263198918896823307e+04,-7.322041879876400872e-01,-5.767885475307693577e-01,3.823739626204302907e+07,-6.083829501812862605e+07
2.264610770998443331e+04,-7.285746226609649545e-01,-5.825137018696067148e-01,3.867876497456158698e+07,-6.048801971411342174e+07
2.266022623100063356e+04,-7.249035592230566039e-01,-5.882056774337068861e-01,3.911682359168247133e+07,-6.013518417345988005e+07
2.267434475201683381e+04,-7.211913102192550884e-01,-5.938642339611730492e-01,3.955156891495949775e+07,-5.977981712859898061e+07
2.268846327303303406e+04,-7.174381884893150652e-01,-5.994891338918463264e-01,3.998299790173192322e+07,-5.942194710305512697e+07
2.270258179404923430e+04,-7.136445071528797479e-01,-6.050801423476519503e-01,4.041110766142112017e+07,-5.906160241276525706e+07
2.271670031506543091e+04,-7.098105795953024710e-01,-6.106370271130691085e-01,4.083589545188593864e+07,-5.869881116741921753e+07
2.273081883608163116e+04,-7.059367194538045398e-01,-6.161595586157366800e-01,4.125735867583673447e+07,-5.833360127181991190e+07
2.274493735709783141e+04,-7.020232406039786932e-01,-6.216475099071725463e-01,4.167549487730570138e+07,-5.796600042726378143e+07
2.275905587811403166e+04,-6.980704571466130881e-01,-6.271006566436384544e-01,4.209030173817503452e+07,-5.759603613293887675e+07
2.277317439913023190e+04,-6.940786833948451306e-01,-6.325187770671323317e-01,4.250177707476061583e+07,-5.722373568734104186e+07
2.278729292014643215e+04,-6.900482338616341638e-01,-6.379016519865137180e-01,4.290991883445114642e+07,-5.684912618970691413e+07
2.280141144116263240e+04,-6.859794232475487918e-01,-6.432490647587675303e-01,4.331472509240201861e+07,-5.647223454146296531e+07
2.281552996217883265e+04,-6.818725664288636246e-01,-6.485608012704044967e-01,4.371619404828315973e+07,-5.609308744768987596e+07
2.282964848319502926e+04,-6.777279784459613321e-01,-6.538366499189983694e-01,4.411432402308017015e+07,-5.571171141860158741e+07
2.284376700421122951e+04,-6.735459744920290204e-01,-6.590764015948719079e-01,4.450911345594862103e+07,-5.532813277103767544e+07
2.285788552522742975e+04,-6.693268699020595847e-01,-6.642798496629088723e-01,4.490056090111933649e+07,-5.494237762996988744e+07
2.287200404624363000e+04,-6.650709801421318401e-01,-6.694467899445237791e-01,4.528866502485609800e+07,-5.455447193002011627e+07
2.288612256725983025e+04,-6.607786207989809757e-01,-6.745770206997682150e-01,4.567342460246349126e+07,-5.416444141699070483e+07
2.290024108827603050e+04,-6.564501075698477850e-01,-6.796703426095829226e-01,4.605483851534490287e+07,-5.377231164940582216e+07
2.291435960929223074e+04,-6.520857562526031215e-01,-6.847265587581969903e-01,4.643290574810994416e+07,-5.337810800006333739e+07
2.292847813030842735e+04,-6.476858827361444693e-01,-6.897454746156720384e-01,4.680762538573048264e+07,-5.298185565759676695e+07
2.294259665132462760e+04,-6.432508029910524172e-01,-6.947268980206002809e-01,4.717899661074529588e+07,-5.258357962804606557e+07
2.295671517234082785e+04,-6.387808330605208029e-01,-6.996706391629394783e-01,4.754701870051122457e+07,-5.218330473643824458e+07
2.297083369335702810e+04,-6.342762890515318830e-01,-7.045765105670090955e-01,4.791169102450214326e+07,-5.178105562837517262e+07
2.298495221437322834e+04,-6.297374871262908513e-01,-7.094443270746314534e-01,4.827301304165363312e+07,-5.137685677162963897e+07
2.299907073538942859e+04,-6.251647434939062720e-01,-7.142739058284245379e-01,4.863098429775339365e+07,-5.097073245774850249e+07
2.301318925640562884e+04,-6.205583744023163151e-01,-7.190650662552459105e-01,4.898560442287661135e+07,-5.056270680366256088e+07
2.302730777742182909e+04,-6.159186961304533581e-01,-7.238176300497900506e-01,4.933687312886569649e+07,-5.015280375330261886e+07
2.304142629843802570e+04,-6.112460249806466184e-01,-7.285314211583362454e-01,4.968479020685371757e+07,-4.974104707922145724e+07
2.305554481945422594e+04,-6.065406772712504946e-01,-7.332062657626564617e-01,5.002935552483143657e+07,-4.932746038422055542e+07
2.306966334047042619e+04,-6.018029693295112725e-01,-7.378419922640647721e-01,5.037056902525602281e+07,-4.891206710298279673e+07
2.308378186148662644e+04,-5.970332174846472162e-01,-7.424384312676327591e-01,5.070843072270268947e+07,-4.849489050370852649e+07
2.309790038250282669e+04,-5.922317380611527016e-01,-7.469954155665543549e-01,5.104294070155723393e+07,-4.807595368975622207e+07
2.311201890351902694e+04,-5.873988473723182890e-01,-7.515127801266657803e-01,5.137409911374954879e+07,-4.765527960128673911e+07
2.312613742453522718e+04,-5.825348617139622931e-01,-7.559903620711218020e-01,5.170190617652735859e+07,-4.723289101691082865e+07
2.314025594555142743e+04,-5.776400973583698528e-01,-7.604280006652274215e-01,5.202636217026970536e+07,-4.680881055533958972e+07
2.315437446656762404e+04,-5.727148705484392810e-01,-7.648255373014233305e-01,5.234746743633944541e+07,-4.638306067703759670e+07
2.316849298758382429e+04,-5.677594974920213700e-01,-7.691828154844351229e-01,5.266522237497477233e+07,-4.595566368587777019e+07
2.318261150860002454e+04,-5.627742943564694178e-01,-7.734996808165652826e-01,5.297962744321797788e+07,-4.552664173079918325e+07
2.319673002961622478e+04,-5.577595772633704430e-01,-7.777759809831547022e-01,5.329068315288252383e+07,-4.509601680746545643e+07
2.321084855063242503e+04,-5.527156622834720201e-01,-7.820115657381939700e-01,5.359839006855669618e+07,-4.466381075992494822e+07
2.322496707164862528e+04,-5.476428654317949674e-01,-7.862062868900935309e-01,5.390274880564375967e+07,-4.423004528227189183e+07
2.323908559266482553e+04,-5.425415026629299975e-01,-7.903599982876099439e-01,5.420376002843810618e+07,-4.379474192030823231e+07
2.325320411368102214e+04,-5.374118898665140032e-01,-7.944725558059279047e-01,5.450142444823668897e+07,-4.335792207320608199e+07
2.326732263469722238e+04,-5.322543428628774276e-01,-7.985438173329052480e-01,5.479574282148576528e+07,-4.291960699516982585e+07
2.328144115571342263e+04,-5.270691773988784856e-01,-8.025736427554631680e-01,5.508671594796130806e+07,-4.247981779709929973e+07
2.329555967672962288e+04,-5.218567091438928163e-01,-8.065618939461447479e-01,5.537434466898406297e+07,-4.203857544825159758e+07
2.330967819774582313e+04,-5.166172536859777731e-01,-8.105084347498250352e-01,5.565862986566770077e+07,-4.159590077790296078e+07
2.332379671876202337e+04,-5.113511265281991403e-01,-8.144131309705783250e-01,5.593957245719995350e+07,-4.115181447700982541e+07
2.333791523977822362e+04,-5.060586430851177209e-01,-8.182758503587027610e-01,5.621717339915623516e+07,-4.070633709986899048e+07
2.335203376079442387e+04,-5.007401186794345760e-01,-8.220964625979013674e-01,5.649143368184527755e+07,-4.025948906577663869e+07
2.336615228181062048e+04,-4.953958685387910288e-01,-8.258748392926186233e-01,5.676235432868624479e+07,-3.981129066068623960e+07
2.338027080282682073e+04,-4.900262077927151627e-01,-8.296108539555385741e-01,5.702993639461727440e+07,-3.936176203886432946e+07
2.339438932384302097e+04,-4.846314514697291354e-01,-8.333043819952283826e-01,5.729418096453395486e+07,-3.891092322454586625e+07
2.340850784485922122e+04,-4.792119144945894416e-01,-8.369553007039494119e-01,5.755508915175872296e+07,-3.845879411358656734e+07
2.342262636587542147e+04,-4.737679116856773898e-01,-8.405634892456180784e-01,5.781266209653964639e+07,-3.800539447511392832e+07
2.343674488689162172e+04,-4.682997577525278565e-01,-8.441288286439235788e-01,5.806690096457864344e+07,-3.755074395317594707e+07
2.345086340790782197e+04,-4.628077672934959308e-01,-8.476512017706010482e-01,5.831780694558855891e+07,-3.709486206838767231e+07
2.346498192892402221e+04,-4.572922547935582283e-01,-8.511304933338607048e-01,5.856538125187878311e+07,-3.663776821957533807e+07
2.347910044994021882e+04,-4.517535346222478765e-01,-8.545665898669705385e-01,5.880962511696886271e+07,-3.617948168541811407e+07
2.349321897095641907e+04,-4.461919210317119022e-01,-8.579593797169979830e-01,5.905053979423010349e+07,-3.572002162608665973e+07
2.350733749197261932e+04,-4.406077281549096725e-01,-8.613087530336982489e-01,5.928812655555383116e+07,-3.525940708488015831e+07
2.352145601298881957e+04,-4.350012700039215807e-01,-8.646146017585647492e-01,5.952238669004716724e+07,-3.479765698985929042e+07
2.353557453400501981e+04,-4.293728604683866301e-01,-8.678768196140295155e-01,5.975332150275498629e+07,-3.433479015547690541e+07
2.354969305502122006e+04,-4.237228133140579778e-01,-8.710953020928189350e-01,5.998093231340804696e+07,-3.387082528420556337e+07
2.356381157603742031e+04,-4.180514421814754966e-01,-8.742699464474615878e-01,6.020522045519690216e+07,-3.340578096816194803e+07
2.357793009705361692e+04,-4.123590605847541335e-01,-8.774006516799498501e-01,6.042618727357111126e+07,-3.293967569072826207e+07
2.359204861806981717e+04,-4.066459819104772389e-01,-8.804873185315571504e-01,6.064383412506376207e+07,-3.247252782816972956e+07
2.360616713908601741e+04,-4.009125194167141859e-01,-8.835298494728005547e-01,6.085816237614008039e+07,-3.200435565125001967e+07
2.362028566010221766e+04,-3.951589862321308599e-01,-8.865281486935633337e-01,6.106917340207094699e+07,-3.153517732684205845e+07
2.363440418111841791e+04,-3.893856953552127798e-01,-8.894821220933651906e-01,6.127686858583009988e+07,-3.106501091953603551e+07
2.364852270213461816e+04,-3.835929596535896380e-01,-8.923916772717855883e-01,6.148124931701499969e+07,-3.059387439324379340e+07
2.366264122315081840e+04,-3.777810918634603721e-01,-8.952567235190375117e-01,6.168231699079105258e+07,-3.012178561279968917e+07
2.367675974416701865e+04,-3.719504045891172672e-01,-8.980771718066921094e-01,6.188007300685877353e+07,-2.964876234555788338e+07
2.369087826518321526e+04,-3.661012103025673148e-01,-9.008529347785544372e-01,6.207451876844358444e+07,-2.917482226298614591e+07
2.370499678619941551e+04,-3.602338213432408343e-01,-9.035839267416915233e-01,6.226565568130818754e+07,-2.869998294225542620e+07
2.371911530721561576e+04,-3.543485499178071763e-01,-9.062700636576038749e-01,6.245348515278653800e+07,-2.822426186782696471e+07
2.373323382823181601e+04,-3.484457081000654766e-01,-9.089112631335536374e-01,6.263800859083997458e+07,-2.774767643303450197e+07
2.374735234924801625e+04,-3.425256078309308339e-01,-9.115074444140381926e-01,6.281922740313462168e+07,-2.727024394166340679e+07
2.376147087026421650e+04,-3.365885609185053085e-01,-9.140585283724139698e-01,6.299714299613994360e+07,-2.679198160952594504e+07
2.377558939128041675e+04,-3.306348790382329095e-01,-9.165644375026675839e-01,6.317175677424820513e+07,-2.631290656603283808e+07
2.378970791229661700e+04,-3.246648737331367385e-01,-9.190250959113358542e-01,6.334307013891450316e+07,-2.583303585576107726e+07
2.380382643331281361e+04,-3.186788564141376789e-01,-9.214404293095732612e-01,6.351108448781707138e+07,-2.535238644001813978e+07
2.381794495432901385e+04,-3.126771383604439181e-01,-9.238103650053691718e-01,6.367580121403786540e+07,-2.487097519840182737e+07
2.383206347534521410e+04,-3.066600307200321729e-01,-9.261348318959066184e-01,6.383722170526250452e+07,-2.438881893035764247e+07
2.384618199636141435e+04,-3.006278445101879804e-01,-9.284137604600735116e-01,6.399534734300015867e+07,-2.390593435673118383e+07
2.386030051737761460e+04,-2.945808906181266451e-01,-9.306470827511174049e-01,6.415017950182252377e+07,-2.342233812131747231e+07
2.387441903839381484e+04,-2.885194798016834650e-01,-9.328347323894470300e-01,6.430171954862186313e+07,-2.293804679240643978e+07
2.388853755941001509e+04,-2.824439226900727351e-01,-9.349766445555790506e-01,6.444996884188783914e+07,-2.245307686432474479e+07
2.390265608042621170e+04,-2.763545297847163629e-01,-9.370727559832300324e-01,6.459492873100288212e+07,-2.196744475897408277e+07
2.391677460144241195e+04,-2.702516114601297148e-01,-9.391230049525561840e-01,6.473660055555605143e+07,-2.148116682736520469e+07
2.393089312245861220e+04,-2.641354779648871220e-01,-9.411273312835317650e-01,6.487498564467466623e+07,-2.099425935114961118e+07
2.394501164347481244e+04,-2.580064394226342928e-01,-9.430856763294779288e-01,6.501008531637415290e+07,-2.050673854414640740e+07
2.395913016449101269e+04,-2.518648058331687256e-01,-9.449979829707320089e-01,6.514190087692540139e+07,-2.001862055386624858e+07
2.397324868550721294e+04,-2.457108870735775219e-01,-9.468641956084621336e-01,6.527043362023961544e+07,-1.952992146303164959e+07
2.398736720652341319e+04,-2.395449928994324573e-01,-9.486842601586238377e-01,6.539568482727043331e+07,-1.904065729109383002e+07
2.400148572753961344e+04,-2.333674329460405650e-01,-9.504581240460608926e-01,6.551765576543308794e+07,-1.855084399574612081e+07
2.401560424855581005e+04,-2.271785167297506458e-01,-9.521857361987473567e-01,6.563634768804042041e+07,-1.806049747443412617e+07
2.402972276957201029e+04,-2.209785536493038827e-01,-9.538670470421751757e-01,6.575176183375571668e+07,-1.756963356586188823e+07
2.404384129058821054e+04,-2.147678529872513176e-01,-9.555020084938777858e-01,6.586389942606171966e+07,-1.707826805149604380e+07
2.405795981160441079e+04,-2.085467239114049964e-01,-9.570905739581021532e-01,6.597276167274630070e+07,-1.658641665706544928e+07
2.407207833262061104e+04,-2.023154754763445140e-01,-9.586326983206180374e-01,6.607834976540407538e+07,-1.609409505405825004e+07
2.408619685363681128e+04,-1.960744166249684117e-01,-9.601283379436701404e-01,6.618066487895404547e+07,-1.560131886121567711e+07
2.410031537465301153e+04,-1.898238561900904287e-01,-9.615774506610694772e-01,6.627970817117304355e+07,-1.510810364602275193e+07
2.411443389566920814e+04,-1.835641028960804111e-01,-9.629799957734274107e-01,6.637548078224482387e+07,-1.461446492619608529e+07
2.412855241668540839e+04,-1.772954653605391395e-01,-9.643359340435293525e-01,6.646798383432472497e+07,-1.412041817116806656e+07
2.414267093770160864e+04,-1.710182520960298325e-01,-9.656452276918455757e-01,6.655721843111947924e+07,-1.362597880356940068e+07
2.415678945871780888e+04,-1.647327715118318825e-01,-9.669078403921868015e-01,6.664318565748243034e+07,-1.313116220070752688e+07
2.417090797973400913e+04,-1.584393319157408608e-01,-9.681237372674947883e-01,6.672588657902371883e+07,-1.263598369604287669e+07
2.418502650075020938e+04,-1.521382415159024115e-01,-9.692928848857746971e-01,6.680532224173539132e+07,-1.214045858066227101e+07
2.419914502176640963e+04,-1.458298084226811175e-01,-9.704152512561653454e-01,6.688149367163133621e+07,-1.164460210474966280e+07
2.421326354278260987e+04,-1.395143406505626182e-01,-9.714908058251482403e-01,6.695440187440184504e+07,-1.114842947905427963e+07
2.422738206379880648e+04,-1.331921461200891998e-01,-9.725195194728949444e-01,6.702404783508273959e+07,-1.065195587635636330e+07
2.424150058481500673e+04,-1.268635326598178403e-01,-9.735013645097538859e-01,6.709043251773899794e+07,-1.015519643292982131e+07
2.425561910583120698e+04,-1.205288080083236346e-01,-9.744363146728726166e-01,6.715355686516250670e+07,-9.658166250003753230e+06
2.426973762684740723e+04,-1.141882798162149465e-01,-9.753243451229599570e-01,6.721342179858425260e+07,-9.160880395220400766e+06
2.428385614786360748e+04,-1.078422556481830608e-01,-9.761654324411853656e-01,6.727002821740044653e+07,-8.663353904091479257e+06
2.429797466887980772e+04,-1.014910429850754137e-01,-9.769595546262147545e-01,6.732337699891278148e+07,-8.165601781452219002e+06
2.431209318989600797e+04,-9.513494922599272097e-02,-9.777066910913840836e-01,6.737346899808247387e+07,-7.667639002913312055e+06
2.432621171091220822e+04,-8.877428169040862960e-02,-9.784068226620101782e-01,6.742030504729826748e+07,-7.169480516310834326e+06
2.434033023192840483e+04,-8.240934762031228156e-02,-9.790599315728369945e-01,6.746388595615802705e+07,-6.671141243154359981e+06
2.435444875294460508e+04,-7.604045418236257681e-02,-9.796660014656205506e-01,6.750421251126414537e+07,-6.172636080072565004e+06
2.436856727396080532e+04,-6.966790847007760246e-02,-9.802250173868477523e-01,6.754128547603239119e+07,-5.673979900258329697e+06
2.438268579497700557e+04,-6.329201750602499177e-02,-9.807369657855934397e-01,6.757510559051434696e+07,-5.175187554910846055e+06
2.439680431599320582e+04,-5.691308824403661787e-02,-9.812018345115126605e-01,6.760567357123325765e+07,-4.676273874676737934e+06
2.441092283700940607e+04,-5.053142757143651992e-02,-9.816196128129689447e-01,6.763299011103326082e+07,-4.177253671089508105e+06
2.442504135802560631e+04,-4.414734231128242259e-02,-9.819902913352984708e-01,6.765705587894193828e+07,-3.678141738007512875e+06
2.443915987904180292e+04,-3.776113922462125128e-02,-9.823138621192095687e-01,6.767787152004611492e+07,-3.178952853050677106e+06
2.445327840005800317e+04,-3.137312501274748533e-02,-9.825903185993182243e-01,6.769543765538091958e+07,-2.679701779035263695e+06
2.446739692107420342e+04,-2.498360631948786173e-02,-9.828196556028184760e-01,6.770975488183192909e+07,-2.180403265408702195e+06
2.448151544209040367e+04,-1.859288973347822047e-02,-9.830018693482885928e-01,6.772082377205049992e+07,-1.681072049681991339e+06
2.449563396310660391e+04,-1.220128179045591559e-02,-9.831369574446318094e-01,6.772864487438216805e+07,-1.181722858861684334e+06
2.450975248412280416e+04,-5.809088975556781637e-03,-9.832249188901531767e-01,6.773321871280811727e+07,-6.823704108807705343e+05
2.452387100513900441e+04,5.833822743830427817e-04,-9.832657540717700817e-01,6.773454578689965606e+07,-1.830294160286628758e+05
2.453798952615520466e+04,6.975825568521579374e-03,-9.832594647643585484e-01,6.773262657178567350e+07,3.162854216196242487e+05
2.455210804717140127e+04,1.336793455970137871e-02,-9.832060541302345413e-01,6.772746151813313365e+07,8.155594027748932131e+05
2.456622656818760152e+04,1.975940294214689752e-02,-9.831055267187687186e-01,6.771905105214047432e+07,1.314777831506469287e+06
2.458034508920380176e+04,2.614992444914539596e-02,-9.829578884661379634e-01,6.770739557554399967e+07,1.813926013814178761e+06
2.459446361022000201e+04,3.253919285074550333e-02,-9.827631466952098105e-01,6.769249546563719213e+07,2.312989256202088203e+06
2.460858213123620226e+04,3.892690195145000198e-02,-9.825213101155626516e-01,6.767435107530298829e+07,2.811952864251992665e+06
2.462270065225240251e+04,4.531274558791389961e-02,-9.822323888236397238e-01,6.765296273305895925e+07,3.310802141197341029e+06
2.463681917326860275e+04,5.169641762664739515e-02,-9.818963943030381003e-01,6.762833074311548471e+07,3.809522386497385800e+06
2.465093769428480300e+04,5.807761196172492313e-02,-9.815133394249321297e-01,6.760045538544683158e+07,4.308098894411475398e+06
2.466505621530099961e+04,6.445602251249987757e-02,-9.810832384486319890e-01,6.756933691587530077e+07,4.806516952573273331e+06
2.467917473631719986e+04,7.083134322133614880e-02,-9.806061070222750198e-01,6.753497556616817415e+07,5.304761840565599501e+06
2.469329325733340011e+04,7.720326805133290171e-02,-9.800819621836540652e-01,6.749737154414792359e+07,5.802818828493879177e+06
2.470741177834960035e+04,8.357149098407690158e-02,-9.795108223611789233e-01,6.745652503381522000e+07,6.300673175560683012e+06
2.472153029936580060e+04,8.993570601739879489e-02,-9.788927073749718044e-01,6.741243619548517466e+07,6.798310128639359958e+06
2.473564882038200085e+04,9.629560716314448932e-02,-9.782276384380989009e-01,6.736510516593658924e+07,7.295714920847442001e+06
2.474976734139820110e+04,1.026508884449612580e-01,-9.775156381579362952e-01,6.731453205857439339e+07,7.792872770119618624e+06
2.476388586241439771e+04,1.090012438960982488e-01,-9.767567305376695375e-01,6.726071696360526979e+07,8.289768877780068666e+06
2.477800438343059795e+04,1.153463675572321823e-01,-9.759509409779282274e-01,6.720365994822643697e+07,8.786388427114835009e+06
2.479212290444679820e+04,1.216859534742953108e-01,-9.750982962785570418e-01,6.714336105682781339e+07,9.282716581942254677e+06
2.480624142546299845e+04,1.280196956963393362e-01,-9.741988246405194340e-01,6.707982031120751053e+07,9.778738485183909535e+06
2.482035994647919870e+04,1.343472882734121354e-01,-9.732525556679377798e-01,6.701303771080064029e+07,1.027443925743411109e+07
2.483447846749539895e+04,1.406684252544584679e-01,-9.722595203702675271e-01,6.694301323292167485e+07,1.076980399552861042e+07
2.484859698851159919e+04,1.469828006852439417e-01,-9.712197511646076808e-01,6.686974683302032202e+07,1.126481777111231722e+07
2.486271550952779944e+04,1.532901086063039875e-01,-9.701332818781449596e-01,6.679323844495098293e+07,1.175946562920596823e+07
2.487683403054399605e+04,1.595900430509173129e-01,-9.690001477507351746e-01,6.671348798125594854e+07,1.225373258677153289e+07
2.489095255156019630e+04,1.658822980431145233e-01,-9.678203854376173920e-01,6.663049533346224576e+07,1.274760363127704710e+07
2.490507107257639655e+04,1.721665675956996211e-01,-9.665940330122670954e-01,6.654426037239254266e+07,1.324106371925889701e+07
2.491918959359259679e+04,1.784425457083173849e-01,-9.653211299693822411e-01,6.645478294848980755e+07,1.373409777488402463e+07
2.493330811460879704e+04,1.847099263655440915e-01,-9.640017172280057611e-01,6.636206289215610176e+07,1.422669068851007521e+07
2.494742663562499729e+04,1.909684035350125431e-01,-9.626358371347847331e-01,6.626610001410549879e+07,1.471882731524418108e+07
2.496154515664119754e+04,1.972176711655708459e-01,-9.612235334673652210e-01,6.616689410573125631e+07,1.521049247350018658e+07
2.497566367765739778e+04,2.034574231854768545e-01,-9.597648514379230056e-01,6.606444493948732316e+07,1.570167094355424680e+07
2.498978219867359439e+04,2.096873535006273104e-01,-9.582598376968320952e-01,6.595875226928436011e+07,1.619234746609860659e+07
2.500390071968979464e+04,2.159071559928334716e-01,-9.567085403364661289e-01,6.584981583090020716e+07,1.668250674079426378e+07
2.501801924070599489e+04,2.221165245181197512e-01,-9.551110088951421107e-01,6.573763534240531921e+07,1.717213342482053488e+07
2.503213776172219514e+04,2.283151529050794493e-01,-9.534672943611969265e-01,6.562221050460278988e+07,1.766121213142402098e+07
2.504625628273839538e+04,2.345027349532647631e-01,-9.517774491772011958e-01,6.550354100148344785e+07,1.814972742846499011e+07
2.506037480375459563e+04,2.406789644316218446e-01,-9.500415272443126780e-01,6.538162650069604814e+07,1.863766383696189150e+07
2.507449332477079588e+04,2.468435350769710435e-01,-9.482595839267644600e-01,6.525646665403269976e+07,1.912500582963381708e+07
2.508861184578699249e+04,2.529961405925322815e-01,-9.464316760564932540e-01,6.512806109792972356e+07,1.961173782944072783e+07
2.510273036680319274e+04,2.591364746465059654e-01,-9.445578619379021434e-01,6.499640945398386568e+07,2.009784420812213793e+07
2.511684888781939298e+04,2.652642308706879004e-01,-9.426382013527667691e-01,6.486151132948452979e+07,2.058330928473234549e+07
2.513096740883559323e+04,2.713791028591507337e-01,-9.406727555652742989e-01,6.472336631796157360e+07,2.106811732417463511e+07
2.514508592985179348e+04,2.774807841669700847e-01,-9.386615873272038391e-01,6.458197399974922091e+07,2.155225253573256359e+07
2.515920445086799373e+04,2.835689683090061863e-01,-9.366047608832449578e-01,6.443733394256617874e+07,2.203569907159900293e+07
2.517332297188419398e+04,2.896433487587412037e-01,-9.345023419764552086e-01,6.428944570211209357e+07,2.251844102540278062e+07
2.518744149290039422e+04,2.957036189471731191e-01,-9.323543978538564314e-01,6.413830882268052548e+07,2.300046243073290214e+07
2.520156001391659083e+04,3.017494722617673486e-01,-9.301609972721711639e-01,6.398392283778870851e+07,2.348174725966014341e+07
2.521567853493279108e+04,3.077806020454759706e-01,-9.279222105036967205e-01,6.382628727082400024e+07,2.396227942125677690e+07
2.522979705594899133e+04,3.137967015958032513e-01,-9.256381093423231565e-01,6.366540163570784032e+07,2.444204276011249050e+07
2.524391557696519158e+04,3.197974641639502180e-01,-9.233087671096871230e-01,6.350126543757658452e+07,2.492102105484897271e+07
2.525803409798139182e+04,3.257825829540167972e-01,-9.209342586614683857e-01,6.333387817348007113e+07,2.539919801663127914e+07
2.527215261899759207e+04,3.317517511222716209e-01,-9.185146603938260101e-01,6.316323933309783041e+07,2.587655728767667711e+07
2.528627114001379232e+04,3.377046617764911107e-01,-9.160500502499757669e-01,6.298934839947323501e+07,2.635308243976084143e+07
2.530038966102999257e+04,3.436410079753677849e-01,-9.135405077269090901e-01,6.281220484976574779e+07,2.682875697272137180e+07
2.531450818204618918e+04,3.495604827279898963e-01,-9.109861138822532567e-01,6.263180815602162480e+07,2.730356431295850128e+07
2.532862670306238942e+04,3.554627789934012294e-01,-9.083869513412700103e-01,6.244815778596293926e+07,2.777748781193368882e+07
2.534274522407858967e+04,3.613475896802220144e-01,-9.057431043040032881e-01,6.226125320379591733e+07,2.825051074466429278e+07
2.535686374509478992e+04,3.672146076463615461e-01,-9.030546585525617287e-01,6.207109387103782594e+07,2.872261630821672082e+07
2.537098226611099017e+04,3.730635256988022452e-01,-9.003217014585471745e-01,6.187767924736346304e+07,2.919378762019625306e+07
2.538510078712719042e+04,3.788940365934665433e-01,-8.975443219906255043e-01,6.168100879147107154e+07,2.966400771723424271e+07
2.539921930814339066e+04,3.847058330351657562e-01,-8.947226107222394642e-01,6.148108196196813136e+07,3.013325955347258970e+07
2.541333782915958727e+04,3.904986076776323367e-01,-8.918566598394663814e-01,6.127789821827721596e+07,3.060152599904537573e+07
2.542745635017578752e+04,3.962720531236461063e-01,-8.889465631490149899e-01,6.107145702156194299e+07,3.106878983855837584e+07
2.544157487119198777e+04,4.020258619252336518e-01,-8.859924160863733578e-01,6.086175783567402512e+07,3.153503376956467703e+07
2.545569339220818802e+04,4.077597265839733032e-01,-8.829943157240937035e-01,6.064880012812069058e+07,3.200024040103880689e+07
2.546981191322438826e+04,4.134733395513845444e-01,-8.799523607802248737e-01,6.043258337105350941e+07,3.246439225184761360e+07
2.548393043424058851e+04,4.191663932294138473e-01,-8.768666516268881495e-01,6.021310704227860272e+07,3.292747174921860546e+07
2.549804895525678876e+04,4.248385799710161503e-01,-8.737372902989982704e-01,5.999037062628859282e+07,3.338946122720571980e+07
2.551216747627298901e+04,4.304895920808353149e-01,-8.705643805031295646e-01,5.976437361531656981e+07,3.385034292515248805e+07
2.552628599728918562e+04,4.361191218159832794e-01,-8.673480276265267408e-01,5.953511551041244715e+07,3.431009898615258187e+07
2.554040451830538586e+04,4.417268613869294591e-01,-8.640883387462587883e-01,5.930259582254166156e+07,3.476871145550844073e+07
2.555452303932158611e+04,4.473125029584801293e-01,-8.607854226385251994e-01,5.906681407370743901e+07,3.522616227918628603e+07
2.556864156033778636e+04,4.528757386508794336e-01,-8.574393897881008586e-01,5.882776979809570312e+07,3.568243330226993561e+07
2.558276008135398661e+04,4.584162605410120328e-01,-8.540503523979304790e-01,5.858546254324387759e+07,3.613750626741171628e+07
2.559687860237018685e+04,4.639337606637193856e-01,-8.506184243988689220e-01,5.833989187123358995e+07,3.659136281328120828e+07
2.561099712338638710e+04,4.694279310132285499e-01,-8.471437214595674003e-01,5.809105735990761220e+07,3.704398447301180661e+07
2.562511564440258371e+04,4.748984635446968916e-01,-8.436263609965084509e-01,5.783895860411146283e+07,3.749535267264506221e+07
2.563923416541878396e+04,4.803450501758809166e-01,-8.400664621841819057e-01,5.758359521695965528e+07,3.794544872957357019e+07
2.565335268643498421e+04,4.857673827889127383e-01,-8.364641459654180711e-01,5.732496683112789690e+07,3.839425385098072886e+07
2.566747120745118445e+04,4.911651532322132696e-01,-8.328195350618585735e-01,5.706307310017029941e+07,3.884174913227982074e+07
2.568158972846738470e+04,4.965380533225239867e-01,-8.291327539845793071e-01,5.679791369986293465e+07,3.928791555555076152e+07
2.569570824948358495e+04,5.018857748470680891e-01,-8.254039290448599298e-01,5.652948832957374305e+07,3.973273398797530681e+07
2.570982677049978520e+04,5.072080095658421106e-01,-8.216331883651019075e-01,5.625779671365921199e+07,4.017618518027071655e+07
2.572394529151598545e+04,5.125044492140411467e-01,-8.178206618898929969e-01,5.598283860288822651e+07,4.061824976512202621e+07
2.573806381253218206e+04,5.177747855046177516e-01,-8.139664813972220525e-01,5.570461377589350939e+07,4.105890825561287254e+07
2.575218233354838230e+04,5.230187101309861086e-01,-8.100707805098362746e-01,5.542312204065068066e+07,4.149814104365575314e+07
2.576630085456458255e+04,5.282359147698536539e-01,-8.061336947067572201e-01,5.513836323598635942e+07,4.193592839842013270e+07
2.578041937558078280e+04,5.334260910842102410e-01,-8.021553613349344802e-01,5.485033723311431706e+07,4.237225046476079524e+07
2.579453789659698305e+04,5.385889307264557502e-01,-7.981359196210531248e-01,5.455904393720111996e+07,4.280708726164492220e+07
2.580865641761318329e+04,5.437241253416796871e-01,-7.940755106834892496e-01,5.426448328896132112e+07,4.324041868057872355e+07
2.582277493862938354e+04,5.488313665710917721e-01,-7.899742775444121845e-01,5.396665526628262550e+07,4.367222448403368890e+07
2.583689345964558379e+04,5.539103460556071834e-01,-7.858323651420374700e-01,5.366555988588151336e+07,4.410248430387264490e+07
2.585101198066178040e+04,5.589607554395893407e-01,-7.816499203430281595e-01,5.336119720498979837e+07,4.453117763977566361e+07
2.586513050167798065e+04,5.639822863747581128e-01,-7.774270919550393399e-01,5.305356732307212800e+07,4.495828385766670853e+07
2.587924902269418089e+04,5.689746305242505686e-01,-7.731640307394220812e-01,5.274267038357600570e+07,4.538378218813959509e+07
2.589336754371038114e+04,5.739374795668595874e-01,-7.688608894240654967e-01,5.242850657571326941e+07,4.580765172488560528e+07
2.590748606472658139e+04,5.788705252014367808e-01,-7.645178227163920148e-01,5.211107613627463579e+07,4.622987142312140763e+07
2.592160458574278164e+04,5.837734591514691651e-01,-7.601349873165003102e-01,5.179037935147728771e+07,4.665042009801813960e+07
2.593572310675898188e+04,5.886459731698313602e-01,-7.557125419304555614e-01,5.146641655884611607e+07,4.706927642313179374e+07
2.594984162777517849e+04,5.934877590437167560e-01,-7.512506472837304772e-01,5.113918814912910759e+07,4.748641892883504182e+07
2.596396014879137874e+04,5.982985085997563068e-01,-7.467494661347870988e-01,5.080869456824690849e+07,4.790182600075143576e+07
2.597807866980757899e+04,6.030779137093104092e-01,-7.422091632888181412e-01,5.047493631927827746e+07,4.831547587819059193e+07
2.599219719082377924e+04,6.078256662939633959e-01,-7.376299056116253361e-01,5.013791396448030323e+07,4.872734665258689225e+07
2.600631571183997949e+04,6.125414583312028816e-01,-7.330118620436487653e-01,4.979762812734504789e+07,4.913741626594024897e+07
2.602043423285617973e+04,6.172249818602969507e-01,-7.283552036141444086e-01,4.945407949469274282e+07,4.954566250926002860e+07
2.603455275387237998e+04,6.218759289883708519e-01,-7.236601034555066869e-01,4.910726881880201399e+07,4.995206302101224661e+07
2.604867127488858023e+04,6.264939918966849763e-01,-7.189267368177377771e-01,4.875719691957774758e+07,5.035659528557040542e+07
2.606278979590477684e+04,6.310788628471202255e-01,-7.141552810830649189e-01,4.840386468675716966e+07,5.075923663167021424e+07
2.607690831692097709e+04,6.356302341888772078e-01,-7.093459157806965010e-01,4.804727308215412498e+07,5.115996423086915910e+07
2.609102683793717733e+04,6.401477983653791615e-01,-7.044988226017350197e-01,4.768742314194346219e+07,5.155875509600976110e+07
2.610514535895337758e+04,6.446312479214025837e-01,-6.996141854142245986e-01,4.732431597898424417e+07,5.195558607968893647e+07
2.611926387996957783e+04,6.490802755104236876e-01,-6.946921902783463887e-01,4.695795278518369049e+07,5.235043387273235619e+07
2.613338240098577808e+04,6.534945739021917888e-01,-6.897330254617584089e-01,4.658833483390189707e+07,5.274327500267479569e+07
2.614750092200197832e+04,6.578738359905298427e-01,-6.847368814550770511e-01,4.621546348239788413e+07,5.313408583224679530e+07
2.616161944301817857e+04,6.622177548013695736e-01,-6.797039509875022478e-01,4.583934017431767285e+07,5.352284255786810815e+07
2.617573796403437518e+04,6.665260235010214140e-01,-6.746344290425851931e-01,4.545996644222491980e+07,5.390952120814824104e+07
2.618985648505057543e+04,6.707983354046910263e-01,-6.695285128741306213e-01,4.507734391017419100e+07,5.429409764239519089e+07
2.620397500606677568e+04,6.750343839852290806e-01,-6.643864020222530753e-01,4.469147429632887244e+07,5.467654754913136363e+07
2.621809352708297592e+04,6.792338628821424917e-01,-6.592082983295592946e-01,4.430235941562237591e+07,5.505684644461915642e+07
2.623221204809917617e+04,6.833964659108522355e-01,-6.539944059574753776e-01,4.391000118246462941e+07,5.543496967139521241e+07
2.624633056911537642e+04,6.875218870722101805e-01,-6.487449314027121661e-01,4.351440161349394917e+07,5.581089239681451768e+07
2.626044909013157667e+04,6.916098205622781547e-01,-6.434600835138655217e-01,4.311556283037491888e+07,5.618458961160477996e+07
2.627456761114777328e+04,6.956599607823714670e-01,-6.381400735081557141e-01,4.271348706264299154e+07,5.655603612843151391e+07
2.628868613216397353e+04,6.996720023493792073e-01,-6.327851149882934845e-01,4.230817665059581399e+07,5.692520658047507703e+07
2.630280465318017377e+04,7.036456401063485577e-01,-6.273954239594941029e-01,4.189963404823343456e+07,5.729207542001874000e+07
2.631692317419637402e+04,7.075805691333593161e-01,-6.219712188466107738e-01,4.148786182624588907e+07,5.765661691705039889e+07
2.633104169521257427e+04,7.114764847586778629e-01,-6.165127205114057096e-01,4.107286267505041510e+07,5.801880515787708759e+07
2.634516021622877452e+04,7.153330825702007845e-01,-6.110201522699496568e-01,4.065463940787823498e+07,5.837861404375355691e+07
2.635927873724497476e+04,7.191500584271927066e-01,-6.054937399101514295e-01,4.023319496391160786e+07,5.873601728952547163e+07
2.637339725826117501e+04,7.229271084723212226e-01,-5.999337117094132310e-01,3.980853241147185862e+07,5.909098842228794843e+07
2.638751577927737162e+04,7.266639291439963566e-01,-5.943402984524144284e-01,3.938065495125904679e+07,5.944350078006008267e+07
2.640163430029357187e+04,7.303602171890205552e-01,-5.887137334490119001e-01,3.894956591964329034e+07,5.979352751047672331e+07
2.641575282130977212e+04,7.340156696755443244e-01,-5.830542525522777186e-01,3.851526879200998694e+07,6.014104156949690729e+07
2.642987134232597236e+04,7.376299840063480495e-01,-5.773620941766427483e-01,3.807776718615741283e+07,6.048601572013154626e+07
2.644398986334217261e+04,7.412028579324435595e-01,-5.716374993161682516e-01,3.763706486574892700e+07,6.082842253118985146e+07
2.645810838435837286e+04,7.447339895670036514e-01,-5.658807115629314044e-01,3.719316574381983280e+07,6.116823437604581565e+07
2.647222690537457311e+04,7.482230773996262352e-01,-5.600919771255278290e-01,3.674607388633957505e+07,6.150542343142558634e+07
2.648634542639077335e+04,7.516698203109370979e-01,-5.542715448476864815e-01,3.629579351582996547e+07,6.183996167621652037e+07
2.650046394740696996e+04,7.550739175875352815e-01,-5.484196662269986700e-01,3.584232901504012197e+07,6.217182089029882848e+07
2.651458246842317021e+04,7.584350689372931775e-01,-5.425365954337474372e-01,3.538568493067817390e+07,6.250097265340122581e+07
2.652870098943937046e+04,7.617529745050023449e-01,-5.366225893298591787e-01,3.492586597720199078e+07,6.282738834398019314e+07
2.654281951045557071e+04,7.650273348883884772e-01,-5.306779074879455216e-01,3.446287704066736251e+07,6.315103913812563568e+07
2.655693803147177096e+04,7.682578511544883026e-01,-5.247028122104540060e-01,3.399672318263592571e+07,6.347189600849263370e+07
2.657105655248797120e+04,7.714442248563987414e-01,-5.186975685489167986e-01,3.352740964414282143e+07,6.378992972326076776e+07
2.658517507350417145e+04,7.745861580504033173e-01,-5.126624443232971062e-01,3.305494184972483665e+07,6.410511084512209892e+07
2.659929359452036806e+04,7.776833533134807075e-01,-5.065977101414301798e-01,3.257932541150975227e+07,6.441740973029873520e+07
2.661341211553656831e+04,7.807355137612067564e-01,-5.005036394185486959e-01,3.210056613336682692e+07,6.472679652759160101e+07
2.662753063655276856e+04,7.837423430660422907e-01,-4.943805083969117220e-01,3.161867001512086764e+07,6.503324117746038735e+07
2.664164915756896880e+04,7.867035454760300528e-01,-4.882285961655029038e-01,3.113364325682804734e+07,6.533671341113742441e+07
2.665576767858516905e+04,7.896188258338939781e-01,-4.820481846798195247e-01,3.064549226311595738e+07,6.563718274977546185e+07
2.666988619960136930e+04,7.924878895965519199e-01,-4.758395587817376704e-01,3.015422364758773893e+07,6.593461850363116711e+07
2.668400472061756955e+04,7.953104428550474836e-01,-4.696030062194537780e-01,2.965984423729105294e+07,6.622898977128540725e+07
2.669812324163376979e+04,7.980861923549056325e-01,-4.633388176674969050e-01,2.916236107725247368e+07,6.652026543890171498e+07
2.671224176264996640e+04,8.008148455169201707e-01,-4.570472867468118316e-01,2.866178143507804349e+07,6.680841417952413112e+07
2.672636028366616665e+04,8.034961104583802083e-01,-4.507287100448976735e-01,2.815811280561978742e+07,6.709340445241627842e+07
2.674047880468236690e+04,8.061296960147349422e-01,-4.443833871360234888e-01,2.765136291571073979e+07,6.737520450244192779e+07
2.675459732569856715e+04,8.087153117617142950e-01,-4.380116206014840752e-01,2.714153972896642238e+07,6.765378235948994756e+07
2.676871584671476739e+04,8.112526680379027466e-01,-4.316137160499159409e-01,2.662865145065533370e+07,6.792910583794410527e+07
2.678283436773096764e+04,8.137414759677770171e-01,-4.251899821376594613e-01,2.611270653263818473e+07,6.820114253619948030e+07
2.679695288874716789e+04,8.161814474852129297e-01,-4.187407305891647225e-01,2.559371367837656289e+07,6.846985983622711897e+07
2.681107140976336450e+04,8.185722953574677829e-01,-4.122662762174376105e-01,2.507168184801171347e+07,6.873522490318837762e+07
2.682518993077956475e+04,8.209137332096476669e-01,-4.057669369445114360e-01,2.454662026351313666e+07,6.899720468510095775e+07
2.683930845179576500e+04,8.232054755496593934e-01,-3.992430338219646324e-01,2.401853841389950365e+07,6.925576591255722940e+07
2.685342697281196524e+04,8.254472377936634686e-01,-3.926948910514455049e-01,2.348744606052974984e+07,6.951087509849801660e+07
2.686754549382816549e+04,8.276387362920264446e-01,-3.861228360052244568e-01,2.295335324246678129e+07,6.976249853804242611e+07
2.688166401484436574e+04,8.297796883557848613e-01,-3.795271992467571520e-01,2.241627028191348910e+07,7.001060230837590992e+07
2.689578253586056599e+04,8.318698122836246656e-01,-3.729083145512564479e-01,2.187620778972164541e+07,7.025515226869833469e+07
2.690990105687676623e+04,8.339088273893837666e-01,-3.662665189262654941e-01,2.133317667097409815e+07,7.049611406023390591e+07
2.692401957789296284e+04,8.358964540300852786e-01,-3.596021526322290551e-01,2.078718813064083457e+07,7.073345310630472004e+07
2.693813809890916309e+04,8.378324136345098871e-01,-3.529155592030462363e-01,2.023825367930843309e+07,7.096713461247029901e+07
2.695225661992536334e+04,8.397164287323074516e-01,-3.462070854666242092e-01,1.968638513898541778e+07,7.119712356673406065e+07
2.696637514094156359e+04,8.415482229836654948e-01,-3.394770815653914697e-01,1.913159464898102731e+07,7.142338473982009292e+07
2.698049366195776383e+04,8.433275212095328044e-01,-3.327259009767909448e-01,1.857389467185982317e+07,7.164588268552125990e+07
2.699461218297396408e+04,8.450540494224099142e-01,-3.259539005337345752e-01,1.801329799947164208e+07,7.186458174112109840e+07
2.700873070399016433e+04,8.467275348577114613e-01,-3.191614404450149878e-01,1.744981775905723497e+07,7.207944602789168060e+07
2.702284922500636458e+04,8.483477060057087460e-01,-3.123488843156659311e-01,1.688346741942992434e+07,7.229043945166957378e+07
2.703696774602256119e+04,8.499142926440588219e-01,-3.055165991672672554e-01,1.631426079723356478e+07,7.249752570351195335e+07
2.705108626703876143e+04,8.514270258709296657e-01,-2.986649554581742860e-01,1.574221206327619404e+07,7.270066826043571532e+07
2.706520478805496168e+04,8.528856381387230901e-01,-2.917943271036919639e-01,1.516733574894167297e+07,7.289983038624086976e+07
2.707932330907116193e+04,8.542898632884098342e-01,-2.849050914961493985e-01,1.458964675267655589e+07,7.309497513242174685e+07
2.709344183008736218e+04,8.556394365844783856e-01,-2.779976295248925977e-01,1.400916034655445255e+07,7.328606533916766942e+07
2.710756035110356243e+04,8.569340947505084127e-01,-2.710723255961773881e-01,1.342589218291707896e+07,7.347306363645577431e+07
2.712167887211976267e+04,8.581735760053731399e-01,-2.641295676529540337e-01,1.283985830109217018e+07,7.365593244523851573e+07
2.713579739313595928e+04,8.593576201000802106e-01,-2.571697471945380564e-01,1.225107513418837823e+07,7.383463397872826457e+07
2.714991591415215953e+04,8.604859683552580352e-01,-2.501932592961450541e-01,1.165955951596619003e+07,7.400913024378201365e+07
2.716403443516835978e+04,8.615583636992922845e-01,-2.432005026283089177e-01,1.106532868778706342e+07,7.417938304238802195e+07
2.717815295618456003e+04,8.625745507071232998e-01,-2.361918794761365403e-01,1.046840030563758500e+07,7.434535397325807810e+07
2.719227147720076027e+04,8.635342756397101915e-01,-2.291677957584161152e-01,9.868792447230752558e+06,7.450700443352741003e+07
2.720638999821696052e+04,8.644372864841678439e-01,-2.221286610465581790e-01,9.266523619183234870e+06,7.466429562056538463e+07
2.722050851923316077e+04,8.652833329945853746e-01,-2.150748885833605462e-01,8.661612764268480241e+06,7.481718853389966488e+07
2.723462704024936102e+04,8.660721667335326002e-01,-2.080068953015861699e-01,8.054079268745347857e+06,7.496564397725681961e+07
2.724874556126555763e+04,8.668035411142611668e-01,-2.009251018423444946e-01,7.443942969762024470e+06,7.510962256072230637e+07
2.726286408228175787e+04,8.674772114436094528e-01,-1.938299325732543987e-01,6.831224162833855487e+06,7.524908470302292705e+07
2.727698260329795812e+04,8.680929349656145710e-01,-1.867218156064041068e-01,6.215943609396945685e+06,7.538399063393437862e+07
2.729110112431415837e+04,8.686504709058425755e-01,-1.796011828160594681e-01,5.598122544433834963e+06,7.551430039681760967e+07
2.730521964533035862e+04,8.691495805164409783e-01,-1.724684698561359530e-01,4.977782684172989801e+06,7.563997385128666461e+07
2.731933816634655886e+04,8.695900271219211275e-01,-1.653241161774109125e-01,4.354946233860490844e+06,7.576097067601141334e+07
2.733345668736275911e+04,8.699715761656784396e-01,-1.581685650444644986e-01,3.729635895603328012e+06,7.587725037165823579e+07
2.734757520837895936e+04,8.702939952572545934e-01,-1.510022635523370071e-01,3.101874876283491496e+06,7.598877226397220790e+07
2.736169372939515597e+04,8.705570542203516782e-01,-1.438256626428899010e-01,2.471686895542142913e+06,7.609549550700381398e+07
2.737581225041135622e+04,8.707605251416019598e-01,-1.366392171208465345e-01,1.839096193831933895e+06,7.619737908648397028e+07
2.738993077142755646e+04,8.709041824201011472e-01,-1.294433856695256235e-01,1.204127540538879111e+06,7.629438182335020602e+07
2.740404929244375671e+04,8.709878028177115983e-01,-1.222386308662162663e-01,5.668062421694335062e+05,7.638646237742818892e+07
2.741816781345995696e+04,8.710111655101409056e-01,-1.150254191972072682e-01,-7.284184939598117489e+04,7.647357925127157569e+07
2.743228633447615721e+04,8.709740521388025236e-01,-1.078042210724448197e-01,-7.147903285852430854e+05,7.655569079416398704e+07
2.744640485549235746e+04,8.708762468634649867e-01,-1.005755108398046077e-01,-1.359012227753783343e+06,7.663275520628675818e+07
2.746052337650855407e+04,8.707175364156941599e-01,-9.333976679896466289e-02,-2.005480008742098464e+06,7.670473054305598140e+07
2.747464189752475431e+04,8.704977101530952943e-01,-8.609747121485145094e-02,-2.654165554374058731e+06,7.677157471963283420e+07
2.748876041854095456e+04,8.702165601143612150e-01,-7.884911033067064368e-02,-3.305040159895139746e+06,7.683324551561048627e+07
2.750287893955715481e+04,8.698738810751296402e-01,-7.159517438046859861e-02,-3.958074524355629459e+06,7.688970057988192141e+07
2.751699746057335506e+04,8.694694706046576238e-01,-6.433615760123498339e-02,-4.613238741938141175e+06,7.694089743569211662e+07
2.753111598158955530e+04,8.690031291233165645e-01,-5.707255824451815118e-02,-5.270502293232349679e+06,7.698679348587864637e+07
2.754523450260575555e+04,8.684746599609126649e-01,-4.980487858753669672e-02,-5.929834036458821036e+06,7.702734601830463111e+07
2.755935302362195580e+04,8.678838694158390599e-01,-4.253362494376933256e-02,-6.591202198644070886e+06,7.706251221148785949e+07
2.757347154463815241e+04,8.672305668150621649e-01,-3.525930767300591850e-02,-7.254574366748933680e+06,7.709224914043027163e+07
2.758759006565435266e+04,8.665145645749470216e-01,-2.798244119082941850e-02,-7.919917478753630072e+06,7.711651378265169263e+07
2.760170858667055290e+04,8.657356782629281877e-01,-2.070354397753747938e-02,-8.587197814699456096e+06,7.713526302443194389e+07
2.761582710768675315e+04,8.648937266600250640e-01,-1.342313858644620696e-02,-9.256380987693112344e+06,7.714845366726544499e+07
2.762994562870295340e+04,8.639885318242100931e-01,-6.141751651584024564e-03,-9.927431934873839840e+06,7.715604243453235924e+07
2.764406414971915365e+04,8.630199191546300552e-01,1.140086105256222365e-03,-1.060031490834723972e+07,7.715798597839058936e+07
2.765818267073535389e+04,8.619877174566851208e-01,8.421839868126135623e-03,-1.127499346608860232e+07,7.715424088689267635e+07
2.767230119175155414e+04,8.608917590079672166e-01,1.570297072121299570e-02,-1.195143046281885542e+07,7.714476369133181870e+07
2.768641971276775075e+04,8.597318796250614792e-01,2.298293564383331253e-02,-1.262958804085621983e+07,7.712951087382137775e+07
2.770053823378395100e+04,8.585079187312100180e-01,3.026118750616218350e-02,-1.330942762094802037e+07,7.710843887511196733e+07
2.771465675480015125e+04,8.572197194248454277e-01,3.753717506569297091e-02,-1.399090989308358170e+07,7.708150410265047848e+07
2.772877527581635150e+04,8.558671285489891645e-01,4.481034296448777737e-02,-1.467399480729537643e+07,7.704866293888533115e+07
2.774289379683255174e+04,8.544499967615193370e-01,5.208013172721413786e-02,-1.535864156444967166e+07,7.700987174982221425e+07
2.775701231784875199e+04,8.529681786063083582e-01,5.934597776000289510e-02,-1.604480860703170300e+07,7.696508689383463562e+07
2.777113083886495224e+04,8.514215325852297900e-01,6.660731335014971610e-02,-1.673245360992936976e+07,7.691426473073360324e+07
2.778524935988114885e+04,8.498099212310368245e-01,7.386356666668308923e-02,-1.742153347121958062e+07,7.685736163110072911e+07
2.779936788089734910e+04,8.481332111811058505e-01,8.111416176183490478e-02,-1.811200430296281353e+07,7.679433398588909209e+07
2.781348640191354934e+04,8.463912732520540994e-01,8.835851857341120441e-02,-1.880382142200785503e+07,7.672513821629619598e+07
2.782760492292974959e+04,8.445839825152197111e-01,9.559605292812638211e-02,-1.949693934081513435e+07,7.664973078391321003e+07
2.784172344394594984e+04,8.427112183730091077e-01,1.028261765458989840e-01,-2.019131175830095261e+07,7.656806820115493238e+07
2.785584196496215009e+04,8.407728646361065650e-01,1.100482970451469311e-01,-2.088689155070887133e+07,7.648010704197461903e+07
2.786996048597835033e+04,8.387688096015445405e-01,1.172618179491077550e-01,-2.158363076251344383e+07,7.638580395286795497e+07
2.788407900699455058e+04,8.366989461316303167e-01,1.244661386932108121e-01,-2.228148059736183658e+07,7.628511566417050362e+07
2.789819752801074719e+04,8.345631717337260724e-01,1.316606546335279682e-01,-2.298039140905891731e+07,7.617799900165265799e+07
2.791231604902694744e+04,8.323613886408750551e-01,1.388447570563419442e-01,-2.368031269260278344e+07,7.606441089841626585e+07
2.792643457004314769e+04,8.300935038932771848e-01,1.460178331888330738e-01,-2.438119307527420670e+07,7.594430840709735453e+07
2.794055309105934793e+04,8.277594294205962155e-01,1.531792662109509318e-01,-2.508298030778988823e+07,7.581764871237848699e+07
2.795467161207554818e+04,8.253590821251026721e-01,1.603284352684722358e-01,-2.578562125552337989e+07,7.568438914381518960e+07
2.796879013309174843e+04,8.228923839656405725e-01,1.674647154872858368e-01,-2.648906188980146870e+07,7.554448718898034096e+07
2.798290865410794868e+04,8.203592620424119408e-01,1.745874779889335648e-01,-2.719324727928280830e+07,7.539790050693023205e+07
2.799702717512414893e+04,8.177596486825717825e-01,1.816960899074370750e-01,-2.789812158142594993e+07,7.524458694199633598e+07
2.801114569614034554e+04,8.150934815266228650e-01,1.887899144074398905e-01,-2.860362803405396640e+07,7.508450453790649772e+07
2.802526421715654578e+04,8.123607036156003103e-01,1.958683107037069715e-01,-2.930970894702434167e+07,7.491761155223895609e+07
2.803938273817274603e+04,8.095612634790428919e-01,2.029306340819858889e-01,-3.001630569400924072e+07,7.474386647121335566e+07
2.805350125918894628e+04,8.066951152237276101e-01,2.099762359212981322e-01,-3.072335870439779386e+07,7.456322802482157946e+07
2.806761978020514653e+04,8.037622186231671018e-01,2.170044637176654911e-01,-3.143080745532594994e+07,7.437565520230214298e+07
2.808173830122134677e+04,8.007625392078514537e-01,2.240146611093147555e-01,-3.213859046384349465e+07,7.418110726796141267e+07
2.809585682223754702e+04,7.976960483562227644e-01,2.310061679033921511e-01,-3.284664527922672033e+07,7.397954377734468877e+07
2.810997534325374363e+04,7.945627233863690186e-01,2.379783201042185992e-01,-3.355490847544558346e+07,7.377092459376026690e+07
2.812409386426994388e+04,7.913625476484170695e-01,2.449304499431302629e-01,-3.426331564379555732e+07,7.355520990515902638e+07
2.813821238528614413e+04,7.880955106176219527e-01,2.518618859099108764e-01,-3.497180138570092618e+07,7.333236024137315154e+07
2.815233090630234437e+04,7.847616079881172269e-01,2.587719527858861057e-01,-3.568029930570280552e+07,7.310233649171543121e+07
2.816644942731854462e+04,7.813608417673243434e-01,2.656599716786867127e-01,-3.638874200463899225e+07,7.286509992294235528e+07
2.818056794833474487e+04,7.778932203709939541e-01,2.725252600587260710e-01,-3.709706107302699983e+07,7.262061219758298993e+07
2.819468646935094512e+04,7.743587587188627275e-01,2.793671317974252277e-01,-3.780518708466031402e+07,7.236883539263574779e+07
2.820880499036714536e+04,7.707574783309031341e-01,2.861848972072189579e-01,-3.851304959042862058e+07,7.210973201863488555e+07
2.822292351138334197e+04,7.670894074241486615e-01,2.929778630833779762e-01,-3.922057711237259209e+07,7.184326503908850253e+07
