time,x,y,vx,vy
0.000000000000000000e+00,0.000000000000000000e+00,9.832899999999999974e-01,-6.773251395529817045e+07,0.000000000000000000e+00
2.825117468606941173e+01,-1.279092970372835980e-02,9.831956600031359628e-01,-6.772601694485884905e+07,-9.990149930453415727e+05
5.650234937213882347e+01,-2.557940523290516341e-02,9.829126668299900116e-01,-6.770652339062570035e+07,-1.997912184406938031e+06
8.475352405820822810e+01,-3.836297222162524806e-02,9.824410538546255456e-01,-6.767403270870710909e+07,-2.996573692282781005e+06
1.130046987442776469e+02,-5.113917615704438591e-02,9.817808767189454278e-01,-6.762854392789064348e+07,-3.994881543383841403e+06
1.412558734303470658e+02,-6.390556230639297952e-02,9.809322133542895950e-01,-6.757005569172602892e+07,-4.992717627172805369e+06
1.695070481164164562e+02,-7.665967564446206362e-02,9.798951640116762007e-01,-6.749856626144494116e+07,-5.989963650070944801e+06
1.977582228024858750e+02,-8.939906078171981629e-02,9.786698513006936162e-01,-6.741407351972155273e+07,-6.986501089622618631e+06
2.260093974885552939e+02,-1.021212618932178379e-01,9.772564202370545017e-01,-6.731657497527864575e+07,-7.982211148606951348e+06
2.542605721746247127e+02,-1.148238226484473296e-01,9.756550382988192771e-01,-6.720606776834543049e+07,-8.976974709086414427e+06
2.825117468606941316e+02,-1.275042861423067719e-01,9.738658954913050891e-01,-6.708254867697405815e+07,-9.970672286382108927e+06
3.107629215467635504e+02,-1.401601948273437370e-01,9.718892044206923764e-01,-6.694601412422318012e+07,-1.096318398296575435e+07
3.390140962328329124e+02,-1.527890904474357714e-01,9.697252003763484618e-01,-6.679646018621787429e+07,-1.195438944225854240e+07
3.672652709189023312e+02,-1.653885139730763010e-01,9.673741414218841594e-01,-6.663388260109633952e+07,-1.294416780232727528e+07
3.955164456049717501e+02,-1.779560055384346029e-01,9.648363084949652668e-01,-6.645827677885512263e+07,-1.393239764946836233e+07
4.237676202910411689e+02,-1.904891043803601247e-01,9.621120055159004814e-01,-6.626963781210545450e+07,-1.491895697167060710e+07
4.520187949771105878e+02,-2.029853487795050537e-01,9.592015595050291665e-01,-6.606796048775476217e+07,-1.590372311194794811e+07
4.802699696631800066e+02,-2.154422760037406070e-01,9.561053207089351691e-01,-6.585323929962828010e+07,-1.688657272153364867e+07
5.085211443492494254e+02,-2.278574222540466210e-01,9.528236627355128885e-01,-6.562546846204709262e+07,-1.786738171292780340e+07
5.367723190353187874e+02,-2.402283226130561555e-01,9.493569826979144644e-01,-6.538464192438000441e+07,-1.884602521279036254e+07
5.650234937213882631e+02,-2.525525109964411596e-01,9.457057013674076140e-01,-6.513075338658778369e+07,-1.982237751467236504e+07
5.932746684074576251e+02,-2.648275201073279073e-01,9.418702633351755393e-01,-6.486379631577975303e+07,-2.079631203157840669e+07
6.215258430935271008e+02,-2.770508813939360770e-01,9.378511371830914323e-01,-6.458376396380358934e+07,-2.176770124835399538e+07
6.497770177795964628e+02,-2.892201250106375965e-01,9.336488156635018854e-01,-6.429064938589077443e+07,-2.273641667389177904e+07
6.780281924656658248e+02,-3.013327797826377830e-01,9.292638158880522914e-01,-6.398444546038113534e+07,-2.370232879315140471e+07
7.062793671517353005e+02,-3.133863731744842007e-01,9.246966795255912031e-01,-6.366514490955131501e+07,-2.466530701898814365e+07
7.345305418378046625e+02,-3.253784312626141761e-01,9.199479730091905116e-01,-6.333274032157327980e+07,-2.562521964378619194e+07
7.627817165238741381e+02,-3.373064787121574093e-01,9.150182877523169722e-01,-6.298722417363016307e+07,-2.658193379089323059e+07
7.910328912099435001e+02,-3.491680387582140610e-01,9.099082403741949321e-01,-6.262858885621826351e+07,-2.753531536585344374e+07
8.192840658960129758e+02,-3.609606331918359667e-01,9.046184729343975661e-01,-6.225682669866514206e+07,-2.848522900743711740e+07
8.475352405820823378e+02,-3.726817823509425698e-01,8.991496531767039224e-01,-6.187192999589522183e+07,-2.943153803846560419e+07
8.757864152681518135e+02,-3.843290051164114929e-01,8.935024747822637448e-01,-6.147389103647565842e+07,-3.037410441643148661e+07
9.040375899542211755e+02,-3.958998189135867207e-01,8.876776576321051548e-01,-6.106270213197661191e+07,-3.131278868391447514e+07
9.322887646402905375e+02,-4.073917397194583012e-01,8.816759480790264947e-01,-6.063835564768142253e+07,-3.224744991879484057e+07
9.605399393263600132e+02,-4.188022820757700271e-01,8.754981192289077452e-01,-6.020084403468368948e+07,-3.317794568426692858e+07
9.887911140124293752e+02,-4.301289591083210517e-01,8.691449712314820442e-01,-5.975015986340962350e+07,-3.410413197865663469e+07
1.017042288698498851e+03,-4.413692825527352204e-01,8.626173315806007214e-01,-5.928629585860548913e+07,-3.502586318504782766e+07
1.045293463384568213e+03,-4.525207627869770044e-01,8.559160554240302643e-01,-5.880924493583153188e+07,-3.594299202072384208e+07
1.073544638070637575e+03,-4.635809088709038628e-01,8.490420258828125233e-01,-5.831900023950507492e+07,-3.685536948643165827e+07
1.101795812756707164e+03,-4.745472285931511824e-01,8.419961543802244597e-01,-5.781555518253720552e+07,-3.776284481547765434e+07
1.130046987442776526e+03,-4.854172285256543873e-01,8.347793809803647491e-01,-5.729890348760880530e+07,-3.866526542266523093e+07
1.158298162128845888e+03,-4.961884140861241854e-01,8.273926747363981038e-01,-5.676903923013323545e+07,-3.956247685308641940e+07
1.186549336814915250e+03,-5.068582896087949763e-01,8.198370340484840701e-01,-5.622595688295467198e+07,-4.045432273078083992e+07
1.214800511500984612e+03,-5.174243584237816496e-01,8.121134870314118404e-01,-5.566965136283244938e+07,-4.134064470727745444e+07
1.243051686187054202e+03,-5.278841229453857808e-01,8.042230918919643923e-01,-5.510011807876347005e+07,-4.222128241003616899e+07
1.271302860873123564e+03,-5.382350847697021656e-01,7.961669373160265017e-01,-5.451735298219621181e+07,-4.309607339080832899e+07
1.299554035559192926e+03,-5.484747447818909549e-01,7.879461428654522814e-01,-5.392135261919155717e+07,-4.396485307393723726e+07
1.327805210245262288e+03,-5.586006032734850413e-01,7.795618593847001288e-01,-5.331211418458713591e+07,-4.482745470462179929e+07
1.356056384931331650e+03,-5.686101600701191083e-01,7.710152694172403010e-01,-5.268963557822355628e+07,-4.568370929716885090e+07
1.384307559617401239e+03,-5.785009146700734739e-01,7.623075876317344513e-01,-5.205391546329239756e+07,-4.653344558326193690e+07
1.412558734303470601e+03,-5.882703663940399563e-01,7.534400612579820189e-01,-5.140495332686752826e+07,-4.737648996027681977e+07
1.440809908989539963e+03,-5.979160145465285403e-01,7.444139705326198175e-01,-5.074274954268271476e+07,-4.821266643967675418e+07
1.469061083675609325e+03,-6.074353585893437213e-01,7.352306291545596117e-01,-5.006730543622030318e+07,-4.904179659552309662e+07
1.497312258361678914e+03,-6.168258983275739515e-01,7.258913847501348160e-01,-4.937862335217706114e+07,-4.986369951313988864e+07
1.525563433047748276e+03,-6.260851341085494903e-01,7.163976193479262289e-01,-4.867670672437495738e+07,-5.067819173797398061e+07
1.553814607733817638e+03,-6.352105670342367283e-01,7.067507498632251695e-01,-4.796156014818608761e+07,-5.148508722469560802e+07
1.582065782419887000e+03,-6.441996991875498235e-01,6.969522285920820570e-01,-4.723318945554252714e+07,-5.228419728658741713e+07
1.610316957105956362e+03,-6.530500338730759191e-01,6.870035437148853674e-01,-4.649160179260324687e+07,-5.307533054527372867e+07
1.638568131792025952e+03,-6.617590758727207589e-01,6.769062198093976912e-01,-4.573680570015165210e+07,-5.385829288084530830e+07
1.666819306478095314e+03,-6.703243317167987270e-01,6.666618183731712888e-01,-4.496881119679881632e+07,-5.463288738243888319e+07
1.695070481164164676e+03,-6.787433099711044360e-01,6.562719383552497732e-01,-4.418762986506853253e+07,-5.539891429933468997e+07
1.723321655850234038e+03,-6.870135215405157592e-01,6.457382166970541126e-01,-4.339327494044184685e+07,-5.615617099263941497e+07
1.751572830536303627e+03,-6.951324799896966278e-01,6.350623288823333823e-01,-4.258576140343973041e+07,-5.690445188762653619e+07
1.779824005222372989e+03,-7.030977018814792423e-01,6.242459894960511457e-01,-4.176510607482372969e+07,-5.764354842681051791e+07
1.808075179908442351e+03,-7.109067071335228860e-01,6.132909527920594739e-01,-4.093132771399543434e+07,-5.837324902383633703e+07
1.836326354594511713e+03,-7.185570193938606298e-01,6.021990132694007292e-01,-4.008444712067661434e+07,-5.909333901827067137e+07
1.864577529280581075e+03,-7.260461664359620926e-01,5.909720062570575916e-01,-3.922448723995257914e+07,-5.980360063138647377e+07
1.892828703966650664e+03,-7.333716805739542988e-01,5.796118085069532633e-01,-3.835147327076212317e+07,-6.050381292303821445e+07
1.921079878652720026e+03,-7.405310990986594399e-01,5.681203387949904648e-01,-3.746543277791795880e+07,-6.119375174973069131e+07
1.949331053338789388e+03,-7.475219647351248886e-01,5.564995585298881942e-01,-3.656639580774188042e+07,-6.187318972399045527e+07
1.977582228024858750e+03,-7.543418261223358012e-01,5.447514723695653371e-01,-3.565439500739943236e+07,-6.254189617515495420e+07
2.005833402710928340e+03,-7.609882383158163011e-01,5.328781288447879128e-01,-3.472946574801864475e+07,-6.319963711170116812e+07
2.034084577396997702e+03,-7.674587633138431064e-01,5.208816209897806360e-01,-3.379164625167757273e+07,-6.384617518524216861e+07
2.062335752083066836e+03,-7.737509706080087923e-01,5.087640869794720633e-01,-3.284097772234486043e+07,-6.448126965632715076e+07
2.090586926769136426e+03,-7.798624377588903034e-01,4.965277107730228234e-01,-3.187750448085723445e+07,-6.510467636218766868e+07
2.118838101455206015e+03,-7.857907509975921023e-01,4.841747227632537953e-01,-3.090127410401705652e+07,-6.571614768658045679e+07
2.147089276141275150e+03,-7.915335058539501034e-01,4.717074004315641722e-01,-2.991233756789179891e+07,-6.631543253188514709e+07
2.175340450827344739e+03,-7.970883078121986376e-01,4.591280690078970994e-01,-2.891074939539626986e+07,-6.690227629362328351e+07
2.203591625513414328e+03,-8.024527729949144650e-01,4.464391021352827615e-01,-2.789656780823687464e+07,-6.747642083757334948e+07
2.231842800199483463e+03,-8.076245288760710572e-01,4.336429225384479391e-01,-2.686985488329481333e+07,-6.803760447966553271e+07
2.260093974885553052e+03,-8.126012150240483622e-01,4.207420026959508563e-01,-2.583067671352324262e+07,-6.858556196884886920e+07
2.288345149571622187e+03,-8.173804838754556989e-01,4.077388655152633934e-01,-2.477910357343073934e+07,-6.912002447313250601e+07
2.316596324257691776e+03,-8.219600015406429705e-01,3.946360850101773288e-01,-2.371521008921981230e+07,-6.964071956901292503e+07
2.344847498943761366e+03,-8.263374486417841558e-01,3.814362869798800237e-01,-2.263907541364646330e+07,-7.014737123450842500e+07
2.373098673629830500e+03,-8.305105211844305835e-01,3.681421496889920042e-01,-2.155078340566198900e+07,-7.063969984603269398e+07
2.401349848315900090e+03,-8.344769314634440383e-01,3.547564045478219241e-01,-2.045042281489418447e+07,-7.111742217934970558e+07
2.429601023001969224e+03,-8.382344090042271878e-01,3.412818367920452123e-01,-1.933808747102015093e+07,-7.158025141486284137e+07
2.457852197688038814e+03,-8.417807015401804760e-01,3.277212861609605787e-01,-1.821387647807658836e+07,-7.202789714750246704e+07
2.486103372374108403e+03,-8.451135760273222886e-01,3.140776475734344264e-01,-1.707789441374824569e+07,-7.246006540148730576e+07
2.514354547060177538e+03,-8.482308196970149705e-01,3.003538718005827057e-01,-1.593025153366729058e+07,-7.287645865024666488e+07
2.542605721746247127e+03,-8.511302411477478236e-01,2.865529661341892353e-01,-1.477106398074942082e+07,-7.327677584180244803e+07
2.570856896432316262e+03,-8.538096714769269902e-01,2.726779950498030014e-01,-1.360045399958421662e+07,-7.366071242992170155e+07
2.599108071118385851e+03,-8.562669654536312347e-01,2.587320808633892799e-01,-1.241855015588751622e+07,-7.402796041136319935e+07
2.627359245804455441e+03,-8.585000027332885253e-01,2.447184043803593834e-01,-1.122548756101467647e+07,-7.437820836955355108e+07
2.655610420490524575e+03,-8.605066891152274300e-01,2.306402055357268110e-01,-1.002140810152179748e+07,-7.471114152504132688e+07
2.683861595176594165e+03,-8.622849578440570095e-01,2.165007840240785741e-01,-8.806460673750922084e+06,-7.502644179309028387e+07
2.712112769862663299e+03,-8.638327709558201173e-01,2.023034999179813831e-01,-7.580801423402608372e+06,-7.532378784878572822e+07
2.740363944548732889e+03,-8.651481206698565796e-01,1.880517742733615605e-01,-6.344593990044884384e+06,-7.560285520004108548e+07
2.768615119234802478e+03,-8.662290308273055128e-01,1.737490897203373130e-01,-5.098009756493956782e+06,-7.586331626890467107e+07
2.796866293920871612e+03,-8.670735583771584931e-01,1.593989910378909580e-01,-3.841228102985091507e+06,-7.610484048157964647e+07
2.825117468606941202e+03,-8.676797949107590835e-01,1.450050857106990887e-01,-2.574436666035777889e+06,-7.632709436758331954e+07
2.853368643293010791e+03,-8.680458682456265729e-01,1.305710444663554792e-01,-1.297831601885006297e+06,-7.652974166848438978e+07
2.881619817979079926e+03,-8.681699440594544681e-01,1.161006017911318106e-01,-1.161785437244409695e+04,-7.671244345666991174e+07
2.909870992665149515e+03,-8.680502275751100782e-01,1.015975564223414035e-01,1.283990572899024235e+06,-7.687485826460576057e+07
2.938122167351218650e+03,-8.676849652974264471e-01,8.706577181528164788e-02,2.588770340296108276e+06,-7.701664222506690025e+07
2.966373342037288239e+03,-8.670724468025450271e-01,7.250917658263264509e-02,3.902488491986396722e+06,-7.713744922282531857e+07
2.994624516723357829e+03,-8.662110065805259662e-01,5.793176490410863189e-02,5.224902172095232643e+06,-7.723693105829498172e+07
3.022875691409426963e+03,-8.650990259318954712e-01,4.333759690405027121e-02,6.555758337443126366e+06,-7.731473762364389002e+07
3.051126866095496553e+03,-8.637349349187525283e-01,2.873079899455759090e-02,7.894793467146204785e+06,-7.737051709189346433e+07
3.079378040781565687e+03,-8.621172143709984192e-01,1.411556418166350600e-02,9.241733269392061979e+06,-7.740391611953502893e+07
3.107629215467635277e+03,-8.602443979481910752e-01,-5.038476680610906892e-04,1.059629238573572785e+07,-7.741458006320159137e+07
3.135880390153704866e+03,-8.581150742574594759e-01,-1.512310960316900002e-02,1.195817409329254553e+07,-7.740215321094088256e+07
3.164131564839774001e+03,-8.557278890278380290e-01,-2.973782740808034175e-02,1.332707000524100475e+07,-7.736627902864190936e+07
3.192382739525843590e+03,-8.530815473412981520e-01,-4.434353947181997324e-02,1.470265977008459903e+07,-7.730660042217276990e+07
3.220633914211912725e+03,-8.501748159206685695e-01,-5.893571670776608096e-02,1.608461077016040310e+07,-7.722276001579131186e+07
3.248885088897982314e+03,-8.470065254745376970e-01,-7.350976252754222451e-02,1.747257781992329285e+07,-7.711440044739238918e+07
3.277136263584051903e+03,-8.435755730991303381e-01,-8.806101287227856289e-02,1.886620286457576603e+07,-7.698116468115651608e+07
3.305387438270121038e+03,-8.398809247370342401e-01,-1.025847363045875593e-01,2.026511467965867743e+07,-7.682269633816300333e+07
3.333638612956190627e+03,-8.359216176925385877e-01,-1.170761341646975179e-01,2.166892857226334140e+07,-7.663864004552800953e+07
3.361889787642260217e+03,-8.316967632032110647e-01,-1.315303407942929881e-01,2.307724608457325399e+07,-7.642864180462181568e+07
3.390140962328329351e+03,-8.272055490672060030e-01,-1.459424238317210132e-01,2.448965470049384609e+07,-7.619234937891232967e+07
3.418392137014398941e+03,-8.224472423256440345e-01,-1.603073845823189958e-01,2.590572755617929250e+07,-7.592941270197060704e+07
3.446643311700468075e+03,-8.174211919992527831e-01,-1.746201584677193608e-01,2.732502315531845391e+07,-7.563948430616135895e+07
3.474894486386537665e+03,-8.121268318782800533e-01,-1.888756155580914864e-01,2.874708509009733051e+07,-7.532221977252431214e+07
3.503145661072607254e+03,-8.065636833645244419e-01,-2.030685611913630451e-01,3.017144176881031692e+07,-7.497727820233294368e+07
3.531396835758676389e+03,-8.007313583641283428e-01,-2.171937366835650918e-01,3.159760615115131810e+07,-7.460432271079325676e+07
3.559648010444745978e+03,-7.946295622295854733e-01,-2.312458201345217734e-01,3.302507549227389321e+07,-7.420302094331832230e+07
3.587899185130815113e+03,-7.882580967492011093e-01,-2.452194273331859964e-01,3.445333109676948190e+07,-7.377304561478300393e+07
3.616150359816884702e+03,-7.816168631820189505e-01,-2.591091127670028249e-01,3.588183808377465606e+07,-7.331407507212750614e+07
3.644401534502954291e+03,-7.747058653359987224e-01,-2.729093707397360347e-01,3.731004516447877139e+07,-7.282579388063855469e+07
3.672652709189023426e+03,-7.675252126869768210e-01,-2.866146366022646608e-01,3.873738443336696923e+07,-7.230789343419162929e+07
3.700903883875093015e+03,-7.600751235356882907e-01,-3.002192881008952097e-01,4.016327117459539324e+07,-7.176007258968795836e+07
3.729155058561162150e+03,-7.523559281998581927e-01,-3.137176468477780311e-01,4.158710368495811522e+07,-7.118203832586446404e+07
3.757406233247231739e+03,-7.443680722380873194e-01,-3.271039799180485153e-01,4.300826311496847123e+07,-7.057350642659366131e+07
3.785657407933301329e+03,-7.361121197019649953e-01,-3.403725015783204411e-01,4.442611332963813841e+07,-6.993420218872405589e+07
3.813908582619370463e+03,-7.275887564125375073e-01,-3.535173751511719864e-01,4.584000079059930891e+07,-6.926386115443833172e+07
3.842159757305440053e+03,-7.187987932569415150e-01,-3.665327150202472017e-01,4.724925446127402037e+07,-6.856222986802752316e+07
3.870410931991509187e+03,-7.097431695006887198e-01,-3.794125887805681607e-01,4.865318573685234040e+07,-6.782906665689399838e+07
3.898662106677578777e+03,-7.004229561107448987e-01,-3.921510195386160302e-01,5.005108840089714527e+07,-6.706414243650297821e+07
3.926913281363648366e+03,-6.908393590842046850e-01,-4.047419883666674156e-01,5.144223861044467986e+07,-6.626724153890411556e+07
3.955164456049717501e+03,-6.809937227769974344e-01,-4.171794369158006166e-01,5.282589491152030975e+07,-6.543816256433741003e+07
3.983415630735787090e+03,-6.708875332266992508e-01,-4.294572701918792368e-01,5.420129828703333437e+07,-6.457671925532513112e+07
4.011666805421856679e+03,-6.605224214631502111e-01,-4.415693594986941362e-01,5.556767223905551434e+07,-6.368274139253085107e+07
4.039917980107925814e+03,-6.499001668001896936e-01,-4.535095455523064367e-01,5.692422290752370656e+07,-6.275607571153873205e+07
4.068169154793995403e+03,-6.390227001014375796e-01,-4.652716417704516050e-01,5.827013922743611038e+07,-6.179658683957164735e+07
4.096420329480064538e+03,-6.278921070126585180e-01,-4.768494377406714002e-01,5.960459312663424760e+07,-6.080415825102490187e+07
4.124671504166133673e+03,-6.165106311528406602e-01,-4.882367028706169898e-01,6.092673976627898216e+07,-5.977869324054282159e+07
4.152922678852203717e+03,-6.048806772557318023e-01,-4.994271902237046867e-01,6.223571782613509148e+07,-5.872011591221040487e+07
4.181173853538272851e+03,-5.930048142531694211e-01,-5.104146405430264322e-01,6.353064983677756786e+07,-5.762837218326950818e+07
4.209425028224341986e+03,-5.808857782911412970e-01,-5.211927864661042298e-01,6.481064256082169712e+07,-5.650343080060015619e+07
4.237676202910412030e+03,-5.685264756691265076e-01,-5.317553569327170271e-01,6.607478742525520176e+07,-5.534528436803406477e+07
4.265927377596481165e+03,-5.559299856928688888e-01,-5.420960817876601112e-01,6.732216100691814721e+07,-5.415395038238681108e+07
4.294178552282550299e+03,-5.430995634303508179e-01,-5.522086965798768121e-01,6.855182557312980294e+07,-5.292947227591030300e+07
4.322429726968620344e+03,-5.300386423603747899e-01,-5.620869475589422848e-01,6.976282967940115929e+07,-5.167192046267951280e+07
4.350680901654689478e+03,-5.167508369027875581e-01,-5.717245968694046887e-01,7.095420882609908283e+07,-5.038139338623417169e+07
4.378932076340758613e+03,-5.032399448190391089e-01,-5.811154279429571190e-01,7.212498617583957314e+07,-4.905801856560130417e+07
4.407183251026828657e+03,-4.895099494714511557e-01,-5.902532510878525374e-01,7.327417333328203857e+07,-4.770195363662929833e+07
4.435434425712897792e+03,-4.755650219292550940e-01,-5.991319092743754293e-01,7.440077118887677789e+07,-4.631338738536607474e+07
4.463685600398966926e+03,-4.614095229091779160e-01,-6.077452841145573048e-01,7.550377082797981799e+07,-4.489254077001777291e+07
4.491936775085036061e+03,-4.470480045381129974e-01,-6.160873020336329331e-01,7.658215450659212470e+07,-4.343966792783110589e+07
4.520187949771106105e+03,-4.324852119251763605e-01,-6.241519406300445327e-01,7.763489669480727613e+07,-4.195505716305001825e+07
4.548439124457175240e+03,-4.177260845302731562e-01,-6.319332352200397462e-01,7.866096518885742128e+07,-4.043903191191227734e+07
4.576690299143244374e+03,-4.027757573161383498e-01,-6.394252855621471721e-01,7.965932229243558645e+07,-3.889195168047036976e+07
4.604941473829314418e+03,-3.876395616707243863e-01,-6.466222627559797820e-01,8.062892606773929298e+07,-3.731421295085107535e+07
4.633192648515383553e+03,-3.723230260867342878e-01,-6.535184163089925446e-01,8.156873165642939508e+07,-3.570625005140480399e+07
4.661443823201452687e+03,-3.568318765850868046e-01,-6.601080813639355060e-01,8.247769267042660713e+07,-3.406853598604563624e+07
4.689694997887522732e+03,-3.411720368691542049e-01,-6.663856860788424097e-01,8.335476265217623115e+07,-3.240158321794793755e+07
4.717946172573591866e+03,-3.253496281966988812e-01,-6.723457591504750086e-01,8.419889660370238125e+07,-3.070594440264349803e+07
4.746197347259661001e+03,-3.093709689565926069e-01,-6.779829374711956458e-01,8.500905258344377577e+07,-2.898221306546012312e+07
4.774448521945730135e+03,-2.932425739376390283e-01,-6.832919739082712329e-01,8.578419336951598525e+07,-2.723102421816128492e+07
4.802699696631800180e+03,-2.769711532770915974e-01,-6.882677451936399793e-01,8.652328818768183887e+07,-2.545305490958369151e+07
4.830950871317869314e+03,-2.605636110768335123e-01,-6.929052599111833466e-01,8.722531450193162262e+07,-2.364902470503439382e+07
4.859202046003938449e+03,-2.440270436756034056e-01,-6.971996665675536109e-01,8.788925986518111825e+07,-2.181969608919718489e+07
4.887453220690008493e+03,-2.273687375661791743e-01,-7.011462617316147616e-01,8.851412382718807459e+07,-1.996587478731791303e+07
4.915704395376077628e+03,-2.105961669470018949e-01,-7.047404982265732531e-01,8.909891989637038112e+07,-1.808840999948509410e+07
4.943955570062146762e+03,-1.937169908983901179e-01,-7.079779933579009032e-01,8.964267755178286135e+07,-1.618819454290267080e+07
4.972206744748216806e+03,-1.767390501742553965e-01,-7.108545371591945550e-01,9.014444430107590556e+07,-1.426616489716793783e+07
5.000457919434285941e+03,-1.596703636010459171e-01,-7.133661006371926350e-01,9.060328777982302010e+07,-1.232330114771622978e+07
5.028709094120355076e+03,-1.425191240765573963e-01,-7.155088439962694613e-01,9.101829788716663420e+07,-1.036062682278112322e+07
5.056960268806425120e+03,-1.252936941622602718e-01,-7.172791248218661764e-01,9.138858895229533315e+07,-8.379208619446059689e+06
5.085211443492494254e+03,-1.080026012638547195e-01,-7.186735062015087161e-01,9.171330192583608627e+07,-6.380156014626371674e+06
5.113462618178563389e+03,-9.065453239592229095e-02,-7.196887647613035011e-01,9.199160658982372284e+07,-4.364620757125256583e+06
5.141713792864632524e+03,-7.325832852779499971e-02,-7.203218985951016506e-01,9.222270377950076759e+07,-2.333796237254001200e+06
5.169964967550702568e+03,-5.582297850905484915e-02,-7.205701350628972435e-01,9.240582760980905592e+07,-2.889167308898032643e+05
5.198216142236771702e+03,-3.835761257447728445e-02,-7.204309384344700362e-01,9.254024769906207919e+07,1.768743484728310490e+06
5.226467316922840837e+03,-2.087149542966815902e-02,-7.199020173538194234e-01,9.262527138193985820e+07,3.837871145702127367e+06
5.254718491608910881e+03,-3.374018920179634208e-03,-7.189813320995542822e-01,9.266024590362854302e+07,5.917115148406865075e+06
5.282969666294980016e+03,1.412530571155248826e-02,-7.176671016161311201e-01,9.264456058664037287e+07,8.005087829847369343e+06
5.311220840981049150e+03,3.161685597548362370e-02,-7.159578102906555275e-01,9.257764896159960330e+07,1.010036638205710426e+07
5.339472015667119194e+03,4.909090668179828809e-02,-7.138522144499057642e-01,9.245899085306991637e+07,1.220149440055058710e+07
5.367723190353188329e+03,6.653763887797396748e-02,-7.113493485522880411e-01,9.228811441133375466e+07,1.430698356620548107e+07
5.395974365039257464e+03,8.394714916400380922e-02,-7.084485310496181354e-01,9.206459808091607690e+07,1.641531545928808860e+07
5.424225539725326598e+03,1.013094593729479548e-01,-7.051493698939277355e-01,9.178807249657912552e+07,1.852494350364924967e+07
5.452476714411396642e+03,1.186145266022475414e-01,-7.014517676649310030e-01,9.145822229750266671e+07,2.063429503841675818e+07
5.480727889097465777e+03,1.358522535794682295e-01,-6.973559262943627157e-01,9.107478785040956736e+07,2.274177351379164308e+07
5.508979063783534912e+03,1.530124993444174075e-01,-6.928623513641036791e-01,9.063756687250088155e+07,2.484576080683175102e+07
5.537230238469604956e+03,1.700850902278471799e-01,-6.879718559558601898e-01,9.014641594523139298e+07,2.694461965237444639e+07
5.565481413155674090e+03,1.870598311052963925e-01,-6.826855640311451090e-01,8.960125191018469632e+07,2.903669618352486566e+07
5.593732587841743225e+03,2.039265169029976510e-01,-6.770049133214294246e-01,8.900205313859966397e+07,3.112032257541673258e+07
5.621983762527813269e+03,2.206749443311967485e-01,-6.709316577095923995e-01,8.834886066645668447e+07,3.319381978524525091e+07
5.650234937213882404e+03,2.372949238187548604e-01,-6.644678690851836267e-01,8.764177918745207787e+07,3.525550038088779151e+07
5.678486111899951538e+03,2.537762916214980069e-01,-6.576159386575211041e-01,8.688097789667135477e+07,3.730367144976853579e+07
5.706737286586021582e+03,2.701089220754539499e-01,-6.503785777122979006e-01,8.606669117831680179e+07,3.933663757899422199e+07
5.734988461272090717e+03,2.862827399649316984e-01,-6.427588177991080398e-01,8.519921913144670427e+07,4.135270389720121771e+07
5.763239635958159852e+03,3.022877329743162700e-01,-6.347600103391706217e-01,8.427892792834240198e+07,4.335017916800979525e+07
5.791490810644228986e+03,3.181139641914854654e-01,-6.263858256444855277e-01,8.330625000083114207e+07,4.532737892448544502e+07
5.819741985330299030e+03,3.337515846299599631e-01,-6.176402513416991980e-01,8.228168405065095425e+07,4.728262863357075304e+07
5.847993160016368165e+03,3.491908457362202789e-01,-6.085275901960848222e-01,8.120579488074754179e+07,4.921426687907169759e+07
5.876244334702437300e+03,3.644221118481261179e-01,-5.990524573332233205e-01,8.007921304523323476e+07,5.112064855147109181e+07
5.904495509388507344e+03,3.794358725700116008e-01,-5.892197768582223549e-01,7.890263431661188602e+07,5.300014803259660304e+07
5.932746684074576478e+03,3.942227550298608163e-01,-5.790347778745844609e-01,7.767681896977236867e+07,5.485116236300185323e+07
5.960997858760645613e+03,4.087735359839630433e-01,-5.685029899071368797e-01,7.640259088317056000e+07,5.667211437982440740e+07
5.989249033446715657e+03,4.230791537345990894e-01,-5.576302377357651441e-01,7.508083645855158567e+07,5.846145581286597997e+07
6.017500208132784792e+03,4.371307198266663474e-01,-5.464226356489928493e-01,7.371250336149749160e+07,6.021767032670441270e+07
6.045751382818853926e+03,4.509195304896719825e-01,-5.348865811287423222e-01,7.229859908601774275e+07,6.193927649678942561e+07
6.074002557504923971e+03,4.644370777922038895e-01,-5.230287479798798600e-01,7.084018934732250869e+07,6.362483070769535005e+07
6.102253732190993105e+03,4.776750604768720265e-01,-5.108560789203466790e-01,6.933839630782131851e+07,6.527292996200728416e+07
6.130504906877062240e+03,4.906253944447476756e-01,-4.983757776498216052e-01,6.779439664226762950e+07,6.688221458869610727e+07
6.158756081563131374e+03,5.032802228595157912e-01,-4.855953004169368259e-01,6.620941944881609827e+07,6.845137084029054642e+07
6.187007256249201419e+03,5.156319258429274965e-01,-4.725223471070270076e-01,6.458474401356313378e+07,6.997913336868210137e+07
6.215258430935270553e+03,5.276731297346316518e-01,-4.591648518742708074e-01,6.292169743690101057e+07,7.146428756999097764e+07
6.243509605621339688e+03,5.393967158911158188e-01,-4.455309733438189146e-01,6.122165213071992993e+07,7.290567178957910836e+07
6.271760780307409732e+03,5.507958290002468171e-01,-4.316290844111372871e-01,5.948602319614098966e+07,7.430217937900958955e+07
6.300011954993478867e+03,5.618638848897969940e-01,-4.174677616672603508e-01,5.771626569204458594e+07,7.565276059751978517e+07
6.328263129679548001e+03,5.725945778103311845e-01,-4.030557744799782571e-01,5.591387180517295003e+07,7.695642435138773918e+07
6.356514304365618045e+03,5.829818871749035125e-01,-3.884020737621641794e-01,5.408036793302930892e+07,7.821223976542149484e+07
6.384765479051687180e+03,5.930200837401762293e-01,-3.735157804594453901e-01,5.221731169116117805e+07,7.941933758168540895e+07
6.413016653737756315e+03,6.027037352157968986e-01,-3.584061737902578537e-01,5.032628885670430958e+07,8.057691138148483634e+07
6.441267828423825449e+03,6.120277112911229889e-01,-3.430826792720025886e-01,4.840891026027490944e+07,8.168421862755376101e+07
6.469519003109895493e+03,6.209871880706941960e-01,-3.275548565674947232e-01,4.646680863842520118e+07,8.274058152432501316e+07
6.497770177795964628e+03,6.295776519121621950e-01,-3.118323871862205832e-01,4.450163545892848819e+07,8.374538769509689510e+07
6.526021352482033762e+03,6.377949026627073303e-01,-2.959250620750421001e-01,4.251505773112828285e+07,8.469809067584027350e+07
6.554272527168103807e+03,6.456350562922716918e-01,-2.798427691329632983e-01,4.050875481348062307e+07,8.559821022630530596e+07
6.582523701854172941e+03,6.530945469242184220e-01,-2.635954806843527343e-01,3.848441523023411632e+07,8.644533245998395979e+07
6.610774876540242076e+03,6.601701282662639780e-01,-2.471932409446350176e-01,3.644373350893678516e+07,8.723910979535326362e+07
6.639026051226312120e+03,6.668588744467009999e-01,-2.306461535119431472e-01,3.438840705013626814e+07,8.797926073165954649e+07
6.667277225912381255e+03,6.731581802630528522e-01,-2.139643689175127483e-01,3.232013304024953395e+07,8.866556945330139995e+07
6.695528400598450389e+03,6.790657608523283928e-01,-1.971580722667631291e-01,3.024060541812922806e+07,8.929788526762171090e+07
6.723779575284520433e+03,6.845796507939873043e-01,-1.802374710020451520e-01,2.815151190535213053e+07,8.987612188162183762e+07
6.752030749970589568e+03,6.896982026585728454e-01,-1.632127828169164241e-01,2.605453110970033705e+07,9.040025652376241982e+07
6.780281924656658703e+03,6.944200850167028261e-01,-1.460942237505822860e-01,2.395132971070929617e+07,9.087032891760882735e+07
6.808533099342727837e+03,6.987442799247230996e-01,-1.288919964898255777e-01,2.184355973552465439e+07,9.128644011461363733e+07
6.836784274028797881e+03,7.026700799048271051e-01,-1.116162789043053383e-01,1.973285593264202401e+07,9.164875119380189478e+07
6.865035448714867016e+03,7.061970844388099078e-01,-9.427721283961061627e-02,1.762083325041499734e+07,9.195748183653493226e+07
6.893286623400936151e+03,7.093251959958581931e-01,-7.688489319086155849e-02,1.550908442650516890e+07,9.221290878487464786e+07
6.921537798087006195e+03,7.120546156158762408e-01,-5.944935727802937164e-02,1.339917769372771122e+07,9.241536419235236943e+07
6.949788972773075329e+03,7.143858380708087985e-01,-4.198057454244559505e-02,1.129265460701469332e+07,9.256523387616495788e+07
6.978040147459144464e+03,7.163196466272464535e-01,-2.448843658224942460e-02,9.191027995487771928e+06,9.266295547997678816e+07
7.006291322145214508e+03,7.178571074342805503e-01,-6.982747542791554844e-03,7.095780042907522060e+06,9.270901655660039186e+07
7.034542496831283643e+03,7.189995635611252656e-01,1.052678512375888713e-02,5.008360499048348516e+06,9.270395257986438274e+07
7.062793671517352777e+03,7.197486287094403412e-01,2.803055951711655100e-02,2.930185023845924065e+06,9.264834489495541155e+07
7.091044846203421912e+03,7.201061806255669717e-01,4.551908775513659883e-02,8.626336654830523767e+05,9.254281861644566059e+07
7.119296020889491956e+03,7.200743542380508844e-01,6.298300403862107377e-02,-1.192950527082309127e+06,9.238804048309065402e+07
7.147547195575561091e+03,7.196555345458564013e-01,8.041307230735551814e-02,-3.235262757274226751e+06,9.218471667830872536e+07
7.175798370261630225e+03,7.188523492825963368e-01,9.780019348173644989e-02,-5.263037600473272614e+06,9.193359062503533065e+07
7.204049544947700269e+03,7.176676613819055195e-01,1.151354122859499229e-01,-7.275049991308166645e+06,9.163544076338842511e+07
7.232300719633769404e+03,7.161045612687912953e-01,1.324099236502438437e-01,-9.270116080501103774e+06,9.129107831928707659e+07
7.260551894319838539e+03,7.141663590013956897e-01,1.496150786913451880e-01,-1.124709396360100806e+07,9.090134507184033096e+07
7.288803069005908583e+03,7.118565762871205127e-01,1.667423902715021722e-01,-1.320488428439636715e+07,9.046711112697006762e+07
7.317054243691977717e+03,7.091789383964960392e-01,1.837835381380213129e-01,-1.514243071622061729e+07,8.998927270435458422e+07
7.345305418378046852e+03,7.061373659975307415e-01,2.007303736464708110e-01,-1.705872032474229857e+07,8.946874994438266754e+07
7.373556593064116896e+03,7.027359669325653480e-01,2.175749240719324351e-01,-1.895278381616934016e+07,8.890648474139600992e+07
7.401807767750186031e+03,6.989790279588870003e-01,2.343093965138437484e-01,-2.082369567509694397e+07,8.830343860907267034e+07
7.430058942436255165e+03,6.948710064735258429e-01,2.509261814010381175e-01,-2.267057419648692012e+07,8.766059058337159455e+07
7.458310117122324300e+03,6.904165222417971703e-01,2.674178556045568866e-01,-2.449258141648388654e+07,8.697893516802088916e+07
7.486561291808394344e+03,6.856203491482339984e-01,2.837771851667255651e-01,-2.628892294695690647e+07,8.625948032709263265e+07
7.514812466494463479e+03,6.804874069876265530e-01,2.999971276557891753e-01,-2.805884771879749373e+07,8.550324552876970172e+07
7.543063641180532613e+03,6.750227533129132818e-01,3.160708341561485057e-01,-2.980164763911512494e+07,8.471125984397585690e+07
7.571314815866602657e+03,6.692315753556968838e-01,3.319916509048749798e-01,-3.151665716754415631e+07,8.388456010311445594e+07
7.599565990552671792e+03,6.631191820341649779e-01,3.477531205857681829e-01,-3.320325281692037731e+07,8.302418911374314129e+07
7.627817165238740927e+03,6.566909960621978293e-01,3.633489832927169205e-01,-3.486085258359789848e+07,8.213119394160540402e+07
7.656068339924810971e+03,6.499525461724543485e-01,3.787731771745271314e-01,-3.648891531266015023e+07,8.120662425704789162e+07
7.684319514610880105e+03,6.429094594652360328e-01,3.940198387737435248e-01,-3.808694000323868543e+07,8.025153074847309291e+07
7.712570689296949240e+03,6.355674538939477536e-01,4.090833030722669794e-01,-3.965446505908796191e+07,7.926696360411494970e+07
7.740821863983018375e+03,6.279323308970125028e-01,4.239581032567643071e-01,-4.119106748947557807e+07,7.825397106308093667e+07
7.769073038669088419e+03,6.200099681851494182e-01,4.386389702170335747e-01,-4.269636206534247100e+07,7.721359803627610207e+07
7.797324213355157553e+03,6.118063126919984773e-01,4.531208317905580651e-01,-4.417000043556166440e+07,7.614688479751770198e+07
7.825575388041226688e+03,6.033273736951769717e-01,4.673988117665266451e-01,-4.561167020798581094e+07,7.505486574485948682e+07
7.853826562727296732e+03,5.945792161139829002e-01,4.814682286625592833e-01,-4.702109399981871992e+07,7.393856823187686503e+07
7.882077737413365867e+03,5.855679539891170959e-01,4.953245942873175656e-01,-4.839802846168286353e+07,7.279901146841423213e+07
7.910328912099435001e+03,5.762997441489834394e-01,5.089636121020629789e-01,-4.974226327958026528e+07,7.163720549006626010e+07
7.938580086785505046e+03,5.667807800663586804e-01,5.223811753940572622e-01,-5.105362015876107663e+07,7.045415019545617700e+07
7.966831261471574180e+03,5.570172859084755457e-01,5.355733652745107154e-01,-5.233195179332690686e+07,6.925083445018267632e+07
7.995082436157643315e+03,5.470155107828584828e-01,5.485364485135616475e-01,-5.357714082520333678e+07,6.802823525613567233e+07
8.023333610843713359e+03,5.367817231805903644e-01,5.612668752244888148e-01,-5.478909879591888934e+07,6.678731698472891748e+07
8.051584785529782494e+03,5.263222056180504316e-01,5.737612764090900264e-01,-5.596776509443157911e+07,6.552903067246133089e+07
8.079835960215851628e+03,5.156432494775715636e-01,5.860164613758439556e-01,-5.711310590404599905e+07,6.425431337710075825e+07
8.108087134901920763e+03,5.047511500469146206e-01,5.980294150421292532e-01,-5.822511315126582235e+07,6.296408759268334508e+07
8.136338309587990807e+03,4.936522017569315302e-01,6.097972951314393208e-01,-5.930380345923248678e+07,6.165926072143445909e+07
8.164589484274059942e+03,4.823526936163126111e-01,6.213174292761544093e-01,-6.034921710820720345e+07,6.034072460064692795e+07
8.192840658960129076e+03,4.708589048418608813e-01,6.325873120360682167e-01,-6.136141700536540151e+07,5.900935508249437809e+07
8.221091833646198211e+03,4.591771006823348600e-01,6.436046018424622650e-01,-6.234048766598665714e+07,5.766601166471488029e+07
8.249343008332267345e+03,4.473135284335152395e-01,6.543671178771458541e-01,-6.328653420794475824e+07,5.631153717006715387e+07
8.277594183018338299e+03,4.352744136418138510e-01,6.648728368954693879e-01,-6.419968136122750491e+07,5.494675747244223207e+07
8.305845357704407434e+03,4.230659564934352024e-01,6.751198900019181881e-01,-6.508007249404746294e+07,5.357248126750420034e+07
8.334096532390476568e+03,4.106943283858062177e-01,6.851065593865042214e-01,-6.592786865694426000e+07,5.218949988573201001e+07
8.362347707076545703e+03,3.981656686777678145e-01,6.948312750297496176e-01,-6.674324764612147957e+07,5.079858714574658126e+07
8.390598881762614837e+03,3.854860816147739899e-01,7.042926113836800450e-01,-6.752640308711524308e+07,4.940049924582134932e+07
8.418850056448683972e+03,3.726616334251662277e-01,7.134892840358361132e-01,-6.827754353974871337e+07,4.799597469150093198e+07
8.447101231134754926e+03,3.596983495834191746e-01,7.224201463629301712e-01,-6.899689162519347668e+07,4.658573425728264451e+07
8.475352405820824060e+03,3.466022122361157032e-01,7.310841861803841768e-01,-6.968468317583106458e+07,4.517048098035340756e+07
8.503603580506893195e+03,3.333791577862744160e-01,7.394805223936248284e-01,-7.034116640848973393e+07,4.375090018441444635e+07
8.531854755192962330e+03,3.200350746315821504e-01,7.476084016566196810e-01,-7.096660112151710689e+07,4.232765953167592734e+07
8.560105929879031464e+03,3.065758010519801235e-01,7.554671950428080152e-01,-7.156125791604587436e+07,4.090140910115071386e+07
8.588357104565100599e+03,2.930071232420111693e-01,7.630563947332110741e-01,-7.212541744171032310e+07,3.947278149143192172e+07
8.616608279251169733e+03,2.793347734832890006e-01,7.703756107261796604e-01,-7.265936966698046029e+07,3.804239194619460404e+07
8.644859453937240687e+03,2.655644284524297793e-01,7.774245675729060112e-01,-7.316341317419560254e+07,3.661083850072036684e+07
8.673110628623309822e+03,2.517017076597814484e-01,7.842031011425105724e-01,-7.363785447930090129e+07,3.517870214780461043e+07
8.701361803309378956e+03,2.377521720142767858e-01,7.907111554202175263e-01,-7.408300737621894479e+07,3.374654702146562934e+07
8.729612977995448091e+03,2.237213225097852143e-01,7.969487793418265076e-01,-7.449919230572153628e+07,3.231492059694056213e+07
8.757864152681517226e+03,2.096145990283387606e-01,8.029161236674215996e-01,-7.488673574860781431e+07,3.088435390551283211e+07
8.786115327367586360e+03,1.954373792556689526e-01,8.086134378969831449e-01,-7.524596964293974638e+07,2.945536176278082654e+07
8.814366502053657314e+03,1.811949777045349930e-01,8.140410672303109996e-01,-7.557723082503683865e+07,2.802844300903989375e+07
8.842617676739726448e+03,1.668926448413931563e-01,8.191994495734243875e-01,-7.588086049388802052e+07,2.660408076051315665e+07
8.870868851425795583e+03,1.525355663120049610e-01,8.240891125933731409e-01,-7.615720369859938323e+07,2.518274267022673413e+07
8.899120026111864718e+03,1.381288622616907158e-01,8.287106708231677388e-01,-7.640660884846109152e+07,2.376488119738936424e+07
8.927371200797933852e+03,1.236775867459833644e-01,8.330648228183297199e-01,-7.662942724518723786e+07,2.235093388419349492e+07
8.955622375484002987e+03,1.091867272275452994e-01,8.371523483663673160e-01,-7.682601263685505092e+07,2.094132363901567459e+07
8.983873550170072122e+03,9.466120415529437337e-02,8.409741057502870820e-01,-7.699672079304783046e+07,1.953645902505122498e+07
9.012124724856143075e+03,8.010587062178257944e-02,8.445310290670832165e-01,-7.714190910068640113e+07,1.813673455347423255e+07
9.040375899542212210e+03,6.552551209497502194e-02,8.478241256019716232e-01,-7.726193618001829088e+07,1.674253098026928864e+07
9.068627074228281344e+03,5.092484622065964611e-02,8.508544732589893300e-01,-7.735716152022098005e+07,1.535421560593234375e+07
9.096878248914350479e+03,3.630852269185422254e-02,8.536232180484220056e-01,-7.742794513406547904e+07,1.397214257729258388e+07
9.125129423600419614e+03,2.168112318164966759e-02,8.561315716313966373e-01,-7.747464723107922077e+07,1.259665319075346738e+07
9.153380598286488748e+03,7.047161336055426245e-03,8.583808089218403214e-01,-7.749762790864251554e+07,1.122807619630070403e+07
9.181631772972559702e+03,-7.588917176488319330e-03,8.603722657458926504e-01,-7.749724686044973135e+07,9.866728101670052856e+06
9.209882947658628837e+03,-2.222273456215117030e-02,8.621073365587444970e-01,-7.747386310176590085e+07,8.512913476112503558e+06
9.238134122344697971e+03,-3.684998074843794102e-02,8.635874722187787400e-01,-7.742783471091064811e+07,7.166925253234758973e+06
9.266385297030767106e+03,-5.146641318359099909e-02,8.648141778187889983e-01,-7.735951858640384674e+07,5.829045032436233945e+06
9.294636471716836240e+03,-6.606785659158805057e-02,8.657890105739680653e-01,-7.726927021921211481e+07,4.499543378499244340e+06
9.322887646402905375e+03,-8.065020268552866578e-02,8.665135777662781313e-01,-7.715744347954058647e+07,3.178680118927489966e+06
9.351138821088974510e+03,-9.520940984210515823e-02,8.669895347447410527e-01,-7.702439041762147844e+07,1.866704638662228594e+06
9.379389995775045463e+03,-1.097415027397503212e-01,8.672185829811188684e-01,-7.687046107795891166e+07,5.638561718386071734e+05
9.407641170461114598e+03,-1.242425719629472597e-01,8.672024681803961466e-01,-7.669600332649824023e+07,-7.296359097233882640e+05
9.435892345147183732e+03,-1.387087735751059148e-01,8.669429784454203425e-01,-7.650136269019795954e+07,-2.013551811570969410e+06
9.464143519833252867e+03,-1.531363286622811626e-01,8.664419424950053905e-01,-7.628688220849274099e+07,-3.287681035460157320e+06
9.492394694519322002e+03,-1.675215228499440934e-01,8.657012279347621186e-01,-7.605290229614706337e+07,-4.551822102210017852e+06
9.520645869205391136e+03,-1.818607057949053751e-01,8.647227395798763316e-01,-7.579976061701074243e+07,-5.805782278765849769e+06
9.548897043891460271e+03,-1.961502906544047575e-01,8.635084178290234336e-01,-7.552779196819940209e+07,-7.049377309644779190e+06
9.577148218577531225e+03,-2.103867535342917316e-01,8.620602370885767085e-01,-7.523732817423547804e+07,-8.282431152915187180e+06
9.605399393263600359e+03,-2.245666329181295329e-01,8.603802042462397326e-01,-7.492869799069811404e+07,-9.504775720840180293e+06
9.633650567949669494e+03,-2.386865290789902949e-01,8.584703571932089661e-01,-7.460222701694270968e+07,-1.071625062529767491e+07
9.661901742635738628e+03,-2.527431034755944217e-01,8.563327633939588068e-01,-7.425823761746452749e+07,-1.191670292806881666e+07
9.690152917321807763e+03,-2.667330781344008916e-01,8.539695185027171842e-01,-7.389704885149337351e+07,-1.310598689607243054e+07
9.718404092007876898e+03,-2.806532350191590086e-01,8.513827450256946650e-01,-7.351897641041968763e+07,-1.428396376160584390e+07
9.746655266693947851e+03,-2.945004153893656662e-01,8.485745910281148330e-01,-7.312433256266556680e+07,-1.545050148763850890e+07
9.774906441380016986e+03,-3.082715191489916462e-01,8.455472288850898188e-01,-7.271342610562728345e+07,-1.660547453819076344e+07
9.803157616066086121e+03,-3.219635041867925374e-01,8.423028540753743076e-01,-7.228656232432863116e+07,-1.774876365381914750e+07
9.831408790752155255e+03,-3.355733857094191919e-01,8.388436840170371278e-01,-7.184404295643784106e+07,-1.888025563221555576e+07
9.859659965438224390e+03,-3.490982355685111060e-01,8.351719569440824165e-01,-7.138616616331304610e+07,-1.999984311391951516e+07
9.887911140124293524e+03,-3.625351815828748436e-01,8.312899308230536910e-01,-7.091322650675392151e+07,-2.110742437313154340e+07
9.916162314810362659e+03,-3.758814068567959410e-01,8.271998823086617048e-01,-7.042551493114970624e+07,-2.220290311360714212e+07
9.944413489496433613e+03,-3.891341490954753346e-01,8.229041057374778534e-01,-6.992331875072564185e+07,-2.328618826960281655e+07
9.972664664182502747e+03,-4.022906999185214549e-01,8.184049121587426701e-01,-6.940692164160208404e+07,-2.435719381183757633e+07
1.000091583886857188e+04,-4.153484041723912723e-01,8.137046284013437214e-01,-6.887660363839162886e+07,-2.541583855842807889e+07
1.002916701355464102e+04,-4.283046592425971966e-01,8.088055961760319823e-01,-6.833264113507176936e+07,-2.646204599074707925e+07
1.005741818824071015e+04,-4.411569143664738069e-01,8.037101712119488761e-01,-6.777530688988098502e+07,-2.749574407415173948e+07
1.008566936292677929e+04,-4.539026699472366033e-01,7.984207224265504887e-01,-6.720487003399726748e+07,-2.851686508352196962e+07
1.011392053761285024e+04,-4.665394768700271144e-01,7.929396311280261234e-01,-6.662159608376868814e+07,-2.952534543354520202e+07
1.014217171229891937e+04,-4.790649358205874009e-01,7.872692902493237943e-01,-6.602574695627585053e+07,-3.052112551367946714e+07
1.017042288698498851e+04,-4.914766966071867360e-01,7.814121036128998110e-01,-6.541758098801543564e+07,-3.150414952772469074e+07
1.019867406167105764e+04,-5.037724574863530203e-01,7.753704852253351376e-01,-6.479735295650480688e+07,-3.247436533792680502e+07
1.022692523635712678e+04,-5.159499644929551598e-01,7.691468586009676534e-01,-6.416531410461587459e+07,-3.343172431353897601e+07
1.025517641104319591e+04,-5.280070107751275721e-01,7.627436561137034277e-01,-6.352171216745603085e+07,-3.437618118376072496e+07
1.028342758572926505e+04,-5.399414359345052761e-01,7.561633183761923283e-01,-6.286679140162257850e+07,-3.530769389497426152e+07
1.031167876041533600e+04,-5.517511253721977260e-01,7.494082936455594979e-01,-6.220079261666543782e+07,-3.622622347219584137e+07
1.033992993510140514e+04,-5.634340096409038434e-01,7.424810372549103255e-01,-6.152395320860140771e+07,-3.713173388465843350e+07
1.036818110978747427e+04,-5.749880638035478331e-01,7.353840110698275367e-01,-6.083650719533015043e+07,-3.802419191544207186e+07
1.039643228447354340e+04,-5.864113067987698491e-01,7.281196829691156669e-01,-6.013868525381124765e+07,-3.890356703506576270e+07
1.042468345915961254e+04,-5.977018008135998040e-01,7.206905263490431812e-01,-5.943071475886730850e+07,-3.976983127895627171e+07
1.045293463384568167e+04,-6.088576506636066421e-01,7.130990196503631529e-01,-5.871281982348615676e+07,-4.062295912870775163e+07
1.048118580853175263e+04,-6.198770031807931957e-01,7.053476459074030647e-01,-5.798522134050147235e+07,-4.146292739704655856e+07
1.050943698321782176e+04,-6.307580466094849792e-01,6.974388923185340650e-01,-5.724813702553811669e+07,-4.228971511641543359e+07
1.053768815790389090e+04,-6.414990100104487336e-01,6.893752498373389992e-01,-5.650178146111355722e+07,-4.310330343109259009e+07
1.056593933258996003e+04,-6.520981626734376757e-01,6.811592127838275168e-01,-5.574636614179456234e+07,-4.390367549275992066e+07
1.059419050727602917e+04,-6.625538135383619576e-01,6.727932784750488837e-01,-5.498209952031222731e+07,-4.469081635943704098e+07
1.062244168196209830e+04,-6.728643106252532036e-01,6.642799468744760016e-01,-5.420918705454503745e+07,-4.546471289769751579e+07
1.065069285664816744e+04,-6.830280404731792210e-01,6.556217202595513438e-01,-5.342783125528450310e+07,-4.622535368808487058e+07
1.067894403133423839e+04,-6.930434275882503270e-01,6.468211029067936213e-01,-5.263823173470296711e+07,-4.697272893364696205e+07
1.070719520602030752e+04,-7.029089339008368631e-01,6.378806007938905287e-01,-5.184058525544837117e+07,-4.770683037150801718e+07
1.073544638070637666e+04,-7.126230582321207985e-01,6.288027213182020292e-01,-5.103508578029426187e+07,-4.842765118739984185e+07
1.076369755539244579e+04,-7.221843357700656885e-01,6.195899730311331677e-01,-5.022192452227955312e+07,-4.913518593307317793e+07
1.079194873007851493e+04,-7.315913375549026876e-01,6.102448653878326246e-01,-4.940128999527492374e+07,-4.982943044651328027e+07
1.082019990476458406e+04,-7.408426699742011179e-01,6.007699085116974258e-01,-4.857336806491790712e+07,-5.051038177488402277e+07
1.084845107945065320e+04,-7.499369742675910944e-01,5.911676129731748830e-01,-4.773834199986212701e+07,-5.117803810012660176e+07
1.087670225413672415e+04,-7.588729260411912758e-01,5.814404895823672703e-01,-4.689639252328978479e+07,-5.183239866714043170e+07
1.090495342882279328e+04,-7.676492347917845960e-01,5.715910491949618422e-01,-4.604769786464045942e+07,-5.247346371447491646e+07
1.093320460350886242e+04,-7.762646434407862728e-01,5.616218025310087958e-01,-4.519243381151136756e+07,-5.310123440746317804e+07
1.096145577819493155e+04,-7.847179278780219702e-01,5.515352600061063093e-01,-4.433077376168935001e+07,-5.371571277372902632e+07
1.098970695288100069e+04,-7.930078965153446457e-01,5.413339315745395730e-01,-4.346288877527593821e+07,-5.431690164100126922e+07
1.101795812756706982e+04,-8.011333898501014072e-01,5.310203265839503750e-01,-4.258894762687091529e+07,-5.490480457717038691e+07
1.104620930225314078e+04,-8.090932800384601498e-01,5.205969536411160226e-01,-4.170911685778200626e+07,-5.547942583252432942e+07
1.107446047693920991e+04,-8.168864704785933073e-01,5.100663204884383628e-01,-4.082356082823143899e+07,-5.604077028410160542e+07
1.110271165162527905e+04,-8.245118954037247150e-01,4.994309338907368390e-01,-3.993244176953134686e+07,-5.658884338210216910e+07
1.113096282631134818e+04,-8.319685194850192644e-01,4.886932995319772655e-01,-3.903591983620439470e+07,-5.712365109829693288e+07
1.115921400099741732e+04,-8.392553374443123548e-01,4.778559219215532949e-01,-3.813415315802614391e+07,-5.764519987637961656e+07
1.118746517568348645e+04,-8.463713736766581563e-01,4.669213043097641958e-01,-3.722729789196904004e+07,-5.815349658420548588e+07
1.121571635036955558e+04,-8.533156818826763690e-01,4.558919486121359999e-01,-3.631550827402955294e+07,-5.864854846786341071e+07
1.124396752505562654e+04,-8.600873447106760494e-01,4.447703553422450717e-01,-3.539893667092175782e+07,-5.913036310752916336e+07
1.127221869974169567e+04,-8.666854734085241985e-01,4.335590235527154723e-01,-3.447773363162308186e+07,-5.959894837504937500e+07
1.130046987442776481e+04,-8.731092074852402352e-01,4.222604507840593269e-01,-3.355204793875816837e+07,-6.005431239320765436e+07
1.132872104911383394e+04,-8.793577143822719488e-01,4.108771330210588824e-01,-3.262202665981067717e+07,-6.049646349662496150e+07
1.135697222379990308e+04,-8.854301891544290593e-01,3.994115646563777822e-01,-3.168781519815224782e+07,-6.092541019424885511e+07
1.138522339848597221e+04,-8.913258541604353047e-01,3.878662384611080705e-01,-3.074955734388048202e+07,-6.134116113338715583e+07
1.141347457317204316e+04,-8.970439587630616440e-01,3.762436455619649900e-01,-2.980739532445880771e+07,-6.174372506524334103e+07
1.144172574785811230e+04,-9.025837790388030468e-01,3.645462754248541271e-01,-2.886146985515277460e+07,-6.213311081191224605e+07
1.146997692254418143e+04,-9.079446174970636774e-01,3.527766158445279077e-01,-2.791192018925732374e+07,-6.250932723479662836e+07
1.149822809723025057e+04,-9.131258028088032885e-01,3.409371529400815892e-01,-2.695888416811286658e+07,-6.287238320440580696e+07
1.152647927191631970e+04,-9.181266895446110743e-01,3.290303711560197408e-01,-2.600249827090691030e+07,-6.322228757149986178e+07
1.155473044660238884e+04,-9.229466579221629052e-01,3.170587532686480747e-01,-2.504289766426036507e+07,-6.355904913954374939e+07
1.158298162128845797e+04,-9.275851135630237554e-01,3.050247803975447147e-01,-2.408021625159810856e+07,-6.388267663843736053e+07
1.161123279597452893e+04,-9.320414872587510224e-01,2.929309320218725921e-01,-2.311458672230437398e+07,-6.419317869948885590e+07
1.163948397066059806e+04,-9.363152347462616598e-01,2.807796860013063167e-01,-2.214614060066479445e+07,-6.449056383159986883e+07
1.166773514534666720e+04,-9.404058364924219315e-01,2.685735186013355480e-01,-2.117500829459640384e+07,-6.477484039863297343e+07
1.169598632003273633e+04,-9.443127974878192665e-01,2.563149045227396394e-01,-2.020131914416987449e+07,-6.504601659793239087e+07
1.172423749471880546e+04,-9.480356470496765775e-01,2.440063169350074890e-01,-1.922520146992679313e+07,-6.530410043997099251e+07
1.175248866940487460e+04,-9.515739386338740724e-01,2.316502275134961208e-01,-1.824678262099671736e+07,-6.554909972909748554e+07
1.178073984409094555e+04,-9.549272496560374801e-01,2.192491064801221357e-01,-1.726618902301891148e+07,-6.578102204535915703e+07
1.180899101877701469e+04,-9.580951813216581625e-01,2.068054226473890478e-01,-1.628354622587473877e+07,-6.599987472737666219e+07
1.183724219346308382e+04,-9.610773584652103629e-01,1.943216434655423153e-01,-1.529897895123589784e+07,-6.620566485624890029e+07
1.186549336814915296e+04,-9.638734293982295087e-01,1.818002350726759808e-01,-1.431261113993638381e+07,-6.639839924046681821e+07
1.189374454283522209e+04,-9.664830657663204816e-01,1.692436623475895852e-01,-1.332456599917436577e+07,-6.657808440181665123e+07
1.192199571752129123e+04,-9.689059624150646588e-01,1.566543889652156629e-01,-1.233496604955187254e+07,-6.674472656225397438e+07
1.195024689220736036e+04,-9.711418372647939723e-01,1.440348774544349952e-01,-1.134393317196018249e+07,-6.689833163173140585e+07
1.197849806689343131e+04,-9.731904311942062291e-01,1.313875892581007621e-01,-1.035158865431914851e+07,-6.703890519696375728e+07
1.200674924157950045e+04,-9.750515079327922718e-01,1.187149847951003145e-01,-9.358053238179499283e+06,-6.716645251111578941e+07
1.203500041626556958e+04,-9.767248539620521086e-01,1.060195235242699374e-01,-8.363447165196112357e+06,-6.728097848439876735e+07
1.206325159095163872e+04,-9.782102784254744776e-01,9.330366401000839138e-02,-7.367890223482774571e+06,-6.738248767556323111e+07
1.209150276563770785e+04,-9.795076130472611942e-01,8.056986398940874095e-02,-6.371501793856956065e+06,-6.747098428427651525e+07
1.211975394032377699e+04,-9.806167120597725217e-01,6.782058044074762426e-02,-5.374400895984702744e+06,-6.754647214437460899e+07
1.214800511500984794e+04,-9.815374521396800223e-01,5.505826965316574367e-02,-4.376706234435435385e+06,-6.760895471797932684e+07
1.217625628969591708e+04,-9.822697323528063462e-01,4.228538729738229307e-02,-3.378536244657136500e+06,-6.765843509047245979e+07
1.220450746438198621e+04,-9.828134741076421932e-01,2.950438849726959994e-02,-2.380009138881194405e+06,-6.769491596632018685e+07
1.223275863906805534e+04,-9.831686211175241219e-01,1.671772790214462803e-02,-1.381242951968573034e+06,-6.771839966574163735e+07
1.226100981375412448e+04,-9.833351393714669930e-01,3.927859759605955951e-03,-3.823555872068041936e+05,-6.772888812221699953e+07
1.228926098844019361e+04,-9.833130171136394981e-01,-8.862762011236837573e-03,6.165351379312423524e+05,-6.772638288083145022e+07
1.231751216312626275e+04,-9.831022648314776680e-01,-2.165168374629985668e-02,1.615311446056282846e+06,-6.771088509745226800e+07
1.234576333781233370e+04,-9.827029152524340283e-01,-3.443645196298556616e-02,2.613855554148636293e+06,-6.768239553873769939e+07
1.237401451249840284e+04,-9.821150233493561865e-01,-4.721461328671949786e-02,3.612049627850304358e+06,-6.764091458297725022e+07
1.240226568718447197e+04,-9.813386663544994004e-01,-5.998371437773242915e-02,4.609775735753423534e+06,-6.758644222176387906e+07
1.243051686187054111e+04,-9.803739437821701319e-01,-7.274130185822864914e-02,5.606915803673190996e+06,-6.751897806250008941e+07
1.245876803655661024e+04,-9.792209774600084682e-01,-8.548492224011050578e-02,6.603351568895669654e+06,-6.743852133174073696e+07
1.248701921124267938e+04,-9.778799115689131849e-01,-9.821212185341254841e-02,7.598964534389596432e+06,-6.734507087937638164e+07
1.251527038592874851e+04,-9.763509126916171121e-01,-1.109204467756052526e-01,8.593635922971889377e+06,-6.723862518366244435e+07
1.254352156061481946e+04,-9.746341698699231282e-01,-1.236074427619294341e-01,9.587246631416650489e+06,-6.711918235710017383e+07
1.257177273530088860e+04,-9.727298946706123273e-01,-1.362706551769178320e-01,1.057967718449718133e+07,-6.698674015317680687e+07
1.260002390998695773e+04,-9.706383212600383503e-01,-1.489076289272793230e-01,1.157080768895202316e+07,-6.684129597397317737e+07
1.262827508467302687e+04,-9.683597064874216453e-01,-1.615159083962939279e-01,1.256051778736400045e+07,-6.668284687864832580e+07
1.265652625935909600e+04,-9.658943299768629753e-01,-1.740930373798972308e-01,1.354868661194373295e+07,-6.651138959281177074e+07
1.268477743404516514e+04,-9.632424942280936042e-01,-1.866365590246186479e-01,1.453519273820793070e+07,-6.632692051879503578e+07
1.271302860873123609e+04,-9.604045247259835882e-01,-1.991440157675453404e-01,1.551991413854362071e+07,-6.612943574683547765e+07
1.274127978341730523e+04,-9.573807700588313763e-01,-2.116129492784810662e-01,1.650272813564923778e+07,-6.591893106718637794e+07
1.276953095810337436e+04,-9.541716020454559244e-01,-2.240409004044881247e-01,1.748351135584514961e+07,-6.569540198316836357e+07
1.279778213278944349e+04,-9.507774158711201906e-01,-2.364254091169755712e-01,1.846213968224437162e+07,-6.545884372517874092e+07
1.282603330747551263e+04,-9.471986302323107676e-01,-2.487640144615282101e-01,1.943848820777678862e+07,-6.520925126567612588e+07
1.285428448216158176e+04,-9.434356874904038515e-01,-2.610542545106577239e-01,2.041243118805934489e+07,-6.494661933515910059e+07
1.288253565684765090e+04,-9.394890538342450803e-01,-2.732936663196657290e-01,2.138384199410551414e+07,-6.467094243915891647e+07
1.291078683153372185e+04,-9.353592194516759939e-01,-2.854797858858136861e-01,2.235259306486789137e+07,-6.438221487626727670e+07
1.293903800621979099e+04,-9.310466987100400882e-01,-2.976101481109917346e-01,2.331855585960781574e+07,-6.408043075722177327e+07
1.296728918090586012e+04,-9.265520303456964424e-01,-3.096822867681008340e-01,2.428160081008783355e+07,-6.376558402507227659e+07
1.299554035559192926e+04,-9.218757776625824407e-01,-3.216937344713384217e-01,2.524159727258120105e+07,-6.343766847645359486e+07
1.302379153027799839e+04,-9.170185287398547880e-01,-3.336420226506106590e-01,2.619841347969549149e+07,-6.309667778399026394e+07
1.305204270496406752e+04,-9.119808966486465662e-01,-3.455246815302839281e-01,2.715191649200671539e+07,-6.274260551986102760e+07
1.308029387965013848e+04,-9.067635196779756379e-01,-3.573392401124966811e-01,2.810197214950164407e+07,-6.237544518055180460e+07
1.310854505433620761e+04,-9.013670615698424760e-01,-3.690832261652567947e-01,2.904844502282626554e+07,-6.199519021282732487e+07
1.313679622902227675e+04,-8.957922117635500614e-01,-3.807541662155667916e-01,2.999119836434046552e+07,-6.160183404095255584e+07
1.316504740370834588e+04,-8.900396856492881481e-01,-3.923495855478020267e-01,3.093009405897773802e+07,-6.119537009519719332e+07
1.319329857839441502e+04,-8.841102248310139800e-01,-4.038670082075983547e-01,3.186499257491185516e+07,-6.077579184165704250e+07
1.322154975308048415e+04,-8.780045973986688734e-01,-4.153039570114963053e-01,3.279575291403205320e+07,-6.034309281342801452e+07
1.324980092776655329e+04,-8.717235982097636393e-01,-4.266579535626022213e-01,3.372223256222990155e+07,-5.989726664316967130e+07
1.327805210245262424e+04,-8.652680491803705909e-01,-4.379265182725322614e-01,3.464428743950201571e+07,-5.943830709709676355e+07
1.330630327713869337e+04,-8.586387995855574440e-01,-4.491071703899084944e-01,3.556177184987364709e+07,-5.896620811043874919e+07
1.333455445182476251e+04,-8.518367263692897540e-01,-4.601974280356993519e-01,3.647453843115060776e+07,-5.848096382440815121e+07
1.336280562651083164e+04,-8.448627344638434122e-01,-4.711948082456788867e-01,3.738243810450629890e+07,-5.798256862472122908e+07
1.339105680119690078e+04,-8.377177571187495175e-01,-4.820968270203115358e-01,3.828532002391403913e+07,-5.747101718171469867e+07
1.341930797588296991e+04,-8.304027562393041517e-01,-4.929009993823662561e-01,3.918303152543517202e+07,-5.694630449210452288e+07
1.344755915056904087e+04,-8.229187227346665967e-01,-5.036048394425739483e-01,4.007541807637547702e+07,-5.640842592243401706e+07
1.347581032525511000e+04,-8.152666768755741922e-01,-5.142058604736475802e-01,4.096232322432348132e+07,-5.585737725426029414e+07
1.350406149994117914e+04,-8.074476686616859356e-01,-5.247015749930102890e-01,4.184358854608746618e+07,-5.529315473112891614e+07
1.353231267462724827e+04,-7.994627781985832460e-01,-5.350894948545573682e-01,4.271905359654746950e+07,-5.471575510738935322e+07
1.356056384931331741e+04,-7.913131160844343315e-01,-5.453671313498169582e-01,4.358855585744287074e+07,-5.412517569890423864e+07
1.358881502399938654e+04,-7.829998238063349270e-01,-5.555319953188687654e-01,4.445193068611668050e+07,-5.352141443570764363e+07
1.361706619868545567e+04,-7.745240741463326195e-01,-5.655815972713921225e-01,4.530901126424042135e+07,-5.290446991666895151e+07
1.364531737337152663e+04,-7.658870715971332066e-01,-5.755134475182303033e-01,4.615962854654566944e+07,-5.227434146622052044e+07
1.367356854805759576e+04,-7.570900527874897534e-01,-5.853250563138625573e-01,4.700361120959030837e+07,-5.163102919320901483e+07
1.370181972274366490e+04,-7.481342869172579180e-01,-5.950139340101991969e-01,4.784078560059126467e+07,-5.097453405193119496e+07
1.373007089742973403e+04,-7.390210762021099944e-01,-6.045775912221057480e-01,4.867097568635612726e+07,-5.030485790541781485e+07
1.375832207211580317e+04,-7.297517563278806962e-01,-6.140135390050971420e-01,4.949400300235085189e+07,-4.962200359102936834e+07
1.378657324680187230e+04,-7.203276969145165909e-01,-6.233192890456388247e-01,5.030968660194240510e+07,-4.892597498842994124e+07
1.381482442148794144e+04,-7.107503019895921037e-01,-6.324923538645130794e-01,5.111784300585871190e+07,-4.821677709000646323e+07
1.384307559617401239e+04,-7.010210104713469059e-01,-6.415302470337186369e-01,5.191828615191145986e+07,-4.749441607380235195e+07
1.387132677086008152e+04,-6.911412966611943931e-01,-6.504304834073798558e-01,5.271082734503028542e+07,-4.675889937903609127e+07
1.389957794554615066e+04,-6.811126707456268692e-01,-6.591905793671718472e-01,5.349527520766153932e+07,-4.601023578427593410e+07
1.392782912023221979e+04,-6.709366793074581503e-01,-6.678080530827567030e-01,5.427143563058665395e+07,-4.524843548834477365e+07
1.395608029491828893e+04,-6.606149058463077761e-01,-6.762804247877616248e-01,5.503911172422087938e+07,-4.447351019402905554e+07
1.398433146960435806e+04,-6.501489713082343469e-01,-6.846052170718337493e-01,5.579810377045607567e+07,-4.368547319466775656e+07
1.401258264429042902e+04,-6.395405346244088518e-01,-6.927799551893222274e-01,5.654820917511598021e+07,-4.288433946369837224e+07
1.404083381897649815e+04,-6.287912932587080839e-01,-7.008021673851514421e-01,5.728922242109630257e+07,-4.207012574723838270e+07
1.406908499366256729e+04,-6.179029837640823697e-01,-7.086693852384730041e-01,5.802093502226780355e+07,-4.124285065978063643e+07
1.409733616834863642e+04,-6.068773823475598350e-01,-7.163791440246827236e-01,5.874313547822357714e+07,-4.040253478308392316e+07
1.412558734303470555e+04,-5.957163054437092375e-01,-7.239289830964189543e-01,5.945560922995853424e+07,-3.954920076833903790e+07
1.415383851772077469e+04,-5.844216102963812887e-01,-7.313164462841692526e-01,6.015813861657343805e+07,-3.868287344169258326e+07
1.418208969240684382e+04,-5.729951955485237391e-01,-7.385390823171243957e-01,6.085050283310159296e+07,-3.780357991321088374e+07
1.421034086709291478e+04,-5.614390018398509596e-01,-7.455944452649390097e-01,6.153247788956214488e+07,-3.691134968936716765e+07
1.423859204177898391e+04,-5.497550124121275417e-01,-7.524800950010694933e-01,6.220383657134957612e+07,-3.600621478913562745e+07
1.426684321646505305e+04,-5.379452537217941366e-01,-7.591935976883847914e-01,6.286434840107622743e+07,-3.508820986377530545e+07
1.429509439115112218e+04,-5.260117960596630837e-01,-7.657325262877455740e-01,6.351377960198955238e+07,-3.415737232038854808e+07
1.432334556583719132e+04,-5.139567541773653048e-01,-7.720944610902797933e-01,6.415189306309422106e+07,-3.321374244933678955e+07
1.435159674052326045e+04,-5.017822879202155084e-01,-7.782769902740865886e-01,6.477844830611521751e+07,-3.225736355559712276e+07
1.437984791520933140e+04,-4.894906028661366593e-01,-7.842777104861248239e-01,6.539320145444582403e+07,-3.128828209414223954e+07
1.440809908989540054e+04,-4.770839509702575199e-01,-7.900942274500473150e-01,6.599590520423150063e+07,-3.030654780942583084e+07
1.443635026458146967e+04,-4.645646312147533319e-01,-7.957241566007728917e-01,6.658630879774957895e+07,-2.931221387905321270e+07
1.446460143926753881e+04,-4.519349902634980931e-01,-8.011651237465842179e-01,6.716415799925126135e+07,-2.830533706171774864e+07
1.449285261395360794e+04,-4.391974231210338253e-01,-8.064147657595722718e-01,6.772919507344232500e+07,-2.728597784947971627e+07
1.452110378863967708e+04,-4.263543737953470192e-01,-8.114707312952500473e-01,6.828115876678687334e+07,-2.625420062446358427e+07
1.454935496332574621e+04,-4.134083359639000310e-01,-8.163306815421791374e-01,6.881978429182769358e+07,-2.521007382004682347e+07
1.457760613801181717e+04,-4.003618536423290686e-01,-8.209922910024644027e-01,6.934480331472618878e+07,-2.415367008661061898e+07
1.460585731269788630e+04,-3.872175218551848208e-01,-8.254532483039811463e-01,6.985594394623407722e+07,-2.308506646192007512e+07
1.463410848738395543e+04,-3.739779873080362749e-01,-8.297112570452221947e-01,7.035293073631985486e+07,-2.200434454619653523e+07
1.466235966207002457e+04,-3.606459490602410556e-01,-8.337640366736494002e-01,7.083548467268192768e+07,-2.091159068194279075e+07
1.469061083675609370e+04,-3.472241591976146791e-01,-8.376093233984566178e-01,7.130332318339192867e+07,-1.980689613857506588e+07
1.471886201144216284e+04,-3.337154235041996375e-01,-8.412448711386564248e-01,7.175616014392192662e+07,-1.869035730191183835e+07
1.474711318612823379e+04,-3.201226021322801651e-01,-8.446684525074118488e-01,7.219370588882039487e+07,-1.756207586856333166e+07
1.477536436081430293e+04,-3.064486102697451808e-01,-8.478778598335406924e-01,7.261566722831298411e+07,-1.642215904525966942e+07
1.480361553550037206e+04,-2.926964188038288506e-01,-8.508709062211332608e-01,7.302174747011618316e+07,-1.527071975314722210e+07
1.483186671018644120e+04,-2.788690549802342322e-01,-8.536454266482176312e-01,7.341164644676287472e+07,-1.410787683707742020e+07
1.486011788487251033e+04,-2.649696030565580340e-01,-8.561992791054227059e-01,7.378506054875160754e+07,-1.293375527990139648e+07
1.488836905955857947e+04,-2.510012049488906660e-01,-8.585303457755815160e-01,7.414168276384328306e+07,-1.174848642177610472e+07
1.491662023424464860e+04,-2.369670608703996206e-01,-8.606365342552243503e-01,7.448120272284130752e+07,-1.055220818447696790e+07
1.494487140893071955e+04,-2.228704299606379668e-01,-8.625157788189030672e-01,7.480330675220401585e+07,-9.345065300701236352e+06
1.497312258361678869e+04,-2.087146309042599845e-01,-8.641660417272896133e-01,7.510767793385054171e+07,-8.127209548334923573e+06
1.500137375830285782e+04,-1.945030425377373140e-01,-8.655853145799811132e-01,7.539399617253474891e+07,-6.898799989641749300e+06
1.502962493298892696e+04,-1.802391044426278066e-01,-8.667716197139384571e-01,7.566193827117367089e+07,-5.660003215321429074e+06
1.505787610767499609e+04,-1.659263175238452903e-01,-8.677230116484699884e-01,7.591117801453098655e+07,-4.410993593367056921e+06
1.508612728236106523e+04,-1.515682445713185666e-01,-8.684375785776606849e-01,7.614138626166793704e+07,-3.151953522636933718e+06
1.511437845704713618e+04,-1.371685108033428857e-01,-8.689134439111284580e-01,7.635223104758748412e+07,-1.883073691038421588e+06
1.514262963173320531e+04,-1.227308043898526352e-01,-8.691487678639671088e-01,7.654337769450998306e+07,-6.045533382036478724e+05
1.517088080641927445e+04,-1.082588769537404516e-01,-8.691417490967129345e-01,7.671448893323132396e+07,6.833994774845049251e+05
1.519913198110534358e+04,-9.375654404829386612e-02,-8.688906264061411200e-01,7.686522503502634168e+07,1.980567607675820356e+06
1.522738315579141272e+04,-7.922768560870015186e-02,-8.683936804676684051e-01,7.699524395457294583e+07,3.286724538830515463e+06
1.525563433047748185e+04,-6.467624637549820865e-02,-8.676492356300987696e-01,7.710420148438341916e+07,4.601634113198397681e+06
1.528388550516355099e+04,-5.010623628775682376e-02,-8.666556617634099124e-01,7.719175142124064267e+07,5.925050246232296340e+06
1.531213667984962194e+04,-3.552173084366395256e-02,-8.654113761602294508e-01,7.725754574514777958e+07,7.256716640695530921e+06
1.534038785453569108e+04,-2.092687142612105131e-02,-8.639148454916009134e-01,7.730123481130947173e+07,8.596366497750936076e+06
1.536863902922176021e+04,-6.325865590817880690e-03,-8.621645878175786537e-01,7.732246755567209423e+07,9.943722225350843742e+06
1.539689020390782935e+04,8.277012685804047490e-03,-8.601591746531325189e-01,7.732089171455858648e+07,1.129849514427610487e+07
1.542514137859389848e+04,2.287742280142624277e-02,-8.578972330897700616e-01,7.729615405894100666e+07,1.266038519220863841e+07
1.545339255327996761e+04,3.747095736837640495e-02,-8.553774479732098035e-01,7.724790064389985800e+07,1.402908062625537440e+07
1.548164372796603675e+04,5.205314210272102976e-02,-8.525985641373579060e-01,7.717577707382422686e+07,1.540425772437893227e+07
1.550989490265210770e+04,6.661943576495349406e-02,-8.495593886947485629e-01,7.707942878391036391e+07,1.678558048622915521e+07
1.553814607733817684e+04,8.116523015540265396e-02,-8.462587933835147291e-01,7.695850133851830661e+07,1.817270033390947059e+07
1.556639725202424597e+04,9.568585016761256556e-02,-8.426957169708451101e-01,7.681264074694612622e+07,1.956525581325627863e+07
1.559464842671031511e+04,1.101765539030165331e-01,-8.388691677127799728e-01,7.664149379718028009e+07,2.096287229625065997e+07
1.562289960139638424e+04,1.246325328503669616e-01,-8.347782258700652269e-01,7.644470840817618370e+07,2.236516168523070961e+07
1.565115077608245338e+04,1.390489121334667899e-01,-8.304220462796639834e-01,7.622193400121772289e+07,2.377172211961881816e+07
1.567940195076852433e+04,1.534207508308588763e-01,-8.257998609813773649e-01,7.597282189089553058e+07,2.518213768592835963e+07
1.570765312545459346e+04,1.677430423712233110e-01,-8.209109818988850060e-01,7.569702569623319805e+07,2.659597813186487928e+07
1.573590430014066260e+04,1.820107150083503933e-01,-8.157548035743458215e-01,7.539420177247601748e+07,2.801279858539163694e+07
1.576415547482673173e+04,1.962186323796212550e-01,-8.103308059555454079e-01,7.506400966404040158e+07,2.943213927968073636e+07
1.579240664951280087e+04,2.103615941520518839e-01,-8.046385572343820458e-01,7.470611257910123467e+07,3.085352528493021056e+07
1.582065782419887000e+04,2.244343367600252215e-01,-7.986777167353023010e-01,7.432017788627040386e+07,3.227646624808299169e+07
1.584890899888493914e+04,2.384315342389260184e-01,-7.924480378520940560e-01,7.390587763379222155e+07,3.370045614154291898e+07
1.587716017357101009e+04,2.523477991589698766e-01,-7.859493710312291936e-01,7.346288909164910018e+07,3.512497302204275876e+07
1.590541134825707923e+04,2.661776836635836863e-01,-7.791816667997314427e-01,7.299089531693506241e+07,3.654947880087926984e+07
1.593366252294314836e+04,2.799156806167766298e-01,-7.721449788352975352e-01,7.248958574281312525e+07,3.797341902679369599e+07
1.596191369762921749e+04,2.935562248639650429e-01,-7.648394670761685665e-01,7.195865679132787883e+07,3.939622268283485621e+07
1.599016487231528663e+04,3.070936946107934995e-01,-7.572654008679761128e-01,7.139781251029290259e+07,4.081730199860741198e+07
1.601841604700135576e+04,3.205224129245112796e-01,-7.494231621445242020e-01,7.080676523441700637e+07,4.223605227936828136e+07
1.604666722168742672e+04,3.338366493624952969e-01,-7.413132486391835752e-01,7.018523627077153325e+07,4.365185175349662453e+07
1.607491839637349585e+04,3.470306217325189180e-01,-7.329362771232850182e-01,6.953295660863333941e+07,4.506406143992349505e+07
1.610316957105956499e+04,3.600984979893819271e-01,-7.242929866675806849e-01,6.884966765366406739e+07,4.647202503716928512e+07
1.613142074574563412e+04,3.730343982724727558e-01,-7.153842419225467930e-01,6.813512198630739748e+07,4.787506883569261432e+07
1.615967192043170326e+04,3.858323970888354326e-01,-7.062110364129527973e-01,6.738908414419838786e+07,4.927250165531443805e+07
1.618792309511777239e+04,3.984865256462450933e-01,-6.967744958417948498e-01,6.661133142828670144e+07,5.066361480953355134e+07
1.621617426980384153e+04,4.109907743407405500e-01,-6.870758813983423030e-01,6.580165473227535188e+07,5.204768209860210121e+07
1.624442544448991248e+04,4.233390954029735975e-01,-6.771165930646864117e-01,6.495985939486964792e+07,5.342395983327764273e+07
1.627267661917598161e+04,4.355254057076261565e-01,-6.668981729148164561e-01,6.408576607421763241e+07,5.479168689121188968e+07
1.630092779386205075e+04,4.475435897500329441e-01,-6.564223083998669273e-01,6.317921164380089194e+07,5.615008480797753483e+07
1.632917896854811988e+04,4.593875027939696709e-01,-6.456908356128133741e-01,6.224005010890845954e+07,5.749835790476562828e+07
1.635743014323418902e+04,4.710509741944170492e-01,-6.347057425254903906e-01,6.126815354268924892e+07,5.883569345481709391e+07
1.638568131792025815e+04,4.825278108988916848e-01,-6.234691721904245254e-01,6.026341304063723236e+07,6.016126189067154378e+07
1.641393249260632729e+04,4.938118011307111588e-01,-6.119834258995753284e-01,5.922573969221376628e+07,6.147421705433104187e+07
1.644218366729239642e+04,5.048967182572986490e-01,-6.002509662916821753e-01,5.815506556815563142e+07,6.277369649244187772e+07
1.647043484197846556e+04,5.157763248463468342e-01,-5.882744203995159404e-01,5.705134472185461968e+07,6.405882179859397560e+07
1.649868601666453469e+04,5.264443769123355876e-01,-5.760565826279406831e-01,5.591455420302592963e+07,6.532869900482404977e+07
1.652693719135060746e+04,5.368946283555513510e-01,-5.636004176532947163e-01,5.474469508170797676e+07,6.658241902438462526e+07
1.655518836603667660e+04,5.471208355953562918e-01,-5.509090632342265037e-01,5.354179348045753688e+07,6.781905814780403674e+07
1.658343954072274573e+04,5.571167623990658235e-01,-5.379858329237080516e-01,5.230590161241657287e+07,6.903767859421756864e+07
1.661169071540881487e+04,5.668761849072873060e-01,-5.248342186716355995e-01,5.103709882274393737e+07,7.023732911988271773e+07
1.663994189009488400e+04,5.763928968561302657e-01,-5.114578933070179634e-01,4.973549263070816547e+07,7.141704568572121859e+07
1.666819306478095314e+04,5.856607149961406966e-01,-4.978607128884430799e-01,4.840121976954661310e+07,7.257585218563646078e+07
1.669644423946702227e+04,5.946734847072557839e-01,-4.840467189111860580e-01,4.703444722099964321e+07,7.371276123724931479e+07
1.672469541415309141e+04,6.034250858084720948e-01,-4.700201403590197335e-01,4.563537324123279005e+07,7.482677503657209873e+07
1.675294658883916054e+04,6.119094385602827924e-01,-4.557853955885161068e-01,4.420422837466476113e+07,7.591688627800031006e+07
1.678119776352522967e+04,6.201205098572588614e-01,-4.413470940333810710e-01,4.274127645202624053e+07,7.698207914084312320e+07
1.680944893821129881e+04,6.280523196074435655e-01,-4.267100377161490710e-01,4.124681556878487021e+07,7.802133034343738854e+07
1.683770011289736794e+04,6.356989472944766240e-01,-4.118792225543846386e-01,3.972117903988749534e+07,7.903361026569409668e+07
1.686595128758343708e+04,6.430545387175844452e-01,-3.968598394483976444e-01,3.816473632659281790e+07,8.001788414071168005e+07
1.689420246226950985e+04,6.501133129037603986e-01,-3.816572751373776273e-01,3.657789393099797517e+07,8.097311331585615873e+07
1.692245363695557899e+04,6.568695691856057950e-01,-3.662771128108145424e-01,3.496109625370449573e+07,8.189825658345361054e+07
1.695070481164164812e+04,6.633176944374449269e-01,-3.507251324620282995e-01,3.331482640991753712e+07,8.279227158096934855e+07
1.697895598632771726e+04,6.694521704613978219e-01,-3.350073109707507601e-01,3.163960699914591387e+07,8.365411626025098562e+07
1.700720716101378639e+04,6.752675815141971905e-01,-3.191298219017411064e-01,2.993600082354589179e+07,8.448275042510525882e+07
1.703545833569985552e+04,6.807586219645740400e-01,-3.030990350066270489e-01,2.820461154985656589e+07,8.527713733614496887e+07
1.706370951038592466e+04,6.859201040700784180e-01,-2.869215154163817783e-01,2.644608430979399011e+07,8.603624538149563968e+07
1.709196068507199379e+04,6.907469658612246377e-01,-2.706040225121503218e-01,2.466110623371442780e+07,8.675904981158614159e+07
1.712021185975806293e+04,6.952342791198682370e-01,-2.541535084625076713e-01,2.285040691232451797e+07,8.744453453586715460e+07
1.714846303444413206e+04,6.993772574377309370e-01,-2.375771164156771087e-01,2.101475878121006861e+07,8.809169397890672088e+07
1.717671420913020120e+04,7.031712643400062079e-01,-2.208821783357538260e-01,1.915497742297759280e+07,8.869953499290508032e+07
1.720496538381627033e+04,7.066118214579953927e-01,-2.040762124725799265e-01,1.727192178185568005e+07,8.926707882325306535e+07
1.723321655850233947e+04,7.096946167337608857e-01,-1.871669204555913846e-01,1.536649428568862192e+07,8.979336312333241105e+07
1.726146773318841224e+04,7.124155126388332926e-01,-1.701621840027153498e-01,1.343964087037384883e+07,9.027744401432403922e+07
1.728971890787448137e+04,7.147705543880860102e-01,-1.530700612362521640e-01,1.149235090195171721e+07,9.071839818535444140e+07
1.731797008256055051e+04,7.167559781290122611e-01,-1.358987825985527309e-01,9.525656991743160412e+06,9.111532502887527645e+07
1.734622125724661964e+04,7.183682190857718641e-01,-1.186567463613846518e-01,7.540634700169995427e+06,9.146734880573582649e+07
1.737447243193268878e+04,7.196039196365943136e-01,-1.013525137238904528e-01,5.538402125153749250e+06,9.177362083398213983e+07
1.740272360661875791e+04,7.204599373023619080e-01,-8.399480349525383083e-02,3.520119371303703170e+06,9.203332169499734044e+07
1.743097478130482705e+04,7.209333526235210954e-01,-6.659248635941981964e-02,1.486987896452988498e+06,9.224566345019245148e+07
1.745922595599089618e+04,7.210214769018500336e-01,-4.915457872053655142e-02,-5.597502675081607886e+05,9.240989186106900871e+07
1.748747713067696532e+04,7.207218597830769014e-01,-3.169023612917794275e-02,-2.618813422122931108e+06,9.252528860510678589e+07
1.751572830536303445e+04,7.200322966558878601e-01,-1.420874629086541635e-02,-4.688881240334177390e+06,9.259117347958755493e+07
1.754397948004910359e+04,7.189508358425057422e-01,3.280478340072345150e-03,-6.768595936571326107e+06,9.260690658515161276e+07
1.757223065473517272e+04,7.174757855557576391e-01,2.076790837668523668e-02,-8.856563570059508085e+06,9.257189048060321808e+07
1.760048182942124186e+04,7.156057205973955782e-01,3.824390571938976469e-02,-1.095135548187474906e+07,9.248557230023677647e+07
1.762873300410731463e+04,7.133394887723923938e-01,5.569873217184859865e-02,-1.305150986565968022e+07,9.234744582475279272e+07
1.765698417879338376e+04,7.106762169940088469e-01,7.312255844311169040e-02,-1.515553347127363272e+07,9.215705349667419493e+07
1.768523535347945290e+04,7.076153170546248816e-01,9.050547352470655893e-02,-1.726190343999240175e+07,9.191398837106303871e+07
1.771348652816552203e+04,7.041564910376599817e-01,1.078374944295416860e-01,-1.936906926917722076e+07,9.161789599227975309e+07
1.774173770285159117e+04,7.002997363463583369e-01,1.251085762778139931e-01,-2.147545490363813564e+07,9.126847618752251565e+07
1.776998887753766030e+04,6.960453503258108299e-01,1.423086227133174564e-01,-2.357946095019426569e+07,9.086548476793800294e+07
1.779824005222372944e+04,6.913939344553123867e-01,1.594274966318343645e-01,-2.567946701121027395e+07,9.040873512820783257e+07
1.782649122690979857e+04,6.863463980890203153e-01,1.764550312015842615e-01,-2.777383413216019794e+07,8.989809973568940163e+07
1.785474240159586770e+04,6.809039617238809017e-01,1.933810411540403951e-01,-2.986090735754456371e+07,8.933351150042708218e+07
1.788299357628193684e+04,6.750681597749347285e-01,2.101953343218093129e-01,-3.193901838877023757e+07,8.871496501765070856e+07
1.791124475096800597e+04,6.688408428393793903e-01,2.268877233987163788e-01,-3.400648833690034598e+07,8.804251767474290729e+07
1.793949592565407511e+04,6.622241794321802599e-01,2.434480378957650515e-01,-3.606163056250042468e+07,8.731629061508500576e+07
1.796774710034014424e+04,6.552206571775438526e-01,2.598661362652459617e-01,-3.810275359415247291e+07,8.653646955168186128e+07
1.799599827502621702e+04,6.478330834422272311e-01,2.761319181639836362e-01,-4.012816411658763140e+07,8.570330542401705682e+07
1.802424944971228615e+04,6.400645853984221478e-01,2.922353368255125039e-01,-4.213617001880414039e+07,8.481711489220063388e+07
1.805250062439835528e+04,6.319186095058095809e-01,3.081664115099546630e-01,-4.412508349200575799e+07,8.387828066313441098e+07
1.808075179908442442e+04,6.233989204043797194e-01,3.239152399993712184e-01,-4.609322416670037806e+07,8.288725164414070547e+07
1.810900297377049355e+04,6.145095992116377248e-01,3.394720111056396261e-01,-4.803892227787771076e+07,8.184454292026159167e+07
1.813725414845656269e+04,6.052550412199615426e-01,3.548270171572240894e-01,-4.996052184681051970e+07,8.075073555224511027e+07
1.816550532314263182e+04,5.956399529920726188e-01,3.699706664307372828e-01,-5.185638386772260070e+07,7.960647619307914376e+07
1.819375649782870096e+04,5.856693488548219140e-01,3.848934954928641683e-01,-5.372488948733311146e+07,7.841247652181001008e+07
1.822200767251477009e+04,5.753485467937794473e-01,3.995861814180670102e-01,-5.556444316512656957e+07,7.716951249428384006e+07
1.825025884720083923e+04,5.646831637534202031e-01,4.140395538475062365e-01,-5.737347580211385339e+07,7.587842341136862338e+07
1.827851002188690836e+04,5.536791103500156019e-01,4.282446068548070861e-01,-5.915044782584320754e+07,7.454011080614492297e+07
1.830676119657297750e+04,5.423425850066468934e-01,4.421925105846681858e-01,-6.089385221949385107e+07,7.315553715248814225e+07
1.833501237125904663e+04,5.306800675220437746e-01,4.558746226308576510e-01,-6.260221748303801566e+07,7.172572439839524031e+07
1.836326354594511940e+04,5.186983120872020736e-01,4.692824991208615071e-01,-6.427411051469090581e+07,7.025175232832829654e+07
1.839151472063118854e+04,5.064043397659424572e-01,4.824079054753321882e-01,-6.590813940117870271e+07,6.873475675974848866e+07
1.841976589531725767e+04,4.938054304576727782e-01,4.952428268115812715e-01,-6.750295610574863851e+07,6.717592757988403738e+07
1.844801707000332681e+04,4.809091143627232112e-01,5.077794779615222298e-01,-6.905725904330156744e+07,6.557650662962204963e+07
1.847626824468939594e+04,4.677231629725255302e-01,5.200103130759097247e-01,-7.056979553257018328e+07,6.393778544220682234e+07
1.850451941937546508e+04,4.542555796087911490e-01,5.319280347882073823e-01,-7.203936411586406827e+07,6.226110284518267214e+07
1.853277059406153421e+04,4.405145895375606746e-01,5.435256029130929312e-01,-7.346481673756897449e+07,6.054784243471594155e+07
1.856102176874760335e+04,4.265086296855983283e-01,5.547962426563940452e-01,-7.484506077331006527e+07,5.879942993206948042e+07
1.858927294343367248e+04,4.122463379880612622e-01,5.657334523151518191e-01,-7.617906090246179700e+07,5.701733043257688731e+07
1.861752411811974162e+04,3.977365423976807479e-01,5.763310104485152019e-01,-7.746584081750585139e+07,5.520304555796862394e+07
1.864577529280581075e+04,3.829882495868398573e-01,5.865829825022608190e-01,-7.870448476459430158e+07,5.335811052333442122e+07
1.867402646749187988e+04,3.680106333749151304e-01,5.964837268719039853e-01,-7.989413891056287289e+07,5.148409113036262989e+07
1.870227764217794902e+04,3.528130229140630236e-01,6.060279003915919338e-01,-8.103401253254938126e+07,4.958258069877559692e+07
1.873052881686402179e+04,3.374048906672688086e-01,6.152104632382477956e-01,-8.212337902729949355e+07,4.765519694807859510e+07
1.875877999155009093e+04,3.217958402129533213e-01,6.240266832427258104e-01,-8.316157673817540705e+07,4.570357884186030924e+07
1.878703116623616006e+04,3.059955939106746015e-01,6.324721396020860364e-01,-8.414800959882198274e+07,4.372938340691608191e+07
1.881528234092222920e+04,2.900139804626445938e-01,6.405427259893659020e-01,-8.508214759336830676e+07,4.173428253943331540e+07
1.884353351560829833e+04,2.738609224056436919e-01,6.482346530595790579e-01,-8.596352703396230936e+07,3.971995981035147607e+07
1.887178469029436746e+04,2.575464235677223934e-01,6.555444503529135325e-01,-8.679175065732678771e+07,3.768810728182123601e+07
1.890003586498043660e+04,2.410805565236648629e-01,6.624689675983422843e-01,-8.756648754289166629e+07,3.564042234642017633e+07
1.892828703966650573e+04,2.244734500826258417e-01,6.690053754230307348e-01,-8.828747285588903725e+07,3.357860460044898093e+07
1.895653821435257487e+04,2.077352768406384997e-01,6.751511654750299574e-01,-8.895450741958953440e+07,3.150435276223421469e+07
1.898478938903864400e+04,1.908762408298268487e-01,6.809041499687663590e-01,-8.956745712160551548e+07,2.941936164590653032e+07
1.901304056372471314e+04,1.739065652951592433e-01,6.862624606647699244e-01,-9.012625215988382697e+07,2.732531920061168075e+07
1.904129173841078227e+04,1.568364806284536228e-01,6.912245472969130722e-01,-9.063088613465483487e+07,2.522390362455151975e+07
1.906954291309685141e+04,1.396762124881036349e-01,6.957891754621517988e-01,-9.108141499319092929e+07,2.311678056264927611e+07
1.909779408778292054e+04,1.224359701316479060e-01,6.999554239893619467e-01,-9.147795583475477993e+07,2.100560039599342272e+07
1.912604526246899331e+04,1.051259349868621240e-01,7.037226818053422539e-01,-9.182068558358250558e+07,1.889199563054385036e+07
1.915429643715506245e+04,8.775624948554625049e-02,7.070906443174014289e-01,-9.210983953814890981e+07,1.677757839189095795e+07
1.918254761184113158e+04,7.033700618254040693e-02,7.100593093331711847e-01,-9.234570980530019104e+07,1.466393803213941306e+07
1.921079878652720072e+04,5.287823718093068864e-02,7.126289725393508689e-01,-9.252864362811210752e+07,1.255263885427264310e+07
1.923904996121326985e+04,3.538990388263247439e-02,7.148002225620453398e-01,-9.265904161654281616e+07,1.044521795861311443e+07
1.926730113589933899e+04,1.788188708185611125e-02,7.165739356321545461e-01,-9.273735589009615779e+07,8.343183215267441235e+06
1.929555231058540812e+04,3.639774171930838190e-04,7.179512698799369597e-01,-9.276408814179763198e+07,6.248011365716804750e+06
1.932380348527147726e+04,-1.715413380369925148e-02,7.189336592834018047e-01,-9.273978763281238079e+07,4.161146255997112952e+06
1.935205465995754639e+04,-3.466286339459759974e-02,7.195228072955749399e-01,-9.266504912700493634e+07,2.083997203212204855e+06
1.938030583464361553e+04,-5.215274468593148610e-02,7.197206801759523653e-01,-9.254051077465741336e+07,1.793749644195707515e+04
1.940855700932968466e+04,-6.961443551598534007e-02,7.195295000515868900e-01,-9.236685195442877710e+07,-2.035696967550629983e+06
1.943680818401575380e+04,-8.703872581104823980e-02,7.189517377332732551e-01,-9.214479108245725930e+07,-4.075608914039636031e+06
1.946505935870182293e+04,-1.044165447491379878e-01,7.179901053121942045e-01,-9.187508339728339016e+07,-6.100540786309868097e+06
1.949331053338789570e+04,-1.217389675035436408e-01,7.166475485621786046e-01,-9.155851872900751233e+07,-8.109275709276877344e+06
1.952156170807396484e+04,-1.389972215639773412e-01,7.149272391724088571e-01,-9.119591926079663634e+07,-1.010063832267544605e+07
1.954981288276003397e+04,-1.561826926346756295e-01,7.128325668350019573e-01,-9.078813729052384198e+07,-1.207349548623757809e+07
1.957806405744610311e+04,-1.732869301101498949e-01,7.103671312113885028e-01,-9.033605299996672571e+07,-1.402675685972666740e+07
1.960631523213217224e+04,-1.903016521307301645e-01,7.075347338008299847e-01,-8.984057223860895634e+07,-1.595937536111841165e+07
1.963456640681824138e+04,-2.072187502212943511e-01,7.043393697337562154e-01,-8.930262432868891954e+07,-1.787034750658800453e+07
1.966281758150431051e+04,-2.240302935178049293e-01,7.007852195118808858e-01,-8.872315989772361517e+07,-1.975871363629873469e+07
1.969106875619037964e+04,-2.407285325874104764e-01,6.968766407162683141e-01,-8.810314874430836737e+07,-2.162355803028015792e+07
1.971931993087644878e+04,-2.573059028489232958e-01,6.926181597036902282e-01,-8.744357774255794287e+07,-2.346400891893729940e+07
1.974757110556251791e+04,-2.737550276014561468e-01,6.880144633107291297e-01,-8.674544879011470079e+07,-2.527923839294638857e+07
1.977582228024858705e+04,-2.900687206698907006e-01,6.830703905841724044e-01,-8.600977680420891941e+07,-2.706846221746854857e+07
1.980407345493465618e+04,-3.062399886766534740e-01,6.777909245552911077e-01,-8.523758776981729269e+07,-2.883093955575183034e+07
1.983232462962072532e+04,-3.222620329500008318e-01,6.721811840746299005e-01,-8.442991684353150427e+07,-3.056597260729562864e+07
1.986057580430679809e+04,-3.381282510796548291e-01,6.662464157229516237e-01,-8.358780651632148027e+07,-3.227290616582159698e+07
1.988882697899286723e+04,-3.538322381311816978e-01,6.599919858129835726e-01,-8.271230483796161413e+07,-3.395112710233172774e+07
1.991707815367893636e+04,-3.693677875310287795e-01,6.534233724956038936e-01,-8.180446370547981560e+07,-3.560006377854681015e+07
1.994532932836500549e+04,-3.847288916344750453e-01,6.465461579831296435e-01,-8.086533721760094166e+07,-3.721918539599110186e+07
1.997358050305107463e+04,-3.999097419891550209e-01,6.393660209013523055e-01,-7.989598009677501023e+07,-3.880800128595088422e+07
2.000183167773714376e+04,-4.149047293070405318e-01,6.318887287809993314e-01,-7.889744618002183735e+07,-4.036606014546079934e+07
2.003008285242321290e+04,-4.297084431579770714e-01,6.241201306983320540e-01,-7.787078697947965562e+07,-4.189294922438223660e+07
2.005833402710928203e+04,-4.443156713980058181e-01,6.160661500736397400e-01,-7.681705031322006881e+07,-4.338829346852777153e+07
2.008658520179535117e+04,-4.587213993457793793e-01,6.077327776354704003e-01,-7.573727900658564270e+07,-4.485175462365790457e+07
2.011483637648142030e+04,-4.729208087203986555e-01,5.991260645575361421e-01,-7.463250966401982307e+07,-4.628303030503361672e+07
2.014308755116748944e+04,-4.869092763539674129e-01,5.902521157743636504e-01,-7.350377151109190285e+07,-4.768185303705232590e+07
2.017133872585355857e+04,-5.006823726920794915e-01,5.811170834809188390e-01,-7.235208530617292225e+07,-4.904798926732752472e+07
2.019958990053962771e+04,-5.142358600953300662e-01,5.717271608206272449e-01,-7.117846232099100947e+07,-5.038123835939598829e+07
2.022784107522570048e+04,-5.275656909547764561e-01,5.620885757654406900e-01,-6.998390338908745348e+07,-5.168143156805224717e+07
2.025609224991176961e+04,-5.406680056340587015e-01,5.522075851908668787e-01,-6.876939802100734413e+07,-5.294843100111908466e+07
2.028434342459783875e+04,-5.535391302506901257e-01,5.420904691481553961e-01,-6.753592358488652110e+07,-5.418212857127170265e+07
2.031259459928390788e+04,-5.661755743086993586e-01,5.317435253352116309e-01,-6.628444455095124245e+07,-5.538244494133033603e+07
2.034084577396997702e+04,-5.785740281945713770e-01,5.211730637671385669e-01,-6.501591179830843210e+07,-5.654932846624329686e+07
2.036909694865604615e+04,-5.907313605480823959e-01,5.103854016467452848e-01,-6.373126198229214549e+07,-5.768275413477987051e+07
2.039734812334211529e+04,-6.026446155192953791e-01,4.993868584347987971e-01,-6.243141696053124964e+07,-5.878272251375593990e+07
2.042559929802818442e+04,-6.143110099226306575e-01,4.881837511192859136e-01,-6.111728327581985295e+07,-5.984925869741885364e+07
2.045385047271425356e+04,-6.257279302985510050e-01,4.767823896824685548e-01,-5.978975169380304217e+07,-6.088241126442511380e+07
2.048210164740032269e+04,-6.368929298930220417e-01,4.651890727640811130e-01,-5.844969679343557358e+07,-6.188225124465510994e+07
2.051035282208639182e+04,-6.478037255645215930e-01,4.534100835186068990e-01,-5.709797660812924057e+07,-6.284887109792412817e+07
2.053860399677246096e+04,-6.584581946279676190e-01,4.414516856642030085e-01,-5.573543231547515839e+07,-6.378238370646916330e+07
2.056685517145853009e+04,-6.688543716445409792e-01,4.293201197205012143e-01,-5.436288797340880334e+07,-6.468292138291686773e+07
2.059510634614460287e+04,-6.789904451659688478e-01,4.170215994322083453e-01,-5.298115030067776889e+07,-6.555063489526991546e+07
2.062335752083067200e+04,-6.888647544414285839e-01,4.045623083751637150e-01,-5.159100849947539717e+07,-6.638569251028675586e+07
2.065160869551674114e+04,-6.984757860948508368e-01,3.919483967412338843e-01,-5.019323411811022460e+07,-6.718827905647705495e+07
2.067985987020281027e+04,-7.078221707799561280e-01,3.791859782982645588e-01,-4.878858095160637051e+07,-6.795859500778344274e+07
2.070811104488887941e+04,-7.169026798200098805e-01,3.662811275210644535e-01,-4.737778497814941406e+07,-6.869685558888307214e+07
2.073636221957494854e+04,-7.257162218388621966e-01,3.532398768892663354e-01,-4.596156432932864130e+07,-6.940328990290693939e+07
2.076461339426101767e+04,-7.342618393894627671e-01,3.400682143477612440e-01,-4.454061929216320068e+07,-7.007814008224911988e+07
2.079286456894708681e+04,-7.425387055856672580e-01,3.267720809252874781e-01,-4.311563234094322473e+07,-7.072166046301911771e+07
2.082111574363315594e+04,-7.505461207427785997e-01,3.133573685066632364e-01,-4.168726819696433842e+07,-7.133411678357876837e+07
2.084936691831922508e+04,-7.582835090319147708e-01,2.998299177540774130e-01,-4.025617391428543627e+07,-7.191578540750044584e+07
2.087761809300529421e+04,-7.657504151529409553e-01,2.861955161728002572e-01,-3.882297898969394714e+07,-7.246695257118593156e+07
2.090586926769136335e+04,-7.729465010303688821e-01,2.724598963166388055e-01,-3.738829549512008578e+07,-7.298791365629427135e+07
2.093412044237743248e+04,-7.798715425363019760e-01,2.586287341284414509e-01,-3.595271823080072552e+07,-7.347897248704330623e+07
2.096237161706350525e+04,-7.865254262441837563e-01,2.447076474109514121e-01,-3.451682489755440503e+07,-7.394044065237186849e+07
2.099062279174957439e+04,-7.929081462168051653e-01,2.307021944233290101e-01,-3.308117628659235686e+07,-7.437263685287810862e+07
2.101887396643564352e+04,-7.990198008317478395e-01,2.166178725986484255e-01,-3.164631648534957692e+07,-7.477588627238546312e+07
2.104712514112171266e+04,-8.048605896471308085e-01,2.024601173777712537e-01,-3.021277309788995609e+07,-7.515051997392646968e+07
2.107537631580778179e+04,-8.104308103102937366e-01,1.882343011549810763e-01,-2.878105747849653289e+07,-7.549687431988282502e+07
2.110362749049385093e+04,-8.157308555117718241e-01,1.739457323308551129e-01,-2.735166497712536901e+07,-7.581529041597044468e+07
2.113187866517992006e+04,-8.207612099866832267e-01,1.595996544679000040e-01,-2.592507519546316192e+07,-7.610611357871527970e+07
2.116012983986598920e+04,-8.255224475654134864e-01,1.452012455445509664e-01,-2.450175225239131600e+07,-7.636969282602699101e+07
2.118838101455205833e+04,-8.300152282752651933e-01,1.307556173032108360e-01,-2.308214505772060901e+07,-7.660638039044341445e+07
2.121663218923812747e+04,-8.342402954945292715e-01,1.162678146880903041e-01,-2.166668759312101454e+07,-7.681653125458911061e+07
2.124488336392419660e+04,-8.381984731602379890e-01,1.017428153686983638e-01,-2.025579919923036173e+07,-7.700050270836523175e+07
2.127313453861026574e+04,-8.418906630306735028e-01,8.718552934492587725e-02,-1.884988486798328161e+07,-7.715865392736604810e+07
2.130138571329633487e+04,-8.453178420035301066e-01,7.260079862976250020e-02,-1.744933553925823793e+07,-7.729134557199893892e+07
2.132963688798240764e+04,-8.484810594904628189e-01,5.799339700578554774e-02,-1.605452840099485591e+07,-7.739893940676929057e+07
2.135788806266847678e+04,-8.513814348485988504e-01,4.336802985167551722e-02,-1.466582719198810309e+07,-7.748179793917946517e+07
2.138613923735454591e+04,-8.540201548694493772e-01,2.872933403507862624e-02,-1.328358250661333464e+07,-7.754028407768185437e+07
2.141439041204061505e+04,-8.563984713255117232e-01,1.408187786830897986e-02,-1.190813210079198517e+07,-7.757476080811879039e+07
2.144264158672668418e+04,-8.585176985747390299e-01,-5.698388765750562763e-04,-1.053980119854905084e+07,-7.758559088807795942e+07
2.147089276141275332e+04,-8.603792112229268207e-01,-1.522138489663821433e-02,-9.178902798563059419e+06,-7.757313655858957767e+07
2.149914393609882245e+04,-8.619844418439618350e-01,-2.986839723410189551e-02,-7.825737980151911266e+06,-7.753775927259138227e+07
2.152739511078489159e+04,-8.633348787577755923e-01,-4.450658110265623413e-02,-6.480596208180197515e+06,-7.747981943958894908e+07
2.155564628547096072e+04,-8.644320638657533307e-01,-5.913170966705518644e-02,-5.143755636413800530e+06,-7.739967618594220281e+07
2.158389746015702985e+04,-8.652775905432608106e-01,-7.373962377889192732e-02,-3.815483408885937650e+06,-7.729768713021355867e+07
2.161214863484309899e+04,-8.658731015888748717e-01,-8.832623167134576181e-02,-2.496035958875331562e+06,-7.717420817301924527e+07
2.164039980952916812e+04,-8.662202872298305767e-01,-1.028875086155870977e-01,-1.185659305131910834e+06,-7.702959330083248019e+07
2.166865098421523726e+04,-8.663208831831327172e-01,-1.174194965414233627e-01,1.154106549815717153e+05,-7.686419440319551528e+07
2.169690215890130639e+04,-8.661766687717188384e-01,-1.319183036246671936e-01,1.406947855732399970e+06,-7.667836110280676186e+07
2.172515333358737917e+04,-8.657894650950084259e-01,-1.463801038436103874e-01,2.688735776916214731e+06,-7.647244059795917571e+07
2.175340450827344830e+04,-8.651611332531224940e-01,-1.608011365068755250e-01,3.960567161652720533e+06,-7.624677751681692898e+07
2.178165568295951743e+04,-8.642935726240179584e-01,-1.751777057548613292e-01,5.222243738297826611e+06,-7.600171378302821517e+07
2.180990685764558657e+04,-8.631887191927380965e-01,-1.895061800368380844e-01,6.473575946660702117e+06,-7.573758849218475819e+07
2.183815803233165570e+04,-8.618485439319500951e-01,-2.037829915657239088e-01,7.714382668696714565e+06,-7.545473779864987731e+07
2.186640920701772484e+04,-8.602750512329109256e-01,-2.180046357524438871e-01,8.944490963821874931e+06,-7.515349481229014695e+07
2.189466038170379397e+04,-8.584702773859720359e-01,-2.321676706217013497e-01,1.016373580897506885e+07,-7.483418950465822220e+07
2.192291155638986311e+04,-8.564362891097208053e-01,-2.462687162109036265e-01,1.137195984353504889e+07,-7.449714862418760359e+07
2.195116273107593224e+04,-8.541751821278276147e-01,-2.603044539539030588e-01,1.256901311918126605e+07,-7.414269561997319758e+07
2.197941390576200138e+04,-8.516890797926605083e-01,-2.742716260511357529e-01,1.375475285477092303e+07,-7.377115057372468710e+07
2.200766508044807051e+04,-8.489801317547130965e-01,-2.881670348276623717e-01,1.492904319628916867e+07,-7.338283013949330151e+07
2.203591625513413965e+04,-8.460505126768828044e-01,-3.019875420805422372e-01,1.609175498191490024e+07,-7.297804749078536034e+07
2.206416742982020878e+04,-8.429024209926304634e-01,-3.157300684168994342e-01,1.724276551223135740e+07,-7.255711227468964458e+07
2.209241860450628155e+04,-8.395380777070465816e-01,-3.293915925839731584e-01,1.838195832559843734e+07,-7.212033057265836000e+07
2.212066977919235069e+04,-8.359597252398520695e-01,-3.429691507923645633e-01,1.950922297869133204e+07,-7.166800486759489775e+07
2.214892095387841982e+04,-8.321696263093499857e-01,-3.564598360336648786e-01,2.062445483220263571e+07,-7.120043401691333950e+07
2.217717212856448896e+04,-8.281700628563640754e-01,-3.698607973935271742e-01,2.172755484169033542e+07,-7.071791323124903440e+07
2.220542330325055809e+04,-8.239633350071865481e-01,-3.831692393612450287e-01,2.281842935355047882e+07,-7.022073405851028860e+07
2.223367447793662723e+04,-8.195517600745738651e-01,-3.963824211368077721e-01,2.389698990608213842e+07,-6.970918437297421694e+07
2.226192565262269636e+04,-8.149376715958303041e-01,-4.094976559363592283e-01,2.496315303560604900e+07,-6.918354836914181709e+07
2.229017682730876550e+04,-8.101234184070298383e-01,-4.225123102969315925e-01,2.601684008759149909e+07,-6.864410656007857621e+07
2.231842800199483463e+04,-8.051113637524353051e-01,-4.354238033812775632e-01,2.705797703274012730e+07,-6.809113577997869253e+07
2.234667917668090377e+04,-7.999038844281830540e-01,-4.482296062835730011e-01,2.808649428796979785e+07,-6.752490919070202112e+07
2.237493035136697290e+04,-7.945033699593139209e-01,-4.609272413367174748e-01,2.910232654223702103e+07,-6.694569629204357415e+07
2.240318152605304203e+04,-7.889122218092434746e-01,-4.735142814219156504e-01,3.010541258713204041e+07,-6.635376293550612777e+07
2.243143270073911117e+04,-7.831328526207746998e-01,-4.859883492811798433e-01,3.109569515217692405e+07,-6.574937134135667980e+07
2.245968387542518394e+04,-7.771676854877731522e-01,-4.983471168333547530e-01,3.207312074475382641e+07,-6.513278011875732988e+07
2.248793505011125308e+04,-7.710191532566400552e-01,-5.105883044942166604e-01,3.303763949458680302e+07,-6.450424428877137601e+07
2.251618622479732221e+04,-7.646896978567214731e-01,-5.227096805011953728e-01,3.398920500270072371e+07,-6.386401531005314738e+07
2.254443739948339135e+04,-7.581817696588269984e-01,-5.347090602431764372e-01,3.492777419477428496e+07,-6.321234110704182833e+07
2.257268857416946048e+04,-7.514978268610300605e-01,-5.465843055958629071e-01,3.585330717880683392e+07,-6.254946610048554093e+07
2.260093974885552961e+04,-7.446403349009411698e-01,-5.583333242631128845e-01,3.676576710701454431e+07,-6.187563124013206363e+07
2.262919092354159875e+04,-7.376117658936687249e-01,-5.699540691246464119e-01,3.766512004187134653e+07,-6.119107403943010420e+07
2.265744209822766788e+04,-7.304145980946876726e-01,-5.814445375904891966e-01,3.855133482620889693e+07,-6.049602861209301651e+07
2.268569327291373702e+04,-7.230513153868609599e-01,-5.928027709624897890e-01,3.942438295728938282e+07,-5.979072571038438380e+07
2.271394444759980615e+04,-7.155244067908707040e-01,-6.040268538032219636e-01,4.028423846476448327e+07,-5.907539276499222964e+07
2.274219562228587529e+04,-7.078363659983322176e-01,-6.151149133125630719e-01,4.113087779243380576e+07,-5.835025392636549473e+07
2.277044679697194442e+04,-6.999896909268835676e-01,-6.260651187122083794e-01,4.196427968371601403e+07,-5.761553010739335418e+07
2.279869797165801356e+04,-6.919868832965563321e-01,-6.368756806383684133e-01,4.278442507074613124e+07,-5.687143902731417120e+07
2.282694914634408633e+04,-6.838304482267506534e-01,-6.475448505428688106e-01,4.359129696701312065e+07,-5.611819525674720854e+07
2.285520032103015546e+04,-6.755228938531595562e-01,-6.580709201028505095e-01,4.438488036345149577e+07,-5.535601026374672353e+07
2.288345149571622460e+04,-6.670667309639833897e-01,-6.684522206392701227e-01,4.516516212790370733e+07,-5.458509246078183502e+07
2.291170267040229373e+04,-6.584644726548267712e-01,-6.786871225443433797e-01,4.593213090786716342e+07,-5.380564725255431235e+07
2.293995384508836287e+04,-6.497186340016491979e-01,-6.887740347180998368e-01,4.668577703644432127e+07,-5.301787708456836641e+07
2.296820501977443200e+04,-6.408317317511792455e-01,-6.987114040141750859e-01,4.742609244141316414e+07,-5.222198149237360060e+07
2.299645619446050114e+04,-6.318062840282094861e-01,-7.084977146949633653e-01,4.815307055733714998e+07,-5.141815715140629560e+07
2.302470736914657027e+04,-6.226448100592055779e-01,-7.181314878962334891e-01,4.886670624063487351e+07,-5.060659792735893279e+07
2.305295854383263941e+04,-6.133498299116786345e-01,-7.276112811013059067e-01,4.956699568753097206e+07,-4.978749492701235414e+07
2.308120971851870854e+04,-6.039238642487829711e-01,-7.369356876248670529e-01,5.025393635481099039e+07,-4.896103654946891218e+07
2.310946089320477768e+04,-5.943694340986184210e-01,-7.461033361064967062e-01,5.092752688330457360e+07,-4.812740853772919625e+07
2.313771206789084681e+04,-5.846890606377281863e-01,-7.551128900139623124e-01,5.158776702402250469e+07,-4.728679403055861592e+07
2.316596324257691595e+04,-5.748852649882979504e-01,-7.639630471563352287e-01,5.223465756687477231e+07,-4.643937361459374428e+07
2.319421441726298872e+04,-5.649605680285743059e-01,-7.726525392069668596e-01,5.286820027189842612e+07,-4.558532537664176524e+07
2.322246559194905785e+04,-5.549174902160445289e-01,-7.811801312363527705e-01,5.348839780292483419e+07,-4.472482495613037795e+07
2.325071676663512699e+04,-5.447585514229011938e-01,-7.895446212549240839e-01,5.409525366361942142e+07,-4.385804559766635299e+07
2.327896794132119612e+04,-5.344862707833782922e-01,-7.977448397657629364e-01,5.468877213582549244e+07,-4.298515820366781205e+07
2.330721911600726526e+04,-5.241031665525104355e-01,-8.057796493272660898e-01,5.526895822014839947e+07,-4.210633138703431934e+07
2.333547029069333439e+04,-5.136117559759038054e-01,-8.136479441257581380e-01,5.583581757871606201e+07,-4.122173152382377535e+07
2.336372146537940353e+04,-5.030145551701152851e-01,-8.213486495580497593e-01,5.638935648005413264e+07,-4.033152280590712279e+07
2.339197264006547266e+04,-4.923140790132436995e-01,-8.288807218239371277e-01,5.692958174601555616e+07,-3.943586729357416928e+07
2.342022381475154179e+04,-4.815128410453525243e-01,-8.362431475286294935e-01,5.745650070070602745e+07,-3.853492496806643903e+07
2.344847498943761093e+04,-4.706133533783521949e-01,-8.434349432950893899e-01,5.797012112134831399e+07,-3.762885378401491791e+07
2.347672616412368006e+04,-4.596181266149805267e-01,-8.504551553862654822e-01,5.847045119103015959e+07,-3.671780972176284343e+07
2.350497733880974920e+04,-4.485296697765313589e-01,-8.573028593371943007e-01,5.895749945328202844e+07,-3.580194683955555409e+07
2.353322851349581833e+04,-4.373504902389905302e-01,-8.639771595969445439e-01,5.943127476843257248e+07,-3.488141732558139414e+07
2.356147968818189111e+04,-4.260830936772472266e-01,-8.704771891803748662e-01,5.989178627169135958e+07,-3.395637154984927922e+07
2.358973086286796024e+04,-4.147299840170676211e-01,-8.768021093296689550e-01,6.033904333290953934e+07,-3.302695811589100584e+07
2.361798203755402938e+04,-4.032936633944965710e-01,-8.829511091856241389e-01,6.077305551797201484e+07,-3.209332391227565706e+07
2.364623321224009851e+04,-3.917766321224132042e-01,-8.889234054686432351e-01,6.119383255177403241e+07,-3.115561416392891854e+07
2.367448438692616764e+04,-3.801813886639232032e-01,-8.947182421694015453e-01,6.160138428273884952e+07,-3.021397248324759677e+07
2.370273556161223678e+04,-3.685104296123098422e-01,-9.003348902491473682e-01,6.199572064883335680e+07,-2.926854092100331187e+07
2.373098673629830591e+04,-3.567662496772631697e-01,-9.057726473495943953e-01,6.237685164504043758e+07,-2.831946001702989638e+07
2.375923791098437505e+04,-3.449513416771164409e-01,-9.110308375123657987e-01,6.274478729224830121e+07,-2.736686885069033504e+07
2.378748908567044418e+04,-3.330681965368257891e-01,-9.161088109079473796e-01,6.309953760751848668e+07,-2.641090509112017229e+07
2.381574026035651332e+04,-3.211193032914353984e-01,-9.210059435741081435e-01,6.344111257569572330e+07,-2.545170504724545404e+07
2.384399143504258245e+04,-3.091071490947803202e-01,-9.257216371637448926e-01,6.376952212232417613e+07,-2.448940371757423878e+07
2.387224260972865159e+04,-2.970342192331811293e-01,-9.302553187021077585e-01,6.408477608783614635e+07,-2.352413483976171166e+07
2.390049378441472072e+04,-2.849029971438946096e-01,-9.346064403533662635e-01,6.438688420298054069e+07,-2.255603093994976953e+07
2.392874495910079349e+04,-2.727159644380877657e-01,-9.387744791964692803e-01,6.467585606546004117e+07,-2.158522338188271224e+07
2.395699613378686263e+04,-2.604756009281187779e-01,-9.427589370102595900e-01,6.495170111774676293e+07,-2.061184241580235958e+07
2.398524730847293176e+04,-2.481843846588817626e-01,-9.465593400678042890e-01,6.521442862604854256e+07,-1.963601722712394595e+07
2.401349848315900090e+04,-2.358447919430318174e-01,-9.501752389398925303e-01,6.546404766039786488e+07,-1.865787598489932716e+07
2.404174965784507003e+04,-2.234592973998579535e-01,-9.536062083076687346e-01,6.570056707583811134e+07,-1.767754589007021114e+07
2.407000083253113917e+04,-2.110303739976077120e-01,-9.568518467843558639e-01,6.592399549468231201e+07,-1.669515322351744957e+07
2.409825200721720830e+04,-1.985604930990622075e-01,-9.599117767460363382e-01,6.613434128982114792e+07,-1.571082339391202107e+07
2.412650318190327744e+04,-1.860521245101652010e-01,-9.627856441714485181e-01,6.633161256905806810e+07,-1.472468098537409678e+07
2.415475435658934657e+04,-1.735077365315145503e-01,-9.654731184907672237e-01,6.651581716045080125e+07,-1.373684980494698323e+07
2.418300553127541571e+04,-1.609297960125277704e-01,-9.679738924433309855e-01,6.668696259863957763e+07,-1.274745292989324778e+07
2.421125670596148484e+04,-1.483207684080970201e-01,-9.702876819442852740e-01,6.684505611214373261e+07,-1.175661275482072495e+07
2.423950788064755397e+04,-1.356831178375526026e-01,-9.724142259601099569e-01,6.699010461160952598e+07,-1.076445103864651546e+07
2.426775905533362311e+04,-1.230193071457568038e-01,-9.743532863929988963e-01,6.712211467899315059e+07,-9.771088951407417655e+06
2.429601023001969588e+04,-1.103317979661510850e-01,-9.761046479740679294e-01,6.724109255766417086e+07,-8.776647120925469324e+06
2.432426140470576502e+04,-9.762305078559427307e-02,-9.776681181653590347e-01,6.734704414341561496e+07,-7.781245679338430054e+06
2.435251257939183415e+04,-8.489552501079702940e-02,-9.790435270706231430e-01,6.743997497636844218e+07,-6.785004309502645396e+06
2.438076375407790329e+04,-7.215167903621767798e-02,-9.802307273548506172e-01,6.751989023375885189e+07,-5.788042291280444711e+06
2.440901492876397242e+04,-5.939397031322896092e-02,-9.812295941725339699e-01,6.758679472359824181e+07,-4.790478547719975002e+06
2.443726610345004156e+04,-4.662485542040184505e-02,-9.820400251046425000e-01,6.764069287919679284e+07,-3.792431691138215363e+06
2.446551727813611069e+04,-3.384679013474238551e-02,-9.826619401042883117e-01,6.768158875454264879e+07,-2.794020069117240142e+06
2.449376845282217982e+04,-2.106222950372078212e-02,-9.830952814510742765e-01,6.770948602052988112e+07,-1.795361810424013995e+06
2.452201962750824896e+04,-8.273627917932842996e-03,-9.833400137141039554e-01,6.772438796202942729e+07,-7.965748708641611738e+05
2.455027080219431809e+04,4.516560815764673886e-03,-9.833961237236457098e-01,6.772629747579836845e+07,2.022229209197836462e+05
2.457852197688038723e+04,1.730588340080289889e-02,-9.832636205514428962e-01,6.771521706922399998e+07,1.200913817695047706e+06
2.460677315156645636e+04,3.009188697729118372e-02,-9.829425354996571551e-01,6.769114885990025103e+07,2.199380107919583097e+06
2.463502432625252550e+04,4.287211904840596000e-02,-9.824329220984460154e-01,6.765409457603499293e+07,3.197504070046655368e+06
2.466327550093859463e+04,5.564412740693490400e-02,-9.817348561121655992e-01,6.760405555768810213e+07,4.195167926842394285e+06
2.469152667562466740e+04,6.840546006213497898e-02,-9.808484355542008704e-01,6.754103275884087384e+07,5.192253799705792218e+06
2.471977785031073654e+04,8.115366516705171951e-02,-9.797737807104228702e-01,6.746502675029897690e+07,6.188643662979775108e+06
2.474802902499680567e+04,9.388629094648183460e-02,-9.785110341712739412e-01,6.737603772343158722e+07,7.184219298244738951e+06
2.477628019968287481e+04,1.066008856257047166e-01,-9.770603608724879319e-01,6.727406549475100636e+07,8.178862248581524007e+06
2.480453137436894394e+04,1.192949973601665076e-01,-9.754219481444502682e-01,6.715910951133796573e+07,9.172453772795423865e+06
2.483278254905501308e+04,1.319661741662672694e-01,-9.735960057702069959e-01,6.703116885711866617e+07,1.016487479959025234e+07
2.486103372374108221e+04,1.446119638534142104e-01,-9.715827660521328957e-01,6.689024226000114530e+07,1.115600588168253750e+07
2.488928489842715135e+04,1.572299139575040472e-01,-9.693824838872709959e-01,6.673632809987932444e+07,1.214572714984599128e+07
2.491753607311322048e+04,1.698175716759994514e-01,-9.669954368513580256e-01,6.656942441751437634e+07,1.313391826687657833e+07
2.494578724779928962e+04,1.823724838047657004e-01,-9.644219252915507967e-01,6.638952892430410534e+07,1.412045838146877103e+07
2.497403842248535875e+04,1.948921966768368819e-01,-9.616622724278710566e-01,6.619663901295220107e+07,1.510522608199381083e+07
2.500228959717142789e+04,2.073742561032823339e-01,-9.587168244633904601e-01,6.599075176905030012e+07,1.608809935017109104e+07
2.503054077185749702e+04,2.198162073163471564e-01,-9.555859507031735367e-01,6.577186398358704895e+07,1.706895551462408155e+07
2.505879194654356979e+04,2.322155949150448428e-01,-9.522700436820029646e-01,6.553997216639932990e+07,1.804767120431270823e+07
2.508704312122963893e+04,2.445699628133718162e-01,-9.487695193009120231e-01,6.529507256058233231e+07,1.902412230183354393e+07
2.511529429591570806e+04,2.568768541913504233e-01,-9.450848169725467596e-01,6.503716115787563473e+07,1.999818389658225328e+07
2.514354547060177720e+04,2.691338114490548494e-01,-9.412163997753881794e-01,6.476623371504464746e+07,2.096973023776876554e+07
2.517179664528784633e+04,2.813383761638330594e-01,-9.371647546168615506e-01,6.448228577127704024e+07,2.193863468728045374e+07
2.520004781997391547e+04,2.934880890509096729e-01,-9.329303924053614638e-01,6.418531266661556065e+07,2.290476967238657176e+07
2.522829899465998460e+04,3.055804899275681996e-01,-9.285138482312229602e-01,6.387530956144958735e+07,2.386800663827851415e+07
2.525655016934605374e+04,3.176131176811152756e-01,-9.239156815566726966e-01,6.355227145708920062e+07,2.482821600044098124e+07
2.528480134403212287e+04,3.295835102408342654e-01,-9.191364764147890165e-01,6.321619321744666994e+07,2.578526709684970602e+07
2.531305251871819200e+04,3.414892045541378929e-01,-9.141768416175066747e-01,6.286706959185161442e+07,2.673902813999210671e+07
2.534130369340426114e+04,3.533277365671386172e-01,-9.090374109726995222e-01,6.250489523902729154e+07,2.768936616870788112e+07
2.536955486809033027e+04,3.650966412098575753e-01,-9.037188435103739037e-01,6.212966475225692242e+07,2.863614699984732270e+07
2.539780604277639941e+04,3.767934523862993546e-01,-8.982218237180088494e-01,6.174137268577006459e+07,2.957923517974595726e+07
2.542605721746247218e+04,3.884157029696287955e-01,-8.925470617850774779e-01,6.134001358238059282e+07,3.051849393551503494e+07
2.545430839214854132e+04,3.999609248026782526e-01,-8.866952938567869147e-01,6.092558200240927190e+07,3.145378512614746764e+07
2.548255956683461045e+04,4.114266487040552089e-01,-8.806672822970620373e-01,6.049807255392447859e+07,3.238496919344231486e+07
2.551081074152067958e+04,4.228104044800716776e-01,-8.744638159608218997e-01,6.005747992433758080e+07,3.331190511274766177e+07
2.553906191620674872e+04,4.341097209427774439e-01,-8.680857104755701492e-01,5.960379891338922828e+07,3.423445034352708608e+07
2.556731309089281785e+04,4.453221259343540517e-01,-8.615338085323396289e-01,5.913702446756523848e+07,3.515246077975344658e+07
2.559556426557888699e+04,4.564451463581448709e-01,-8.548089801860192516e-01,5.865715171598190814e+07,3.606579070013580471e+07
2.562381544026495612e+04,4.674763082166029093e-01,-8.479121231650970092e-01,5.816417600778193772e+07,3.697429271818646044e+07
2.565206661495102526e+04,4.784131366564446930e-01,-8.408441631908469827e-01,5.765809295108381659e+07,3.787781773213636875e+07
2.568031778963709439e+04,4.892531560213089770e-01,-8.336060543059876649e-01,5.713889845352883637e+07,3.877621487470862269e+07
2.570856896432316353e+04,4.999938899122252645e-01,-8.261987792128393515e-01,5.660658876447143406e+07,3.966933146276130527e+07
2.573682013900923266e+04,5.106328612562065494e-01,-8.186233496210029159e-01,5.606116051886016130e+07,4.055701294681237638e+07
2.576507131369530180e+04,5.211675923832914670e-01,-8.108808066045797291e-01,5.550261078285790980e+07,4.143910286046114564e+07
2.579332248838137457e+04,5.315956051123695847e-01,-8.029722209689533763e-01,5.493093710125167668e+07,4.231544276972260326e+07
2.582157366306744370e+04,5.419144208461231793e-01,-7.948986936271494885e-01,5.434613754670405388e+07,4.318587222229202837e+07
2.584982483775351284e+04,5.521215606754615868e-01,-7.866613559857739135e-01,5.374821077089867741e+07,4.405022869676154107e+07
2.587807601243958197e+04,5.622145454937804709e-01,-7.782613703405539818e-01,5.313715605763601512e+07,4.490834755180848390e+07
2.590632718712565111e+04,5.721908961214423606e-01,-7.696999302814722110e-01,5.251297337793479860e+07,4.576006197538149357e+07
2.593457836181172024e+04,5.820481334408533769e-01,-7.609782611074960013e-01,5.187566344719751924e+07,4.660520293391017616e+07
2.596282953649778938e+04,5.917837785425329455e-01,-7.520976202508945496e-01,5.122522778449945152e+07,4.744359912156736106e+07
2.599108071118385851e+04,6.013953528825831674e-01,-7.430592977111324382e-01,5.056166877406225353e+07,4.827507690961538255e+07
2.601933188586992765e+04,6.108803784519768465e-01,-7.338646164983181341e-01,4.988498972897475213e+07,4.909946029587053508e+07
2.604758306055599678e+04,6.202363779580938319e-01,-7.245149330861834214e-01,4.919519495722503960e+07,4.991657085432250053e+07
2.607583423524206592e+04,6.294608750189480961e-01,-7.150116378745609014e-01,4.849228983010944724e+07,5.072622768494857103e+07
2.610408540992813505e+04,6.385513943705618534e-01,-7.053561556613184846e-01,4.777628085308559239e+07,5.152824736376558244e+07
2.613233658461420418e+04,6.475054620879533429e-01,-6.955499461237010239e-01,4.704717573913796991e+07,5.232244389316559583e+07
2.616058775930027696e+04,6.563206058202208926e-01,-6.855945043090214686e-01,4.630498348472603410e+07,5.310862865258489549e+07
2.618883893398634609e+04,6.649943550402117598e-01,-6.754913611346400337e-01,4.554971444838669896e+07,5.388661034955875576e+07
2.621709010867241523e+04,6.735242413092991098e-01,-6.652420838971345729e-01,4.478138043206257373e+07,5.465619497122018039e+07
2.624534128335848436e+04,6.819077985577675083e-01,-6.548482767905985380e-01,4.399999476523185521e+07,5.541718573630121350e+07
2.627359245804455350e+04,6.901425633813593752e-01,-6.443115814339460679e-01,4.320557239191374183e+07,5.616938304770302027e+07
2.630184363273062263e+04,6.982260753545264098e-01,-6.336336774071190669e-01,4.239812996062638611e+07,5.691258444570306689e+07
2.633009480741669176e+04,7.061558773609508677e-01,-6.228162827960669334e-01,4.157768591737488657e+07,5.764658456187292933e+07
2.635834598210276090e+04,7.139295159419176695e-01,-6.118611547463579381e-01,4.074426060174787790e+07,5.837117507378473878e+07
2.638659715678883003e+04,7.215445416631307562e-01,-6.007700900252662679e-01,3.989787634620232880e+07,5.908614466058921069e+07
2.641484833147489917e+04,7.289985095005839799e-01,-5.895449255921613174e-01,3.903855757861690223e+07,5.979127895955327898e+07
2.644309950616096830e+04,7.362889792461109195e-01,-5.781875391770097128e-01,3.816633092819499969e+07,6.048636052365060151e+07
2.647135068084703744e+04,7.434135159332541098e-01,-5.666998498667825679e-01,3.728122533479920775e+07,6.117116878030377626e+07
2.649960185553310657e+04,7.503696902841098249e-01,-5.550838186995404877e-01,3.638327216179942340e+07,6.184547999138294160e+07
2.652785303021917935e+04,7.571550791778198786e-01,-5.433414492659468520e-01,3.547250531251699477e+07,6.250906721457136422e+07
2.655610420490524848e+04,7.637672661413928976e-01,-5.314747883179511412e-01,3.454896135034833103e+07,6.316170026621446013e+07
2.658435537959131761e+04,7.702038418635693828e-01,-5.194859263843264463e-01,3.361267962264888734e+07,6.380314568577685207e+07
2.661260655427738675e+04,7.764624047324331091e-01,-5.073769983927765015e-01,3.266370238846236095e+07,6.443316670203596354e+07
2.664085772896345588e+04,7.825405613975149333e-01,-4.951501842982499180e-01,3.170207495017542318e+07,6.505152320115056634e+07
2.666910890364952502e+04,7.884359273571314164e-01,-4.828077097171009080e-01,3.072784578918006271e+07,6.565797169674831629e+07
2.669736007833559415e+04,7.941461275717259793e-01,-4.703518465667027026e-01,2.974106670562401041e+07,6.625226530218443274e+07
2.672561125302166329e+04,7.996687971039910803e-01,-4.577849137100861165e-01,2.874179296232857183e+07,6.683415370513141900e+07
2.675386242770773242e+04,8.050015817865652235e-01,-4.451092776051501776e-01,2.773008343295176327e+07,6.740338314466798306e+07
2.678211360239380156e+04,8.101421389181147070e-01,-4.323273529579543806e-01,2.670600075447295234e+07,6.795969639104358852e+07
2.681036477707987069e+04,8.150881379886233402e-01,-4.194416033795713150e-01,2.566961148407298699e+07,6.850283272830393910e+07
2.683861595176593983e+04,8.198372614347260168e-01,-4.064545420459419467e-01,2.462098626048142835e+07,6.903252793997162580e+07
2.686686712645200896e+04,8.243872054259379079e-01,-3.933687323601361974e-01,2.356019996985957026e+07,6.954851429798543453e+07
2.689511830113808173e+04,8.287356806826412514e-01,-3.801867886163839416e-01,2.248733191628457978e+07,7.005052055511151254e+07
2.692336947582415087e+04,8.328804133267024845e-01,-3.669113766652090658e-01,2.140246599689730257e+07,7.053827194104909897e+07
2.695162065051022000e+04,8.368191457656138921e-01,-3.535452145789222955e-01,2.030569088176917285e+07,7.101149016246487200e+07
2.697987182519628914e+04,8.405496376110446199e-01,-3.400910733167428757e-01,1.919710019854379818e+07,7.146989340719822049e+07
2.700812299988235827e+04,8.440696666327167641e-01,-3.265517773887114394e-01,1.807679272189871594e+07,7.191319635289281607e+07
2.703637417456842741e+04,8.473770297485172520e-01,-3.129302055175446351e-01,1.694487256786983833e+07,7.234111018031939864e+07
2.706462534925449654e+04,8.504695440517677785e-01,-2.992292912975178520e-01,1.580144939307372645e+07,7.275334259166637063e+07
2.709287652394056568e+04,8.533450478765810532e-01,-2.854520238494121509e-01,1.464663859885580838e+07,7.314959783408625424e+07
2.712112769862663481e+04,8.560014019022357257e-01,-2.716014484705031595e-01,1.348056154038490169e+07,7.352957672879792750e+07
2.714937887331270394e+04,8.584364902975063494e-01,-2.576806672785164620e-01,1.230334574070579000e+07,7.389297670605622232e+07
2.717763004799877308e+04,8.606482219058831928e-01,-2.436928398484094482e-01,1.111512510975233093e+07,7.423949184631277621e+07
2.720588122268484221e+04,8.626345314726222568e-01,-2.296411838407796668e-01,9.916040168313372880e+06,7.456881292790453136e+07
2.723413239737091135e+04,8.643933809145549763e-01,-2.155289756206356933e-01,8.706238276932746172e+06,7.488062748161827028e+07
2.726238357205698412e+04,8.659227606335915262e-01,-2.013595508651952748e-01,7.485873869712498039e+06,7.517461985249269009e+07
2.729063474674305326e+04,8.672206908748359977e-01,-1.871363051593210314e-01,6.255108692976707593e+06,7.545047126923172176e+07
2.731888592142912239e+04,8.682852231302310431e-01,-1.728626945770928847e-01,5.014112048735990189e+06,7.570785992161634564e+07
2.734713709611519153e+04,8.691144415886283836e-01,-1.585422362480060077e-01,3.763061042883310001e+06,7.594646104631359875e+07
2.737538827080126066e+04,8.697064646331736926e-01,-1.441785089061429215e-01,2.502140838030091487e+06,7.616594702149564028e+07
2.740363944548732979e+04,8.700594463868712714e-01,-1.297751534206274815e-01,1.231544910877642920e+06,7.636598747069349885e+07
2.743189062017339893e+04,8.701715783071761745e-01,-1.153358733055741270e-01,-4.852468600072269328e+04,7.654624937632292509e+07
2.746014179485946806e+04,8.700410908304322399e-01,-1.008644352076640271e-01,-1.337857058111086022e+06,7.670639720333221555e+07
2.748839296954553720e+04,8.696662550669480574e-01,-8.636466936939364569e-02,-2.636232198889194988e+06,7.684609303343386948e+07
2.751664414423160633e+04,8.690453845474680472e-01,-7.184047006595276064e-02,-3.943420715637435205e+06,7.696499671039365232e+07
2.754489531891767547e+04,8.681768370217600728e-01,-5.729579601359850727e-02,-5.259183551760265604e+06,7.706276599686232209e+07
2.757314649360374460e+04,8.670590163099959335e-01,-4.273467074729938447e-02,-6.583271705535265617e+06,7.713905674324572086e+07
2.760139766828981374e+04,8.656903742075562347e-01,-2.816118296532846635e-02,-7.915425945683887228e+06,7.719352306911975145e+07
2.762964884297588287e+04,8.640694124438381696e-01,-1.357948683838847148e-02,-9.255376524034507573e+06,7.722581755770607293e+07
2.765790001766195564e+04,8.621946846955844679e-01,1.006197719248804086e-03,-1.060284288560066931e+07,7.723559146393334866e+07
2.768615119234802478e+04,8.600647986551930302e-01,1.559158481919291177e-02,-1.195753337642799318e+07,7.722249493661701679e+07
2.771440236703409391e+04,8.576784181543887220e-01,3.017232241172020449e-02,-1.331914494960034452e+07,7.718617725529734790e+07
2.774265354172016305e+04,8.550342653435721862e-01,4.474399214467609381e-02,-1.468736286982500739e+07,7.712628708228160441e+07
2.777090471640623218e+04,8.521311229270677190e-01,5.930210927144539956e-02,-1.606186041705966741e+07,7.704247273044055700e+07
2.779915589109230132e+04,8.489678364544096523e-01,7.384212261100672747e-02,-1.744229858967910334e+07,7.693438244731298089e+07
2.782740706577837045e+04,8.455433166677016610e-01,8.835941456320489662e-02,-1.882832580772129074e+07,7.680166471607320011e+07
2.785565824046443959e+04,8.418565419049843790e-01,1.028493011824784253e-01,-2.021957761679479107e+07,7.664396857391679287e+07
2.788390941515050872e+04,8.379065605594262500e-01,1.173070323133837134e-01,-2.161567639327347651e+07,7.646094394841739535e+07
2.791216058983657786e+04,8.336924935940371872e-01,1.317277917913617369e-01,-2.301623105145062134e+07,7.625224201240347326e+07
2.794041176452264699e+04,8.292135371114647269e-01,1.461066977122965349e-01,-2.442083675337211043e+07,7.601751555789768696e+07
2.796866293920871612e+04,8.244689649783002450e-01,1.604388027745158318e-01,-2.582907462211803347e+07,7.575641938965229690e+07
2.799691411389478526e+04,8.194581315031678193e-01,1.747190946969846559e-01,-2.724051145935309306e+07,7.546861073880289495e+07
2.802516528858085803e+04,8.141804741677074464e-01,1.889424967175417081e-01,-2.865469946801924706e+07,7.515374969714784622e+07
2.805341646326692717e+04,8.086355164094033432e-01,2.031038681751096975e-01,-3.007117598109717667e+07,7.481149967254386842e+07
2.808166763795299630e+04,8.028228704550085526e-01,2.171980051799400346e-01,-3.148946319742276892e+07,7.444152786588610709e+07
2.810991881263906544e+04,7.967422402031528739e-01,2.312196413759750324e-01,-3.290906792559570819e+07,7.404350577011825144e+07
2.813816998732513457e+04,7.903934241544943173e-01,2.451634487995556777e-01,-3.432948133708205074e+07,7.361710969168803096e+07
2.816642116201120371e+04,7.837763183875752215e-01,2.590240388387408110e-01,-3.575017872966837138e+07,7.316202129483228922e+07
2.819467233669727284e+04,7.768909195783155752e-01,2.727959632975855975e-01,-3.717061930248672515e+07,7.267792816903837025e+07
2.822292351138334197e+04,7.697373280608406088e-01,2.864737155697861803e-01,-3.859024594389069080e+07,7.216452441998739541e+07
