time,x,y,vx,vy
0.000000000000000000e+00,0.000000000000000000e+00,9.832899999999999974e-01,-6.773251395529817045e+07,0.000000000000000000e+00
1.411852101619977162e+01,-6.392214463739647606e-03,9.832664388127018151e-01,-6.773089093642853200e+07,-4.993114204474600847e+05
2.823704203239954325e+01,-1.278412258517261715e-02,9.831957556179258262e-01,-6.772602191600242257e+07,-9.986081425365109462e+05
4.235556304859931487e+01,-1.917541802090672737e-02,9.830779524964435856e-01,-6.771790685732078552e+07,-1.497875466838718858e+06
5.647408406479908649e+01,-2.556579442293256330e-02,9.829130329164097457e-01,-6.770654569923724234e+07,-1.997098691070859320e+06
7.059260508099885101e+01,-3.195494543631768880e-02,9.827010017337005632e-01,-6.769193835619045794e+07,-2.496263108667289838e+06
8.471112609719862974e+01,-3.834256469690453667e-02,9.824418651923845225e-01,-6.767408471824947000e+07,-2.995354007352073677e+06
9.882964711339840846e+01,-4.472834582901311085e-02,9.821356309253288508e-01,-6.765298465117202699e+07,-3.494356667710764334e+06
1.129481681295981730e+02,-5.111198244314991979e-02,9.817823079549405918e-01,-6.762863799647587538e+07,-3.993256361761775799e+06
1.270666891457979375e+02,-5.749316813372420953e-02,9.813819066940425717e-01,-6.760104457152310014e+07,-4.492038351527253166e+06
1.411852101619977020e+02,-6.387159647677272123e-02,9.809344389468842573e-01,-6.757020416961751878e+07,-4.990687887603355572e+06
1.553037311781974950e+02,-7.024696102769434347e-02,9.804399179102876172e-01,-6.753611656011512876e+07,-5.489190207729876973e+06
1.694222521943972595e+02,-7.661895531899569345e-02,9.798983581749278748e-01,-6.749878148854768276e+07,-5.987530535359112546e+06
1.835407732105970240e+02,-8.298727285804911868e-02,9.793097757267493764e-01,-6.745819867675946653e+07,-6.485694078223906457e+06
1.976592942267968169e+02,-8.935160712486411860e-02,9.786741879485170159e-01,-6.741436782305718958e+07,-6.983666026904778555e+06
2.117778152429965814e+02,-9.571165156987361533e-02,9.779916136215024425e-01,-6.736728860237321258e+07,-7.481431553396056406e+06
2.258963362591963460e+02,-1.020670996117361562e-01,9.772620729273058249e-01,-6.731696066644203663e+07,-7.978975809670949355e+06
2.400148572753961105e+02,-1.084176446351555745e-01,9.764855874498135080e-01,-6.726338364399014413e+07,-8.476283926245454699e+06
2.541333782915958750e+02,-1.147629799887189550e-01,9.756621801772897840e-01,-6.720655714093931019e+07,-8.973341010741043836e+06
2.682518993077956679e+02,-1.211027989827546669e-01,9.747918755046067751e-01,-6.714648074062334001e+07,-9.470132146446032450e+06
2.823704203239954040e+02,-1.274367948872113243e-01,9.738746992356076548e-01,-6.708315400401844829e+07,-9.966642390875559300e+06
2.964889413401951970e+02,-1.337646609295592703e-01,9.729106785856082018e-01,-6.701657646998721361e+07,-1.046285677433012053e+07
3.106074623563949899e+02,-1.400860902927154872e-01,9.718998421840321367e-01,-6.694674765553625673e+07,-1.095876029845253751e+07
3.247259833725947260e+02,-1.464007761129937912e-01,9.708422200771843480e-01,-6.687366705608773977e+07,-1.145433793478332646e+07
3.388445043887945189e+02,-1.527084114780811741e-01,9.697378437311601207e-01,-6.679733414576476067e+07,-1.194957462331437506e+07
3.529630254049943119e+02,-1.590086894250415939e-01,9.685867460348906999e-01,-6.671774837769067287e+07,-1.244445527104084939e+07
3.670815464211940480e+02,-1.653013029383487431e-01,9.673889613033257451e-01,-6.663490918430256844e+07,-1.293896475051127374e+07
3.812000674373938409e+02,-1.715859449479494592e-01,9.661445252807528972e-01,-6.654881597767885029e+07,-1.343308789837570302e+07
3.953185884535936339e+02,-1.778623083273579986e-01,9.648534751442541246e-01,-6.645946814988118410e+07,-1.392680951393190771e+07
4.094371094697933700e+02,-1.841300858917838679e-01,9.635158495072996265e-01,-6.636686507331075519e+07,-1.442011435766952299e+07
4.235556304859931629e+02,-1.903889703962937663e-01,9.621316884234788480e-01,-6.627100610107910633e+07,-1.491298714981209114e+07
4.376741515021928990e+02,-1.966386545340090830e-01,9.607010333903701627e-01,-6.617189056739357859e+07,-1.540541256885690056e+07
4.517926725183926919e+02,-2.028788309343406149e-01,9.592239273535468902e-01,-6.606951778795749694e+07,-1.589737525011260808e+07
4.659111935345924849e+02,-2.091091921612617810e-01,9.577004147107230914e-01,-6.596388706038528681e+07,-1.638885978423453122e+07
4.800297145507922210e+02,-2.153294307116215001e-01,9.561305413160366973e-01,-6.585499766463253647e+07,-1.687985071575757861e+07
4.941482355669920139e+02,-2.215392390134987843e-01,9.545143544844709727e-01,-6.574284886344128847e+07,-1.737033254162675515e+07
5.082667565831917500e+02,-2.277383094245995498e-01,9.528519029964160891e-01,-6.562743990280058980e+07,-1.786028970972515643e+07
5.223852775993915429e+02,-2.339263342306981130e-01,9.511432371023683663e-01,-6.550877001242249459e+07,-1.834970661739945412e+07
5.365037986155913359e+02,-2.401030056441239291e-01,9.493884085277691787e-01,-6.538683840623367578e+07,-1.883856760998272523e+07
5.506223196317911288e+02,-2.462680158022957644e-01,9.475874704779841950e-01,-6.526164428288277984e+07,-1.932685697931466997e+07
5.647408406479908081e+02,-2.524210567663043303e-01,9.457404776434213955e-01,-6.513318682626371086e+07,-1.981455896225909889e+07
5.788593616641906010e+02,-2.585618205195453490e-01,9.438474862047893099e-01,-6.500146520605498552e+07,-2.030165773921867833e+07
5.929778826803903939e+02,-2.646899989664037722e-01,9.419085538384959211e-01,-6.486647857827536017e+07,-2.078813743264683336e+07
6.070964036965901869e+02,-2.708052839309916249e-01,9.399237397221877899e-01,-6.472822608585589379e+07,-2.127398210555683821e+07
6.212149247127899798e+02,-2.769073671559404981e-01,9.378931045404309552e-01,-6.458670685922857374e+07,-2.175917576002798975e+07
6.353334457289897728e+02,-2.829959403012504704e-01,9.358167104905310563e-01,-6.444192001693182439e+07,-2.224370233570884168e+07
6.494519667451894520e+02,-2.890706949431965933e-01,9.336946212884967844e-01,-6.429386466623292118e+07,-2.272754570831746235e+07
6.635704877613892450e+02,-2.951313225732957735e-01,9.315269021751438894e-01,-6.414253990376765281e+07,-2.321068968813870475e+07
6.776890087775890379e+02,-3.011775145973336065e-01,9.293136199223415161e-01,-6.398794481619733572e+07,-2.369311801851836964e+07
6.918075297937888308e+02,-3.072089623344552711e-01,9.270548428394009832e-01,-6.383007848088343441e+07,-2.417481437435435131e+07
7.059260508099886238e+02,-3.132253570163201495e-01,9.247506407796064476e-01,-6.366893996657998115e+07,-2.465576236058462411e+07
7.200445718261883030e+02,-3.192263897863227839e-01,9.224010851468893435e-01,-6.350452833414401114e+07,-2.513594551067212597e+07
7.341630928423880960e+02,-3.252117516988822232e-01,9.200062489026450407e-01,-6.333684263726425916e+07,-2.561534728508647531e+07
7.482816138585878889e+02,-3.311811337188001469e-01,9.175662065726937211e-01,-6.316588192320829630e+07,-2.609395106978247687e+07
7.624001348747876818e+02,-3.371342267206912657e-01,9.150810342543842513e-01,-6.299164523358838260e+07,-2.657174017467547581e+07
7.765186558909874748e+02,-3.430707214884861633e-01,9.125508096238430511e-01,-6.281413160514624417e+07,-2.704869783211345971e+07
7.906371769071872677e+02,-3.489903087150095784e-01,9.099756119433661805e-01,-6.263334007055705786e+07,-2.752480719534596056e+07
8.047556979233869470e+02,-3.548926790016353472e-01,9.073555220689569767e-01,-6.244926965925281495e+07,-2.800005133698970452e+07
8.188742189395867399e+02,-3.607775228580199500e-01,9.046906224580080202e-01,-6.226191939826539159e+07,-2.847441324749105051e+07
8.329927399557865328e+02,-3.666445307019164379e-01,9.019809971771290957e-01,-6.207128831308957189e+07,-2.894787583358513936e+07
8.471112609719863258e+02,-3.724933928590710153e-01,8.992267319101199252e-01,-6.187737542856623232e+07,-2.942042191675186902e+07
8.612297819881861187e+02,-3.783237995632037776e-01,8.964279139660892293e-01,-6.168017976978601515e+07,-2.989203423166858032e+07
8.753483030043857980e+02,-3.841354409560757133e-01,8.935846322877200043e-01,-6.147970036301375180e+07,-3.036269542465956137e+07
8.894668240205855909e+02,-3.899280070876439686e-01,8.906969774596806833e-01,-6.127593623663388938e+07,-3.083238805214233324e+07
9.035853450367853839e+02,-3.957011879163074286e-01,8.877650417171843999e-01,-6.106888642211727053e+07,-3.130109457907071710e+07
9.177038660529851768e+02,-4.014546733092443920e-01,8.847889189546935818e-01,-6.085854995500943810e+07,-3.176879737737477571e+07
9.318223870691849697e+02,-4.071881530428443918e-01,8.817687047347733120e-01,-6.064492587594092637e+07,-3.223547872439758852e+07
9.459409080853846490e+02,-4.129013168032370507e-01,8.787044962970915751e-01,-6.042801323165966570e+07,-3.270112080132890120e+07
9.600594291015844419e+02,-4.185938541869188012e-01,8.755963925675682713e-01,-6.020781107608596236e+07,-3.316570569163575023e+07
9.741779501177842349e+02,-4.242654547014804711e-01,8.724444941676715581e-01,-5.998431847139026225e+07,-3.362921537948997319e+07
9.882964711339840278e+02,-4.299158077664375632e-01,8.692489034238630730e-01,-5.975753448909406364e+07,-3.409163174819280207e+07
1.002414992150183821e+03,-4.355446027141658960e-01,8.660097243771924802e-01,-5.952745821119429916e+07,-3.455293657859645784e+07
1.016533513166383500e+03,-4.411515287909437699e-01,8.627270627930405666e-01,-5.929408873131152242e+07,-3.501311154752288759e+07
1.030652034182583293e+03,-4.467362751581047120e-01,8.594010261710114396e-01,-5.905742515586220473e+07,-3.547213822617967427e+07
1.044770555198783086e+03,-4.522985308933007431e-01,8.560317237549752711e-01,-5.881746660525553674e+07,-3.592999807857314497e+07
1.058889076214982879e+03,-4.578379849918808309e-01,8.526192665432605899e-01,-5.857421221511501819e+07,-3.638667245991884172e+07
1.073007597231182672e+03,-4.633543263683850277e-01,8.491637672989954533e-01,-5.832766113752529025e+07,-3.684214261504933983e+07
1.087126118247382465e+03,-4.688472438581581803e-01,8.456653405606012752e-01,-5.807781254230442643e+07,-3.729638967681954056e+07
1.101244639263582258e+03,-4.743164262190843194e-01,8.421241026524356466e-01,-5.782466561830220371e+07,-3.774939466450951993e+07
1.115363160279782051e+03,-4.797615621334451186e-01,8.385401716955860341e-01,-5.756821957472462207e+07,-3.820113848222503066e+07
1.129481681295981616e+03,-4.851823402099046390e-01,8.349136676188156914e-01,-5.730847364248506725e+07,-3.865160191729573905e+07
1.143600202312181409e+03,-4.905784489856229169e-01,8.312447121696594499e-01,-5.704542707558254153e+07,-3.910076563867138326e+07
1.157718723328381202e+03,-4.959495769285005018e-01,8.275334289256719433e-01,-5.677907915250732750e+07,-3.954861019531577826e+07
1.171837244344580995e+03,-5.012954124395572197e-01,8.237799433058269338e-01,-5.650942917767447233e+07,-3.999511601459903270e+07
1.185955765360780788e+03,-5.066156438554478836e-01,8.199843825820690713e-01,-5.623647648288550228e+07,-4.044026340068794787e+07
1.200074286376980581e+03,-5.119099594511168361e-01,8.161468758910166432e-01,-5.596022042881879956e+07,-4.088403253293475509e+07
1.214192807393180374e+03,-5.171780474425946572e-01,8.122675542458174247e-01,-5.568066040654900670e+07,-4.132640346426436305e+07
1.228311328409380167e+03,-5.224195959899395891e-01,8.083465505481566282e-01,-5.539779583909594268e+07,-4.176735611956026405e+07
1.242429849425579960e+03,-5.276342932003267316e-01,8.043839996004165105e-01,-5.511162618300341815e+07,-4.220687029404926300e+07
1.256548370441779753e+03,-5.328218271312877841e-01,8.003800381179894119e-01,-5.482215092994835973e+07,-4.264492565168513358e+07
1.270666891457979546e+03,-5.379818857941034427e-01,7.963348047417428965e-01,-5.452936960838076472e+07,-4.308150172353148460e+07
1.284785412474179111e+03,-5.431141571573528948e-01,7.922484400506373259e-01,-5.423328178519486636e+07,-4.351657790614388883e+07
1.298903933490378904e+03,-5.482183291506216305e-01,7.881210865744968652e-01,-5.393388706743194163e+07,-4.395013345995164663e+07
1.313022454506578697e+03,-5.532940896683723464e-01,7.839528888069325907e-01,-5.363118510401531309e+07,-4.438214750763913244e+07
1.327140975522778490e+03,-5.583411265739806062e-01,7.797439932184184741e-01,-5.332517558751793206e+07,-4.481259903252720833e+07
1.341259496538978283e+03,-5.633591277039389222e-01,7.754945482695202452e-01,-5.301585825596302003e+07,-4.524146687695470452e+07
1.355378017555178076e+03,-5.683477808722323665e-01,7.712047044242771321e-01,-5.270323289465829730e+07,-4.566872974066035450e+07
1.369496538571377869e+03,-5.733067738748891529e-01,7.668746141637359237e-01,-5.238729933806420118e+07,-4.609436617916529626e+07
1.383615059587577662e+03,-5.782357944947086326e-01,7.625044319996380215e-01,-5.206805747169666737e+07,-4.651835460215649009e+07
1.397733580603777455e+03,-5.831345305061713669e-01,7.580943144882581475e-01,-5.174550723406493664e+07,-4.694067327187125385e+07
1.411852101619977248e+03,-5.880026696805324971e-01,7.536444202443971507e-01,-5.141964861864484102e+07,-4.736130030148319155e+07
1.425970622636177040e+03,-5.928398997911041857e-01,7.491549099555251390e-01,-5.109048167588816583e+07,-4.778021365348983556e+07
1.440089143652376606e+03,-5.976459086187291270e-01,7.446259463960778202e-01,-5.075800651526854187e+07,-4.819739113810225576e+07
1.454207664668576399e+03,-6.024203839574482355e-01,7.400576944419046121e-01,-5.042222330736437440e+07,-4.861281041163694859e+07
1.468326185684776192e+03,-6.071630136203676198e-01,7.354503210848680750e-01,-5.008313228597944230e+07,-4.902644897491032630e+07
1.482444706700975985e+03,-6.118734854457268391e-01,7.308039954475951117e-01,-4.974073375030153245e+07,-4.943828417163614184e+07
1.496563227717175778e+03,-6.165514873031729959e-01,7.261188887983788254e-01,-4.939502806709979475e+07,-4.984829318682616949e+07
1.510681748733375571e+03,-6.211967071002439944e-01,7.213951745662311454e-01,-4.904601567296127230e+07,-5.025645304519452900e+07
1.524800269749575364e+03,-6.258088327890645175e-01,7.166330283560867764e-01,-4.869369707656722516e+07,-5.066274060956598073e+07
1.538918790765775157e+03,-6.303875523732590525e-01,7.118326279641559173e-01,-4.833807286100972444e+07,-5.106713257928859442e+07
1.553037311781974950e+03,-6.349325539150852959e-01,7.069941533934270828e-01,-4.797914368614915758e+07,-5.146960548865118623e+07
1.567155832798174742e+03,-6.394435255427923792e-01,7.021177868693194712e-01,-4.761691029101315886e+07,-5.187013570530591160e+07
1.581274353814374535e+03,-6.439201554582065778e-01,6.972037128554831042e-01,-4.725137349623753875e+07,-5.226869942869644612e+07
1.595392874830574101e+03,-6.483621319445501685e-01,6.922521180697478460e-01,-4.688253420654986054e+07,-5.266527268849222362e+07
1.609511395846773894e+03,-6.527691433744968741e-01,6.872631915002191949e-01,-4.651039341329610348e+07,-5.305983134302913398e+07
1.623629916862973687e+03,-6.571408782184667841e-01,6.822371244215211794e-01,-4.613495219701120257e+07,-5.345235107775714248e+07
1.637748437879173480e+03,-6.614770250531670781e-01,6.771741104111859144e-01,-4.575621173003385961e+07,-5.384280740369537473e+07
1.651866958895373273e+03,-6.657772725703809957e-01,6.720743453661877087e-01,-4.537417327916634828e+07,-5.423117565589510649e+07
1.665985479911573066e+03,-6.700413095860100476e-01,6.669380275196221675e-01,-4.498883820837988704e+07,-5.461743099191120267e+07
1.680104000927772859e+03,-6.742688250493742430e-01,6.617653574575295128e-01,-4.460020798156616092e+07,-5.500154839028251916e+07
1.694222521943972652e+03,-6.784595080527732192e-01,6.565565381358607899e-01,-4.420828416533567011e+07,-5.538350264902185649e+07
1.708341042960172445e+03,-6.826130478413144909e-01,6.513117748975849608e-01,-4.381306843186343461e+07,-5.576326838411595672e+07
1.722459563976372237e+03,-6.867291338230124831e-01,6.460312754899392162e-01,-4.341456256178277731e+07,-5.614082002803619951e+07
1.736578084992571803e+03,-6.908074555791624549e-01,6.407152500818170671e-01,-4.301276844712771475e+07,-5.651613182826057822e+07
1.750696606008771596e+03,-6.948477028749949769e-01,6.353639112812969891e-01,-4.260768809432464838e+07,-5.688917784580757469e+07
1.764815127024971389e+03,-6.988495656706145143e-01,6.299774741533082922e-01,-4.219932362723401934e+07,-5.725993195378255099e+07
1.778933648041171182e+03,-7.028127341322282229e-01,6.245561562374327691e-01,-4.178767729024244845e+07,-5.762836783593737334e+07
1.793052169057370975e+03,-7.067368986436681766e-01,6.191001775658435680e-01,-4.137275145140613616e+07,-5.799445898524388671e+07
1.807170690073570768e+03,-7.106217498182134662e-01,6.136097606813759597e-01,-4.095454860564608872e+07,-5.835817870248199254e+07
1.821289211089770561e+03,-7.144669785107155002e-01,6.080851306557313318e-01,-4.053307137799583375e+07,-5.871950009484303743e+07
1.835407732105970354e+03,-7.182722758300329469e-01,6.025265151078135206e-01,-4.010832252690230310e+07,-5.907839607454923540e+07
1.849526253122170147e+03,-7.220373331517805360e-01,5.969341442221922645e-01,-3.968030494758050889e+07,-5.943483935748990625e+07
1.863644774138369939e+03,-7.257618421313967172e-01,5.913082507676966637e-01,-3.924902167542267591e+07,-5.978880246187533438e+07
1.877763295154569732e+03,-7.294454947175365023e-01,5.856490701161335410e-01,-3.881447588946248591e+07,-6.014025770690902323e+07
1.891881816170769298e+03,-7.330879831657927115e-01,5.799568402611309237e-01,-3.837667091589512676e+07,-6.048917721147921681e+07
1.906000337186969091e+03,-7.366890000527530624e-01,5.742318018371033173e-01,-3.793561023165372759e+07,-6.083553289287052304e+07
1.920118858203168884e+03,-7.402482382903969871e-01,5.684741981383385490e-01,-3.749129746804298460e+07,-6.117929646549651772e+07
1.934237379219368677e+03,-7.437653911408381724e-01,5.626842751382025165e-01,-3.704373641443046927e+07,-6.152043943965426087e+07
1.948355900235568470e+03,-7.472401522314180422e-01,5.568622815084603994e-01,-3.659293102199641615e+07,-6.185893312030164152e+07
1.962474421251768263e+03,-7.506722155701567312e-01,5.510084686387127784e-01,-3.613888540754257888e+07,-6.219474860585851222e+07
1.976592942267968056e+03,-7.540612755615647700e-01,5.451230906559426659e-01,-3.568160385736087710e+07,-6.252785678703258932e+07
1.990711463284167849e+03,-7.574070270228245860e-01,5.392064044441734483e-01,-3.522109083116246015e+07,-6.285822834567116946e+07
2.004829984300367641e+03,-7.607091652003443727e-01,5.332586696642325208e-01,-3.475735096606783569e+07,-6.318583375363962352e+07
2.018948505316567434e+03,-7.639673857866915441e-01,5.272801487736208381e-01,-3.429038908065879345e+07,-6.351064327172783762e+07
2.033067026332767000e+03,-7.671813849379124362e-01,5.212711070464833840e-01,-3.382021017909269780e+07,-6.383262694858559221e+07
2.047185547348966793e+03,-7.703508592912422515e-01,5.152318125936786730e-01,-3.334681945527986065e+07,-6.415175461968811601e+07
2.061304068365166586e+03,-7.734755059832124635e-01,5.091625363829453965e-01,-3.287022229712465778e+07,-6.446799590633283556e+07
2.075422589381366379e+03,-7.765550226681624535e-01,5.030635522591607733e-01,-3.239042429083099589e+07,-6.478132021466863900e+07
2.089541110397566172e+03,-7.795891075371588208e-01,4.969351369646906602e-01,-3.190743122527280077e+07,-6.509169673475877941e+07
2.103659631413765965e+03,-7.825774593373316934e-01,4.907775701598244833e-01,-3.142124909643018246e+07,-6.539909443967869133e+07
2.117778152429965758e+03,-7.855197773916323678e-01,4.845911344432953238e-01,-3.093188411189189926e+07,-6.570348208465000987e+07
2.131896673446165551e+03,-7.884157616190190510e-01,4.783761153728788851e-01,-3.043934269542475417e+07,-6.600482820621208847e+07
2.146015194462365343e+03,-7.912651125550764775e-01,4.721328014860697864e-01,-2.994363149161056057e+07,-6.630310112143236399e+07
2.160133715478565136e+03,-7.940675313730775065e-01,4.658614843208291334e-01,-2.944475737055128068e+07,-6.659826892715693265e+07
2.174252236494764929e+03,-7.968227199054910281e-01,4.595624584364025877e-01,-2.894272743264297396e+07,-6.689029949930277467e+07
2.188370757510964722e+03,-7.995303806659436185e-01,4.532360214342014970e-01,-2.843754901341913640e+07,-6.717916049219305813e+07
2.202489278527164515e+03,-8.021902168716428250e-01,4.468824739787458089e-01,-2.792922968846403062e+07,-6.746481933793701231e+07
2.216607799543364308e+03,-8.048019324662658569e-01,4.405021198186631071e-01,-2.741777727839661017e+07,-6.774724324585583806e+07
2.230726320559564101e+03,-8.073652321433228973e-01,4.340952658077392723e-01,-2.690319985392559320e+07,-6.802639920195630193e+07
2.244844841575763894e+03,-8.098798213700011406e-01,4.276622219260167168e-01,-2.638550574097627029e+07,-6.830225396845351160e+07
2.258963362591963232e+03,-8.123454064114948858e-01,4.212033013009356952e-01,-2.586470352588959411e+07,-6.857477408334456384e+07
2.273081883608163025e+03,-8.147616943558314562e-01,4.147188202285119196e-01,-2.534080206069400162e+07,-6.884392586003470421e+07
2.287200404624362818e+03,-8.171283931391961630e-01,4.082090981945492025e-01,-2.481381046845076233e+07,-6.910967538701769710e+07
2.301318925640562611e+03,-8.194452115717669738e-01,4.016744578958779122e-01,-2.428373814867300168e+07,-6.937198852761214972e+07
2.315437446656762404e+03,-8.217118593640627688e-01,3.951152252616156879e-01,-2.375059478281916678e+07,-6.963083091975562274e+07
2.329555967672962197e+03,-8.239280471538144024e-01,3.885317294744458083e-01,-2.321439033986131102e+07,-6.988616797585827112e+07
2.343674488689161990e+03,-8.260934865333645627e-01,3.819243029919053845e-01,-2.267513508192867041e+07,-7.013796488271796703e+07
2.357793009705361783e+03,-8.282078900776038699e-01,3.752932815676793266e-01,-2.213283957002699375e+07,-7.038618660149872303e+07
2.371911530721561576e+03,-8.302709713724499840e-01,3.686390042728930339e-01,-2.158751466983402893e+07,-7.063079786777441204e+07
2.386030051737761369e+03,-8.322824450438776056e-01,3.619618135173976459e-01,-2.103917155757159740e+07,-7.087176319163982570e+07
2.400148572753961162e+03,-8.342420267875065854e-01,3.552620550710418601e-01,-2.048782172595459968e+07,-7.110904685789100826e+07
2.414267093770160955e+03,-8.361494333987542493e-01,3.485400780849229885e-01,-1.993347699021737278e+07,-7.134261292627701163e+07
2.428385614786360748e+03,-8.380043828035609321e-01,3.417962351126113685e-01,-1.937614949421767145e+07,-7.157242523182512820e+07
2.442504135802560540e+03,-8.398065940896952686e-01,3.350308821313398022e-01,-1.881585171661862731e+07,-7.179844738524191082e+07
2.456622656818760333e+03,-8.415557875386452391e-01,3.282443785631522504e-01,-1.825259647714895383e+07,-7.202064277339200675e+07
2.470741177834960126e+03,-8.432516846581059600e-01,3.214370872960030101e-01,-1.768639694294166192e+07,-7.223897455985721946e+07
2.484859698851159919e+03,-8.448940082150674380e-01,3.146093747047993272e-01,-1.711726663495150208e+07,-7.245340568557798862e+07
2.498978219867359712e+03,-8.464824822695129480e-01,3.077616106723799483e-01,-1.654521943445133790e+07,-7.266389886957977712e+07
2.513096740883559505e+03,-8.480168322087331401e-01,3.008941686104203428e-01,-1.597026958960762061e+07,-7.287041660978658497e+07
2.527215261899759298e+03,-8.494967847822659790e-01,2.940074254802573783e-01,-1.539243172213507816e+07,-7.307292118392421305e+07
2.541333782915959091e+03,-8.509220681374665141e-01,2.871017618136244565e-01,-1.481172083403073065e+07,-7.327137465051564574e+07
2.555452303932158884e+03,-8.522924118557176909e-01,2.801775617332880053e-01,-1.422815231438728794e+07,-7.346573884997119009e+07
2.569570824948358222e+03,-8.536075469892870915e-01,2.732352129735768353e-01,-1.364174194628596306e+07,-7.365597540577587485e+07
2.583689345964558015e+03,-8.548672060988375954e-01,2.662751069007935900e-01,-1.305250591376857646e+07,-7.384204572577685118e+07
2.597807866980757808e+03,-8.560711232916007329e-01,2.592976385335023504e-01,-1.246046080888916552e+07,-7.402391100357338786e+07
2.611926387996957601e+03,-8.572190342602185043e-01,2.523032065626776288e-01,-1.186562363884462789e+07,-7.420153222001227736e+07
2.626044909013157394e+03,-8.583106763222618785e-01,2.452922133717081454e-01,-1.126801183318451419e+07,-7.437487014479139447e+07
2.640163430029357187e+03,-8.593457884604343011e-01,2.382650650562442296e-01,-1.066764325109968893e+07,-7.454388533817429841e+07
2.654281951045556980e+03,-8.603241113634655379e-01,2.312221714438777997e-01,-1.006453618878959864e+07,-7.470853815281873941e+07
2.668400472061756773e+03,-8.612453874677056254e-01,2.241639461136441802e-01,-9.458709386907879263e+06,-7.486878873572199047e+07
2.682518993077956566e+03,-8.621093609994244789e-01,2.170908064153349581e-01,-8.850182038085931912e+06,-7.502459703028605878e+07
2.696637514094156359e+03,-8.629157780178252635e-01,2.100031734886100843e-01,-8.238973794534079731e+06,-7.517592277850578725e+07
2.710756035110356152e+03,-8.636643864587794095e-01,2.029014722818973382e-01,-7.625104775719827972e+06,-7.532272552328296006e+07
2.724874556126555945e+03,-8.643549361792888241e-01,1.957861315710676398e-01,-7.008595576122721657e+06,-7.546496461086949706e+07
2.738993077142755737e+03,-8.649871790026845142e-01,1.886575839778734109e-01,-6.389467273065203801e+06,-7.560259919344304502e+07
2.753111598158955530e+03,-8.655608687645675037e-01,1.815162659881374152e-01,-5.767741434618836269e+06,-7.573558823181813955e+07
2.767230119175155323e+03,-8.660757613594987081e-01,1.743626179696794176e-01,-5.143440127585175447e+06,-7.586389049829621613e+07
2.781348640191355116e+03,-8.665316147884473130e-01,1.671970841899669269e-01,-4.516585925550504588e+06,-7.598746457965794206e+07
2.795467161207554909e+03,-8.669281892070002105e-01,1.600201128334769740e-01,-3.887201917013593949e+06,-7.610626888030113280e+07
2.809585682223754702e+03,-8.672652469743444836e-01,1.528321560187544670e-01,-3.255311713585543912e+06,-7.622026162552778423e+07
2.823704203239954495e+03,-8.675425527030252715e-01,1.456336698151534104e-01,-2.620939458260725252e+06,-7.632940086498367786e+07
2.837822724256154288e+03,-8.677598733094881167e-01,1.384251142592458905e-01,-1.984109833757730899e+06,-7.643364447625419497e+07
2.851941245272354081e+03,-8.679169780654124589e-01,1.312069533708845326e-01,-1.344848070929178735e+06,-7.653295016861985624e+07
2.866059766288553419e+03,-8.680136386498407131e-01,1.239796551689027609e-01,-7.031799572391468100e+05,-7.662727548697522283e+07
2.880178287304753212e+03,-8.680496292021113725e-01,1.167436916864364321e-01,-5.913184530678321607e+04,-7.671657781591498852e+07
2.894296808320953005e+03,-8.680247263756014631e-01,1.094995389858539336e-01,5.872693384850133443e+05,-7.680081438399082422e+07
2.908415329337152798e+03,-8.679387093922839025e-01,1.022476771732742096e-01,1.235996085317770718e+06,-7.687994226814293861e+07
2.922533850353352591e+03,-8.677913600981070896e-01,9.498859041265916847e-02,1.887020295203773305e+06,-7.695391839831008017e+07
2.936652371369552384e+03,-8.675824630192006115e-01,8.772276693946229331e-02,2.540313268192368094e+06,-7.702269956222188473e+07
2.950770892385752177e+03,-8.673118054189143944e-01,8.045069907381614815e-02,3.195845695518034510e+06,-7.708624241037754714e+07
2.964889413401951970e+03,-8.669791773556952963e-01,7.317288323324122601e-02,3.853587650692123454e+06,-7.714450346121473610e+07
2.979007934418151763e+03,-8.665843717418075798e-01,6.588981994485765270e-02,4.513508580540280789e+06,-7.719743910647277534e+07
2.993126455434351556e+03,-8.661271844029014844e-01,5.860201385708153909e-02,5.175577296187680215e+06,-7.724500561675414443e+07
3.007244976450551349e+03,-8.656074141384343390e-01,5.130997375078685807e-02,5.839761963994301856e+06,-7.728715914728836715e+07
3.021363497466751141e+03,-8.650248627829505432e-01,4.401421254991377818e-02,6.506030096442608163e+06,-7.732385574390250444e+07
3.035482018482950934e+03,-8.643793352682233033e-01,3.671524733150346304e-02,7.174348542980100960e+06,-7.735505134920230508e+07
3.049600539499150727e+03,-8.636706396862615653e-01,2.941359933513952585e-02,7.844683480819338001e+06,-7.738070180896821618e+07
3.063719060515350520e+03,-8.628985873531888062e-01,2.210979397177547864e-02,8.517000405698154122e+06,-7.740076287877064943e+07
3.077837581531550313e+03,-8.620629928739943493e-01,1.480436083192744959e-02,9.191264122602911666e+06,-7.741519023080852628e+07
3.091956102547750106e+03,-8.611636742081624218e-01,7.497833693210694331e-03,9.867438736457798630e+06,-7.742393946097557247e+07
3.106074623563949899e+03,-8.602004527361807318e-01,1.907505271983863748e-04,1.054548764278326370e+07,-7.742696609615859389e+07
3.120193144580149692e+03,-8.591731533269333365e-01,-7.116346494419513967e-03,1.122537351832686551e+07,-7.742422560177211463e+07
3.134311665596349485e+03,-8.580816044059770276e-01,-1.442291099439979227e-02,1.190705831166995130e+07,-7.741567338953369856e+07
3.148430186612549278e+03,-8.569256380247065596e-01,-2.172839238525484801e-02,1.259050323381368630e+07,-7.740126482548440993e+07
3.162548707628749071e+03,-8.557050899304089464e-01,-2.903223586533021025e-02,1.327566874874817207e+07,-7.738095523825865984e+07
3.176667228644948409e+03,-8.544197996372082660e-01,-3.633388241567427762e-02,1.396251456400845759e+07,-7.735469992760810256e+07
3.190785749661148202e+03,-8.530696104979018646e-01,-4.363276879772574196e-02,1.465099962122160941e+07,-7.732245417318369448e+07
3.204904270677347995e+03,-8.516543697766895127e-01,-5.092832755183998583e-02,1.534108208664868027e+07,-7.728417324358060956e+07
3.219022791693547788e+03,-8.501739287227951802e-01,-5.821998699668383404e-02,1.603271934172634594e+07,-7.723981240565031767e+07
3.233141312709747581e+03,-8.486281426449806542e-01,-6.550717122952086358e-02,1.672586797361240909e+07,-7.718932693408425152e+07
3.247259833725947374e+03,-8.470168709869518864e-01,-7.278930012741441358e-02,1.742048376573995873e+07,-7.713267212127351761e+07
3.261378354742147167e+03,-8.453399774036559622e-01,-8.006578934937418068e-02,1.811652168838505074e+07,-7.706980328744912148e+07
3.275496875758346960e+03,-8.435973298384666919e-01,-8.733605033947335061e-02,1.881393588925290480e+07,-7.700067579110702872e+07
3.289615396774546753e+03,-8.417888006012586022e-01,-9.459949033096312632e-02,1.951267968408787996e+07,-7.692524503972250223e+07
3.303733917790746546e+03,-8.399142664473653319e-01,-1.018555123514122279e-01,2.021270554731259495e+07,-7.684346650075815618e+07
3.317852438806946338e+03,-8.379736086574195442e-01,-1.091035152288994253e-01,2.091396510270181671e+07,-7.675529571296988428e+07
3.331970959823146131e+03,-8.359667131180715804e-01,-1.163428935992871782e-01,2.161640911409688741e+07,-7.666068829801526666e+07
3.346089480839345924e+03,-8.338934704035824153e-01,-1.235730379146052632e-01,2.231998747616669163e+07,-7.655959997236846387e+07
3.360208001855545717e+03,-8.317537758582851382e-01,-1.307933344525736008e-01,2.302464920522133261e+07,-7.645198655954602361e+07
3.374326522871745510e+03,-8.295475296799120768e-01,-1.380031653272936754e-01,2.373034243008491397e+07,-7.633780400264775753e+07
3.388445043887945303e+03,-8.272746370037792341e-01,-1.452019085011384825e-01,2.443701438303403556e+07,-7.621700837721680105e+07
3.402563564904145096e+03,-8.249350079878228215e-01,-1.523889377978714099e-01,2.514461139080878720e+07,-7.608955590442301333e+07
3.416682085920344889e+03,-8.225285578984804502e-01,-1.595636229170247500e-01,2.585307886570328102e+07,-7.595540296457368135e+07
3.430800606936544682e+03,-8.200552071974088753e-01,-1.667253294495688598e-01,2.656236129674295336e+07,-7.581450611095559597e+07
3.444919127952744475e+03,-8.175148816290307430e-01,-1.738734188949034865e-01,2.727240224095608294e+07,-7.566682208401221037e+07
3.459037648968944268e+03,-8.149075123088997952e-01,-1.810072486792029256e-01,2.798314431474722177e+07,-7.551230782585988939e+07
3.473156169985143606e+03,-8.122330358128745376e-01,-1.881261721751471550e-01,2.869452918538041040e+07,-7.535092049514685571e+07
3.487274691001343399e+03,-8.094913942670911577e-01,-1.952295387230728596e-01,2.940649756258044019e+07,-7.518261748225840926e+07
3.501393212017543192e+03,-8.066825354387231473e-01,-2.023166936535732707e-01,3.011898919026020542e+07,-7.500735642487205565e+07
3.515511733033742985e+03,-8.038064128275141940e-01,-2.093869783115854533e-01,3.083194283838317171e+07,-7.482509522386585176e+07
3.529630254049942778e+03,-8.008629857580740197e-01,-2.164397300819941306e-01,3.154529629496946186e+07,-7.463579205958327651e+07
3.543748775066142571e+03,-7.978522194729198436e-01,-2.234742824167880448e-01,3.225898635825477540e+07,-7.443940540845781565e+07
3.557867296082342364e+03,-7.947740852262517031e-01,-2.304899648638020493e-01,3.297294882901138812e+07,-7.423589406000018120e+07
3.571985817098542157e+03,-7.916285603784437575e-01,-2.374861030970799869e-01,3.368711850304084271e+07,-7.402521713415120542e+07
3.586104338114741950e+03,-7.884156284912351431e-01,-2.444620189488921347e-01,3.440142916384804249e+07,-7.380733409900289774e+07
3.600222859130941742e+03,-7.851352794236042820e-01,-2.514170304434429348e-01,3.511581357550685108e+07,-7.358220478889042139e+07
3.614341380147141535e+03,-7.817875094283065485e-01,-2.583504518323035959e-01,3.583020347572744638e+07,-7.334978942285731435e+07
3.628459901163341328e+03,-7.783723212490560872e-01,-2.652615936316050083e-01,3.654452956913594157e+07,-7.311004862349601090e+07
3.642578422179541121e+03,-7.748897242183319101e-01,-2.721497626610266951e-01,3.725872152077707648e+07,-7.286294343616588414e+07
3.656696943195740914e+03,-7.713397343557855113e-01,-2.790142620846171595e-01,3.797270794985093921e+07,-7.260843534859049320e+07
3.670815464211940707e+03,-7.677223744672291295e-01,-2.858543914534817931e-01,3.868641642369507998e+07,-7.234648631083555520e+07
3.684933985228140500e+03,-7.640376742441787883e-01,-2.926694467503741515e-01,3.939977345202340931e+07,-7.207705875566917658e+07
3.699052506244340293e+03,-7.602856703639293556e-01,-2.994587204362270105e-01,4.011270448143373430e+07,-7.180011561930529773e+07
3.713171027260540086e+03,-7.564664065901340884e-01,-3.062215014986588990e-01,4.082513389019584656e+07,-7.151562036253131926e+07
3.727289548276739879e+03,-7.525799338738630162e-01,-3.129570755024929096e-01,4.153698498333249986e+07,-7.122353699222052097e+07
3.741408069292939672e+03,-7.486263104551108549e-01,-3.196647246423239830e-01,4.224817998800569773e+07,-7.092383008322958648e+07
3.755526590309139465e+03,-7.446056019647253610e-01,-3.263437277971706352e-01,4.295864004922099411e+07,-7.061646480068130791e+07
3.769645111325338803e+03,-7.405178815267260406e-01,-3.329933605872479330e-01,4.366828522586286068e+07,-7.030140692263230681e+07
3.783763632341538596e+03,-7.363632298609797955e-01,-3.396128954328986871e-01,4.437703448707432300e+07,-6.997862286312507093e+07
3.797882153357738389e+03,-7.321417353862033073e-01,-3.462016016157164477e-01,4.508480570899401605e+07,-6.964807969562369585e+07
3.812000674373938182e+03,-7.278534943232541909e-01,-3.527587453419001595e-01,4.579151567186481506e+07,-6.930974517683188617e+07
3.826119195390137975e+03,-7.234986107986776105e-01,-3.592835898078734491e-01,4.649708005752748251e+07,-6.896358777089184523e+07
3.840237716406337768e+03,-7.190771969484710535e-01,-3.657753952682063492e-01,4.720141344731365144e+07,-6.860957667396210134e+07
3.854356237422537561e+03,-7.145893730220282958e-01,-3.722334191058739306e-01,4.790442932035241276e+07,-6.824768183917205036e+07
3.868474758438737354e+03,-7.100352674862223656e-01,-3.786569159048874811e-01,4.860604005230500549e+07,-6.787787400195047259e+07
3.882593279454937147e+03,-7.054150171295887617e-01,-3.850451375253343134e-01,4.930615691454236954e+07,-6.750012470572507381e+07
3.896711800471136939e+03,-7.007287671665630713e-01,-3.913973331808595635e-01,5.000469007378046960e+07,-6.711440632798948884e+07
3.910830321487336732e+03,-6.959766713417321338e-01,-3.977127495186257855e-01,5.070154859218849242e+07,-6.672069210673399270e+07
3.924948842503536525e+03,-6.911588920340510089e-01,-4.039906307017837594e-01,5.139664042798523605e+07,-6.631895616723542660e+07
3.939067363519736318e+03,-6.862756003609811195e-01,-4.102302184944883745e-01,5.208987243653912097e+07,-6.590917354920168221e+07
3.953185884535936111e+03,-6.813269762824991638e-01,-4.164307523494926722e-01,5.278115037198745459e+07,-6.549132023426540941e+07
3.967304405552135904e+03,-6.763132087049289476e-01,-4.225914694983530784e-01,5.347037888939075172e+07,-6.506537317382125556e+07
3.981422926568335697e+03,-6.712344955845431782e-01,-4.287116050442777992e-01,5.415746154743803293e+07,-6.463131031720036268e+07
3.995541447584535490e+03,-6.660910440308843716e-01,-4.347903920576493553e-01,5.484230081171909720e+07,-6.418911064017543197e+07
4.009659968600735283e+03,-6.608830704097482522e-01,-4.408270616742532844e-01,5.552479805858001858e+07,-6.373875417378899455e+07
4.023778489616935076e+03,-6.556108004457764649e-01,-4.468208431962419902e-01,5.620485357957810909e+07,-6.328022203349719197e+07
4.037897010633134869e+03,-6.502744693245987584e-01,-4.527709641958635456e-01,5.688236658655273169e+07,-6.281349644862057269e+07
4.052015531649334662e+03,-6.448743217944680195e-01,-4.586766506219846495e-01,5.755723521732839197e+07,-6.233856079209306836e+07
4.066134052665534000e+03,-6.394106122673254289e-01,-4.645371269094337729e-01,5.822935654206667840e+07,-6.185539961049962789e+07
4.080252573681733793e+03,-6.338836049192353439e-01,-4.703516160911941357e-01,5.889862657028365880e+07,-6.136399865439225733e+07
4.094371094697933586e+03,-6.282935737901269579e-01,-4.761193399134680537e-01,5.956494025854908675e+07,-6.086434490887404233e+07
4.108489615714133834e+03,-6.226408028827742358e-01,-4.818395189536420209e-01,6.022819151888448745e+07,-6.035642662443947047e+07
4.122608136730333172e+03,-6.169255862609526186e-01,-4.875113727411721221e-01,6.088827322787620127e+07,-5.984023334805939347e+07
4.136726657746533419e+03,-6.111482281466971145e-01,-4.931341198814170879e-01,6.154507723652068526e+07,-5.931575595449758321e+07
4.150845178762732758e+03,-6.053090430166016001e-01,-4.987069781824325365e-01,6.219849438081764430e+07,-5.878298667784631252e+07
4.164963699778933005e+03,-5.994083556970761784e-01,-5.042291647847568781e-01,6.284841449312874675e+07,-5.824191914326606691e+07
4.179082220795132343e+03,-5.934465014585023068e-01,-5.096998962941957645e-01,6.349472641431695968e+07,-5.769254839891577512e+07
4.193200741811332591e+03,-5.874238261081980994e-01,-5.151183889176348396e-01,6.413731800668425858e+07,-5.713487094805715978e+07
4.207319262827531929e+03,-5.813406860821312971e-01,-5.204838586018823987e-01,6.477607616772247106e+07,-5.656888478131831437e+07
4.221437783843731268e+03,-5.751974485352885358e-01,-5.257955211755717118e-01,6.541088684469465166e+07,-5.599458940909863263e+07
4.235556304859931515e+03,-5.689944914306337420e-01,-5.310525924941214004e-01,6.604163505006178468e+07,-5.541198589409852773e+07
4.249674825876130853e+03,-5.627322036265695049e-01,-5.362542885877730203e-01,6.666820487777093798e+07,-5.482107688395536691e+07
4.263793346892331101e+03,-5.564109849628161575e-01,-5.413998258127155072e-01,6.729047952042067051e+07,-5.422186664396631718e+07
4.277911867908530439e+03,-5.500312463446347389e-01,-5.464884210052958213e-01,6.790834128731790185e+07,-5.361436108987938613e+07
4.292030388924730687e+03,-5.435934098252968028e-01,-5.515192916393324429e-01,6.852167162344241142e+07,-5.299856782073096186e+07
4.306148909940930025e+03,-5.370979086867280206e-01,-5.564916559865240586e-01,6.913035112933228910e+07,-5.237449615170992911e+07
4.320267430957130273e+03,-5.305451875182238819e-01,-5.614047332799650958e-01,6.973425958190579712e+07,-5.174215714702514559e+07
4.334385951973329611e+03,-5.239357022931621088e-01,-5.662577438807576691e-01,7.033327595623239875e+07,-5.110156365275479853e+07
4.348504472989529859e+03,-5.172699204436093101e-01,-5.710499094477263782e-01,7.092727844826760888e+07,-5.045273032965282351e+07
4.362622994005729197e+03,-5.105483209327417171e-01,-5.757804531102218570e-01,7.151614449856354296e+07,-4.979567368588946015e+07
4.376741515021929445e+03,-5.037713943249757520e-01,-5.804485996440145179e-01,7.209975081696887314e+07,-4.913041210969949514e+07
4.390860036038128783e+03,-4.969396428537268817e-01,-5.850535756502598383e-01,7.267797340832927823e+07,-4.845696590191377699e+07
4.404978557054329031e+03,-4.900535804866879563e-01,-5.895946097375316386e-01,7.325068759920096397e+07,-4.777535730834598094e+07
4.419097078070528369e+03,-4.831137329885462628e-01,-5.940709327068990353e-01,7.381776806558710337e+07,-4.708561055200861394e+07
4.433215599086728616e+03,-4.761206379810261069e-01,-5.984817777400400773e-01,7.437908886170889437e+07,-4.638775186512881517e+07
4.447334120102927955e+03,-4.690748450001748227e-01,-6.028263805903608663e-01,7.493452344981968403e+07,-4.568180952093634009e+07
4.461452641119128202e+03,-4.619769155507778002e-01,-6.071039797771075053e-01,7.548394473107239604e+07,-4.496781386519272625e+07
4.475571162135327540e+03,-4.548274231578180449e-01,-6.113138167824363478e-01,7.602722507744762301e+07,-4.424579734743265808e+07
4.489689683151527788e+03,-4.476269534148643037e-01,-6.154551362514213420e-01,7.656423636475102603e+07,-4.351579455188491940e+07
4.503808204167727126e+03,-4.403761040293024398e-01,-6.195271861949592784e-01,7.709485000668577850e+07,-4.277784222804255038e+07
4.517926725183926465e+03,-4.330754848642925370e-01,-6.235292181955467417e-01,7.761893699000714719e+07,-4.203197932084818184e+07
4.532045246200126712e+03,-4.257257179773623057e-01,-6.274604876158823563e-01,7.813636791076353192e+07,-4.127824700046248734e+07
4.546163767216326050e+03,-4.183274376555281560e-01,-6.313202538102591355e-01,7.864701301162847877e+07,-4.051668869158125669e+07
4.560282288232526298e+03,-4.108812904468374660e-01,-6.351077803387025211e-01,7.915074222032740712e+07,-3.974735010226604342e+07
4.574400809248725636e+03,-4.033879351882391218e-01,-6.388223351838009378e-01,7.964742518916048110e+07,-3.897027925225430727e+07
4.588519330264925884e+03,-3.958480430296649755e-01,-6.424631909701870036e-01,8.013693133562394977e+07,-3.818552650071164966e+07
4.602637851281125222e+03,-3.882622974542330740e-01,-6.460296251866055606e-01,8.061912988412922621e+07,-3.739314457339126617e+07
4.616756372297325470e+03,-3.806313942944548057e-01,-6.495209204105198975e-01,8.109388990881983936e+07,-3.659318858916192502e+07
4.630874893313524808e+03,-3.729560417443568143e-01,-6.529363645351852208e-01,8.156108037748329341e+07,-3.578571608586850762e+07
4.644993414329725056e+03,-3.652369603673992215e-01,-6.562752509991354177e-01,8.202057019655567408e+07,-3.497078704548534751e+07
4.659111935345924394e+03,-3.574748831001033911e-01,-6.595368790180029528e-01,8.247222825721371174e+07,-3.414846391852539778e+07
4.673230456362124642e+03,-3.496705552512704984e-01,-6.627205538186113909e-01,8.291592348254959285e+07,-3.331881164766456932e+07
4.687348977378323980e+03,-3.418247344967051404e-01,-6.658255868752536166e-01,8.335152487582071126e+07,-3.248189769054336101e+07
4.701467498394524227e+03,-3.339381908693270784e-01,-6.688512961480860275e-01,8.377890156976713240e+07,-3.163779204170428962e+07
4.715586019410723566e+03,-3.260117067445862937e-01,-6.717970063235476630e-01,8.419792287698620558e+07,-3.078656725362663344e+07
4.729704540426923813e+03,-3.180460768210671696e-01,-6.746620490567218908e-01,8.460845834135437012e+07,-2.992829845681627095e+07
4.743823061443123152e+03,-3.100421080961978659e-01,-6.774457632155467257e-01,8.501037779048281908e+07,-2.906306337891160324e+07
4.757941582459323399e+03,-3.020006198369537542e-01,-6.801474951267822977e-01,8.540355138919413090e+07,-2.819094236276288331e+07
4.772060103475522737e+03,-2.939224435454740325e-01,-6.827665988236313321e-01,8.578784969400368631e+07,-2.731201838344559073e+07
4.786178624491722985e+03,-2.858084229194818304e-01,-6.853024362949167170e-01,8.616314370858980715e+07,-2.642637706416487321e+07
4.800297145507922323e+03,-2.776594138074314766e-01,-6.877543777357033594e-01,8.652930494023355842e+07,-2.553410669101155177e+07
4.814415666524122571e+03,-2.694762841582765689e-01,-6.901218017992588605e-01,8.688620545720900595e+07,-2.463529822652662918e+07
4.828534187540321909e+03,-2.612599139657851288e-01,-6.924040958502349907e-01,8.723371794710156322e+07,-2.373004532203489542e+07
4.842652708556521247e+03,-2.530111952073013648e-01,-6.946006562189546152e-01,8.757171577603214979e+07,-2.281844432870472595e+07
4.856771229572721495e+03,-2.447310317768806309e-01,-6.967108884566796112e-01,8.790007304876166582e+07,-2.190059430729459226e+07
4.870889750588920833e+03,-2.364203394127122604e-01,-6.987342075917357676e-01,8.821866466964963078e+07,-2.097659703654498979e+07
4.885008271605121081e+03,-2.280800456187444258e-01,-7.006700383863646575e-01,8.852736640443909168e+07,-2.004655702017481998e+07
4.899126792621320419e+03,-2.197110895804484654e-01,-7.025178155941663727e-01,8.882605494283737242e+07,-1.911058149244358391e+07
4.913245313637520667e+03,-2.113144220746321911e-01,-7.042769842180004458e-01,8.911460796186187863e+07,-1.816878042223802954e+07
4.927363834653720005e+03,-2.028910053732486396e-01,-7.059469997681993014e-01,8.939290418991711736e+07,-1.722126651564596966e+07
4.941482355669920253e+03,-1.944418131411159711e-01,-7.075273285209533469e-01,8.966082347156846523e+07,-1.626815521697684191e+07
4.955600876686119591e+03,-1.859678303275013600e-01,-7.090174477767158256e-01,8.991824683297558129e+07,-1.530956470819305070e+07
4.969719397702319839e+03,-1.774700530514914387e-01,-7.104168461184792172e-01,9.016505654794760048e+07,-1.434561590671293251e+07
4.983837918718519177e+03,-1.689494884811095499e-01,-7.117250236697648669e-01,9.040113620457936823e+07,-1.337643246155092865e+07
4.997956439734719424e+03,-1.604071547061099168e-01,-7.129414923521693037e-01,9.062637077242752910e+07,-1.240214074775745906e+07
5.012074960750918763e+03,-1.518440806044167590e-01,-7.140657761423032657e-01,9.084064667018237710e+07,-1.142286985912588052e+07
5.026193481767119010e+03,-1.432613057021467073e-01,-7.150974113279605637e-01,9.104385183379070461e+07,-1.043875159913098998e+07
5.040312002783318349e+03,-1.346598800271915086e-01,-7.160359467633458097e-01,9.123587578498230875e+07,-9.449920470068586990e+06
5.054430523799518596e+03,-1.260408639563071753e-01,-7.168809441231922541e-01,9.141660970015195012e+07,-8.456513660362794995e+06
5.068549044815717934e+03,-1.174053280556969225e-01,-7.176319781555926536e-01,9.158594647954620421e+07,-7.458671030013131909e+06
5.082667565831918182e+03,-1.087543529150431232e-01,-7.182886369333694176e-01,9.174378081670370698e+07,-6.456535094150590710e+06
5.096786086848117520e+03,-1.000890289749848394e-01,-7.188505221038015147e-01,9.189000926809498668e+07,-5.450251004677488469e+06
5.110904607864317768e+03,-9.141045634800694375e-02,-7.193172491365273924e-01,9.202453032290726900e+07,-4.439966529963235371e+06
5.125023128880517106e+03,-8.271974463274765765e-02,-7.196884475694389494e-01,9.214724447291742265e+07,-3.425832032573876902e+06
5.139141649896716444e+03,-7.401801272170148438e-02,-7.199637612523803742e-01,9.225805428239533305e+07,-2.408000445010831580e+06
5.153260170912916692e+03,-6.530638860233153875e-02,-7.201428485884624475e-01,9.235686445797811449e+07,-1.386627243439612910e+06
5.167378691929116030e+03,-5.658600915159121142e-02,-7.202253827728012370e-01,9.244358191845442355e+07,-3.618704193888694281e+05
5.181497212945316278e+03,-4.785801992386098935e-02,-7.202110520284906725e-01,9.251811586439679563e+07,6.661095505980658345e+05
5.195615733961515616e+03,-3.912357493233187961e-02,-7.200995598396127129e-01,9.258037784757849574e+07,1.697149737372641452e+06
5.209734254977715864e+03,-3.038383642384122341e-02,-7.198906251810912593e-01,9.263028184011036158e+07,2.731084793666771147e+06
5.223852775993915202e+03,-2.163997464720856731e-02,-7.195839827451937509e-01,9.266774430323188007e+07,3.767746990663648117e+06
5.237971297010115450e+03,-1.289316761508927864e-02,-7.191793831644817114e-01,9.269268425568954647e+07,4.806966256664685905e+06
5.252089818026314788e+03,-4.144600859406096655e-03,-7.186765932310137384e-01,9.270502334163479507e+07,5.848570217857069336e+06
5.266208339042515036e+03,4.604532819610838990e-03,-7.180753961116008721e-01,9.270468589797265828e+07,6.892384241188373417e+06
5.280326860058714374e+03,1.335303361070231190e-02,-7.173755915589171694e-01,9.269159902109150589e+07,7.938231479348029010e+06
5.294445381074914621e+03,2.209969495513305904e-02,-7.165769961182647529e-01,9.266569263290353119e+07,8.985932917857307941e+06
5.308563902091113960e+03,3.084330381643302435e-02,-7.156794433297962721e-01,9.262689954612492025e+07,1.003530742426266335e+07
5.322682423107314207e+03,3.958264095626976009e-02,-7.146827839259950466e-01,9.257515552872395515e+07,1.108617179942907766e+07
5.336800944123513545e+03,4.831648121635202103e-02,-7.135868860242157163e-01,9.251039936746501923e+07,1.213834083092310466e+07
5.350919465139713793e+03,5.704359380629386161e-02,-7.123916353140887781e-01,9.243257293047593534e+07,1.319162734847701341e+07
5.365037986155913131e+03,6.576274259732550753e-02,-7.110969352395932752e-01,9.234162122876586020e+07,1.424584228151839040e+07
5.379156507172113379e+03,7.447268642176665954e-02,-7.097027071756025762e-01,9.223749247662058473e+07,1.530079471875121631e+07
5.393275028188312717e+03,8.317217937813478623e-02,-7.082088905987118377e-01,9.212013815080235898e+07,1.635629196976725571e+07
5.407393549204512965e+03,9.185997114179003664e-02,-7.066154432521556394e-01,9.198951304848103225e+07,1.741213962866823003e+07
5.421512070220712303e+03,1.005348072809757465e-01,-7.049223413046272757e-01,9.184557534382376075e+07,1.846814163967202231e+07
5.435630591236911641e+03,1.091954295781419199e-01,-7.031295795028137396e-01,9.168828664317047596e+07,1.952410036467763409e+07
5.449749112253111889e+03,1.178405763564006059e-01,-7.012371713174636589e-01,9.151761203872300684e+07,2.057981665275692940e+07
5.463867633269311227e+03,1.264689828109752945e-01,-6.992451490828065497e-01,9.133352016067604721e+07,2.163508991154073551e+07
5.477986154285511475e+03,1.350793813454995163e-01,-6.971535641291471963e-01,9.113598322771878541e+07,2.268971818046400324e+07
5.492104675301710813e+03,1.436705019129933536e-01,-6.949624869084624068e-01,9.092497709583698213e+07,2.374349820582941920e+07
5.506223196317911061e+03,1.522410723613718264e-01,-6.926720071128270595e-01,9.070048130534569919e+07,2.479622551764989272e+07
5.520341717334110399e+03,1.607898187832967618e-01,-6.902822337855086809e-01,9.046247912608449161e+07,2.584769450822312385e+07
5.534460238350310647e+03,1.693154658702134552e-01,-6.877932954245643549e-01,9.021095760070732236e+07,2.689769851239300892e+07
5.548578759366509985e+03,1.778167372703718108e-01,-6.852053400787873061e-01,8.994590758600144088e+07,2.794602988944545388e+07
5.562697280382710233e+03,1.862923559506595994e-01,-6.825185354358472845e-01,8.966732379216991365e+07,2.899248010658775643e+07
5.576815801398909571e+03,1.947410445620363084e-01,-6.797330689024830841e-01,8.937520482001514733e+07,3.003683982395355403e+07
5.590934322415109818e+03,2.031615258083829534e-01,-6.768491476765987613e-01,8.906955319596113265e+07,3.107889898107706755e+07
5.605052843431309157e+03,2.115525228185443363e-01,-6.738669988111369857e-01,8.875037540485504270e+07,3.211844688477323949e+07
5.619171364447509404e+03,2.199127595213684894e-01,-6.707868692695899693e-01,8.841768192048959434e+07,3.315527229836220294e+07
5.633289885463708742e+03,2.282409610235082986e-01,-6.676090259730329546e-01,8.807148723379077017e+07,3.418916353216955811e+07
5.647408406479908990e+03,2.365358539897795265e-01,-6.643337558385561392e-01,8.771180987861618400e+07,3.521990853523578495e+07
5.661526927496108328e+03,2.447961670258304856e-01,-6.609613658089897870e-01,8.733867245511327684e+07,3.624729498816143721e+07
5.675645448512308576e+03,2.530206310629071753e-01,-6.574921828738139462e-01,8.695210165058703721e+07,3.727111039701662958e+07
5.689763969528507914e+03,2.612079797444603613e-01,-6.539265540811607380e-01,8.655212825783130527e+07,3.829114218823688477e+07
5.703882490544708162e+03,2.693569498143695284e-01,-6.502648465408147338e-01,8.613878719087837636e+07,3.930717780442944169e+07
5.718001011560907500e+03,2.774662815065211952e-01,-6.465074474181347064e-01,8.571211749812622368e+07,4.031900480100785941e+07
5.732119532577106838e+03,2.855347189355088577e-01,-6.426547639188161520e-01,8.527216237280353904e+07,4.132641094357483834e+07
5.746238053593307086e+03,2.935610104881881122e-01,-6.387072232644340763e-01,8.481896916073727608e+07,4.232918430596777797e+07
5.760356574609506424e+03,3.015439092158366807e-01,-6.346652726587048710e-01,8.435258936538946629e+07,4.332711336888203025e+07
5.774475095625706672e+03,3.094821732266644920e-01,-6.305293792444132128e-01,8.387307865013296902e+07,4.431998711898513138e+07
5.788593616641906010e+03,3.173745660783993672e-01,-6.263000300509707907e-01,8.338049683774013817e+07,4.530759514843165129e+07
5.802712137658106258e+03,3.252198571707007879e-01,-6.219777319325625609e-01,8.287490790705980361e+07,4.628972775469034165e+07
5.816830658674305596e+03,3.330168221371179182e-01,-6.175630114968654327e-01,8.235637998686331511e+07,4.726617604059010744e+07
5.830949179690505844e+03,3.407642432363406360e-01,-6.130564150243137389e-01,8.182498534684164822e+07,4.823673201449419558e+07
5.845067700706705182e+03,3.484609097424583024e-01,-6.084585083779133763e-01,8.128080038574111462e+07,4.920118869050694257e+07
5.859186221722905429e+03,3.561056183339711967e-01,-6.037698769035962920e-01,8.072390561662662029e+07,5.015934018862066418e+07
5.873304742739104768e+03,3.636971734812673440e-01,-5.989911253211340769e-01,8.015438564926704764e+07,5.111098183470550925e+07
5.887423263755305015e+03,3.712343878323087765e-01,-5.941228776056226568e-01,7.957232916963869333e+07,5.205591026024852693e+07
5.901541784771504354e+03,3.787160825962403443e-01,-5.891657768595739419e-01,7.897782891654865444e+07,5.299392350174383074e+07
5.915660305787704601e+03,3.861410879246632843e-01,-5.841204851756425231e-01,7.837098165538127720e+07,5.392482109963946790e+07
5.929778826803903939e+03,3.935082432902889948e-01,-5.789876834900448133e-01,7.775188814897690713e+07,5.484840419674249738e+07
5.943897347820104187e+03,4.008163978627166113e-01,-5.737680714267142656e-01,7.712065312565334141e+07,5.576447563598783314e+07
5.958015868836303525e+03,4.080644108810509429e-01,-5.684623671322702743e-01,7.647738524438664317e+07,5.667284005747262388e+07
5.972134389852503773e+03,4.152511520231087494e-01,-5.630713071018605964e-01,7.582219705716906488e+07,5.757330399466229975e+07
5.986252910868703111e+03,4.223755017709324711e-01,-5.575956459959743317e-01,7.515520496856802702e+07,5.846567596967099607e+07
6.000371431884903359e+03,4.294363517723638890e-01,-5.520361564483036165e-01,7.447652919251137972e+07,5.934976658752363175e+07
6.014489952901102697e+03,4.364326051984023236e-01,-5.463936288647673889e-01,7.378629370633010566e+07,6.022538862930393219e+07
6.028608473917302035e+03,4.433631770961040663e-01,-5.406688712137942554e-01,7.308462620209093392e+07,6.109235714409740269e+07
6.042726994933502283e+03,4.502269947367584790e-01,-5.348627088079930259e-01,7.237165803525704145e+07,6.195048953963615745e+07
6.056845515949701621e+03,4.570229979590935132e-01,-5.289759840773334831e-01,7.164752417071720958e+07,6.279960567155586928e+07
6.070964036965901869e+03,4.637501395072708421e-01,-5.230095563339682840e-01,7.091236312622714043e+07,6.363952793117643893e+07
6.085082557982101207e+03,4.704073853634154201e-01,-5.169643015288500898e-01,7.016631691331161559e+07,6.447008133171782643e+07
6.099201078998301455e+03,4.769937150744572585e-01,-5.108411120002818162e-01,6.940953097567723691e+07,6.529109359286718071e+07
6.113319600014500793e+03,4.835081220730391149e-01,-5.046408962145747523e-01,6.864215412519121170e+07,6.610239522361189872e+07
6.127438121030701041e+03,4.899496139922751015e-01,-4.983645784989668148e-01,6.786433847548228502e+07,6.690381960325885564e+07
6.141556642046900379e+03,4.963172129741277305e-01,-4.920130987669903977e-01,6.707623937322582304e+07,6.769520306055864692e+07
6.155675163063100626e+03,5.026099559711989517e-01,-4.855874122364583489e-01,6.627801532717502117e+07,6.847638495085948706e+07
6.169793684079299965e+03,5.088268950417136338e-01,-4.790884891402718004e-01,6.546982793500628322e+07,6.924720773121444881e+07
6.183912205095500212e+03,5.149670976375045894e-01,-4.725173144302310946e-01,6.465184180804641545e+07,7.000751703337171674e+07
6.198030726111699551e+03,5.210296468847911422e-01,-4.658748874740694657e-01,6.382422449395523220e+07,7.075716173457670212e+07
6.212149247127899798e+03,5.270136418575721571e-01,-4.591622217459019883e-01,6.298714639743638784e+07,7.149599402612113953e+07
6.226267768144099136e+03,5.329181978434416322e-01,-4.523803445103224963e-01,6.214078069905519485e+07,7.222386947957389057e+07
6.240386289160299384e+03,5.387424466016609292e-01,-4.455302965003536397e-01,6.128530327224091440e+07,7.294064711063431203e+07
6.254504810176498722e+03,5.444855366133111163e-01,-4.386131315894927218e-01,6.042089259855680913e+07,7.364618944054909050e+07
6.268623331192698970e+03,5.501466333233753225e-01,-4.316299164580713610e-01,5.954772968131970614e+07,7.434036255503958464e+07
6.282741852208898308e+03,5.557249193745887883e-01,-4.245817302541807226e-01,5.866599795765637606e+07,7.502303616068725288e+07
6.296860373225098556e+03,5.612195948329248285e-01,-4.174696642493891385e-01,5.777588320908212662e+07,7.569408363873055577e+07
6.310978894241297894e+03,5.666298774045699371e-01,-4.102948214895150714e-01,5.687757347069226950e+07,7.635338209622779489e+07
6.325097415257498142e+03,5.719550026442717927e-01,-4.030583164406889018e-01,5.597125893905500323e+07,7.700081241454625130e+07
6.339215936273697480e+03,5.771942241549321562e-01,-3.957612746309747132e-01,5.505713187889922410e+07,7.763625929513883591e+07
6.353334457289896818e+03,5.823468137783449627e-01,-3.884048322877932113e-01,5.413538652868826687e+07,7.825961130257588625e+07
6.367452978306097066e+03,5.874120617769706953e-01,-3.809901359714197300e-01,5.320621900517491251e+07,7.887076090480072796e+07
6.381571499322296404e+03,5.923892770066586655e-01,-3.735183422048148350e-01,5.226982720703171939e+07,7.946960451058295369e+07
6.395690020338496652e+03,5.972777870802385980e-01,-3.659906171000484876e-01,5.132641071765158325e+07,8.005604250414685905e+07
6.409808541354695990e+03,6.020769385218971426e-01,-3.584081359815978196e-01,5.037617070721584558e+07,8.062997927695484459e+07
6.423927062370896238e+03,6.067860969122880199e-01,-3.507720830067720397e-01,4.941930983412449807e+07,8.119132325663149357e+07
6.438045583387095576e+03,6.114046470243077458e-01,-3.430836507835511862e-01,4.845603214588694274e+07,8.173998693301521242e+07
6.452164104403295823e+03,6.159319929495005175e-01,-3.353440399860941334e-01,4.748654297956792265e+07,8.227588688133050501e+07
6.466282625419495162e+03,6.203675582150462997e-01,-3.275544589682035657e-01,4.651104886188719422e+07,8.279894378247517347e+07
6.480401146435695409e+03,6.247107858913134582e-01,-3.197161233750045461e-01,4.552975740906718373e+07,8.330908244042284787e+07
6.494519667451894748e+03,6.289611386899456313e-01,-3.118302557531252295e-01,4.454287722652652860e+07,8.380623179674233496e+07
6.508638188468094995e+03,6.331180990524836183e-01,-3.038980851596342903e-01,4.355061780851283669e+07,8.429032494224144518e+07
6.522756709484294333e+03,6.371811692295122898e-01,-2.959208467700235601e-01,4.255318943777132034e+07,8.476129912574392557e+07
6.536875230500494581e+03,6.411498713503467339e-01,-2.878997814854885595e-01,4.155080308534106612e+07,8.521909576001410186e+07
6.550993751516693919e+03,6.450237474832691831e-01,-2.798361355397920858e-01,4.054367031057381630e+07,8.566366042484490573e+07
6.565112272532894167e+03,6.488023596863466969e-01,-2.717311601059614889e-01,3.953200316146492213e+07,8.609494286733062565e+07
6.579230793549093505e+03,6.524852900488579133e-01,-2.635861109030998572e-01,3.851601407538893819e+07,8.651289699934679270e+07
6.593349314565293753e+03,6.560721407233773839e-01,-2.554022478035579691e-01,3.749591578032687306e+07,8.691748089226502180e+07
6.607467835581493091e+03,6.595625339485617911e-01,-2.471808344407424862e-01,3.647192119667471945e+07,8.730865676893170178e+07
6.621586356597693339e+03,6.629561120627036619e-01,-2.389231378178006404e-01,3.544424333971705288e+07,8.768639099294446409e+07
6.635704877613892677e+03,6.662525375081118639e-01,-2.306304279174514471e-01,3.441309522285202146e+07,8.805065405526152253e+07
6.649823398630092015e+03,6.694514928264007070e-01,-2.223039773131969543e-01,3.337868976164792478e+07,8.840142055818353593e+07
6.663941919646292263e+03,6.725526806447656991e-01,-2.139450607821731798e-01,3.234123967881339043e+07,8.873866919674900174e+07
6.678060440662491601e+03,6.755558236533361072e-01,-2.055549549198769088e-01,3.130095741015874594e+07,8.906238273758780956e+07
6.692178961678691849e+03,6.784606645737041308e-01,-1.971349377570009442e-01,3.025805501162400097e+07,8.937254799528007209e+07
6.706297482694891187e+03,6.812669661187313874e-01,-1.886862883786245837e-01,2.921274406744895875e+07,8.966915580626907945e+07
6.720416003711091435e+03,6.839745109437473936e-01,-1.802102865459704883e-01,2.816523559955487028e+07,8.995220100038073957e+07
6.734534524727290773e+03,6.865831015892537303e-01,-1.717082123209691114e-01,2.711573997820886970e+07,9.022168237000299990e+07
6.748653045743491020e+03,6.890925604152627892e-01,-1.631813456938313589e-01,2.606446683403561264e+07,9.047760263698183000e+07
6.762771566759690359e+03,6.915027295273957764e-01,-1.546309662138594665e-01,2.501162497144232690e+07,9.071996841729140282e+07
6.776890087775890606e+03,6.938134706948824171e-01,-1.460583526236862162e-01,2.395742228351651877e+07,9.094879018353910744e+07
6.791008608792089944e+03,6.960246652605983630e-01,-1.374647824971612919e-01,2.290206566845725849e+07,9.116408222536647320e+07
6.805127129808290192e+03,6.981362140432921803e-01,-1.288515318810625199e-01,2.184576094759389013e+07,9.136586260781013966e+07
6.819245650824489530e+03,7.001480372321505774e-01,-1.202198749408397022e-01,2.078871278504763544e+07,9.155415312768718600e+07
6.833364171840689778e+03,7.020600742738636324e-01,-1.115710836105561904e-01,1.973112460908436030e+07,9.172897926807163656e+07
6.847482692856889116e+03,7.038722837523462283e-01,-1.029064272472229175e-01,1.867319853520836681e+07,9.189037015092930198e+07
6.861601213873089364e+03,7.055846432612887797e-01,-9.422717228967809888e-02,1.761513529103981331e+07,9.203835848798000813e+07
6.875719734889288702e+03,7.071971492697007866e-01,-8.553458192219383360e-02,1.655713414301990531e+07,9.217298052985666692e+07
6.889838255905488950e+03,7.087098169806281822e-01,-7.682991574294981141e-02,1.549939282498070598e+07,9.229427601363202929e+07
6.903956776921688288e+03,7.101226801832156710e-01,-6.811442943754209001e-02,1.444210746861796826e+07,9.240228810878416896e+07
6.918075297937888536e+03,7.114357910983014621e-01,-5.938937445765338219e-02,1.338547253589808568e+07,9.249706336167301238e+07
6.932193818954087874e+03,7.126492202177229229e-01,-5.065599770503977084e-02,1.232968075343176350e+07,9.257865163860011101e+07
6.946312339970287212e+03,7.137630561375246652e-01,-4.191554122094668516e-02,1.127492304883986712e+07,9.264710606752480567e+07
6.960430860986487460e+03,7.147774053852546938e-01,-3.316924188109161842e-02,1.022138848913783766e+07,9.270248297850970924e+07
6.974549382002686798e+03,7.156923922415419081e-01,-2.441833109632432844e-02,9.169264221159882843e+06,9.274484184296898544e+07
6.988667903018887046e+03,7.165081585561495769e-01,-1.566403451906853150e-02,8.118735414041329175e+06,9.277424521179267764e+07
7.002786424035086384e+03,7.172248635586959686e-01,-6.907571755661675965e-03,7.069985203777123243e+06,9.279075865242043138e+07
7.016904945051286631e+03,7.178426836642430864e-01,1.849843915328906090e-03,6.023194639867942780e+06,9.279445068493767083e+07
7.031023466067485970e+03,7.183618122739481304e-01,1.060700581870662948e-02,4.978542634066944942e+06,9.278539271726711094e+07
7.045141987083686217e+03,7.187824595709779718e-01,1.936271415209917315e-02,3.936205911233177409e+06,9.276365897952795029e+07
7.059260508099885556e+03,7.191048523118843683e-01,2.811577624917164717e-02,2.896358962299411185e+06,9.272932645763482153e+07
7.073379029116085803e+03,7.193292336136410947e-01,3.686500683654915511e-02,1.859173999355268665e+06,9.268247482620772719e+07
7.087497550132285141e+03,7.194558627365414960e-01,4.560922828436887039e-02,8.248209128483231179e+05,9.262318638086377084e+07
7.101616071148485389e+03,7.194850148631565245e-01,5.434727085042491412e-02,-2.065327691008945694e+05,9.255154596996049583e+07
7.115734592164684727e+03,7.194169808735532134e-01,6.307797291783912019e-02,-1.234721919272151310e+06,9.246764092586012185e+07
7.129853113180884975e+03,7.192520671169723157e-01,7.180018122623406385e-02,-2.259583847815790214e+06,9.237156099578252435e+07
7.143971634197084313e+03,7.189905951801619510e-01,8.051275109635457061e-02,-3.280958336626797915e+06,9.226339827231442928e+07
7.158090155213284561e+03,7.186329016525668800e-01,8.921454664812634994e-02,-4.298687671635854058e+06,9.214324712364062667e+07
7.172208676229483899e+03,7.181793378885672485e-01,9.790444101211061290e-02,-5.312616673028450459e+06,9.201120412356235087e+07
7.186327197245684147e+03,7.176302697669629804e-01,1.065813165343556940e-01,-6.322592723409426399e+06,9.186736798136624694e+07
7.200445718261883485e+03,7.169860774478965526e-01,1.152440649746164503e-01,-7.328465793928036466e+06,9.171183947160668671e+07
7.214564239278083733e+03,7.162471551274047776e-01,1.238915876979541225e-01,-8.330088468384766951e+06,9.154472136386218667e+07
7.228682760294283071e+03,7.154139107897914407e-01,1.325227958596990607e-01,-9.327315965338736773e+06,9.136611835252596438e+07
7.242801281310482409e+03,7.144867659580055319e-01,1.411366105837999485e-01,-1.032000615824038163e+07,9.117613698668853939e+07
7.256919802326682657e+03,7.134661554422124796e-01,1.497319631345563062e-01,-1.130801959361214750e+07,9.097488560016950965e+07
7.271038323342881995e+03,7.123525270867406833e-01,1.583077950817573243e-01,-1.229121950730376691e+07,9.076247424175351858e+07
7.285156844359082243e+03,7.111463415155834245e-01,1.668630584592538657e-01,-1.326947183885018528e+07,9.053901460568417609e+07
7.299275365375281581e+03,7.098480718766344566e-01,1.753967159169766143e-01,-1.424264524395941943e+07,9.030461996246817708e+07
7.313393886391481828e+03,7.084582035848312476e-01,1.839077408664495650e-01,-1.521061110516249202e+07,9.005940509003975987e+07
7.327512407407681167e+03,7.069772340643805109e-01,1.923951176198169521e-01,-1.617324354065493122e+07,8.980348620533481240e+07
7.341630928423881414e+03,7.054056724902307840e-01,2.008578415224429037e-01,-1.713041941136446968e+07,8.953698089632120728e+07
7.355749449440080753e+03,7.037440395289631390e-01,2.092949190791104641e-01,-1.808201832627673447e+07,8.926000805453145504e+07
7.369867970456281000e+03,7.019928670792573433e-01,2.177053680738879615e-01,-1.902792264605567604e+07,8.897268780814075470e+07
7.383986491472480338e+03,7.001526980120982291e-01,2.260882176836981339e-01,-1.996801748499255255e+07,8.867514145563323796e+07
7.398105012488680586e+03,6.982240859108727049e-01,2.344425085856649826e-01,-2.090219071132200211e+07,8.836749140009586513e+07
7.412223533504879924e+03,6.962075948115150625e-01,2.427672930582822075e-01,-2.183033294594068080e+07,8.804986108417943120e+07
7.426342054521080172e+03,6.941037989428452404e-01,2.510616350764850457e-01,-2.275233755956855789e+07,8.772237492576269805e+07
7.440460575537279510e+03,6.919132824672481474e-01,2.593246104006763364e-01,-2.366810066838970035e+07,8.738515825435554981e+07
7.454579096553479758e+03,6.896366392218338248e-01,2.675553066597954888e-01,-2.457752112821383029e+07,8.703833724827376008e+07
7.468697617569679096e+03,6.872744724602173338e-01,2.757528234284874480e-01,-2.548050052719661221e+07,8.668203887261782587e+07
7.482816138585879344e+03,6.848273945950513752e-01,2.839162722984657772e-01,-2.637694317716087773e+07,8.631639081808510423e+07
7.496934659602078682e+03,6.822960269414444223e-01,2.920447769441335550e-01,-2.726675610355753452e+07,8.594152144064414501e+07
7.511053180618278930e+03,6.796809994613849382e-01,3.001374731825607323e-01,-2.814984903410903737e+07,8.555755970209710300e+07
7.525171701634478268e+03,6.769829505093030164e-01,3.081935090278868361e-01,-2.902613438617473841e+07,8.516463511155588925e+07
7.539290222650677606e+03,6.742025265788781363e-01,3.162120447402522183e-01,-2.989552725288129970e+07,8.476287766785456240e+07
7.553408743666877854e+03,6.713403820512159337e-01,3.241922528693342853e-01,-3.075794538805820793e+07,8.435241780292010307e+07
7.567527264683077192e+03,6.683971789445009026e-01,3.321333182925856331e-01,-3.161330919002052397e+07,8.393338632612152398e+07
7.581645785699277440e+03,6.653735866652299435e-01,3.400344382482716199e-01,-3.246154168424097821e+07,8.350591436961524189e+07
7.595764306715476778e+03,6.622702817611355597e-01,3.478948223633904768e-01,-3.330256850495146587e+07,8.307013333470450342e+07
7.609882827731677025e+03,6.590879476758915168e-01,3.557136926765873119e-01,-3.413631787571708113e+07,8.262617483922713995e+07
7.624001348747876364e+03,6.558272745057005526e-01,3.634902836561438866e-01,-3.496272058902212977e+07,8.217417066598661244e+07
7.638119869764076611e+03,6.524889587578518446e-01,3.712238422131595161e-01,-3.578170998491086066e+07,8.171425271223768592e+07
7.652238390780275950e+03,6.490737031113393840e-01,3.789136277100064731e-01,-3.659322192872197926e+07,8.124655294023868442e+07
7.666356911796476197e+03,6.455822161796206382e-01,3.865589119641779092e-01,-3.739719478795905411e+07,8.077120332887893915e+07
7.680475432812675535e+03,6.420152122755997670e-01,3.941589792476135057e-01,-3.819356940833531320e+07,8.028833582639051974e+07
7.694593953828875783e+03,6.383734111789054477e-01,4.017131262816212578e-01,-3.898228908903416246e+07,7.979808230415032804e+07
7.708712474845075121e+03,6.346575379055438004e-01,4.092206622274839889e-01,-3.976329955722312629e+07,7.930057451157888770e+07
7.722830995861275369e+03,6.308683224799850331e-01,4.166809086728683331e-01,-4.053654894186171144e+07,7.879594403213928640e+07
7.736949516877474707e+03,6.270064997097583026e-01,4.240931996141260596e-01,-4.130198774683991075e+07,7.828432224044041336e+07
7.751068037893674955e+03,6.230728089626079713e-01,4.314568814346060321e-01,-4.205956882348685712e+07,7.776584026044526696e+07
7.765186558909874293e+03,6.190679939462762071e-01,4.387713128790678430e-01,-4.280924734248527139e+07,7.724062892478626966e+07
7.779305079926074541e+03,6.149928024909588897e-01,4.460358650243144152e-01,-4.355098076523004472e+07,7.670881873518617451e+07
7.793423600942273879e+03,6.108479863344936645e-01,4.532499212461346683e-01,-4.428472881466553360e+07,7.617053982398419082e+07
7.807542121958474127e+03,6.066343009103190020e-01,4.604128771826744848e-01,-4.501045344563855231e+07,7.562592191676394641e+07
7.821660642974673465e+03,6.023525051382565554e-01,4.675241406943251854e-01,-4.572811881480040401e+07,7.507509429608088732e+07
7.835779163990872803e+03,5.980033612181510083e-01,4.745831318202472504e-01,-4.643769125009360909e+07,7.451818576628372073e+07
7.849897685007073051e+03,5.935876344264097160e-01,4.815892827316210489e-01,-4.713913921985562146e+07,7.395532461942557991e+07
7.864016206023272389e+03,5.891060929154745551e-01,4.885420376817317667e-01,-4.783243330157279968e+07,7.338663860225839913e+07
7.878134727039472637e+03,5.845595075162570708e-01,4.954408529529942817e-01,-4.851754615031712502e+07,7.281225488430310786e+07
7.892253248055671975e+03,5.799486515435674505e-01,5.022851968010089152e-01,-4.919445246689593792e+07,7.223230002698898315e+07
7.906371769071872222e+03,5.752743006045601959e-01,5.090745493957617995e-01,-4.986312896574658155e+07,7.164689995385235548e+07
7.920490290088071561e+03,5.705372324102224724e-01,5.158084027600550181e-01,-5.052355434260445088e+07,7.105617992178672552e+07
7.934608811104271808e+03,5.657382265899211227e-01,5.224862607052801478e-01,-5.117570924197490513e+07,7.046026449333323538e+07
7.948727332120471146e+03,5.608780645090301054e-01,5.291076387646178603e-01,-5.181957622443594784e+07,6.985927751000206172e+07
7.962845853136671394e+03,5.559575290896477950e-01,5.356720641237757707e-01,-5.245513973380061984e+07,6.925334206661246717e+07
7.976964374152870732e+03,5.509774046344224629e-01,5.421790755493443026e-01,-5.308238606416448951e+07,6.864258048664098978e+07
7.991082895169070980e+03,5.459384766534878253e-01,5.486282233148805920e-01,-5.370130332686554641e+07,6.802711429856424034e+07
8.005201416185270318e+03,5.408415316945246465e-01,5.550190691247994801e-01,-5.431188141738045961e+07,6.740706421318493783e+07
8.019319937201470566e+03,5.356873571759431796e-01,5.613511860361766193e-01,-5.491411198218279332e+07,6.678255010192655772e+07
8.033438458217669904e+03,5.304767412232000989e-01,5.676241583785422984e-01,-5.550798838558565825e+07,6.615369097608428448e+07
8.047556979233870152e+03,5.252104725082386016e-01,5.738375816717680156e-01,-5.609350567659284920e+07,6.552060496701695770e+07
8.061675500250069490e+03,5.198893400920614472e-01,5.799910625421206278e-01,-5.667066055577934533e+07,6.488340930726681650e+07
8.075794021266269738e+03,5.145141332704215031e-01,5.860842186365848860e-01,-5.723945134222368896e+07,6.424222031259103119e+07
8.089912542282469076e+03,5.090856414226360149e-01,5.921166785355260753e-01,-5.779987794051160663e+07,6.359715336489120126e+07
8.104031063298669324e+03,5.036046538635043923e-01,5.980880816637894615e-01,-5.835194180783184618e+07,6.294832289602420479e+07
8.118149584314868662e+03,4.980719596983325115e-01,6.039980782003069315e-01,-5.889564592118205130e+07,6.229584237248007208e+07
8.132268105331068000e+03,4.924883476810404392e-01,6.098463289863031989e-01,-5.943099474470415711e+07,6.163982428090973943e+07
8.146386626347268248e+03,4.868546060753494165e-01,6.156325054321725165e-01,-5.995799419716585428e+07,6.098038011448775977e+07
8.160505147363467586e+03,4.811715225190308365e-01,6.213562894231069444e-01,-6.047665161960541457e+07,6.031762036009324342e+07
8.174623668379667834e+03,4.754398838911964020e-01,6.270173732235556630e-01,-6.098697574315622449e+07,5.965165448629233241e+07
8.188742189395867172e+03,4.696604761826212449e-01,6.326154593805832782e-01,-6.148897665706562251e+07,5.898259093210674077e+07
8.202860710412067419e+03,4.638340843690692550e-01,6.381502606262089428e-01,-6.198266577692370117e+07,5.831053709655042738e+07
8.216979231428267667e+03,4.579614922876131256e-01,6.436214997787895742e-01,-6.246805581311514229e+07,5.763559932891911268e+07
8.231097752444466096e+03,4.520434825159158065e-01,6.490289096435234439e-01,-6.294516073950810730e+07,5.695788291981485486e+07
8.245216273460666343e+03,4.460808362544546601e-01,6.543722329121433035e-01,-6.341399576239275932e+07,5.627749209288906306e+07
8.259334794476866591e+03,4.400743332116712203e-01,6.596512220618562239e-01,-6.387457728968063742e+07,5.559452999728823453e+07
8.273453315493066839e+03,4.340247514920075322e-01,6.648656392536111959e-01,-6.432692290037747473e+07,5.490909870078396052e+07
8.287571836509265268e+03,4.279328674868151383e-01,6.700152562297442271e-01,-6.477105131433924288e+07,5.422129918357176334e+07
8.301690357525465515e+03,4.217994557680995182e-01,6.750998542110742129e-01,-6.520698236232221127e+07,5.353123133272102475e+07
8.315808878541665763e+03,4.156252889850847732e-01,6.801192237934980955e-01,-6.563473695633566380e+07,5.283899393726073951e+07
8.329927399557866011e+03,4.094111377635537008e-01,6.850731648441582555e-01,-6.605433706030734628e+07,5.214468468388270587e+07
8.344045920574064439e+03,4.031577706079463308e-01,6.899614863972292067e-01,-6.646580566106910259e+07,5.144840015324700624e+07
8.358164441590264687e+03,3.968659538061756753e-01,6.947840065493865458e-01,-6.686916673967117071e+07,5.075023581687235087e+07
8.372282962606464935e+03,3.905364513371441526e-01,6.995405523550035642e-01,-6.726444524303153157e+07,5.005028603459633887e+07
8.386401483622665182e+03,3.841700247809102242e-01,7.042309597211409145e-01,-6.765166705592818558e+07,4.934864405258764327e+07
8.400520004638863611e+03,3.777674332314874817e-01,7.088550733023700756e-01,-6.803085897333957255e+07,4.864540200189551711e+07
8.414638525655063859e+03,3.713294332122323294e-01,7.134127463954877957e-01,-6.840204867313967645e+07,4.794065089751958102e+07
8.428757046671264106e+03,3.648567785937998353e-01,7.179038408341614774e-01,-6.876526468915209174e+07,4.723448063798563927e+07
8.442875567687462535e+03,3.583502205146179564e-01,7.223282268835632403e-01,-6.912053638456882536e+07,4.652698000541011244e+07
8.456994088703662783e+03,3.518105073038533259e-01,7.266857831350315156e-01,-6.946789392573764920e+07,4.581823666603855789e+07
8.471112609719863030e+03,3.452383844068402374e-01,7.309763964008008097e-01,-6.980736825632146001e+07,4.510833717124380916e+07
8.485231130736063278e+03,3.386345943129229208e-01,7.351999616088523704e-01,-7.013899107183396816e+07,4.439736695896697789e+07
8.499349651752261707e+03,3.319998764856879059e-01,7.393563816979176195e-01,-7.046279479455402493e+07,4.368541035558789968e+07
8.513468172768461955e+03,3.253349672955404559e-01,7.434455675126812046e-01,-7.077881254882162809e+07,4.297255057820931822e+07
8.527586693784662202e+03,3.186405999546034762e-01,7.474674376992134217e-01,-7.108707813671720028e+07,4.225886973734179139e+07
8.541705214800862450e+03,3.119175044538846642e-01,7.514219186006786400e-01,-7.138762601412692666e+07,4.154444883997333050e+07
8.555823735817060879e+03,3.051664075026893630e-01,7.553089441533498150e-01,-7.168049126719474792e+07,4.082936779301116616e+07
8.569942256833261126e+03,2.983880324702323228e-01,7.591284557829655055e-01,-7.196570958916287124e+07,4.011370540708085895e+07
8.584060777849461374e+03,2.915830993294253326e-01,7.628804023014589264e-01,-7.224331725760081410e+07,3.939753940067060292e+07
8.598179298865661622e+03,2.847523246027873212e-01,7.665647398040976723e-01,-7.251335111202427745e+07,3.868094640460564196e+07
8.612297819881860050e+03,2.778964213104526126e-01,7.701814315670577615e-01,-7.277584853190347552e+07,3.796400196684117615e+07
8.626416340898060298e+03,2.710160989202319848e-01,7.737304479454679695e-01,-7.303084741506111622e+07,3.724678055755986273e+07
8.640534861914260546e+03,2.641120632997021045e-01,7.772117662719443265e-01,-7.327838615645918250e+07,3.652935557456273586e+07
8.654653382930460793e+03,2.571850166702702722e-01,7.806253707556508603e-01,-7.351850362737442553e+07,3.581179934893944860e+07
8.668771903946659222e+03,2.502356575631911051e-01,7.839712523819059031e-01,-7.375123915496116877e+07,3.509418315100718290e+07
8.682890424962859470e+03,2.432646807774890563e-01,7.872494088123640488e-01,-7.397663250220055878e+07,3.437657719650525600e+07
8.697008945979059718e+03,2.362727773397630404e-01,7.904598442857888596e-01,-7.419472384823438525e+07,3.365905065303536505e+07
8.711127466995259965e+03,2.292606344658209283e-01,7.936025695194500740e-01,-7.440555376908242702e+07,3.294167164673423395e+07
8.725245988011458394e+03,2.222289355241206243e-01,7.966776016111577485e-01,-7.460916321874091029e+07,3.222450726916905493e+07
8.739364509027658642e+03,2.151783600009719855e-01,7.996849639419603140e-01,-7.480559351066040993e+07,3.150762358444380015e+07
8.753483030043858889e+03,2.081095834674776546e-01,8.026246860795179794e-01,-7.499488629960055649e+07,3.079108563650724664e+07
8.767601551060057318e+03,2.010232775481609890e-01,8.054968036821791300e-01,-7.517708356385941803e+07,3.007495745665063709e+07
8.781720072076257566e+03,1.939201098912530508e-01,8.083013584037729293e-01,-7.535222758787490427e+07,2.935930207118570805e+07
8.795838593092457813e+03,1.868007441406126790e-01,8.110383977991304505e-01,-7.552036094519501925e+07,2.864418150929404795e+07
8.809957114108658061e+03,1.796658399092271319e-01,8.137079752303593150e-01,-7.568152648181462288e+07,2.792965681103644520e+07
8.824075635124856490e+03,1.725160527542737299e-01,8.163101497738780576e-01,-7.583576729987505078e+07,2.721578803551432490e+07
8.838194156141056737e+03,1.653520341536972860e-01,8.188449861282299791e-01,-7.598312674172388017e+07,2.650263426917303726e+07
8.852312677157256985e+03,1.581744314842843113e-01,8.213125545226839241e-01,-7.612364837433089316e+07,2.579025363423961774e+07
8.866431198173457233e+03,1.509838880011820372e-01,8.237129306266404161e-01,-7.625737597405736148e+07,2.507870329728449881e+07
8.880549719189655661e+03,1.437810428188439071e-01,8.260461954598491419e-01,-7.638435351177467406e+07,2.436803947790027037e+07
8.894668240205855909e+03,1.365665308933573796e-01,8.283124353034529985e-01,-7.650462513832877576e+07,2.365831745748817548e+07
8.908786761222056157e+03,1.293409830061370003e-01,8.305117416118628082e-01,-7.661823517034652829e+07,2.294959158814588562e+07
8.922905282238256405e+03,1.221050257489313812e-01,8.326442109254786894e-01,-7.672522807638023794e+07,2.224191530164700747e+07
8.937023803254454833e+03,1.148592815101278503e-01,8.347099447842607489e-01,-7.682564846338632703e+07,2.153534111850626767e+07
8.951142324270655081e+03,1.076043684623117225e-01,8.367090496421603074e-01,-7.691954106353411078e+07,2.082992065712203458e+07
8.965260845286855329e+03,1.003409005510646212e-01,8.386416367824157669e-01,-7.700695072134050727e+07,2.012570464299057052e+07
8.979379366303055576e+03,9.306948748495233459e-02,8.405078222337232230e-01,-7.708792238112670183e+07,1.942274291798335314e+07
8.993497887319254005e+03,8.579073472668695410e-02,8.423077266872833757e-01,-7.716250107479238510e+07,1.872108444968230650e+07
9.007616408335454253e+03,7.850524348542251007e-02,8.440414754147339549e-01,-7.723073190990333259e+07,1.802077734076542035e+07
9.021734929351654500e+03,7.121361071016951705e-02,8.457091981869678810e-01,-7.729266005808797479e+07,1.732186883843802661e+07
9.035853450367852929e+03,6.391642908428184222e-02,8.473110291938447114e-01,-7.734833074373871088e+07,1.662440534390196763e+07
9.049971971384053177e+03,5.661428702099550320e-02,8.488471069647979261e-01,-7.739778923301351070e+07,1.592843242185769975e+07
9.064090492400253424e+03,4.930776866000007030e-02,8.503175742903379408e-01,-7.744108082313324511e+07,1.523399481003450416e+07
9.078209013416453672e+03,4.199745386499690453e-02,8.517225781444587307e-01,-7.747825083197063208e+07,1.454113642874167673e+07
9.092327534432652101e+03,3.468391822223195614e-02,8.530622696079436240e-01,-7.750934458792600036e+07,1.384990039043691754e+07
9.106446055448852348e+03,2.736773303996507464e-02,8.543368037925777037e-01,-7.753440742008562386e+07,1.316032900930577889e+07
9.120564576465052596e+03,2.004946534886439813e-02,8.555463397662615987e-01,-7.755348464865793288e+07,1.247246381084873900e+07
9.134683097481252844e+03,1.272967790328091361e-02,8.566910404790324396e-01,-7.756662157568340003e+07,1.178634554146943055e+07
9.148801618497451273e+03,5.408929183392755663e-03,8.577710726899888671e-01,-7.757386347601327300e+07,1.110201417806093022e+07
9.162920139513651520e+03,-1.912226601817316194e-03,8.587866068951204301e-01,-7.757525558855292201e+07,1.041950893758469634e+07
9.177038660529851768e+03,-9.233239510760897842e-03,8.597378172560400378e-01,-7.757084310776513815e+07,9.738868286639386788e+06
9.191157181546052016e+03,-1.655356386466256408e-02,8.606248815296199117e-01,-7.756067117542904615e+07,9.060129951013786718e+06
9.205275702562250444e+03,-2.387265824220697469e-02,8.614479809985270409e-01,-7.754478487264999747e+07,8.383330925221376121e+06
9.219394223578450692e+03,-3.118998547344922420e-02,8.622073004026586940e-01,-7.752322921211615205e+07,7.708507482011797838e+06
9.233512744594650940e+03,-3.850501263299645205e-02,8.629030278714733271e-01,-7.749604913059718907e+07,7.035695181857069954e+06
9.247631265610851187e+03,-4.581721103250218502e-02,8.635353548572151094e-01,-7.746328948168081045e+07,6.364928882407386787e+06
9.261749786627049616e+03,-5.312605621248060739e-02,8.641044760690307358e-01,-7.742499502874253690e+07,5.696242747914647684e+06
9.275868307643249864e+03,-6.043102793347381735e-02,8.646105894079733067e-01,-7.738121043814456463e+07,5.029670258619559929e+06
9.289986828659450111e+03,-6.773161016657841538e-02,8.650538959028889474e-01,-7.733198027265924215e+07,4.365244220100708306e+06
9.304105349675650359e+03,-7.502729108337138908e-02,8.654345996471863867e-01,-7.727734898511281610e+07,3.702996772581021301e+06
9.318223870691848788e+03,-8.231756304524052992e-02,8.657529077364802816e-01,-7.721736091224531829e+07,3.042959400190307293e+06
9.332342391708049036e+03,-8.960192259215125909e-02,8.660090302071080659e-01,-7.715206026878216863e+07,2.385162940180227626e+06
9.346460912724249283e+03,-9.687987043085415084e-02,8.662031799755135486e-01,-7.708149114171342552e+07,1.729637592090615770e+06
9.360579433740447712e+03,-1.041509114225708660e-01,8.663355727784929350e-01,-7.700569748477642238e+07,1.076412926863178145e+06
9.374697954756647960e+03,-1.114145545701687029e-01,8.664064271142992713e-01,-7.692472311313757300e+07,4.255178959011152619e+05
9.388816475772848207e+03,-1.186703130048340077e-01,8.664159641845985416e-01,-7.683861169826954603e+07,-2.230191599266884150e+05
9.402934996789048455e+03,-1.259177039722806646e-01,8.663644078372725321e-01,-7.674740676301935315e+07,-8.691705013405183563e+05
9.417053517805246884e+03,-1.331562488184963033e-01,8.662519845100639104e-01,-7.665115167686368525e+07,-1.512908981764268130e+06
9.431172038821447131e+03,-1.403854729750549091e-01,8.660789231750568584e-01,-7.654988965134723485e+07,-2.154208038502261974e+06
9.445290559837647379e+03,-1.476049059439983047e-01,8.658454552839864871e-01,-7.644366373570039868e+07,-2.793041683978817891e+06
9.459409080853847627e+03,-1.548140812823214640e-01,8.655518147143729246e-01,-7.633251681263209879e+07,-3.429384497043806128e+06
9.473527601870046055e+03,-1.620125365860635436e-01,8.651982377164726401e-01,-7.621649159429430962e+07,-4.063211614344369620e+06
9.487646122886246303e+03,-1.691998134740311799e-01,8.647849628610403405e-01,-7.609563061841404438e+07,-4.694498721765199676e+06
9.501764643902446551e+03,-1.763754575711557471e-01,8.643122309878963350e-01,-7.596997624458959699e+07,-5.323222045937370509e+06
9.515883164918646798e+03,-1.835390184915176026e-01,8.637802851552907057e-01,-7.583957065074680746e+07,-5.949358345818595961e+06
9.530001685934845227e+03,-1.906900498210376549e-01,8.631893705900600677e-01,-7.570445582975216210e+07,-6.572884904344744980e+06
9.544120206951045475e+03,-1.978281090998625369e-01,8.625397346385673680e-01,-7.556467358617873490e+07,-7.193779520154645666e+06
9.558238727967245723e+03,-2.049527578044419429e-01,8.618316267184208401e-01,-7.542026553322194517e+07,-7.812020499387883581e+06
9.572357248983445970e+03,-2.120635613293312960e-01,8.610652982709621206e-01,-7.527127308976109326e+07,-8.427586647558094934e+06
9.586475769999644399e+03,-2.191600889687183029e-01,8.602410027145183102e-01,-7.511773747756358981e+07,-9.040457261501317844e+06
9.600594291015844647e+03,-2.262419138976976274e-01,8.593589953984098750e-01,-7.495969971862834692e+07,-9.650612121401108801e+06
9.614712812032044894e+03,-2.333086131532922936e-01,8.584195335577088359e-01,-7.479720063266520202e+07,-1.025803148288985342e+07
9.628831333048245142e+03,-2.403597676152525175e-01,8.574228762687374772e-01,-7.463028083470673859e+07,-1.086269606922849454e+07
9.642949854064443571e+03,-2.473949619866298300e-01,8.563692844053015785e-01,-7.445898073284964263e+07,-1.146458706356395409e+07
9.657068375080643818e+03,-2.544137847741495539e-01,8.552590205956506209e-01,-7.428334052612204850e+07,-1.206368610126570426e+07
9.671186896096844066e+03,-2.614158282683787249e-01,8.540923491801586387e-01,-7.410340020247426629e+07,-1.265997526234069094e+07
9.685305417113042495e+03,-2.684006885237180118e-01,8.528695361697156141e-01,-7.391919953688925505e+07,-1.325343706392846070e+07
9.699423938129242742e+03,-2.753679653382213877e-01,8.515908492048238632e-01,-7.373077808961006999e+07,-1.384405445287611522e+07
9.713542459145442990e+03,-2.823172622332451032e-01,8.502565575153921973e-01,-7.353817520448155701e+07,-1.443181079839270376e+07
9.727660980161643238e+03,-2.892481864329551899e-01,8.488669318812183118e-01,-7.334143000740285218e+07,-1.501668988478470594e+07
9.741779501177841667e+03,-2.961603488436878595e-01,8.474222445931542946e-01,-7.314058140488834679e+07,-1.559867590427158959e+07
9.755898022194041914e+03,-3.030533640331850576e-01,8.459227694149439314e-01,-7.293566808273376524e+07,-1.617775344988245144e+07
9.770016543210242162e+03,-3.099268502096999001e-01,8.443687815457305845e-01,-7.272672850478528440e+07,-1.675390750843264908e+07
9.784135064226442410e+03,-3.167804292009995248e-01,8.427605575832199936e-01,-7.251380091180826724e+07,-1.732712345358194411e+07
9.798253585242640838e+03,-3.236137264332603625e-01,8.410983754874972185e-01,-7.229692332045340538e+07,-1.789738703897298127e+07
9.812372106258841086e+03,-3.304263709098758661e-01,8.393825145454851810e-01,-7.207613352231739461e+07,-1.846468439145091549e+07
9.826490627275041334e+03,-3.372179951901711492e-01,8.376132553360416955e-01,-7.185146908309593797e+07,-1.902900200436298177e+07
9.840609148291241581e+03,-3.439882353680502880e-01,8.357908796956831088e-01,-7.162296734182609618e+07,-1.959032673093930632e+07
9.854727669307440010e+03,-3.507367310505717373e-01,8.339156706849296663e-01,-7.139066541021589935e+07,-2.014864577775368094e+07
9.868846190323640258e+03,-3.574631253364690120e-01,8.319879125552632759e-01,-7.115460017205841839e+07,-2.070394669826495275e+07
9.882964711339840505e+03,-3.641670647946114725e-01,8.300078907166931197e-01,-7.091480828272858262e+07,-2.125621738643768802e+07
9.897083232356040753e+03,-3.708481994424305261e-01,8.279758917059174550e-01,-7.067132616875961423e+07,-2.180544607044328004e+07
9.911201753372239182e+03,-3.775061827243039181e-01,8.258922031550773868e-01,-7.042419002749736607e+07,-2.235162130644008145e+07
9.925320274388439429e+03,-3.841406714899160413e-01,8.237571137610921745e-01,-7.017343582683001459e+07,-2.289473197243311629e+07
9.939438795404639677e+03,-3.907513259725879928e-01,8.215709132555735206e-01,-6.991909930499137938e+07,-2.343476726221191511e+07
9.953557316420838106e+03,-3.973378097675999143e-01,8.193338923753049619e-01,-6.966121597043511271e+07,-2.397171667936743796e+07
9.967675837437038354e+03,-4.038997898105050055e-01,8.170463428332833677e-01,-6.939982110177800059e+07,-2.450557003138708696e+07
9.981794358453238601e+03,-4.104369363554331573e-01,8.147085572903153272e-01,-6.913494974781058729e+07,-2.503631742382676527e+07
9.995912879469438849e+03,-4.169489229534078523e-01,8.123208293271584335e-01,-6.886663672757250071e+07,-2.556394925456090644e+07
1.001003140048563728e+04,-4.234354264306674498e-01,8.098834534172015820e-01,-6.859491663049104810e+07,-2.608845620810887963e+07
1.002414992150183753e+04,-4.298961268670080660e-01,8.073967248996775092e-01,-6.831982381658080220e+07,-2.660982925003817677e+07
1.003826844251803777e+04,-4.363307075741393315e-01,8.048609399534009112e-01,-6.804139241670274734e+07,-2.712805962144276500e+07
1.005238696353423802e+04,-4.427388550740757323e-01,8.022763955710221495e-01,-6.775965633288057148e+07,-2.764313883349750191e+07
1.006650548455043645e+04,-4.491202590775555947e-01,7.996433895337929920e-01,-6.747464923867283762e+07,-2.815505866208698228e+07
1.008062400556663670e+04,-4.554746124625028147e-01,7.969622203868339527e-01,-6.718640457959878445e+07,-2.866381114250912145e+07
1.009474252658283694e+04,-4.618016112525223926e-01,7.942331874149011206e-01,-6.689495557361669838e+07,-2.916938856425184011e+07
1.010886104759903719e+04,-4.681009545954525897e-01,7.914565906186389332e-01,-6.660033521165245026e+07,-2.967178346584362537e+07
1.012297956861523562e+04,-4.743723447419637695e-01,7.886327306913180069e-01,-6.630257625817710161e+07,-3.017098862977635860e+07
1.013709808963143587e+04,-4.806154870242191346e-01,7.857619089960462544e-01,-6.600171125183159113e+07,-3.066699707750057802e+07
1.015121661064763612e+04,-4.868300898345883088e-01,7.828444275434526256e-01,-6.569777250609747320e+07,-3.115980206449157372e+07
1.016533513166383636e+04,-4.930158646044344728e-01,7.798805889698298133e-01,-6.539079211001153290e+07,-3.164939707538699731e+07
1.017945365268003479e+04,-4.991725257829662810e-01,7.768706965157338162e-01,-6.508080192892327160e+07,-3.213577581919433177e+07
1.019357217369623504e+04,-5.052997908161680485e-01,7.738150540050319215e-01,-6.476783360529346764e+07,-3.261893222456837445e+07
1.020769069471243529e+04,-5.113973801257984952e-01,7.707139658243946645e-01,-6.445191855953293294e+07,-3.309886043515710160e+07
1.022180921572863554e+04,-5.174650170884796951e-01,7.675677369032221087e-01,-6.413308799087934196e+07,-3.357555480501651019e+07
1.023592773674483396e+04,-5.235024280148646847e-01,7.643766726940006695e-01,-6.381137287831141800e+07,-3.404900989409282804e+07
1.025004625776103421e+04,-5.295093421288983304e-01,7.611410791530813791e-01,-6.348680398149865866e+07,-3.451922046377214044e+07
1.026416477877723446e+04,-5.354854915471612964e-01,7.578612627218782594e-01,-6.315941184178598225e+07,-3.498618147249586880e+07
1.027828329979343289e+04,-5.414306112583160413e-01,7.545375303084749241e-01,-6.282922678321124613e+07,-3.544988807144250721e+07
1.029240182080963314e+04,-5.473444391026497380e-01,7.511701892696344141e-01,-6.249627891355485469e+07,-3.591033560027448088e+07
1.030652034182583338e+04,-5.532267157517113398e-01,7.477595473932120429e-01,-6.216059812542054802e+07,-3.636751958294891566e+07
1.032063886284203363e+04,-5.590771846880592255e-01,7.443059128809558223e-01,-6.182221409734548628e+07,-3.682143572359271348e+07
1.033475738385823206e+04,-5.648955921851107620e-01,7.408095943316962417e-01,-6.148115629493916035e+07,-3.727207990244042128e+07
1.034887590487443231e+04,-5.706816872871048885e-01,7.372709007249129698e-01,-6.113745397204949707e+07,-3.771944817183482647e+07
1.036299442589063256e+04,-5.764352217891691721e-01,7.336901414046815839e-01,-6.079113617195583135e+07,-3.816353675228869915e+07
1.037711294690683280e+04,-5.821559502175069900e-01,7.300676260639838988e-01,-6.044223172858677804e+07,-3.860434202860824019e+07
1.039123146792303123e+04,-5.878436298096971768e-01,7.264036647293845572e-01,-6.009076926776269823e+07,-3.904186054607648402e+07
1.040534998893923148e+04,-5.934980204951166849e-01,7.226985677460612267e-01,-5.973677720846130699e+07,-3.947608900669681281e+07
1.041946850995543173e+04,-5.991188848754753771e-01,7.189526457631923995e-01,-5.938028376410607249e+07,-3.990702426549489051e+07
1.043358703097163198e+04,-6.047059882054818258e-01,7.151662097196861412e-01,-5.902131694387567043e+07,-4.033466332687953115e+07
1.044770555198783040e+04,-6.102590983736284613e-01,7.113395708302522324e-01,-5.865990455403424799e+07,-4.075900334106091410e+07
1.046182407300403065e+04,-6.157779858831082809e-01,7.074730405718070436e-01,-5.829607419928108901e+07,-4.118004160052607208e+07
1.047594259402023090e+04,-6.212624238328520176e-01,7.035669306702132531e-01,-5.792985328411955386e+07,-4.159777553657023609e+07
1.049006111503643115e+04,-6.267121878987028660e-01,6.996215530873394206e-01,-5.756126901424353570e+07,-4.201220271588428319e+07
1.050417963605262958e+04,-6.321270563147184385e-01,6.956372200084416368e-01,-5.719034839794136584e+07,-4.242332083719692379e+07
1.051829815706882982e+04,-6.375068098546105011e-01,6.916142438298564787e-01,-5.681711824751581252e+07,-4.283112772797144204e+07
1.053241667808503007e+04,-6.428512318133117187e-01,6.875529371470093798e-01,-5.644160518072016537e+07,-4.323562134115560353e+07
1.054653519910122850e+04,-6.481601079886862848e-01,6.834536127427206509e-01,-5.606383562220877409e+07,-4.363679975198498368e+07
1.056065372011742875e+04,-6.534332266633763320e-01,6.793165835758125937e-01,-5.568383580500170588e+07,-4.403466115483862907e+07
1.057477224113362900e+04,-6.586703785867825678e-01,6.751421627700143757e-01,-5.530163177196330577e+07,-4.442920386014591157e+07
1.058889076214982924e+04,-6.638713569571911277e-01,6.709306636031519000e-01,-5.491724937729304284e+07,-4.482042629134490341e+07
1.060300928316602767e+04,-6.690359574040378732e-01,6.666823994966248890e-01,-5.453071428802872449e+07,-4.520832698189082742e+07
1.061712780418222792e+04,-6.741639779703185731e-01,6.623976840051611914e-01,-5.414205198556090891e+07,-4.559290457231447846e+07
1.063124632519842817e+04,-6.792552190951371971e-01,6.580768308068517536e-01,-5.375128776715864986e+07,-4.597415780732925981e+07
1.064536484621462841e+04,-6.843094835964035338e-01,6.537201536934504897e-01,-5.335844674750497937e+07,-4.635208553298711777e+07
1.065948336723082684e+04,-6.893265766536738060e-01,6.493279665609442697e-01,-5.296355386024235189e+07,-4.672668669388201088e+07
1.067360188824702709e+04,-6.943063057911403879e-01,6.449005834003805893e-01,-5.256663385952688754e+07,-4.709796033040083945e+07
1.068772040926322734e+04,-6.992484808607628555e-01,6.404383182889583637e-01,-5.216771132159164548e+07,-4.746590557602041215e+07
1.070183893027942759e+04,-7.041529140255530228e-01,6.359414853813660784e-01,-5.176681064631744474e+07,-4.783052165465087444e+07
1.071595745129562602e+04,-7.090194197430046419e-01,6.314103989013720719e-01,-5.136395605881144106e+07,-4.819180787802411616e+07
1.073007597231182626e+04,-7.138478147486767567e-01,6.268453731336551815e-01,-5.095917161099245399e+07,-4.854976364312721044e+07
1.074419449332802651e+04,-7.186379180399199429e-01,6.222467224158816368e-01,-5.055248118318329006e+07,-4.890438842967948318e+07
1.075831301434422676e+04,-7.233895508597600887e-01,6.176147611310124352e-01,-5.014390848570864648e+07,-4.925568179765354097e+07
1.077243153536042519e+04,-7.281025366809292798e-01,6.129498036998458632e-01,-4.973347706049890071e+07,-4.960364338483896106e+07
1.078655005637662543e+04,-7.327767011900513383e-01,6.082521645737839489e-01,-4.932121028269878775e+07,-4.994827290444856137e+07
1.080066857739282568e+04,-7.374118722719742447e-01,6.035221582278302854e-01,-4.890713136228135228e+07,-5.028957014276597649e+07
1.081478709840902593e+04,-7.420078799942607661e-01,5.987600991537996853e-01,-4.849126334566573054e+07,-5.062753495683488250e+07
1.082890561942522436e+04,-7.465645565918285209e-01,5.939663018537497674e-01,-4.807362911733919382e+07,-5.096216727218850702e+07
1.084302414044142461e+04,-7.510817364517460293e-01,5.891410808336201566e-01,-4.765425140148247778e+07,-5.129346708061949164e+07
1.085714266145762485e+04,-7.555592560981779782e-01,5.842847505970863997e-01,-4.723315276359885186e+07,-5.162143443798876554e+07
1.087126118247382328e+04,-7.599969541774880266e-01,5.793976256396136115e-01,-4.681035561214555800e+07,-5.194606946207378060e+07
1.088537970349002353e+04,-7.643946714434964873e-01,5.744800204427114032e-01,-4.638588220016782731e+07,-5.226737233045507222e+07
1.089949822450622378e+04,-7.687522507428872220e-01,5.695322494683916492e-01,-4.595975462693552673e+07,-5.258534327844035625e+07
1.091361674552242403e+04,-7.730695370007747425e-01,5.645546271538147698e-01,-4.553199483958119899e+07,-5.289998259702629596e+07
1.092773526653862245e+04,-7.773463772064223010e-01,5.595474679061299694e-01,-4.510262463474000245e+07,-5.321129063089685887e+07
1.094185378755482270e+04,-7.815826203991182997e-01,5.545110860974987732e-01,-4.467166566019061208e+07,-5.351926777645812929e+07
1.095597230857102295e+04,-7.857781176542020241e-01,5.494457960603092994e-01,-4.423913941649770737e+07,-5.382391447990851849e+07
1.097009082958722320e+04,-7.899327220692502483e-01,5.443519120825636159e-01,-4.380506725865463167e+07,-5.412523123534458131e+07
1.098420935060342163e+04,-7.940462887504154965e-01,5.392297484034472843e-01,-4.336947039772691578e+07,-5.442321858290136606e+07
1.099832787161962187e+04,-7.981186747989219565e-01,5.340796192090679906e-01,-4.293236990249567479e+07,-5.471787710692720115e+07
1.101244639263582212e+04,-8.021497392977122720e-01,5.289018386283715900e-01,-4.249378670110160112e+07,-5.500920743419188261e+07
1.102656491365202237e+04,-8.061393432982540963e-01,5.236967207292190229e-01,-4.205374158268818259e+07,-5.529721023212852329e+07
1.104068343466822080e+04,-8.100873498074985246e-01,5.184645795146324287e-01,-4.161225519904480129e+07,-5.558188620710793883e+07
1.105480195568442105e+04,-8.139936237749972880e-01,5.132057289191968019e-01,-4.116934806624887884e+07,-5.586323610274560004e+07
1.106892047670062129e+04,-8.178580320801686065e-01,5.079204828056285148e-01,-4.072504056630770862e+07,-5.614126069824007154e+07
1.108303899771682154e+04,-8.216804435197244683e-01,5.026091549614914999e-01,-4.027935294879876077e+07,-5.641596080674322695e+07
1.109715751873301997e+04,-8.254607287952485661e-01,4.972720590960693632e-01,-3.983230533250904828e+07,-5.668733727376117557e+07
1.111127603974922022e+04,-8.291987605009319973e-01,4.919095088373843239e-01,-3.938391770707280934e+07,-5.695539097558594495e+07
1.112539456076542047e+04,-8.328944131114592864e-01,4.865218177293682555e-01,-3.893420993460821360e+07,-5.722012281775685400e+07
1.113951308178162071e+04,-8.365475629700526161e-01,4.811092992291710613e-01,-3.848320175135178119e+07,-5.748153373355185986e+07
1.115363160279781914e+04,-8.401580882766682690e-01,4.756722667046144881e-01,-3.803091276929129660e+07,-5.773962468250793219e+07
1.116775012381401939e+04,-8.437258690763490554e-01,4.702110334317797791e-01,-3.757736247779641300e+07,-5.799439664897040278e+07
1.118186864483021964e+04,-8.472507872477265112e-01,4.647259125927379331e-01,-3.712257024524769187e+07,-5.824585064067037404e+07
1.119598716584641807e+04,-8.507327264916807463e-01,4.592172172734063640e-01,-3.666655532066287100e+07,-5.849398768733037263e+07
1.121010568686261831e+04,-8.541715723201533939e-01,4.536852604615363993e-01,-3.620933683532077819e+07,-5.873880883929756284e+07
1.122422420787881856e+04,-8.575672120451099945e-01,4.481303550448342277e-01,-3.575093380438329279e+07,-5.898031516620387137e+07
1.123834272889501881e+04,-8.609195347676595889e-01,4.425528138092003627e-01,-3.529136512851414084e+07,-5.921850775565320253e+07
1.125246124991121724e+04,-8.642284313673241902e-01,4.369529494370958944e-01,-3.483064959549535811e+07,-5.945338771193484962e+07
1.126657977092741748e+04,-8.674937944914637988e-01,4.313310745060244256e-01,-3.436880588184060901e+07,-5.968495615476314723e+07
1.128069829194361773e+04,-8.707155185448486323e-01,4.256875014871394081e-01,-3.390585255440629274e+07,-5.991321421804241836e+07
1.129481681295981798e+04,-8.738934996793876753e-01,4.200225427439591153e-01,-3.344180807199906185e+07,-6.013816304865758866e+07
1.130893533397601641e+04,-8.770276357840066650e-01,4.143365105311991869e-01,-3.297669078698071465e+07,-6.035980380528949201e+07
1.132305385499221666e+04,-8.801178264746796209e-01,4.086297169937114782e-01,-3.251051894686964527e+07,-6.057813765725494921e+07
1.133717237600841690e+04,-8.831639730846069236e-01,4.029024741655383712e-01,-3.204331069593975693e+07,-6.079316578337080032e+07
1.135129089702461715e+04,-8.861659786545487139e-01,3.971550939690660087e-01,-3.157508407681556419e+07,-6.100488937084211409e+07
1.136540941804081558e+04,-8.891237479233061736e-01,3.913878882142856619e-01,-3.110585703206440434e+07,-6.121330961417376995e+07
1.137952793905701583e+04,-8.920371873183547962e-01,3.856011685981520776e-01,-3.063564740578499809e+07,-6.141842771410546452e+07
1.139364646007321608e+04,-8.949062049466245394e-01,3.797952467040494051e-01,-3.016447294519327208e+07,-6.162024487656933069e+07
1.140776498108941632e+04,-8.977307105854319680e-01,3.739704340013457751e-01,-2.969235130220418051e+07,-6.181876231167041510e+07
1.142188350210561475e+04,-9.005106156735608325e-01,3.681270418450487414e-01,-2.921930003501051292e+07,-6.201398123268930614e+07
1.143600202312181500e+04,-9.032458333024918629e-01,3.622653814755485979e-01,-2.874533660965786129e+07,-6.220590285510685295e+07
1.145012054413801525e+04,-9.059362782077793330e-01,3.563857640184604492e-01,-2.827047840161676332e+07,-6.239452839565034211e+07
1.146423906515421368e+04,-9.085818667605773946e-01,3.504885004845483820e-01,-2.779474269735079631e+07,-6.257985907136126608e+07
1.147835758617041392e+04,-9.111825169593155138e-01,3.445739017697366791e-01,-2.731814669588117674e+07,-6.276189609868416935e+07
1.149247610718661417e+04,-9.137381484215171268e-01,3.386422786552132913e-01,-2.684070751034840941e+07,-6.294064069257611036e+07
1.150659462820281442e+04,-9.162486823757700627e-01,3.326939418076077515e-01,-2.636244216956979781e+07,-6.311609406563690305e+07
1.152071314921901285e+04,-9.187140416538411847e-01,3.267292017792559067e-01,-2.588336761959381402e+07,-6.328825742725946009e+07
1.153483167023521310e+04,-9.211341506829391346e-01,3.207483690085385364e-01,-2.540350072525056452e+07,-6.345713198280027509e+07
1.154895019125141334e+04,-9.235089354781207405e-01,3.147517538203055132e-01,-2.492285827169936150e+07,-6.362271893276942521e+07
1.156306871226761359e+04,-9.258383236348460832e-01,3.087396664263672985e-01,-2.444145696597218513e+07,-6.378501947204027325e+07
1.157718723328381202e+04,-9.281222443216781137e-01,3.027124169260650421e-01,-2.395931343851398677e+07,-6.394403478907827288e+07
1.159130575430001227e+04,-9.303606282731269328e-01,2.966703153069081278e-01,-2.347644424471916258e+07,-6.409976606518889964e+07
1.160542427531621252e+04,-9.325534077826386214e-01,2.906136714452889347e-01,-2.299286586646515504e+07,-6.425221447378409654e+07
1.161954279633241276e+04,-9.347005166957303990e-01,2.845427951072588835e-01,-2.250859471364200488e+07,-6.440138117966745794e+07
1.163366131734861119e+04,-9.368018904032680005e-01,2.784579959493752033e-01,-2.202364712567885220e+07,-6.454726733833760768e+07
1.164777983836481144e+04,-9.388574658348884938e-01,2.723595835196080950e-01,-2.153803937306663394e+07,-6.468987409530968964e+07
1.166189835938101169e+04,-9.408671814525653154e-01,2.662478672583192263e-01,-2.105178765887806937e+07,-6.482920258545459807e+07
1.167601688039721193e+04,-9.428309772443177472e-01,2.601231564992934064e-01,-2.056490812028365582e+07,-6.496525393235596269e+07
1.169013540141341036e+04,-9.447487947180620571e-01,2.539857604708350425e-01,-2.007741683006475121e+07,-6.509802924768447876e+07
1.170425392242961061e+04,-9.466205768956075239e-01,2.478359882969181083e-01,-1.958932979812299088e+07,-6.522752963058957458e+07
1.171837244344581086e+04,-9.484462683067913513e-01,2.416741489984008395e-01,-1.910066297298711166e+07,-6.535375616710790992e+07
1.173249096446201111e+04,-9.502258149837590206e-01,2.355005514942870304e-01,-1.861143224331596121e+07,-6.547670992958891392e+07
1.174660948547820954e+04,-9.519591644553838661e-01,2.293155046030460331e-01,-1.812165343939872459e+07,-6.559639197613681853e+07
1.176072800649440978e+04,-9.536462657418305344e-01,2.231193170439794704e-01,-1.763134233465167880e+07,-6.571280335006931424e+07
1.177484652751061003e+04,-9.552870693492561127e-01,2.169122974386465952e-01,-1.714051464711251482e+07,-6.582594507939226925e+07
1.178896504852680846e+04,-9.568815272646555847e-01,2.106947543123309508e-01,-1.664918604093110375e+07,-6.593581817629076540e+07
1.180308356954300871e+04,-9.584295929508463985e-01,2.044669960955545485e-01,-1.615737212785728648e+07,-6.604242363663602620e+07
1.181720209055920895e+04,-9.599312213415921446e-01,1.982293311256448087e-01,-1.566508846872634999e+07,-6.614576243950805068e+07
1.183132061157540920e+04,-9.613863688368685656e-01,1.919820676483381117e-01,-1.517235057494101860e+07,-6.624583554673394561e+07
1.184543913259160763e+04,-9.627949932982680092e-01,1.857255138194306987e-01,-1.467917390995104238e+07,-6.634264390244172513e+07
1.185955765360780788e+04,-9.641570540445434379e-01,1.794599777064663226e-01,-1.418557389072966389e+07,-6.643618843262945116e+07
1.187367617462400813e+04,-9.654725118472909928e-01,1.731857672904718037e-01,-1.369156588924806565e+07,-6.652647004474945366e+07
1.188779469564020837e+04,-9.667413289267741128e-01,1.669031904677230893e-01,-1.319716523394656926e+07,-6.661348962730769813e+07
1.190191321665640680e+04,-9.679634689478826548e-01,1.606125550515532241e-01,-1.270238721120366827e+07,-6.669724804947802424e+07
1.191603173767260705e+04,-9.691388970162343464e-01,1.543141687741912960e-01,-1.220724706680220924e+07,-6.677774616073118150e+07
1.193015025868880730e+04,-9.702675796744114622e-01,1.480083392886435978e-01,-1.171176000739378668e+07,-6.685498479047843069e+07
1.194426877970500755e+04,-9.713494848983370566e-01,1.416953741705998249e-01,-1.121594120196017064e+07,-6.692896474772977829e+07
1.195838730072120597e+04,-9.723845820937887519e-01,1.353755809203756322e-01,-1.071980578327282332e+07,-6.699968682076656073e+07
1.197250582173740622e+04,-9.733728420930505276e-01,1.290492669648804769e-01,-1.022336884934983961e+07,-6.706715177682839334e+07
1.198662434275360647e+04,-9.743142371517011791e-01,1.227167396596225424e-01,-9.726645464911388233e+06,-6.713136036181421578e+07
1.200074286376980672e+04,-9.752087409455404421e-01,1.163783062907331606e-01,-9.229650662832444534e+06,-6.719231329999750853e+07
1.201486138478600515e+04,-9.760563285676520096e-01,1.100342740770221123e-01,-8.732399445593930781e+06,-6.725001129375548661e+07
1.202897990580220539e+04,-9.768569765256038817e-01,1.036849501720531058e-01,-8.234906786731541157e+06,-6.730445502331222594e+07
1.204309842681840564e+04,-9.776106627387844972e-01,9.733064166625098046e-02,-7.737187632283379324e+06,-6.735564514649549127e+07
1.205721694783460407e+04,-9.783173665358760873e-01,9.097165558902381433e-02,-7.239256902235250920e+06,-6.740358229850740731e+07
1.207133546885080432e+04,-9.789770686524641441e-01,8.460829891090604349e-02,-6.741129491964267567e+06,-6.744826709170876443e+07
1.208545398986700457e+04,-9.795897512287828901e-01,7.824087854572873979e-02,-6.242820273681419902e+06,-6.748970011541679502e+07
1.209957251088320481e+04,-9.801553978075971951e-01,7.186970135279999172e-02,-5.744344097871980630e+06,-6.752788193571658432e+07
1.211369103189940324e+04,-9.806739933322194958e-01,6.549507413910753140e-02,-5.245715794734833762e+06,-6.756281309528581798e+07
1.212780955291560349e+04,-9.811455241446642717e-01,5.911730366153222088e-02,-4.746950175620053895e+06,-6.759449411323294044e+07
1.214192807393180374e+04,-9.815699779839361927e-01,5.273669662908446465e-02,-4.248062034465828910e+06,-6.762292548494863510e+07
1.215604659494800399e+04,-9.819473439844543794e-01,4.635355970514576374e-02,-3.749066149233535398e+06,-6.764810768197052181e+07
1.217016511596420241e+04,-9.822776126746129988e-01,3.996819950972738122e-02,-3.249977283342064358e+06,-6.767004115186108649e+07
1.218428363698040266e+04,-9.825607759754758641e-01,3.358092262173494047e-02,-2.750810187100715004e+06,-6.768872631809876859e+07
1.219840215799660291e+04,-9.827968271996070371e-01,2.719203558125090486e-02,-2.251579599141766317e+06,-6.770416357998219132e+07
1.221252067901280316e+04,-9.829857610500366549e-01,2.080184489181730045e-02,-1.752300247851521242e+06,-6.771635331254743040e+07
1.222663920002900159e+04,-9.831275736193608727e-01,1.441065702273049490e-02,-1.252986852800935972e+06,-6.772529586649839580e+07
1.224075772104520183e+04,-9.832222623889775859e-01,8.018778411337057141e-03,-7.536541261751452694e+05,-6.773099156815019250e+07
1.225487624206140208e+04,-9.832698262284573776e-01,1.626515465342544264e-03,-2.543167742029970977e+05,-6.773344071938544512e+07
1.226899476307760233e+04,-9.832702653950478044e-01,-4.765825434884425789e-03,2.450105014146058238e+05,-6.773264359762372077e+07
1.228311328409380076e+04,-9.832235815333143503e-01,-1.115793793400088330e-02,7.443130020764479414e+05,-6.772860045580379665e+07
1.229723180511000101e+04,-9.831297776749144957e-01,-1.754951569938210248e-02,1.243576030853510369e+06,-6.772131152237896621e+07
1.231135032612620125e+04,-9.829888582385084561e-01,-2.394025241880611346e-02,1.742784891061137896e+06,-6.771077700132520497e+07
1.232546884714240150e+04,-9.828008290298021477e-01,-3.032984179814784964e-02,2.241924884832064621e+06,-6.769699707216238976e+07
1.233958736815859993e+04,-9.825656972417268209e-01,-3.671797755907097588e-02,2.740981311689186841e+06,-6.767997188998836279e+07
1.235370588917480018e+04,-9.822834714547525881e-01,-4.310435343672844311e-02,3.239939467118769418e+06,-6.765970158552597463e+07
1.236782441019100042e+04,-9.819541616373366200e-01,-4.948866317745988924e-02,3.738784641142975539e+06,-6.763618626518316567e+07
1.238194293120719885e+04,-9.815777791465063462e-01,-5.587060053650274444e-02,4.237502116892855614e+06,-6.760942601112590730e+07
1.239606145222339910e+04,-9.811543367285772144e-01,-6.224985927571081296e-02,4.736077169181135483e+06,-6.757942088136418164e+07
1.241017997323959935e+04,-9.806838485200045641e-01,-6.862613316127415264e-02,5.234495063074143603e+06,-6.754617090985101461e+07
1.242429849425579960e+04,-9.801663300483716146e-01,-7.499911596145719672e-02,5.732741052464011125e+06,-6.750967610659450293e+07
1.243841701527199803e+04,-9.796017982335110119e-01,-8.136850144434311372e-02,6.230800378640040755e+06,-6.746993645778296888e+07
1.245253553628819827e+04,-9.789902713887613794e-01,-8.773398337559551452e-02,6.728658268859928474e+06,-6.742695192592313886e+07
1.246665405730439852e+04,-9.783317692223594264e-01,-9.409525551622555106e-02,7.226299934919730760e+06,-6.738072244999158382e+07
1.248077257832059877e+04,-9.776263128389666157e-01,-1.004520116203823088e-01,7.723710571723784320e+06,-6.733124794559927285e+07
1.249489109933679720e+04,-9.768739247413307236e-01,-1.068039454331542182e-01,8.220875355853461660e+06,-6.727852830516937375e+07
1.250900962035299744e+04,-9.760746288320822917e-01,-1.131507506883929759e-01,8.717779444135464728e+06,-6.722256339812839031e+07
1.252312814136919769e+04,-9.752284504156675249e-01,-1.194921211065478051e-01,9.214407972208539024e+06,-6.716335307111065090e+07
1.253724666238539794e+04,-9.743354162004146390e-01,-1.258277503925278873e-01,9.710746053089825436e+06,-6.710089714817617834e+07
1.255136518340159637e+04,-9.733955543007369871e-01,-1.321573322335811707e-01,1.020677877573973127e+07,-6.703519543104204535e+07
1.256548370441779662e+04,-9.724088942394707447e-01,-1.384805602972003225e-01,1.070249120362602733e+07,-6.696624769932728261e+07
1.257960222543399686e+04,-9.713754669503488204e-01,-1.447971282290445860e-01,1.119786837328605726e+07,-6.689405371081145108e+07
1.259372074645019711e+04,-9.702953047806106568e-01,-1.511067296508945001e-01,1.169289529288827255e+07,-6.681861320170686394e+07
1.260783926746639554e+04,-9.691684414937473679e-01,-1.574090581586284066e-01,1.218755694079199247e+07,-6.673992588694463670e+07
1.262195778848259579e+04,-9.679949122723818800e-01,-1.637038073202312372e-01,1.268183826410608180e+07,-6.665799146047452837e+07
1.263607630949879604e+04,-9.667747537212881825e-01,-1.699906706738242845e-01,1.317572417724545300e+07,-6.657280959557889402e+07
1.265019483051499628e+04,-9.655080038705433632e-01,-1.762693417257331641e-01,1.366919956048659794e+07,-6.648437994520056248e+07
1.266431335153119471e+04,-9.641947021788188632e-01,-1.825395139485829765e-01,1.416224925852105767e+07,-6.639270214228496701e+07
1.267843187254739496e+04,-9.628348895368056271e-01,-1.888008807794306632e-01,1.465485807900752686e+07,-6.629777580013643205e+07
1.269255039356359521e+04,-9.614286082707795833e-01,-1.950531356179240894e-01,1.514701079112150520e+07,-6.619960051278901100e+07
1.270666891457979364e+04,-9.599759021463002417e-01,-2.012959718245039276e-01,1.563869212410363555e+07,-6.609817585539168119e+07
1.272078743559599388e+04,-9.584768163720485123e-01,-2.075290827186424270e-01,1.612988676580610126e+07,-6.599350138460813463e+07
1.273490595661219413e+04,-9.569313976038019698e-01,-2.137521615771135197e-01,1.662057936123643443e+07,-6.588557663903144747e+07
1.274902447762839438e+04,-9.553396939485467865e-01,-2.199649016323108053e-01,1.711075451109988615e+07,-6.577440113961345702e+07
1.276314299864459281e+04,-9.537017549687279994e-01,-2.261669960706018390e-01,1.760039677033928037e+07,-6.565997439010922611e+07
1.277726151966079306e+04,-9.520176316866360011e-01,-2.323581380307300215e-01,1.808949064667306095e+07,-6.554229587753657252e+07
1.279138004067699330e+04,-9.502873765889340296e-01,-2.385380206022524596e-01,1.857802059913043678e+07,-6.542136507265095413e+07
1.280549856169319355e+04,-9.485110436313216598e-01,-2.447063368240314507e-01,1.906597103658486903e+07,-6.529718143043571711e+07
1.281961708270939198e+04,-9.466886882433381833e-01,-2.508627796827681555e-01,1.955332631628481299e+07,-6.516974439060793072e+07
1.283373560372559223e+04,-9.448203673333024355e-01,-2.570070421115893122e-01,2.004007074238240719e+07,-6.503905337813988328e+07
1.284785412474179248e+04,-9.429061392933956176e-01,-2.631388169886765271e-01,2.052618856445909292e+07,-6.490510780379662663e+07
1.286197264575799272e+04,-9.409460640048794566e-01,-2.692577971359542133e-01,2.101166397604933754e+07,-6.476790706468941271e+07
1.287609116677419115e+04,-9.389402028434565839e-01,-2.753636753178266283e-01,2.149648111316141486e+07,-6.462745054484544694e+07
1.289020968779039140e+04,-9.368886186847674713e-01,-2.814561442399732827e-01,2.198062405279596150e+07,-6.448373761579392105e+07
1.290432820880659165e+04,-9.347913759100319187e-01,-2.875348965481934749e-01,2.246407681146126986e+07,-6.433676763716882467e+07
1.291844672982279189e+04,-9.326485404118263212e-01,-2.935996248273154974e-01,2.294682334368650243e+07,-6.418653995732834190e+07
1.293256525083899032e+04,-9.304601796000042668e-01,-2.996500216001611872e-01,2.342884754053182900e+07,-6.403305391399127245e+07
1.294668377185519057e+04,-9.282263624077554676e-01,-3.056857793265753132e-01,2.391013322809615731e+07,-6.387630883489051461e+07
1.296080229287139082e+04,-9.259471592978091303e-01,-3.117065904025103640e-01,2.439066416602145880e+07,-6.371630403844407201e+07
1.297492081388758925e+04,-9.236226422687744408e-01,-3.177121471591818347e-01,2.487042404599483684e+07,-6.355303883444345742e+07
1.298903933490378950e+04,-9.212528848616255983e-01,-3.237021418622897384e-01,2.534939649024773762e+07,-6.338651252475982904e+07
1.300315785591998974e+04,-9.188379621663280705e-01,-3.296762667113004586e-01,2.582756505005173013e+07,-6.321672440406826884e+07
1.301727637693618999e+04,-9.163779508286054032e-01,-3.356342138388057617e-01,2.630491320421201736e+07,-6.304367376059009880e+07
1.303139489795238842e+04,-9.138729290568506913e-01,-3.415756753099475906e-01,2.678142435755764693e+07,-6.286735987685369700e+07
1.304551341896858867e+04,-9.113229766291777167e-01,-3.475003431219207961e-01,2.725708183942918107e+07,-6.268778203047382832e+07
1.305963193998478891e+04,-9.087281749006187459e-01,-3.534079092035423697e-01,2.773186890216278657e+07,-6.250493949495011568e+07
1.307375046100098916e+04,-9.060886068104622160e-01,-3.592980654149042774e-01,2.820576871957200393e+07,-6.231883154048436880e+07
1.308786898201718759e+04,-9.034043568897355270e-01,-3.651705035471002336e-01,2.867876438542618230e+07,-6.212945743481744081e+07
1.310198750303338784e+04,-9.006755112688299425e-01,-3.710249153220367413e-01,2.915083891192631051e+07,-6.193681644408553839e+07
1.311610602404958809e+04,-8.979021576852727060e-01,-3.768609923923182392e-01,2.962197522817729786e+07,-6.174090783369667828e+07
1.313022454506578833e+04,-8.950843854916401554e-01,-3.826784263412235654e-01,3.009215617865788937e+07,-6.154173086922701448e+07
1.314434306608198676e+04,-8.922222856636170540e-01,-3.884769086827633555e-01,3.056136452168727294e+07,-6.133928481733770669e+07
1.315846158709818701e+04,-8.893159508081992515e-01,-3.942561308618297011e-01,3.102958292788911983e+07,-6.113356894671233743e+07
1.317258010811438726e+04,-8.863654751720446701e-01,-4.000157842544274089e-01,3.149679397865208238e+07,-6.092458252901550382e+07
1.318669862913058751e+04,-8.833709546499658449e-01,-4.057555601680044033e-01,3.196298016458801925e+07,-6.071232483987241983e+07
1.320081715014678593e+04,-8.803324867935711229e-01,-4.114751498418712794e-01,3.242812388398696110e+07,-6.049679515987017006e+07
1.321493567116298618e+04,-8.772501708200486359e-01,-4.171742444477202771e-01,3.289220744126960263e+07,-6.027799277558063716e+07
1.322905419217918643e+04,-8.741241076211010430e-01,-4.228525350902351820e-01,3.335521304543636367e+07,-6.005591698060581088e+07
1.324317271319538668e+04,-8.709543997720220476e-01,-4.285097128078077522e-01,3.381712280851429701e+07,-5.983056707664522529e+07
1.325729123421158511e+04,-8.677411515409230169e-01,-4.341454685733517893e-01,3.427791874400088191e+07,-5.960194237458635122e+07
1.327140975522778535e+04,-8.644844688981031533e-01,-4.397594932952253455e-01,3.473758276530547440e+07,-5.937004219561778754e+07
1.328552827624398560e+04,-8.611844595255719881e-01,-4.453514778182524059e-01,3.519609668418756872e+07,-5.913486587236618251e+07
1.329964679726018403e+04,-8.578412328267145393e-01,-4.509211129248585359e-01,3.565344220919296890e+07,-5.889641275005655736e+07
1.331376531827638428e+04,-8.544548999361051278e-01,-4.564680893363182723e-01,3.610960094408748299e+07,-5.865468218769665807e+07
1.332788383929258453e+04,-8.510255737294725176e-01,-4.619920977141079299e-01,3.656455438628759980e+07,-5.840967355928597599e+07
1.334200236030878477e+04,-8.475533688338090510e-01,-4.674928286613816431e-01,3.701828392528940737e+07,-5.816138625504915416e+07
1.335612088132498320e+04,-8.440384016376304421e-01,-4.729699727245602059e-01,3.747077084109484404e+07,-5.790981968269466609e+07
1.337023940234118345e+04,-8.404807903013825632e-01,-4.784232203950446460e-01,3.792199630263610184e+07,-5.765497326869871467e+07
1.338435792335738370e+04,-8.368806547680003316e-01,-4.838522621110442068e-01,3.837194136619731784e+07,-5.739684645961526036e+07
1.339847644437358394e+04,-8.332381167736113703e-01,-4.892567882595374451e-01,3.882058697383482754e+07,-5.713543872341185808e+07
1.341259496538978237e+04,-8.295532998583923234e-01,-4.946364891783555096e-01,3.926791395179514587e+07,-5.687074955083224177e+07
1.342671348640598262e+04,-8.258263293775711666e-01,-4.999910551583998108e-01,3.971390300893150270e+07,-5.660277845678561926e+07
1.344083200742218287e+04,-8.220573325125835051e-01,-5.053201764459851475e-01,4.015853473511808366e+07,-5.633152498176360130e+07
1.345495052843838312e+04,-8.182464382823747551e-01,-5.106235432453248846e-01,4.060178959966329485e+07,-5.605698869328448176e+07
1.346906904945458155e+04,-8.143937775548538704e-01,-5.159008457211490262e-01,4.104364794972124696e+07,-5.577916918736580014e+07
1.348318757047078179e+04,-8.104994830584952847e-01,-5.211517740014680600e-01,4.148409000870224833e+07,-5.549806609002521634e+07
1.349730609148698204e+04,-8.065636893940946184e-01,-5.263760181804708616e-01,4.192309587468164414e+07,-5.521367905881064385e+07
1.351142461250318229e+04,-8.025865330466710468e-01,-5.315732683215776966e-01,4.236064551880813390e+07,-5.492600778435930610e+07
1.352554313351938072e+04,-7.985681523975215468e-01,-5.367432144606354427e-01,4.279671878371100128e+07,-5.463505199198681861e+07
1.353966165453558096e+04,-7.945086877364234690e-01,-5.418855466092697970e-01,4.323129538190691918e+07,-5.434081144330618531e+07
1.355378017555178121e+04,-7.904082812739920971e-01,-5.469999547583843658e-01,4.366435489420578629e+07,-5.404328593787777424e+07
1.356789869656797964e+04,-7.862670771541839798e-01,-5.520861288818225132e-01,4.409587676811669022e+07,-5.374247531489002705e+07
1.358201721758417989e+04,-7.820852214669513636e-01,-5.571437589401904145e-01,4.452584031625381857e+07,-5.343837945487166196e+07
1.359613573860038014e+04,-7.778628622610505028e-01,-5.621725348848366499e-01,4.495422471474189311e+07,-5.313099828143615276e+07
1.361025425961658038e+04,-7.736001495569968522e-01,-5.671721466620038843e-01,4.538100900162252784e+07,-5.282033176305826753e+07
1.362437278063277881e+04,-7.692972353601723601e-01,-5.721422842171473011e-01,4.580617207526075840e+07,-5.250637991488368064e+07
1.363849130164897906e+04,-7.649542736740806426e-01,-5.770826374994278973e-01,4.622969269275262952e+07,-5.218914280057172477e+07
1.365260982266517931e+04,-7.605714205137578121e-01,-5.819928964663754201e-01,4.665154946833328158e+07,-5.186862053417236358e+07
1.366672834368137956e+04,-7.561488339193274122e-01,-5.868727510887369325e-01,4.707172087178681791e+07,-5.154481328203703463e+07
1.368084686469757798e+04,-7.516866739697093402e-01,-5.917218913555024606e-01,4.749018522685734183e+07,-5.121772126476460695e+07
1.369496538571377823e+04,-7.471851027964753200e-01,-5.965400072791208208e-01,4.790692070966214687e+07,-5.088734475918231905e+07
1.370908390672997848e+04,-7.426442845978590279e-01,-6.013267889008967471e-01,4.832190534710638970e+07,-5.055368410036294907e+07
1.372320242774617873e+04,-7.380643856529105484e-01,-6.060819262965876364e-01,4.873511701530071348e+07,-5.021673968367790431e+07
1.373732094876237716e+04,-7.334455743358032631e-01,-6.108051095821905863e-01,4.914653343798119575e+07,-4.987651196688732505e+07
1.375143946977857740e+04,-7.287880211302866229e-01,-6.154960289199334911e-01,4.955613218493263423e+07,-4.953300147226732224e+07
1.376555799079477765e+04,-7.240918986442929084e-01,-6.201543745244614270e-01,4.996389067041458935e+07,-4.918620878877547383e+07
1.377967651181097790e+04,-7.193573816246864316e-01,-6.247798366692365324e-01,5.036978615159165859e+07,-4.883613457425429672e+07
1.379379503282717633e+04,-7.145846469721650607e-01,-6.293721056931426139e-01,5.077379572696742415e+07,-4.848277955767390877e+07
1.380791355384337658e+04,-7.097738737563047406e-01,-6.339308720073080217e-01,5.117589633482315391e+07,-4.812614454141388834e+07
1.382203207485957682e+04,-7.049252432307580030e-01,-6.384558261021390235e-01,5.157606475166068226e+07,-4.776623040358562768e+07
1.383615059587577707e+04,-7.000389388485923625e-01,-6.429466585545808854e-01,5.197427759065105021e+07,-4.740303810039478540e+07
1.385026911689197550e+04,-6.951151462777791501e-01,-6.474030600356001086e-01,5.237051130008836836e+07,-4.703656866854516417e+07
1.386438763790817575e+04,-6.901540534168238983e-01,-6.518247213178981481e-01,5.276474216185000539e+07,-4.666682322768399119e+07
1.387850615892437600e+04,-6.851558504105482728e-01,-6.562113332838533930e-01,5.315694628986270726e+07,-4.629380298288995773e+07
1.389262467994057442e+04,-6.801207296660105595e-01,-6.605625869337041767e-01,5.354709962857606262e+07,-4.591750922720365971e+07
1.390674320095677467e+04,-6.750488858685695925e-01,-6.648781733939737038e-01,5.393517795144332200e+07,-4.553794334420146793e+07
1.392086172197297492e+04,-6.699405159980987845e-01,-6.691577839261331206e-01,5.432115685940962285e+07,-4.515510681061384827e+07
1.393498024298917517e+04,-6.647958193453338271e-01,-6.734011099355213803e-01,5.470501177940905839e+07,-4.476900119898778945e+07
1.394909876400537360e+04,-6.596149975283673861e-01,-6.776078429805139081e-01,5.508671796287031472e+07,-4.437962818039473146e+07
1.396321728502157384e+04,-6.543982545092803527e-01,-6.817776747819527250e-01,5.546625048423197865e+07,-4.398698952718397230e+07
1.397733580603777409e+04,-6.491457966109182021e-01,-6.859102972328325887e-01,5.584358423946733028e+07,-4.359108711578296870e+07
1.399145432705397434e+04,-6.438578325338010222e-01,-6.900054024082603599e-01,5.621869394462011009e+07,-4.319192292954418808e+07
1.400557284807017277e+04,-6.385345733731735418e-01,-6.940626825756803786e-01,5.659155413435113430e+07,-4.278949906163983047e+07
1.401969136908637302e+04,-6.331762326361891624e-01,-6.980818302053798385e-01,5.696213916049685329e+07,-4.238381771800450236e+07
1.403380989010257326e+04,-6.277830262592357657e-01,-7.020625379812682754e-01,5.733042319063978642e+07,-4.197488122032728791e+07
1.404792841111877351e+04,-6.223551726253881977e-01,-7.060044988119471565e-01,5.769638020669241250e+07,-4.156269200909273326e+07
1.406204693213497194e+04,-6.168928925819994191e-01,-7.099074058420652422e-01,5.805998400349439681e+07,-4.114725264667230099e+07
1.407616545315117219e+04,-6.113964094584175557e-01,-7.137709524639722636e-01,5.842120818742439896e+07,-4.072856582046623528e+07
1.409028397416737243e+04,-6.058659490838419481e-01,-7.175948323296651443e-01,5.878002617502643913e+07,-4.030663434609732032e+07
1.410440249518357268e+04,-6.003017398052993281e-01,-7.213787393630445299e-01,5.913641119165247679e+07,-3.988146117065614462e+07
1.411852101619977111e+04,-5.947040125057529991e-01,-7.251223677724751848e-01,5.949033627012118697e+07,-3.945304937599932402e+07
1.413263953721597136e+04,-5.890730006223326987e-01,-7.288254120636652456e-01,5.984177424939425290e+07,-3.902140218210069835e+07
1.414675805823217161e+04,-5.834089401646961326e-01,-7.324875670528580018e-01,6.019069777327024937e+07,-3.858652295045703650e+07
1.416087657924837004e+04,-5.777120697335058619e-01,-7.361085278803524146e-01,6.053707928909776360e+07,-3.814841518754780293e+07
1.417499510026457028e+04,-5.719826305390277588e-01,-7.396879900243528150e-01,6.088089104650823027e+07,-3.770708254835018516e+07
1.418911362128077053e+04,-5.662208664198530306e-01,-7.432256493151486731e-01,6.122210509616886824e+07,-3.726252883991048485e+07
1.420323214229697078e+04,-5.604270238617314881e-01,-7.467212019496383135e-01,6.156069328855750710e+07,-3.681475802497152239e+07
1.421735066331316921e+04,-5.546013520165220534e-01,-7.501743445061961335e-01,6.189662727275945246e+07,-3.636377422565752268e+07
1.423146918432936945e+04,-5.487441027212529576e-01,-7.535847739598914297e-01,6.222987849528789520e+07,-3.590958172721654177e+07
1.424558770534556970e+04,-5.428555305172977352e-01,-7.569521876980596087e-01,6.256041819892810285e+07,-3.545218498182191700e+07
1.425970622636176995e+04,-5.369358926696534695e-01,-7.602762835362396610e-01,6.288821742160722613e+07,-3.499158861243231595e+07
1.427382474737796838e+04,-5.309854491863275072e-01,-7.635567597344753432e-01,6.321324699529005587e+07,-3.452779741671190411e+07
1.428794326839416863e+04,-5.250044628378236489e-01,-7.667933150139919496e-01,6.353547754490231723e+07,-3.406081637101060152e+07
1.430206178941036887e+04,-5.189931991767353647e-01,-7.699856485742478940e-01,6.385487948728179932e+07,-3.359065063440604508e+07
1.431618031042656912e+04,-5.129519265574297160e-01,-7.731334601103742044e-01,6.417142303015936166e+07,-3.311730555280664191e+07
1.433029883144276755e+04,-5.068809161558299747e-01,-7.762364498310018179e-01,6.448507817117017508e+07,-3.264078666311741248e+07
1.434441735245896780e+04,-5.007804419892861736e-01,-7.792943184764882236e-01,6.479581469689692557e+07,-3.216109969746844098e+07
1.435853587347516805e+04,-4.946507809365413011e-01,-7.823067673375405651e-01,6.510360218194543570e+07,-3.167825058750761673e+07
1.437265439449136829e+04,-4.884922127577760453e-01,-7.852734982742526348e-01,6.540840998805478960e+07,-3.119224546875704080e+07
1.438677291550756672e+04,-4.823050201147400795e-01,-7.881942137355522071e-01,6.571020726324249804e+07,-3.070309068503470719e+07
1.440089143652376697e+04,-4.760894885909582319e-01,-7.910686167790723644e-01,6.600896294098652154e+07,-3.021079279294134676e+07
1.441500995753996722e+04,-4.698459067120192012e-01,-7.938964110914447092e-01,6.630464573944476992e+07,-2.971535856641406193e+07
1.442912847855616747e+04,-4.635745659659284978e-01,-7.966773010090291152e-01,6.659722416071423888e+07,-2.921679500134608522e+07
1.444324699957236589e+04,-4.572757608235343829e-01,-7.994109915390814614e-01,6.688666649013049901e+07,-2.871510932027428225e+07
1.445736552058856614e+04,-4.509497887590128706e-01,-8.020971883813678982e-01,6.717294079560944438e+07,-2.821030897713424638e+07
1.447148404160476639e+04,-4.445969502704209542e-01,-8.047355979502281986e-01,6.745601492703208327e+07,-2.770240166208456457e+07
1.448560256262096482e+04,-4.382175489002982927e-01,-8.073259273971011840e-01,6.773585651567462087e+07,-2.719139530639965087e+07
1.449972108363716507e+04,-4.318118912563212453e-01,-8.098678846335140014e-01,6.801243297368496656e+07,-2.667729808743227646e+07
1.451383960465336531e+04,-4.253802870320101959e-01,-8.123611783545412468e-01,6.828571149360685050e+07,-2.616011843364693224e+07
1.452795812566956556e+04,-4.189230490274724050e-01,-8.148055180627450378e-01,6.855565904795391858e+07,-2.563986502972334996e+07
1.454207664668576399e+04,-4.124404931701870503e-01,-8.172006140925984763e-01,6.882224238883478940e+07,-2.511654682173176110e+07
1.455619516770196424e+04,-4.059329385358180220e-01,-8.195461776354024952e-01,6.908542804763109982e+07,-2.459017302237961441e+07
1.457031368871816449e+04,-3.994007073690634679e-01,-8.218419207646985303e-01,6.934518233472983539e+07,-2.406075311633133143e+07
1.458443220973436473e+04,-3.928441251045191041e-01,-8.240875564621895633e-01,6.960147133931221068e+07,-2.352829686560026184e+07
1.459855073075056316e+04,-3.862635203875637302e-01,-8.262827986441718675e-01,6.985426092920036614e+07,-2.299281431501439586e+07
1.461266925176676341e+04,-3.796592250952519620e-01,-8.284273621884870042e-01,7.010351675076423585e+07,-2.245431579775545374e+07
1.462678777278296366e+04,-3.730315743572204523e-01,-8.305209629619987322e-01,7.034920422888965905e+07,-2.191281194097292796e+07
1.464090629379916390e+04,-3.663809065765862294e-01,-8.325633178486044894e-01,7.059128856701055169e+07,-2.136831367147211730e+07
1.465502481481536233e+04,-3.597075634508439812e-01,-8.345541447777866662e-01,7.082973474720637500e+07,-2.082083222147765383e+07
1.466914333583156258e+04,-3.530118899927456311e-01,-8.364931627537123271e-01,7.106450753036728501e+07,-2.027037913447206840e+07
1.468326185684776283e+04,-3.462942345511697551e-01,-8.383800918848854922e-01,7.129557145642861724e+07,-1.971696627111092210e+07
1.469738037786396308e+04,-3.395549488319568598e-01,-8.402146534143629664e-01,7.152289084467722476e+07,-1.916060581521338597e+07
1.471149889888016151e+04,-3.327943879187175158e-01,-8.419965697505388258e-01,7.174642979413139820e+07,-1.860131027982973307e+07
1.472561741989636175e+04,-3.260129102935959700e-01,-8.437255644985052205e-01,7.196615218399679661e+07,-1.803909251338520646e+07
1.473973594091256200e+04,-3.192108778579955120e-01,-8.454013624919957115e-01,7.218202167420026660e+07,-1.747396570590163767e+07
1.475385446192876225e+04,-3.123886559532411122e-01,-8.470236898259201341e-01,7.239400170600414276e+07,-1.690594339529563487e+07
1.476797298294496068e+04,-3.055466133811855500e-01,-8.485922738894982054e-01,7.260205550270311534e+07,-1.633503947375469469e+07
1.478209150396116092e+04,-2.986851224247401571e-01,-8.501068433999972029e-01,7.280614607040613890e+07,-1.576126819419054687e+07
1.479621002497736117e+04,-2.918045588683370606e-01,-8.515671284370831540e-01,7.300623619890542328e+07,-1.518464417677104659e+07
1.481032854599355960e+04,-2.849053020182966689e-01,-8.529728604777913059e-01,7.320228846263544261e+07,-1.460518241552933306e+07
1.482444706700975985e+04,-2.779877347231005658e-01,-8.543237724321263160e-01,7.339426522172418237e+07,-1.402289828505097330e+07
1.483856558802596010e+04,-2.710522433935689257e-01,-8.556195986792934915e-01,7.358212862313890457e+07,-1.343780754723983072e+07
1.485268410904216034e+04,-2.640992180229159159e-01,-8.568600751045756247e-01,7.376584060192953050e+07,-1.284992635816121660e+07
1.486680263005835877e+04,-2.571290522066886353e-01,-8.580449391368577539e-01,7.394536288257181644e+07,-1.225927127496349812e+07
1.488092115107455902e+04,-2.501421431625693304e-01,-8.591739297868091763e-01,7.412065698041333258e+07,-1.166585926287716255e+07
1.489503967209075927e+04,-2.431388917500445501e-01,-8.602467876857292639e-01,7.429168420322452486e+07,-1.106970770229244791e+07
1.490915819310695952e+04,-2.361197024899145680e-01,-8.612632551250654078e-01,7.445840565285813808e+07,-1.047083439591382816e+07
1.492327671412315794e+04,-2.290849835836458182e-01,-8.622230760966095309e-01,7.462078222701950371e+07,-9.869257575992364436e+06
1.493739523513935819e+04,-2.220351469325458071e-01,-8.631259963333813845e-01,7.477877462115067244e+07,-9.264995911634745076e+06
1.495151375615555844e+04,-2.149706081567636651e-01,-8.639717633512042916e-01,7.493234333043111861e+07,-8.658068516189914197e+06
1.496563227717175869e+04,-2.078917866140871651e-01,-8.647601264909822172e-01,7.508144865189836919e+07,-8.048494954711389728e+06
1.497975079818795712e+04,-2.007991054185395141e-01,-8.654908369616842734e-01,7.522605068669117987e+07,-7.436295251496076584e+06
1.499386931920415736e+04,-1.936929914587526558e-01,-8.661636478840455400e-01,7.536610934241864085e+07,-6.821489897698158398e+06
1.500798784022035761e+04,-1.865738754161204438e-01,-8.667783143349879760e-01,7.550158433565798402e+07,-6.204099859018790536e+06
1.502210636123655786e+04,-1.794421917827005442e-01,-8.673345933927721907e-01,7.563243519458468258e+07,-5.584146583469413221e+06
1.503622488225275629e+04,-1.722983788788672865e-01,-8.678322441828842937e-01,7.575862126173771918e+07,-4.961652009209279902e+06
1.505034340326895654e+04,-1.651428788706915396e-01,-8.682710279246672602e-01,7.588010169692350924e+07,-4.336638572455521673e+06
1.506446192428515678e+04,-1.579761377870490813e-01,-8.686507079787003649e-01,7.599683548026156425e+07,-3.709129215466226917e+06
1.507858044530135521e+04,-1.507986055364263223e-01,-8.689710498949366757e-01,7.610878141537556052e+07,-3.079147394594144076e+06
1.509269896631755546e+04,-1.436107359234179703e-01,-8.692318214616041594e-01,7.621589813273306191e+07,-2.446717088410782628e+06
1.510681748733375571e+04,-1.364129866649106959e-01,-8.694327927548751722e-01,7.631814409313727915e+07,-1.811862805900629610e+06
1.512093600834995596e+04,-1.292058194059205745e-01,-8.695737361893144390e-01,7.641547759137460589e+07,-1.174609594722841401e+06
1.513505452936615438e+04,-1.219896997350844725e-01,-8.696544265691088516e-01,7.650785676002135873e+07,-5.349830495405395050e+05
1.514917305038235463e+04,-1.147650971997788844e-01,-8.696746411400865240e-01,7.659523957341332734e+07,1.069906795845370507e+05
1.516329157139855488e+04,-1.075324853208657061e-01,-8.696341596425313236e-01,7.667758385178178549e+07,7.512848787320470437e+05
1.517741009241475513e+04,-1.002923416070301693e-01,-8.695327643647989824e-01,7.675484726555983722e+07,1.397872261600811034e+06
1.519152861343095356e+04,-9.304514756871001824e-02,-8.693702401977396743e-01,7.682698733986259997e+07,2.046724960924533429e+06
1.520564713444715380e+04,-8.579138873158771716e-02,-8.691463746899346088e-01,7.689396145914520323e+07,2.697814519828096032e+06
1.521976565546335405e+04,-7.853155464964400867e-02,-8.688609581037505247e-01,7.695572687204234302e+07,3.351111883124804590e+06
1.523388417647955430e+04,-7.126613891773651843e-02,-8.685137834722181926e-01,7.701224069639334083e+07,4.006587388558072969e+06
1.524800269749575273e+04,-6.399563918370093640e-02,-8.681046466567402531e-01,7.706345992445664108e+07,4.664210757988133468e+06
1.526212121851195297e+04,-5.672055715994536729e-02,-8.676333464056328326e-01,7.710934142831762135e+07,5.323951088526805863e+06
1.527623973952815322e+04,-4.944139863453432537e-02,-8.670996844135070436e-01,7.714984196549379826e+07,5.985776843621102162e+06
1.529035826054435347e+04,-4.215867348172496615e-02,-8.665034653814936982e-01,7.718491818474145234e+07,6.649655844089616090e+06
1.530447678156055190e+04,-3.487289567195123868e-02,-8.658444970783163441e-01,7.721452663206779957e+07,7.315555259112698957e+06
1.531859530257675215e+04,-2.758458328122519176e-02,-8.651225904022158408e-01,7.723862375695273280e+07,7.983441597179928795e+06
1.533271382359295239e+04,-2.029425849995036488e-02,-8.643375594437331388e-01,7.725716591878432035e+07,8.653280696996107697e+06
1.534683234460915264e+04,-1.300244764110826054e-02,-8.634892215493497059e-01,7.727010939351229370e+07,9.325037718350222334e+06
1.536095086562535107e+04,-5.709681147812036353e-03,-8.625773973859934829e-01,7.727741038052366674e+07,9.998677132948869839e+06
1.537506938664155132e+04,1.583506399804965759e-03,-8.616019110064097042e-01,7.727902500974474847e+07,1.067416271521815285e+07
1.538918790765775157e+04,8.876576278372398654e-03,-8.605625899154030201e-01,7.727490934897382557e+07,1.135145753307580017e+07
1.540330642867394999e+04,1.616898561577762017e-02,-8.594592651369501457e-01,7.726501941144879162e+07,1.203052393867840990e+07
1.541742494969015024e+04,2.346018738638585427e-02,-8.582917712821870326e-01,7.724931116365399957e+07,1.271132355914646015e+07
1.543154347070635049e+04,3.074963040700013500e-02,-8.570599466182736714e-01,7.722774053337071836e+07,1.339381728726983443e+07
1.544566199172255074e+04,3.803675933360206596e-02,-8.557636331381347494e-01,7.720026341797550023e+07,1.407796527219923027e+07
1.545978051273874917e+04,4.532101465888195568e-02,-8.544026766310818255e-01,7.716683569299079478e+07,1.476372691012590379e+07
1.547389903375494941e+04,5.260183271059368226e-02,-8.529769267543119149e-01,7.712741322089219093e+07,1.545106083495482616e+07
1.548801755477114966e+04,5.987864565074357132e-02,-8.514862371052908108e-01,7.708195186017672718e+07,1.613992490897398815e+07
1.550213607578734991e+04,6.715088147565699550e-02,-8.499304652950134820e-01,7.703040747469647229e+07,1.683027621352597699e+07
1.551625459680354834e+04,7.441796401693294427e-02,-8.483094730221464319e-01,7.697273594326192141e+07,1.752207103968489170e+07
1.553037311781974859e+04,8.167931294332332615e-02,-8.466231261480481329e-01,7.690889316951945424e+07,1.821526487894434854e+07
1.554449163883594883e+04,8.893434376354830695e-02,-8.448712947726693123e-01,7.683883509210726619e+07,1.890981241391998529e+07
1.555861015985214908e+04,9.618246783009276601e-02,-8.430538533113284272e-01,7.676251769509416819e+07,1.960566750907327980e+07
1.557272868086834751e+04,1.034230923439957428e-01,-8.411706805723622171e-01,7.667989701870545745e+07,2.030278320146045089e+07
1.558684720188454776e+04,1.106556203606715444e-01,-8.392216598356460056e-01,7.659092917034021020e+07,2.100111169151291624e+07
1.560096572290074801e+04,1.178794507967752120e-01,-8.372066789319860813e-01,7.649557033588445187e+07,2.170060433385343105e+07
1.561508424391694825e+04,1.250939784381590036e-01,-8.351256303233731693e-01,7.639377679132419825e+07,2.240121162815549225e+07
1.562920276493314668e+04,1.322985939489337293e-01,-8.329784111840988770e-01,7.628550491466273367e+07,2.310288321005051956e+07
1.564332128594934693e+04,1.394926838816747949e-01,-8.307649234827250151e-01,7.617071119814626873e+07,2.380556784209005907e+07
1.565743980696554718e+04,1.466756306887874173e-01,-8.284850740649067902e-01,7.604935226080214977e+07,2.450921340476793796e+07
1.567155832798174561e+04,1.538468127350786918e-01,-8.261387747370573242e-01,7.592138486129365861e+07,2.521376688761065155e+07
1.568567684899794585e+04,1.610056043115574154e-01,-8.237259423508490608e-01,7.578676591109538078e+07,2.591917438034193963e+07
1.569979537001414610e+04,1.681513756504847412e-01,-8.212464988885488371e-01,7.564545248799327016e+07,2.662538106412773579e+07
1.571391389103034635e+04,1.752834929417235454e-01,-8.187003715491711908e-01,7.549740184991310537e+07,2.733233120291040093e+07
1.572803241204654478e+04,1.824013183504026858e-01,-8.160874928354474589e-01,7.534257144908127189e+07,2.803996813483823463e+07
1.574215093306274503e+04,1.895042100359393134e-01,-8.134078006415965678e-01,7.518091894652152061e+07,2.874823426379896700e+07
1.575626945407894527e+04,1.965915221724361117e-01,-8.106612383418935197e-01,7.501240222689154744e+07,2.945707105106366798e+07
1.577038797509514552e+04,2.036626049705039243e-01,-8.078477548800168107e-01,7.483697941366258264e+07,3.016641900705094263e+07
1.578450649611134395e+04,2.107168047005279765e-01,-8.049673048591701185e-01,7.465460888464580476e+07,3.087621768321831897e+07
1.579862501712754420e+04,2.177534637174212140e-01,-8.020198486329596088e-01,7.446524928786860406e+07,3.158640566409044340e+07
1.581274353814374444e+04,2.247719204868835752e-01,-7.990053523970214178e-01,7.426885955780421197e+07,3.229692055943140388e+07
1.582686205915994469e+04,2.317715096132188790e-01,-7.959237882813767762e-01,7.406539893195743859e+07,3.300769899657203257e+07
1.584098058017614312e+04,2.387515618687282848e-01,-7.927751344435053360e-01,7.385482696780979633e+07,3.371867661289995909e+07
1.585509910119234337e+04,2.457114042247257046e-01,-7.895593751621173828e-01,7.363710356012639403e+07,3.442978804852302372e+07
1.586921762220854362e+04,2.526503598841944864e-01,-7.862765009316139420e-01,7.341218895862784982e+07,3.514096693911430985e+07
1.588333614322474386e+04,2.595677483161383803e-01,-7.829265085572083560e-01,7.318004378602905571e+07,3.585214590895056725e+07
1.589745466424094229e+04,2.664628852916465784e-01,-7.795094012506990078e-01,7.294062905644756556e+07,3.656325656415280700e+07
1.591157318525714254e+04,2.733350829217196520e-01,-7.760251887268662108e-01,7.269390619418339431e+07,3.727422948614063114e+07
1.592569170627334279e+04,2.801836496968756474e-01,-7.724738873004816098e-01,7.243983705287262797e+07,3.798499422530946881e+07
1.593981022728954304e+04,2.870078905285911031e-01,-7.688555199838985610e-01,7.217838393501597643e+07,3.869547929494354874e+07
1.595392874830574146e+04,2.938071067925973057e-01,-7.651701165852079489e-01,7.190950961188426614e+07,3.940561216537432373e+07
1.596804726932194171e+04,3.005805963740777464e-01,-7.614177138069309070e-01,7.163317734380181134e+07,4.011531925839684159e+07
1.598216579033814196e+04,3.073276537147898169e-01,-7.575983553452302344e-01,7.134935090080922842e+07,4.082452594195427001e+07
1.599628431135434039e+04,3.140475698621618683e-01,-7.537120919896062032e-01,7.105799458370590210e+07,4.153315652510429919e+07
1.601040283237054064e+04,3.207396325203939469e-01,-7.497589817230535525e-01,7.075907324547283351e+07,4.224113425327862054e+07
1.602452135338674088e+04,3.274031261035907359e-01,-7.457390898226562426e-01,7.045255231307671964e+07,4.294838130384719372e+07
1.603863987440294113e+04,3.340373317909789419e-01,-7.416524889605804471e-01,7.013839780965432525e+07,4.365481878200154006e+07
1.605275839541913956e+04,3.406415275842308299e-01,-7.374992593054441326e-01,6.981657637707760930e+07,4.436036671696858108e+07
1.606687691643533981e+04,3.472149883669405912e-01,-7.332794886240239229e-01,6.948705529889851809e+07,4.506494405856909603e+07
1.608099543745154006e+04,3.537569859662756944e-01,-7.289932723832763806e-01,6.914980252367314696e+07,4.576846867413276434e+07
1.609511395846774030e+04,3.602667892168551211e-01,-7.246407138526268499e-01,6.880478668866324425e+07,4.647085734578511119e+07
1.610923247948393873e+04,3.667436640268782466e-01,-7.202219242064998861e-01,6.845197714391408861e+07,4.717202576811865717e+07
1.612335100050013898e+04,3.731868734465472737e-01,-7.157370226270470814e-01,6.809134397670634091e+07,4.787188854626341164e+07
1.613746952151633923e+04,3.795956777388080905e-01,-7.111861364070435343e-01,6.772285803638027608e+07,4.857035919436936826e+07
1.615158804253253948e+04,3.859693344524586789e-01,-7.065694010529022240e-01,6.734649095952869952e+07,4.926735013451729715e+07
1.616570656354873790e+04,3.923070984976474995e-01,-7.018869603877729846e-01,6.696221519555632025e+07,4.996277269607093930e+07
1.617982508456493815e+04,3.986082222238068740e-01,-6.971389666546781161e-01,6.657000403260142356e+07,5.065653711548650265e+07
1.619394360558113840e+04,4.048719555000404591e-01,-6.923255806196499940e-01,6.616983162381673604e+07,5.134855253659298271e+07
1.620806212659733865e+04,4.110975457980165504e-01,-6.874469716748133896e-01,6.576167301400411874e+07,5.203872701136028022e+07
1.622218064761353708e+04,4.172842382773866987e-01,-6.825033179413740880e-01,6.534550416659910977e+07,5.272696750116901100e+07
1.623629916862973732e+04,4.234312758737718285e-01,-6.774948063724617331e-01,6.492130199099935591e+07,5.341317987859853357e+07
1.625041768964593757e+04,4.295378993893356201e-01,-6.724216328557838240e-01,6.448904437023207545e+07,5.409726892974745482e+07
1.626453621066213600e+04,4.356033475859920623e-01,-6.672840023160292455e-01,6.404871018895328045e+07,5.477913835710406303e+07
1.627865473167833625e+04,4.416268572812704352e-01,-6.620821288169748131e-01,6.360027936177244782e+07,5.545869078298175335e+07
1.629277325269453650e+04,4.476076634468619808e-01,-6.568162356632458732e-01,6.314373286189587414e+07,5.613582775353477150e+07
1.630689177371073674e+04,4.535449993098918942e-01,-6.514865555016633447e-01,6.267905275007988513e+07,5.681044974337199330e+07
1.632101029472693517e+04,4.594380964569335646e-01,-6.460933304221306850e-01,6.220622220388634503e+07,5.748245616078358889e+07
1.633512881574313542e+04,4.652861849408024275e-01,-6.406368120579937209e-01,6.172522554723091424e+07,5.815174535359793901e+07
1.634924733675933567e+04,4.710884933901440808e-01,-6.351172616858241637e-01,6.123604828021549433e+07,5.881821461568372697e+07
1.636336585777553591e+04,4.768442491218587431e-01,-6.295349503245517564e-01,6.073867710923352093e+07,5.948176019411543757e+07
1.637748437879173434e+04,4.825526782563741013e-01,-6.238901588338924276e-01,6.023309997733842582e+07,6.014227729701721668e+07
1.639160289980793459e+04,4.882130058358016833e-01,-6.181831780119986242e-01,5.971930609486316890e+07,6.079966010210268945e+07
1.640572142082413484e+04,4.938244559449864179e-01,-6.124143086922780865e-01,5.919728597027993947e+07,6.145380176592573524e+07
1.641983994184033509e+04,4.993862518354861835e-01,-6.065838618392983550e-01,5.866703144128614664e+07,6.210459443386042863e+07
1.643395846285653533e+04,5.048976160524927259e-01,-6.006921586437167226e-01,5.812853570610444248e+07,6.275192925082523376e+07
1.644807698387273558e+04,5.103577705647162066e-01,-5.947395306161633588e-01,5.758179335498245060e+07,6.339569637276831269e+07
1.646219550488893219e+04,5.157659368972500324e-01,-5.887263196800038845e-01,5.702680040187785774e+07,6.403578497892992198e+07
1.647631402590513244e+04,5.211213362674406158e-01,-5.826528782629007974e-01,5.646355431631271541e+07,6.467208328489908576e+07
1.649043254692133269e+04,5.264231897237582336e-01,-5.765195693871194571e-01,5.589205405538317561e+07,6.530447855647806823e+07
1.650455106793753293e+04,5.316707182877076221e-01,-5.703267667584711598e-01,5.531230009590505809e+07,6.593285712437380105e+07
1.651866958895373318e+04,5.368631430987724773e-01,-5.640748548538391249e-01,5.472429446668005735e+07,6.655710439972954243e+07
1.653278810996993343e+04,5.419996855624109600e-01,-5.577642290071948006e-01,5.412804078086358309e+07,6.717710489051322639e+07
1.654690663098613368e+04,5.470795675011091985e-01,-5.513952954940284368e-01,5.352354426841551065e+07,6.779274221877759695e+07
1.656102515200233393e+04,5.521020113085023384e-01,-5.449684716141075524e-01,5.291081180861432850e+07,6.840389913880720735e+07
1.657514367301853054e+04,5.570662401065632485e-01,-5.384841857724833591e-01,5.228985196261436492e+07,6.901045755616684258e+07
1.658926219403473078e+04,5.619714779058722076e-01,-5.319428775586465541e-01,5.166067500602416694e+07,6.961229854766671360e+07
1.660338071505093103e+04,5.668169497689481418e-01,-5.253449978237731965e-01,5.102329296148648858e+07,7.020930238225625455e+07
1.661749923606713128e+04,5.716018819766678360e-01,-5.186910087559367666e-01,5.037771963123415411e+07,7.080134854286326468e+07
1.663161775708333153e+04,5.763255021977468084e-01,-5.119813839532222355e-01,4.972397062960071117e+07,7.138831574918952584e+07
1.664573627809953177e+04,5.809870396612893950e-01,-5.052166084946423386e-01,4.906206341546086222e+07,7.197008198147663474e+07
1.665985479911573202e+04,5.855857253323932810e-01,-4.983971790087642906e-01,4.839201732457585633e+07,7.254652450525438786e+07
1.667397332013192863e+04,5.901207920908023707e-01,-4.915236037399552949e-01,4.771385360181837529e+07,7.311751989708344638e+07
1.668809184114812888e+04,5.945914749125985610e-01,-4.845964026121432067e-01,4.702759543324936181e+07,7.368294407130469382e+07
1.670221036216432913e+04,5.989970110549016624e-01,-4.776161072900216298e-01,4.633326797802224755e+07,7.424267230780386925e+07
1.671632888318052937e+04,6.033366402435824671e-01,-4.705832612375696056e-01,4.563089840008307993e+07,7.479657928080463409e+07
1.673044740419672962e+04,6.076096048639508806e-01,-4.634984197738130085e-01,4.492051589964045584e+07,7.534453908869759738e+07
1.674456592521292987e+04,6.118151501544033533e-01,-4.563621501257206781e-01,4.420215174437470734e+07,7.588642528491500020e+07
1.675868444622913012e+04,6.159525244030022995e-01,-4.491750314781363107e-01,4.347583930035636574e+07,7.642211090985928476e+07
1.677280296724533036e+04,6.200209791469581955e-01,-4.419376550206476351e-01,4.274161406264286488e+07,7.695146852389301360e+07
1.678692148826152697e+04,6.240197693749819363e-01,-4.346506239912931724e-01,4.199951368552206457e+07,7.747437024139659107e+07
1.680104000927772722e+04,6.279481537324785867e-01,-4.273145537169954489e-01,4.124957801236909628e+07,7.799068776590074599e+07
1.681515853029392747e+04,6.318053947295293460e-01,-4.199300716506456643e-01,4.049184910508626699e+07,7.850029242629657686e+07
1.682927705131012772e+04,6.355907589516407441e-01,-4.124978174047020385e-01,3.972637127308849245e+07,7.900305521413014829e+07
1.684339557232632797e+04,6.393035172732015603e-01,-4.050184427812257293e-01,3.895319110180276632e+07,7.949884682198271155e+07
1.685751409334252821e+04,6.429429450736063867e-01,-3.974926117982422458e-01,3.817235748064541072e+07,7.998753768293975294e+07
1.687163261435872846e+04,6.465083224559934338e-01,-3.899210007123258825e-01,3.738392163044167310e+07,8.046899801114977896e+07
1.688575113537492507e+04,6.499989344685404014e-01,-3.823042980373070332e-01,3.658793713025167584e+07,8.094309784347313643e+07
1.689986965639112532e+04,6.534140713282690083e-01,-3.746432045589883075e-01,3.578445994356459379e+07,8.140970708222045004e+07
1.691398817740732557e+04,6.567530286472798018e-01,-3.669384333457946790e-01,3.497354844382682443e+07,8.186869553897698224e+07
1.692810669842352581e+04,6.600151076613727241e-01,-3.591907097552173300e-01,3.415526343926215917e+07,8.231993297951212525e+07
1.694222521943972606e+04,6.631996154609706151e-01,-3.514007714359778656e-01,3.332966819694870338e+07,8.276328916976781189e+07
1.695634374045592631e+04,6.663058652242800362e-01,-3.435693683257999287e-01,3.249682846611250564e+07,8.319863392292083800e+07
1.697046226147212656e+04,6.693331764526101457e-01,-3.356972626446885766e-01,3.165681250059886277e+07,8.362583714751227200e+07
1.698458078248832680e+04,6.722808752077740202e-01,-3.277852288836174410e-01,3.080969108048174530e+07,8.404476889663554728e+07
1.699869930350452341e+04,6.751482943514850454e-01,-3.198340537885265289e-01,2.995553753277163580e+07,8.445529941817367077e+07
1.701281782452072366e+04,6.779347737866675550e-01,-3.118445363395191405e-01,2.909442775118020922e+07,8.485729920607523620e+07
1.702693634553692391e+04,6.806396607005795740e-01,-3.038174877251919592e-01,2.822644021490471438e+07,8.525063905265524983e+07
1.704105486655312416e+04,6.832623098096670677e-01,-2.957537313119605882e-01,2.735165600638696551e+07,8.563519010190914571e+07
1.705517338756932440e+04,6.858020836060417791e-01,-2.876541026083166974e-01,2.647015882800941914e+07,8.601082390382312238e+07
1.706929190858552465e+04,6.882583526054824041e-01,-2.795194492239114759e-01,2.558203501768603176e+07,8.637741246966461837e+07
1.708341042960172490e+04,6.906304955968541881e-01,-2.713506308233750719e-01,2.468737356330716610e+07,8.673482832823458314e+07
1.709752895061792515e+04,6.929178998928358091e-01,-2.631485190747830938e-01,2.378626611599750072e+07,8.708294458306160569e+07
1.711164747163412176e+04,6.951199615818396405e-01,-2.549139975926833501e-01,2.287880700214624777e+07,8.742163497051639855e+07
1.712576599265032200e+04,6.972360857810100399e-01,-2.466479618755856307e-01,2.196509323416740075e+07,8.775077391882409155e+07
1.713988451366652225e+04,6.992656868901704348e-01,-2.383513192378610146e-01,2.104522451995288208e+07,8.807023660794836283e+07
1.715400303468272250e+04,7.012081888466049628e-01,-2.300249887359293866e-01,2.011930327097344026e+07,8.837989903032279015e+07
1.716812155569892275e+04,7.030630253805358887e-01,-2.216699010886862831e-01,1.918743460899066925e+07,8.867963805240011215e+07
1.718224007671512300e+04,7.048296402711684561e-01,-2.132869985920819722e-01,1.824972637133895606e+07,8.896933147699031234e+07
1.719635859773132324e+04,7.065074876031652851e-01,-2.048772350277811016e-01,1.730628911473822221e+07,8.924885810635593534e+07
1.721047711874751985e+04,7.080960320234088723e-01,-1.964415755658356355e-01,1.635723611759884842e+07,8.951809780603165925e+07
1.722459563976372010e+04,7.095947489979110845e-01,-1.879809966612909500e-01,1.540268338077900186e+07,8.977693156933364272e+07
1.723871416077992035e+04,7.110031250687158799e-01,-1.794964859446946392e-01,1.444274962676036730e+07,9.002524158252117038e+07
1.725283268179612060e+04,7.123206581106518165e-01,-1.709890421064045318e-01,1.347755629720045440e+07,9.026291129057379067e+07
1.726695120281232084e+04,7.135468575877741415e-01,-1.624596747746725189e-01,1.250722754882894829e+07,9.048982546354296803e+07
1.728106972382852109e+04,7.146812448093392556e-01,-1.539094043874385254e-01,1.153189024765133671e+07,9.070587026343698800e+07
1.729518824484472134e+04,7.157233531851525665e-01,-1.453392620577890204e-01,1.055167396142568998e+07,9.091093331159590185e+07
1.730930676586092159e+04,7.166727284801218678e-01,-1.367502894330356045e-01,9.566710950379196554e+06,9.110490375651125610e+07
1.732342528687711820e+04,7.175289290678514842e-01,-1.281435385473758959e-01,8.577136156132461503e+06,9.128767234204410017e+07
1.733754380789331844e+04,7.182915261831053222e-01,-1.195200716680887565e-01,7.583087188798898831e+06,9.145913147599305212e+07
1.735166232890951869e+04,7.189601041729635211e-01,-1.108809611352656044e-01,6.584704312233204953e+06,9.161917529896181822e+07
1.736578084992571894e+04,7.195342607465007312e-01,-1.022272891950084528e-01,5.582130427395253442e+06,9.176769975347550213e+07
1.737989937094191919e+04,7.200136072228029427e-01,-9.356014782610617975e-02,4.575511053806110285e+06,9.190460265329182148e+07
1.739401789195811944e+04,7.203977687771434546e-01,-8.488063856016049569e-02,3.564994309068997391e+06,9.202978375285284221e+07
1.740813641297431968e+04,7.206863846851340183e-01,-7.618987229515288007e-02,2.550730886431353167e+06,9.214314481682087481e+07
1.742225493399051993e+04,7.208791085646649721e-01,-6.748896910244733816e-02,1.532874030365564395e+06,9.224458968964087963e+07
1.743637345500671654e+04,7.209756086154467392e-01,-5.877905802723162876e-02,5.115795101478944998e+05,9.233402436507026851e+07
1.745049197602291679e+04,7.209755678559620629e-01,-5.006127688238910106e-02,-5.129944085848999675e+05,9.241135705561566353e+07
1.746461049703911704e+04,7.208786843576384662e-01,-4.133677203584687487e-02,-1.540686994314370444e+06,9.247649826181447506e+07
1.747872901805531728e+04,7.206846714760469785e-01,-3.260669819137279601e-02,-2.571335082174968440e+06,9.252936084129865468e+07
1.749284753907151753e+04,7.203932580789333961e-01,-2.387221816287857235e-02,-3.604773108553579543e+06,9.256986007757595181e+07
1.750696606008771778e+04,7.200041887708861221e-01,-1.513450264224534304e-02,-4.640833147766562179e+06,9.259791374846334755e+07
1.752108458110391803e+04,7.195172241144442982e-01,-6.394729960709783466e-03,-5.679344950822872110e+06,9.261344219410616159e+07
1.753520310212011464e+04,7.189321408474487196e-01,2.345914156144575293e-03,-6.720135986279604957e+06,9.261636838451519608e+07
1.754932162313631488e+04,7.182487320964382471e-01,1.108623683975571914e-02,-7.763031483195867389e+06,9.260661798655354977e+07
1.756344014415251513e+04,7.174668075858936511e-01,1.982503833622218520e-02,-8.807854476182911545e+06,9.258411943030364811e+07
1.757755866516871538e+04,7.165861938431301592e-01,2.856111227019602142e-02,-9.854425852555412799e+06,9.254880397474458814e+07
1.759167718618491563e+04,7.156067343986421969e-01,3.729324591492748364e-02,-1.090256440157693438e+07,9.250060577266883850e+07
1.760579570720111587e+04,7.145282899817005928e-01,4.602022046839979175e-02,-1.195208686579567939e+07,9.243946193476708233e+07
1.761991422821731612e+04,7.133507387110080700e-01,5.474081133546981892e-02,-1.300280799446222372e+07,9.236531259280928969e+07
1.763403274923351637e+04,7.120739762802142936e-01,6.345378841592606844e-02,-1.405454059901852347e+07,9.227810096184979379e+07
1.764815127024971298e+04,7.106979161380984067e-01,7.215791639836600935e-02,-1.510709561064455099e+07,9.217777340138387680e+07
1.766226979126591323e+04,7.092224896632212117e-01,8.085195505980410924e-02,-1.616028213984811120e+07,9.206427947538298368e+07
1.767638831228211347e+04,7.076476463328624789e-01,8.953465957086735594e-02,-1.721390753807493299e+07,9.193757201113612950e+07
1.769050683329831372e+04,7.059733538860453184e-01,9.820478080650722752e-02,-1.826777746132285893e+07,9.179760715682421625e+07
1.770462535431451397e+04,7.041995984804650943e-01,1.068610656620714028e-01,-1.932169593573161960e+07,9.164434443775503337e+07
1.771874387533071422e+04,7.023263848431353651e-01,1.155022573746188608e-01,-2.037546542512261495e+07,9.147774681118635833e+07
1.773286239634691447e+04,7.003537364145697719e-01,1.241270958493394111e-01,-2.142888690045829862e+07,9.129778071966521442e+07
1.774698091736311471e+04,6.982816954863190206e-01,1.327343179909343807e-01,-2.248175991118824109e+07,9.110441614281171560e+07
1.776109943837931132e+04,6.961103233316868755e-01,1.413226580398058430e-01,-2.353388265844578296e+07,9.089762664747677743e+07
1.777521795939551157e+04,6.938397003294509702e-01,1.498908479129113236e-01,-2.458505207005824149e+07,9.067738943620298803e+07
1.778933648041171182e+04,6.914699260804243464e-01,1.584376175490868066e-01,-2.563506387732504681e+07,9.044368539392037690e+07
1.780345500142791207e+04,6.890011195166859670e-01,1.669616952587129888e-01,-2.668371269352488592e+07,9.019649913280741870e+07
1.781757352244411231e+04,6.864334190033227756e-01,1.754618080775149636e-01,-2.773079209410053492e+07,8.993581903525114059e+07
1.783169204346031256e+04,6.837669824325287582e-01,1.839366821243261785e-01,-2.877609469847302139e+07,8.966163729483976960e+07
1.784581056447651281e+04,6.810019873099061316e-01,1.923850429626255965e-01,-2.981941225343200564e+07,8.937394995532347262e+07
1.785992908549270942e+04,6.781386308328263279e-01,2.008056159656515238e-01,-3.086053571804659069e+07,8.907275694748015702e+07
1.787404760650890967e+04,6.751771299607040033e-01,2.091971266849038946e-01,-3.189925535003988072e+07,8.875806212382420897e+07
1.788816612752510991e+04,6.721177214770596153e-01,2.175583012217966183e-01,-3.293536079356236383e+07,8.842987329109966755e+07
1.790228464854131016e+04,6.689606620432283490e-01,2.258878666022911541e-01,-3.396864116830593348e+07,8.808820224049824476e+07
1.791640316955751041e+04,6.657062282436011502e-01,2.341845511542615943e-01,-3.499888515988845378e+07,8.773306477554745972e+07
1.793052169057371066e+04,6.623547166222784055e-01,2.424470848873818696e-01,-3.602588111144189537e+07,8.736448073761454225e+07
1.794464021158991090e+04,6.589064437110253580e-01,2.506741998753050926e-01,-3.704941711633279920e+07,8.698247402897445858e+07
1.795875873260611115e+04,6.553617460484264523e-01,2.588646306399035035e-01,-3.806928111194170266e+07,8.658707263339291513e+07
1.797287725362230776e+04,6.517209801901441280e-01,2.670171145373291255e-01,-3.908526097442576289e+07,8.617830863417744637e+07
1.798699577463850801e+04,6.479845227101848071e-01,2.751303921456679791e-01,-4.009714461438826472e+07,8.575621822965167463e+07
1.800111429565470826e+04,6.441527701931074601e-01,2.832032076539097165e-01,-4.110472007337139547e+07,8.532084174601267278e+07
1.801523281667090851e+04,6.402261392170788268e-01,2.912343092520272569e-01,-4.210777562109562010e+07,8.487222364753051102e+07
1.802935133768710875e+04,6.362050663277261098e-01,2.992224495218813174e-01,-4.310609985335806012e+07,8.441041254405540228e+07
1.804346985870330900e+04,6.320900080027208601e-01,3.071663858287072002e-01,-4.409948179050607234e+07,8.393546119579888880e+07
1.805758837971950925e+04,6.278814406070458709e-01,3.150648807129232121e-01,-4.508771097639861703e+07,8.344742651535910368e+07
1.807170690073570586e+04,6.235798603389037797e-01,3.229167022819968147e-01,-4.607057757776656747e+07,8.294636956696331501e+07
1.808582542175190611e+04,6.191857831662288536e-01,3.307206246021173746e-01,-4.704787248388347030e+07,8.243235556290338933e+07
1.809994394276810635e+04,6.146997447537907444e-01,3.384754280893788603e-01,-4.801938740645171702e+07,8.190545385714563727e+07
1.811406246378430660e+04,6.101223003808553536e-01,3.461798999002455579e-01,-4.898491497961667925e+07,8.136573793609547615e+07
1.812818098480050685e+04,6.054540248494090227e-01,3.538328343210018212e-01,-4.994424886001168936e+07,8.081328540650527179e+07
1.814229950581670710e+04,6.006955123829423870e-01,3.614330331559267862e-01,-5.089718382674104720e+07,8.024817798051431775e+07
1.815641802683290734e+04,5.958473765158052160e-01,3.689793061139220454e-01,-5.184351588120578229e+07,7.967050145781457424e+07
1.817053654784910759e+04,5.909102499731511138e-01,3.764704711933202774e-01,-5.278304234667665511e+07,7.908034570493911207e+07
1.818465506886530420e+04,5.858847845415021682e-01,3.839053550646016610e-01,-5.371556196751814336e+07,7.847780463167387247e+07
1.819877358988150445e+04,5.807716509299625240e-01,3.912827934507578931e-01,-5.464087500796860456e+07,7.786297616459614038e+07
1.821289211089770470e+04,5.755715386221483820e-01,3.986016315050049941e-01,-5.555878335037662089e+07,7.723596221774974465e+07
1.822701063191390494e+04,5.702851557188622911e-01,4.058607241856123093e-01,-5.646909059280201793e+07,7.659686866046558321e+07
1.824112915293010519e+04,5.649132287715969980e-01,4.130589366275514984e-01,-5.737160214588185400e+07,7.594580528234475851e+07
1.825524767394630544e+04,5.594565026069352465e-01,4.201951445107092731e-01,-5.826612532886698097e+07,7.528288575542251766e+07
1.826936619496250569e+04,5.539157401419279037e-01,4.272682344243973196e-01,-5.915246946473370492e+07,7.460822759353548288e+07
1.828348471597870594e+04,5.482917221905443395e-01,4.342771042278963933e-01,-6.003044597427600622e+07,7.392195210891854763e+07
1.829760323699490255e+04,5.425852472612950894e-01,4.412206634067731281e-01,-6.089986846908423305e+07,7.322418436606138945e+07
1.831172175801110279e+04,5.367971313461297189e-01,4.480978334247226469e-01,-6.176055284331892431e+07,7.251505313285690546e+07
1.832584027902730304e+04,5.309282077007475564e-01,4.549075480706569752e-01,-6.261231736418470740e+07,7.179469082908146083e+07
1.833995880004350329e+04,5.249793266164204386e-01,4.616487538008245406e-01,-6.345498276101848483e+07,7.106323347224375606e+07
1.835407732105970354e+04,5.189513551834844529e-01,4.683204100756876986e-01,-6.428837231289955229e+07,7.032082062084916234e+07
1.836819584207590378e+04,5.128451770466349036e-01,4.749214896913280803e-01,-6.511231193469581008e+07,6.956759531512574852e+07
1.838231436309210403e+04,5.066616921521771566e-01,4.814509791051392318e-01,-6.592663026146025956e+07,6.880370401526311040e+07
1.839643288410830064e+04,5.004018164873965668e-01,4.879078787555746755e-01,-6.673115873109386116e+07,6.802929653721825778e+07
1.841055140512450089e+04,4.940664818122030288e-01,4.942912033757322909e-01,-6.752573166519449651e+07,6.724452598614455760e+07
1.842466992614070114e+04,4.876566353832508249e-01,5.005999823005307103e-01,-6.831018634800936282e+07,6.644954868750720471e+07
1.843878844715690138e+04,4.811732396706830950e-01,5.068332597672938755e-01,-6.908436310341785848e+07,6.564452411594454944e+07
1.845290696817310163e+04,4.746172720677158674e-01,5.129900952095101108e-01,-6.984810536986707151e+07,6.482961482194469869e+07
1.846702548918930188e+04,4.679897245932471139e-01,5.190695635435724764e-01,-7.060125977318902314e+07,6.400498635640525818e+07
1.848114401020550213e+04,4.612916035876966636e-01,5.250707554483026174e-01,-7.134367619722990692e+07,6.317080719314825535e+07
1.849526253122170237e+04,4.545239294022866972e-01,5.309927776370679808e-01,-7.207520785222461820e+07,6.232724864946469665e+07
1.850938105223789898e+04,4.476877360819792040e-01,5.368347531223092162e-01,-7.279571134085255861e+07,6.147448480476585776e+07
1.852349957325409923e+04,4.407840710422832320e-01,5.425958214723115569e-01,-7.350504672191512585e+07,6.061269241741920263e+07
1.853761809427029948e+04,4.338139947401843388e-01,5.482751390600300034e-01,-7.420307757157418132e+07,5.974205083985365927e+07
1.855173661528649973e+04,4.267785803393941979e-01,5.538718793038392985e-01,-7.488967104210080206e+07,5.886274193201334029e+07
1.856585513630269998e+04,4.196789133701842589e-01,5.593852329000333912e-01,-7.556469791808025539e+07,5.797494997324845195e+07
1.857997365731890022e+04,4.125160913840353882e-01,5.648144080469422734e-01,-7.622803267002619803e+07,5.707886157272928208e+07
1.859409217833510047e+04,4.052912236033512361e-01,5.701586306605262999e-01,-7.687955350535963476e+07,5.617466557847227901e+07
1.860821069935130072e+04,3.980054305664867953e-01,5.754171445813232033e-01,-7.751914241671130061e+07,5.526255298506864160e+07
1.862232922036749733e+04,3.906598437683477254e-01,5.805892117726294543e-01,-7.814668522750993073e+07,5.434271684020726383e+07
1.863644774138369758e+04,3.832556052968077998e-01,5.856741125098108292e-01,-7.876207163482329249e+07,5.341535215008348972e+07
1.865056626239989782e+04,3.757938674652325783e-01,5.906711455606258321e-01,-7.936519524941930175e+07,5.248065578379113972e+07
1.866468478341609807e+04,3.682757924413355699e-01,5.955796283564938065e-01,-7.995595363302361965e+07,5.153882637678775936e+07
1.867880330443229832e+04,3.607025518726610369e-01,6.003988971546062592e-01,-8.053424833274824917e+07,5.059006423353219777e+07
1.869292182544849857e+04,3.530753265089501824e-01,6.051283071908163391e-01,-8.109998491267281771e+07,4.963457122938902676e+07
1.870704034646469881e+04,3.453953058216611138e-01,6.097672328232384142e-01,-8.165307298256249726e+07,4.867255071189650148e+07
1.872115886748089542e+04,3.376636876209171412e-01,6.143150676665035670e-01,-8.219342622371068597e+07,4.770420740149497986e+07
1.873527738849709567e+04,3.298816776701413156e-01,6.187712247166300417e-01,-8.272096241189865768e+07,4.672974729181096703e+07
1.874939590951329592e+04,3.220504892986809087e-01,6.231351364664540204e-01,-8.323560343746574223e+07,4.574937754959724844e+07
1.876351443052949617e+04,3.141713430126539253e-01,6.274062550116166204e-01,-8.373727532249166071e+07,4.476330641442053020e+07
1.877763295154569641e+04,3.062454661043200743e-01,6.315840521470702518e-01,-8.422590823509158194e+07,4.377174309819633514e+07
1.879175147256189666e+04,2.982740922602372113e-01,6.356680194541002304e-01,-8.470143650083106756e+07,4.277489768466520309e+07
1.880586999357809691e+04,2.902584611684753124e-01,6.396576683778618655e-01,-8.516379861127042770e+07,4.177298102890525013e+07
1.881998851459429716e+04,2.821998181251596516e-01,6.435525302954384630e-01,-8.561293722965185344e+07,4.076620465697503090e+07
1.883410703561049377e+04,2.740994136406129655e-01,6.473521565744371209e-01,-8.604879919374588132e+07,3.975478066578005999e+07
1.884822555662669401e+04,2.659585030453519572e-01,6.510561186221534014e-01,-8.647133551587808132e+07,3.873892162325327098e+07
1.886234407764289426e+04,2.577783460962349560e-01,6.546640079253244204e-01,-8.688050138015758991e+07,3.771884046894397587e+07
1.887646259865909451e+04,2.495602065829800875e-01,6.581754360805326387e-01,-8.727625613693659008e+07,3.669475041509945691e+07
1.889058111967529476e+04,2.413053519353471899e-01,6.615900348152954358e-01,-8.765856329452870786e+07,3.566686484833075851e+07
1.890469964069149501e+04,2.330150528312270042e-01,6.649074559999066381e-01,-8.802739050822016597e+07,3.463539723194739968e+07
1.891881816170769525e+04,2.246905828058935739e-01,6.681273716500962800e-01,-8.838270956660927832e+07,3.360056100904550403e+07
1.893293668272389550e+04,2.163332178626706515e-01,6.712494739205822070e-01,-8.872449637531340122e+07,3.256256950643206015e+07
1.894705520374009211e+04,2.079442360852605531e-01,6.742734750895971185e-01,-8.905273093808463216e+07,3.152163583946599439e+07
1.896117372475629236e+04,1.995249172519646952e-01,6.771991075344842015e-01,-8.936739733537928760e+07,3.047797281789306924e+07
1.897529224577249261e+04,1.910765424520667055e-01,6.800261236984497248e-01,-8.966848370042681694e+07,2.943179285275492072e+07
1.898941076678869285e+04,1.826003937045686254e-01,6.827542960485898371e-01,-8.995598219284923375e+07,2.838330786444095895e+07
1.900352928780489310e+04,1.740977535795408815e-01,6.853834170252931512e-01,-9.022988896988163888e+07,2.733272919195893407e+07
1.901764780882109335e+04,1.655699048222974146e-01,6.879132989831429068e-01,-9.049020415524838865e+07,2.628026750349185243e+07
1.903176632983729360e+04,1.570181299806163722e-01,6.903437741234391689e-01,-9.073693180575108528e+07,2.522613270830836892e+07
1.904588485085349021e+04,1.484437110352222755e-01,6.926746944184752897e-01,-9.097007987562648952e+07,2.417053387009122223e+07
1.906000337186969045e+04,1.398479290337233671e-01,6.949059315277057447e-01,-9.118966017873492837e+07,2.311367912174371257e+07
1.907412189288589070e+04,1.312320637282397007e-01,6.970373767059405701e-01,-9.139568834864017367e+07,2.205577558173730969e+07
1.908824041390209095e+04,1.225973932168735875e-01,6.990689407037257164e-01,-9.158818379664552212e+07,2.099702927205121145e+07
1.910235893491829120e+04,1.139451935892452084e-01,7.010005536600538711e-01,-9.176716966785031557e+07,1.993764503776144236e+07
1.911647745593449145e+04,1.052767385762641006e-01,7.028321649875655108e-01,-9.193267279529370368e+07,1.887782646832855046e+07
1.913059597695069169e+04,9.659329920431586336e-02,7.045637432504051612e-01,-9.208472365225335956e+07,1.781777582063203678e+07
1.914471449796689194e+04,8.789614345403511109e-02,7.061952760348967351e-01,-9.222335630276802182e+07,1.675769394379657134e+07
1.915883301898308855e+04,7.918653592383109729e-02,7.077267698132116980e-01,-9.234860835045382380e+07,1.569778020585235953e+07
1.917295153999928880e+04,7.046573749831032407e-02,7.091582498002042545e-01,-9.246052088568525016e+07,1.463823242226731777e+07
1.918707006101548905e+04,6.173500502178086435e-02,7.104897598035885276e-01,-9.255913843121203780e+07,1.357924678639149666e+07
1.920118858203168929e+04,5.299559097693740117e-02,7.117213620676469121e-01,-9.264450888628463447e+07,1.252101780184177682e+07
1.921530710304788954e+04,4.424874316889840925e-02,7.128531371106479053e-01,-9.271668346936067939e+07,1.146373821686151810e+07
1.922942562406408979e+04,3.549570441471208010e-02,7.138851835561635939e-01,-9.277571665946568549e+07,1.040759896068121493e+07
1.924354414508029004e+04,2.673771223845709116e-02,7.148176179584765366e-01,-9.282166613628141582e+07,9.352789081905309111e+06
1.925766266609649028e+04,1.797599857205457730e-02,7.156505746222688868e-01,-9.285459271903541684e+07,8.299495688947128132e+06
1.927178118711268689e+04,9.211789461903418033e-03,7.163842054167867124e-01,-9.287456030426542461e+07,7.247903892531437799e+06
1.928589970812888714e+04,4.463047814278743000e-04,7.170186795846774652e-01,-9.288163580253224075e+07,6.198196750279365107e+06
1.930001822914508739e+04,-8.319242050332674790e-03,7.175541835456946682e-01,-9.287588907415428758e+07,5.150555213393413462e+06
1.931413675016128764e+04,-1.708364434404828838e-02,7.179909206954719902e-01,-9.285739286403718591e+07,4.105158075448084623e+06
1.932825527117748788e+04,-2.584570240922138065e-02,7.183291111995633305e-01,-9.282622273567090929e+07,3.062181923298445530e+06
1.934237379219368813e+04,-3.460422381704643391e-02,7.185689917829505280e-01,-9.278245700436685979e+07,2.021801090110641439e+06
1.935649231320988838e+04,-4.335802365693593174e-02,7.187108155152184263e-01,-9.272617666980651021e+07,9.841876105177185964e+05
1.937061083422608499e+04,-5.210592478664859833e-02,7.187548515915976877e-01,-9.265746534797254205e+07,-5.048882209844165482e+04
1.938472935524228524e+04,-6.084675807597848818e-02,7.187013851100771955e-01,-9.257640920253281295e+07,-1.082060896202575183e+06
1.939884787625848548e+04,-6.957936264392292069e-02,7.185507168447843318e-01,-9.248309687574657798e+07,-2.110363720579185523e+06
1.941296639727468573e+04,-7.830258608933217401e-02,7.183031630158347447e-01,-9.237761941896121204e+07,-3.135234860695368610e+06
1.942708491829088598e+04,-8.701528471497207984e-02,7.179590550558496709e-01,-9.226007022276708484e+07,-4.156514372958232649e+06
1.944120343930708623e+04,-9.571632374498355300e-02,7.175187393733385433e-01,-9.213054494687691331e+07,-5.174044836879625916e+06
1.945532196032328648e+04,-1.044045775357141242e-01,7.169825771131452807e-01,-9.198914144979476929e+07,-6.187671385161159560e+06
1.946944048133948672e+04,-1.130789297799044690e-01,7.163509439141518831e-01,-9.183595971833874285e+07,-7.197241731714835390e+06
1.948355900235568333e+04,-1.217382737042171370e-01,7.156242296644349521e-01,-9.167110179708011448e+07,-8.202606197636319324e+06
1.949767752337188358e+04,-1.303815122601155729e-01,7.148028382540655423e-01,-9.149467171776001155e+07,-9.203617735151618719e+06
1.951179604438808383e+04,-1.390075583080608579e-01,7.138871873257467415e-01,-9.130677542874428630e+07,-1.020013194955431856e+07
1.952591456540428408e+04,-1.476153347950772132e-01,7.128777080234713903e-01,-9.110752072457431257e+07,-1.119200711916134879e+07
1.954003308642048432e+04,-1.562037749256643682e-01,7.117748447393913436e-01,-9.089701717567132413e+07,-1.217910421330787800e+07
1.955415160743668457e+04,-1.647718223260875581e-01,7.105790548590790179e-01,-9.067537605824968219e+07,-1.316128690840894729e+07
1.956827012845288482e+04,-1.733184312020649709e-01,7.092908085053634126e-01,-9.044271028449290991e+07,-1.413842160211517289e+07
1.958238864946908143e+04,-1.818425664898778160e-01,7.079105882809199057e-01,-9.019913433304511011e+07,-1.511037742559128813e+07
1.959650717048528168e+04,-1.903432040009483961e-01,7.064388890097856866e-01,-8.994476417986796796e+07,-1.607702625394940563e+07
1.961062569150148192e+04,-1.988193305598901506e-01,7.048762174779807932e-01,-8.967971722951340675e+07,-1.703824271486489475e+07
1.962474421251768217e+04,-2.072699441361146588e-01,7.032230921733974016e-01,-8.940411224685806036e+07,-1.799390419541272894e+07
1.963886273353388242e+04,-2.156940539690090364e-01,7.014800430251266761e-01,-8.911806928934608400e+07,-1.894389084715452418e+07
1.965298125455008267e+04,-2.240906806867464796e-01,6.996476111423881594e-01,-8.882170963978406787e+07,-1.988808558951274306e+07
1.966709977556628291e+04,-2.324588564187820561e-01,6.977263485532189113e-01,-8.851515573973016441e+07,-2.082637411146780476e+07
1.968121829658248316e+04,-2.407976249020916670e-01,6.957168179430812671e-01,-8.819853112351810932e+07,-2.175864487161491066e+07
1.969533681759867977e+04,-2.491060415812141049e-01,6.936195923935400964e-01,-8.787196035295486450e+07,-2.268478909661801532e+07
1.970945533861488002e+04,-2.573831737021738397e-01,6.914352551211589981e-01,-8.753556895272846520e+07,-2.360470077810072526e+07
1.972357385963108027e+04,-2.656281004003215873e-01,6.891643992167667543e-01,-8.718948334656260908e+07,-2.451827666800957546e+07
1.973769238064728052e+04,-2.738399127822072621e-01,6.868076273852267155e-01,-8.683383079414981604e+07,-2.542541627249407396e+07
1.975181090166348076e+04,-2.820177140015286410e-01,6.843655516858543342e-01,-8.646873932889623940e+07,-2.632602184434002638e+07
1.976592942267968101e+04,-2.901606193292458058e-01,6.818387932736161838e-01,-8.609433769650773704e+07,-2.721999837399815395e+07
1.978004794369588126e+04,-2.982677562179409936e-01,6.792279821412388063e-01,-8.571075529444566369e+07,-2.810725357924866304e+07
1.979416646471208151e+04,-3.063382643605060407e-01,6.765337568623568387e-01,-8.531812211227896810e+07,-2.898769789354301244e+07
1.980828498572827812e+04,-3.143712957432424071e-01,6.737567643358221003e-01,-8.491656867295783758e+07,-2.986124445306413248e+07
1.982240350674447836e+04,-3.223660146934733128e-01,6.708976595312903246e-01,-8.450622597503155470e+07,-3.072780908254804835e+07
1.983652202776067861e+04,-3.303215979217273279e-01,6.679571052362081041e-01,-8.408722543583370745e+07,-3.158731027990534157e+07
1.985064054877687886e+04,-3.382372345586273643e-01,6.649357718043008569e-01,-8.365969883565303683e+07,-3.243966919968874753e+07
1.986475906979307911e+04,-3.461121261865476861e-01,6.618343369056765013e-01,-8.322377826290962100e+07,-3.328480963544530421e+07
1.987887759080927935e+04,-3.539454868661469633e-01,6.586534852786444239e-01,-8.277959606035301089e+07,-3.412265800099620968e+07
1.989299611182547960e+04,-3.617365431578724588e-01,6.553939084833515505e-01,-8.232728477229766548e+07,-3.495314331068576127e+07
1.990711463284167621e+04,-3.694845341385326054e-01,6.520563046573288890e-01,-8.186697709290964901e+07,-3.577619715864069760e+07
1.992123315385787646e+04,-3.771887114130487717e-01,6.486413782730373612e-01,-8.139880581555643678e+07,-3.659175369708245248e+07
1.993535167487407671e+04,-3.848483391214574389e-01,6.451498398975110682e-01,-8.092290378323251009e+07,-3.739974961373019218e+07
1.994947019589027695e+04,-3.924626939413051741e-01,6.415824059541667124e-01,-8.043940384006781876e+07,-3.820012410833960027e+07
1.996358871690647720e+04,-4.000310650855088412e-01,6.379397984868702132e-01,-7.994843878392933309e+07,-3.899281886841457337e+07
1.997770723792267745e+04,-4.075527542957957383e-01,6.342227449263322381e-01,-7.945014132012157142e+07,-3.977777804413314909e+07
1.999182575893887770e+04,-4.150270758318268527e-01,6.304319778589054790e-01,-7.894464401619189978e+07,-4.055494822252696753e+07
2.000594427995507795e+04,-4.224533564561072096e-01,6.265682347978528410e-01,-7.843207925784491003e+07,-4.132427840095344186e+07
2.002006280097127456e+04,-4.298309354147857309e-01,6.226322579571516025e-01,-7.791257920596899092e+07,-4.208571995989900082e+07
2.003418132198747480e+04,-4.371591644144619537e-01,6.186247940278895019e-01,-7.738627575477616489e+07,-4.283922663515272737e+07
2.004829984300367505e+04,-4.444374075950755509e-01,6.145465939573251379e-01,-7.685330049105802178e+07,-4.358475448938497901e+07
2.006241836401987530e+04,-4.516650414990222573e-01,6.103984127306476548e-01,-7.631378465455453098e+07,-4.432226188317185640e+07
2.007653688503607555e+04,-4.588414550365727540e-01,6.061810091554998836e-01,-7.576785909943638742e+07,-4.505170944549898058e+07
2.009065540605227579e+04,-4.659660494477104731e-01,6.018951456493082386e-01,-7.521565425689753890e+07,-4.577306004378139973e+07
2.010477392706847604e+04,-4.730382382604917391e-01,5.975415880294627780e-01,-7.465730009885457158e+07,-4.648627875343460590e+07
2.011889244808467629e+04,-4.800574472460317210e-01,5.931211053063891736e-01,-7.409292610274849832e+07,-4.719133282703091204e+07
2.013301096910087290e+04,-4.870231143702186682e-01,5.886344694795510035e-01,-7.352266121744367480e+07,-4.788819166307487339e+07
2.014712949011707315e+04,-4.939346897422703941e-01,5.840824553364093452e-01,-7.294663383021691442e+07,-4.857682677443167567e+07
2.016124801113327339e+04,-5.007916355602086700e-01,5.794658402543894082e-01,-7.236497173483169079e+07,-4.925721175643815100e+07
2.017536653214947364e+04,-5.075934260533894182e-01,5.747854040058577585e-01,-7.177780210068680346e+07,-4.992932225473152846e+07
2.018948505316567389e+04,-5.143395474221621466e-01,5.700419285661545432e-01,-7.118525144303303957e+07,-5.059313593282397836e+07
2.020360357418187414e+04,-5.210294977747714773e-01,5.652361979246950385e-01,-7.058744559424757957e+07,-5.124863243945410103e+07
2.021772209519807438e+04,-5.276627870615964166e-01,5.603689978991619469e-01,-6.998450967615628242e+07,-5.189579337574434280e+07
2.023184061621427099e+04,-5.342389370068248988e-01,5.554411159528067632e-01,-6.937656807339332998e+07,-5.253460226219280064e+07
2.024595913723047124e+04,-5.407574810376715169e-01,5.504533410148657602e-01,-6.876374440778601170e+07,-5.316504450552794337e+07
2.026007765824667149e+04,-5.472179642112083853e-01,5.454064633041235677e-01,-6.814616151375512779e+07,-5.378710736545081437e+07
2.027419617926287174e+04,-5.536199431389392522e-01,5.403012741556058041e-01,-6.752394141471545398e+07,-5.440077992129412293e+07
2.028831470027907199e+04,-5.599629859091839190e-01,5.351385658504279608e-01,-6.689720530046582967e+07,-5.500605303862103075e+07
2.030243322129527223e+04,-5.662466720073774384e-01,5.299191314487976534e-01,-6.626607350555436313e+07,-5.560291933578925580e+07
2.031655174231147248e+04,-5.724705922343726883e-01,5.246437646261720156e-01,-6.563066548860526830e+07,-5.619137315050406754e+07
2.033067026332767273e+04,-5.786343486228362476e-01,5.193132595125723450e-01,-6.499109981259304285e+07,-5.677141050638314337e+07
2.034478878434386934e+04,-5.847375543518265051e-01,5.139284105350535592e-01,-6.434749412604957074e+07,-5.734302907955536246e+07
2.035890730536006959e+04,-5.907798336596480349e-01,5.084900122633164710e-01,-6.369996514518824220e+07,-5.790622816531583667e+07
2.037302582637626983e+04,-5.967608217550466332e-01,5.029988592584780926e-01,-6.304862863693229109e+07,-5.846100864485561848e+07
2.038714434739247008e+04,-6.026801647268603679e-01,4.974557459249623892e-01,-6.239359940282857418e+07,-5.900737295208889246e+07
2.040126286840867033e+04,-6.085375194521855935e-01,4.918614663655245245e-01,-6.173499126383343339e+07,-5.954532504059463739e+07
2.041538138942487058e+04,-6.143325535031497475e-01,4.862168142393871184e-01,-6.107291704595368356e+07,-6.007487035069189221e+07
2.042949991044107082e+04,-6.200649450523677553e-01,4.805225826234761355e-01,-6.040748856672665477e+07,-6.059601577666623890e+07
2.044361843145727107e+04,-6.257343827771623124e-01,4.747795638767430271e-01,-5.973881662252292782e+07,-6.110876963416425139e+07
2.045773695247346768e+04,-6.313405657626226519e-01,4.689885495075560295e-01,-5.906701097665539384e+07,-6.161314162777207792e+07
2.047185547348966793e+04,-6.368832034035845080e-01,4.631503300441352500e-01,-5.839218034827694297e+07,-6.210914281879426539e+07
2.048597399450586818e+04,-6.423620153055858983e-01,4.572656949080329269e-01,-5.771443240205261856e+07,-6.259678559324570000e+07
2.050009251552206842e+04,-6.477767311848978693e-01,4.513354322906092397e-01,-5.703387373858594894e+07,-6.307608363007327169e+07
2.051421103653826867e+04,-6.531270907676792747e-01,4.453603290325030550e-01,-5.635060988558514416e+07,-6.354705186961869150e+07
2.052832955755446892e+04,-6.584128436883336377e-01,4.393411705060660255e-01,-5.566474528975119442e+07,-6.400970648233588785e+07
2.054244807857066917e+04,-6.636337493871340421e-01,4.332787405007360593e-01,-5.497638330937108397e+07,-6.446406483777497709e+07
2.055656659958686578e+04,-6.687895770071803359e-01,4.271738211113267347e-01,-5.428562620759935677e+07,-6.491014547384400666e+07
2.057068512060306603e+04,-6.738801052907605893e-01,4.210271926291960787e-01,-5.359257514641004056e+07,-6.534796806635995954e+07
2.058480364161926627e+04,-6.789051224751592173e-01,4.148396334362911553e-01,-5.289733018120470643e+07,-6.577755339889740199e+07
2.059892216263546652e+04,-6.838644261879999187e-01,4.086119199020070147e-01,-5.219999025605624169e+07,-6.619892333294663578e+07
2.061304068365166677e+04,-6.887578233421632889e-01,4.023448262828560607e-01,-5.150065319957429916e+07,-6.661210077838860452e+07
2.062715920466786702e+04,-6.935851300303425004e-01,3.960391246249061470e-01,-5.079941572137457877e+07,-6.701710966429553926e+07
2.064127772568406726e+04,-6.983461714192957803e-01,3.896955846689589831e-01,-5.009637340913563222e+07,-6.741397491006505489e+07
2.065539624670026751e+04,-7.030407816438459800e-01,3.833149737584370387e-01,-4.939162072622663528e+07,-6.780272239689506590e+07
2.066951476771646412e+04,-7.076688037006830800e-01,3.768980567499471968e-01,-4.868525100989003479e+07,-6.818337893960590661e+07
2.068363328873266437e+04,-7.122300893420260293e-01,3.704455959264791320e-01,-4.797735646996168792e+07,-6.855597225881674886e+07
2.069775180974886462e+04,-7.167244989691763379e-01,3.639583509132294226e-01,-4.726802818811522424e+07,-6.892053095348027349e+07
2.071187033076506486e+04,-7.211519015260366983e-01,3.574370785959835595e-01,-4.655735611761107296e+07,-6.927708447378295660e+07
2.072598885178126511e+04,-7.255121743926237210e-01,3.508825330420464184e-01,-4.584542908353710920e+07,-6.962566309441410005e+07
2.074010737279746536e+04,-7.298052032786257470e-01,3.442954654236766165e-01,-4.513233478352431208e+07,-6.996629788820855319e+07
2.075422589381366561e+04,-7.340308821170512532e-01,3.376766239439901174e-01,-4.441815978892222792e+07,-7.029902070016686618e+07
2.076834441482986585e+04,-7.381891129580089306e-01,3.310267537652980541e-01,-4.370298954641906917e+07,-7.062386412185609341e+07
2.078246293584606246e+04,-7.422798058626601803e-01,3.243465969398439119e-01,-4.298690838009161502e+07,-7.094086146619442105e+07
2.079658145686226271e+04,-7.463028787973887690e-01,3.176368923428936064e-01,-4.226999949386911094e+07,-7.125004674262236059e+07
2.081069997787846296e+04,-7.502582575282137345e-01,3.108983756081679650e-01,-4.155234497439930588e+07,-7.155145463266174495e+07
2.082481849889466321e+04,-7.541458755154997196e-01,3.041317790655457820e-01,-4.083402579429866374e+07,-7.184512046586574614e+07
2.083893701991086346e+04,-7.579656738089872725e-01,2.973378316810270650e-01,-4.011512181577536464e+07,-7.213108019616021216e+07
2.085305554092706370e+04,-7.617176009431828598e-01,2.905172589989086784e-01,-3.939571179461012036e+07,-7.240937037857794762e+07
2.086717406194326395e+04,-7.654016128331413427e-01,2.836707830861371349e-01,-3.867587338448137790e+07,-7.268002814638647437e+07
2.088129258295946056e+04,-7.690176726706710042e-01,2.767991224788032278e-01,-3.795568314162161946e+07,-7.294309118860974908e+07
2.089541110397566081e+04,-7.725657508209975433e-01,2.699029921307304347e-01,-3.723521652979058772e+07,-7.319859772794429958e+07
2.090952962499186106e+04,-7.760458247199033543e-01,2.629831033641467641e-01,-3.651454792555516958e+07,-7.344658649906855822e+07
2.092364814600806130e+04,-7.794578787713880574e-01,2.560401638223672727e-01,-3.579375062385964394e+07,-7.368709672734636068e+07
2.093776666702426155e+04,-7.828019042458626009e-01,2.490748774244768982e-01,-3.507289684387663007e+07,-7.392016810792273283e+07
2.095188518804046180e+04,-7.860778991789100223e-01,2.420879443219658145e-01,-3.435205773512542248e+07,-7.414584078521150351e+07
2.096600370905666205e+04,-7.892858682706359597e-01,2.350800608572820583e-01,-3.363130338384599984e+07,-7.436415533277325332e+07
2.098012223007286229e+04,-7.924258227856313397e-01,2.280519195242650121e-01,-3.291070281961699948e+07,-7.457515273358227313e+07
2.099424075108905890e+04,-7.954977804535708907e-01,2.210042089304245783e-01,-3.219032402220645547e+07,-7.477887436068066955e+07
2.100835927210525915e+04,-7.985017653704719054e-01,2.139376137610190798e-01,-3.147023392864299938e+07,-7.497536195821794868e+07
2.102247779312145940e+04,-8.014378079006230227e-01,2.068528147449223142e-01,-3.075049844049939513e+07,-7.516465762287329137e+07
2.103659631413765965e+04,-8.043059445792181128e-01,1.997504886222080112e-01,-3.003118243137401342e+07,-7.534680378565907478e+07
2.105071483515385989e+04,-8.071062180156995947e-01,1.926313081134424510e-01,-2.931234975456264988e+07,-7.552184319410246611e+07
2.106483335617006014e+04,-8.098386767978374978e-01,1.854959418906396429e-01,-2.859406325090936944e+07,-7.568981889480260015e+07
2.107895187718626039e+04,-8.125033753965558159e-01,1.783450545498445339e-01,-2.787638475682667643e+07,-7.585077421636050940e+07
2.109307039820245700e+04,-8.151003740715231372e-01,1.711793065853119411e-01,-2.715937511247552186e+07,-7.600475275267866254e+07
2.110718891921865725e+04,-8.176297387775257608e-01,1.639993543652348562e-01,-2.644309417009460554e+07,-7.615179834662729502e+07
2.112130744023485749e+04,-8.200915410716277387e-01,1.568058501090157097e-01,-2.572760080247259885e+07,-7.629195507407355309e+07
2.113542596125105774e+04,-8.224858580211418246e-01,1.495994418660091807e-01,-2.501295291155061871e+07,-7.642526722827084363e+07
2.114954448226725799e+04,-8.248127721124163259e-01,1.423807734957308890e-01,-2.429920743714905903e+07,-7.655177930460421741e+07
2.116366300328345824e+04,-8.270723711604510697e-01,1.351504846494870904e-01,-2.358642036580922082e+07,-7.667153598568844795e+07
2.117778152429965849e+04,-8.292647482193529207e-01,1.279092107533943146e-01,-2.287464673974167556e+07,-7.678458212681488693e+07
2.119190004531585873e+04,-8.313900014936405070e-01,1.206575829927560989e-01,-2.216394066587340459e+07,-7.689096274174332619e+07
2.120601856633205534e+04,-8.334482342504069274e-01,1.133962282977664104e-01,-2.145435532498613000e+07,-7.699072298883482814e+07
2.122013708734825559e+04,-8.354395547323507643e-01,1.061257693304965138e-01,-2.074594298093719780e+07,-7.708390815752168000e+07
2.123425560836445584e+04,-8.373640760716768439e-01,9.884682447316156528e-02,-2.003875498995848000e+07,-7.717056365510998666e+07
2.124837412938065609e+04,-8.392219162048822900e-01,9.156000781759875140e-02,-1.933284181002252176e+07,-7.725073499391117692e+07
2.126249265039685633e+04,-8.410131977884268695e-01,8.426592915595357280e-02,-1.862825301027183607e+07,-7.732446777869793773e+07
2.127661117141305658e+04,-8.427380481152968450e-01,7.696519397253313854e-02,-1.792503728050357103e+07,-7.739180769448022544e+07
2.129072969242925683e+04,-8.443965990324663329e-01,6.965840343679823021e-02,-1.722324244070332125e+07,-7.745280049459719658e+07
2.130484821344545708e+04,-8.459889868592598283e-01,6.234615439746424292e-02,-1.652291545062182285e+07,-7.750749198912055790e+07
2.131896673446165369e+04,-8.475153523066206729e-01,5.502903937768416354e-02,-1.582410241938870214e+07,-7.755592803356486559e+07
2.133308525547785393e+04,-8.489758403972902379e-01,4.770764657127310460e-02,-1.512684861515636742e+07,-7.759815451790054142e+07
2.134720377649405418e+04,-8.503706003868938268e-01,4.038255983997455362e-02,-1.443119847477109917e+07,-7.763421735586473346e+07
2.136132229751025443e+04,-8.516997856859450655e-01,3.305435871170271656e-02,-1.373719561346232519e+07,-7.766416247456592321e+07
2.137544081852645468e+04,-8.529635537827630065e-01,2.572361837976158694e-02,-1.304488283454750665e+07,-7.768803580437748134e+07
2.138955933954265493e+04,-8.541620661673062775e-01,1.839090970300252467e-02,-1.235430213914652169e+07,-7.770588326911573112e+07
2.140367786055885517e+04,-8.552954882559237193e-01,1.105679920689553800e-02,-1.166549473590082861e+07,-7.771775077649791539e+07
2.141779638157505178e+04,-8.563639893170231776e-01,3.721849085489930837e-03,-1.097850105069288984e+07,-7.772368420887559652e+07
2.143191490259125203e+04,-8.573677423976575618e-01,-3.613382795772767612e-03,-1.029336073636028171e+07,-7.772372941423882544e+07
2.144603342360745228e+04,-8.583069242510252828e-01,-1.094834289639057441e-02,-9.610112682402778417e+06,-7.771793219748657942e+07
2.146015194462365253e+04,-8.591817152648886236e-01,-1.828248199634028778e-02,-8.928795024674698710e+06,-7.770633831195893884e+07
2.147427046563985277e+04,-8.599922993909047131e-01,-2.561525519082024499e-02,-8.249445155061132275e+06,-7.768899345122641325e+07
2.148838898665605302e+04,-8.607388640748694364e-01,-3.294612188423210603e-02,-7.572099731133138761e+06,-7.766594324113188684e+07
2.150250750767225327e+04,-8.614216001878706175e-01,-4.027454578342328645e-02,-6.896794685778390616e+06,-7.763723323208071291e+07
2.151662602868845352e+04,-8.620407019583494757e-01,-4.759999489021329161e-02,-6.223565236803698353e+06,-7.760290889157441258e+07
2.153074454970465013e+04,-8.625963669050669136e-01,-5.492194149322492114e-02,-5.552445896506203339e+06,-7.756301559698355198e+07
2.154486307072085037e+04,-8.630887957709710845e-01,-6.223986215905386032e-02,-4.883470481208933517e+06,-7.751759862855522335e+07
2.155898159173705062e+04,-8.635181924579629076e-01,-6.955323772277047234e-02,-4.216672120760211721e+06,-7.746670316265097260e+07
2.157310011275325087e+04,-8.638847639625564234e-01,-7.686155327781293845e-02,-3.552083267990475520e+06,-7.741037426521043479e+07
2.158721863376945112e+04,-8.641887203124307693e-01,-8.416429816526449503e-02,-2.889735708126263227e+06,-7.734865688543654978e+07
2.160133715478565136e+04,-8.644302745038660030e-01,-9.146096596254711664e-02,-2.229660568157627247e+06,-7.728159584969794750e+07
2.161545567580185161e+04,-8.646096424400628866e-01,-9.875105447154955418e-02,-1.571888326156557538e+06,-7.720923585564416647e+07
2.162957419681805186e+04,-8.647270428703384137e-01,-1.060340657062099901e-01,-9.164488205439660233e+05,-7.713162146652954817e+07
2.164369271783424847e+04,-8.647826973301944165e-01,-1.133095058795708793e-01,-2.633712593030630378e+05,-7.704879710574145615e+07
2.165781123885044872e+04,-8.647768300822514798e-01,-1.205768853903360638e-01,3.873157708641005447e+05,-7.696080705152869225e+07
2.167192975986664896e+04,-8.647096680580463879e-01,-1.278357188089211394e-01,1.035584295436503016e+06,-7.686769543192602694e+07
2.168604828088284921e+04,-8.645814408006834428e-01,-1.350855248630524197e-01,1.681406943035789300e+06,-7.676950621987064183e+07
2.170016680189904946e+04,-8.643923804083376572e-01,-1.423258264229048109e-01,2.324756936449035071e+06,-7.666628322850640118e+07
2.171428532291524971e+04,-8.641427214786009392e-01,-1.495561504858067825e-01,2.965608083715422079e+06,-7.655807010667212307e+07
2.172840384393144996e+04,-8.638327010536670514e-01,-1.567760281605284078e-01,3.603934769278336316e+06,-7.644491033456967771e+07
2.174252236494764657e+04,-8.634625585663482372e-01,-1.639849946511667822e-01,4.239711945204298943e+06,-7.632684721960812807e+07
2.175664088596384681e+04,-8.630325357869172986e-01,-1.711825892406569072e-01,4.872915122471190989e+06,-7.620392389241981506e+07
2.177075940698004706e+04,-8.625428767707685740e-01,-1.783683552738956624e-01,5.503520362324707210e+06,-7.607618330304507911e+07
2.178487792799624731e+04,-8.619938278068918214e-01,-1.855418401405324880e-01,6.131504267707610503e+06,-7.594366821728119254e+07
2.179899644901244756e+04,-8.613856373671503475e-01,-1.927025952574134560e-01,6.756843974760537967e+06,-7.580642121319217980e+07
2.181311497002864780e+04,-8.607185560563590521e-01,-1.998501760507055136e-01,7.379517144396472722e+06,-7.566448467777577043e+07
2.182723349104484805e+04,-8.599928365631533955e-01,-2.069841419377133340e-01,7.999501953949755058e+06,-7.551790080378384888e+07
2.184135201206104830e+04,-8.592087336116435159e-01,-2.141040563084031512e-01,8.616777088900601491e+06,-7.536671158669281006e+07
2.185547053307724491e+04,-8.583665039138448360e-01,-2.212094865066458194e-01,9.231321734675861895e+06,-7.521095882182036340e+07
2.186958905409344516e+04,-8.574664061228793877e-01,-2.283000038112038554e-01,9.843115568527782336e+06,-7.505068410158506036e+07
2.188370757510964540e+04,-8.565087007869407465e-01,-2.353751834164478640e-01,1.045213875148913264e+07,-7.488592881290574372e+07
2.189782609612584565e+04,-8.554936503040125872e-01,-2.424346044128524447e-01,1.105837192040854879e+07,-7.471673413473674655e+07
2.191194461714204590e+04,-8.544215188773370828e-01,-2.494778497672567596e-01,1.166179618006432243e+07,-7.454314103573617339e+07
2.192606313815824615e+04,-8.532925724716222682e-01,-2.565045063029126049e-01,1.226239309535812214e+07,-7.436519027206365764e+07
2.194018165917444639e+04,-8.521070787699834836e-01,-2.635141646793311421e-01,1.286014468358898535e+07,-7.418292238530454040e+07
2.195430018019064664e+04,-8.508653071316097938e-01,-2.705064193719391996e-01,1.345503340680798888e+07,-7.399637770051731169e+07
2.196841870120684325e+04,-8.495675285501477214e-01,-2.774808686515554124e-01,1.404704216425381415e+07,-7.380559632440114021e+07
2.198253722222304350e+04,-8.482140156127947472e-01,-2.844371145637076825e-01,1.463615428487044200e+07,-7.361061814358034730e+07
2.199665574323924375e+04,-8.468050424600970238e-01,-2.913747629077765300e-01,1.522235351990492642e+07,-7.341148282300336659e+07
2.201077426425544400e+04,-8.453408847464399800e-01,-2.982934232160104893e-01,1.580562403558852710e+07,-7.320822980445240438e+07
2.202489278527164424e+04,-8.438218196012255978e-01,-3.051927087323965115e-01,1.638595040589904413e+07,-7.300089830516162515e+07
2.203901130628784449e+04,-8.422481255907308118e-01,-3.120722363914075204e-01,1.696331760540539399e+07,-7.278952731654067338e+07
2.205312982730404474e+04,-8.406200826806345949e-01,-3.189316267966340046e-01,1.753771100219434127e+07,-7.257415560300080478e+07
2.206724834832024135e+04,-8.389379721992119565e-01,-3.257705041993074757e-01,1.810911635087923706e+07,-7.235482170088103414e+07
2.208136686933644160e+04,-8.372020768011796399e-01,-3.325884964767367169e-01,1.867751978569165617e+07,-7.213156391747120023e+07
2.209548539035264184e+04,-8.354126804321950761e-01,-3.393852351106380616e-01,1.924290781365363672e+07,-7.190442033013011515e+07
2.210960391136884209e+04,-8.335700682939917172e-01,-3.461603551654046096e-01,1.980526730783338472e+07,-7.167342878549525142e+07
2.212372243238504234e+04,-8.316745268101484179e-01,-3.529134952662965619e-01,2.036458550068208203e+07,-7.143862689878208935e+07
2.213784095340124259e+04,-8.297263435924840946e-01,-3.596442975775709927e-01,2.092084997745252401e+07,-7.120005205317042768e+07
2.215195947441744283e+04,-8.277258074080694472e-01,-3.663524077805577761e-01,2.147404866969922930e+07,-7.095774139927524328e+07
2.216607799543364308e+04,-8.256732081468478590e-01,-3.730374750516896043e-01,2.202416984885977954e+07,-7.071173185469971597e+07
2.218019651644983969e+04,-8.235688367898594819e-01,-3.796991520404917053e-01,2.257120211991698295e+07,-7.046206010366813838e+07
2.219431503746603994e+04,-8.214129853780564039e-01,-3.863370948475493560e-01,2.311513441514241695e+07,-7.020876259673601389e+07
2.220843355848224019e+04,-8.192059469817097872e-01,-3.929509630024342615e-01,2.365595598791890219e+07,-6.995187555057610571e+07
2.222255207949844043e+04,-8.169480156703919915e-01,-3.995404194416317112e-01,2.419365640664437786e+07,-6.969143494783699512e+07
2.223667060051464068e+04,-8.146394864835306837e-01,-4.061051304864485290e-01,2.472822554871470109e+07,-6.942747653707277775e+07
2.225078912153084093e+04,-8.122806554015293834e-01,-4.126447658209200786e-01,2.525965359458578750e+07,-6.916003583274163306e+07
2.226490764254704118e+04,-8.098718193174423430e-01,-4.191589984697199900e-01,2.578793102191455290e+07,-6.888914811527118087e+07
2.227902616356324143e+04,-8.074132760091994321e-01,-4.256475047760789332e-01,2.631304859977820888e+07,-6.861484843118849397e+07
2.229314468457943804e+04,-8.049053241123744762e-01,-4.321099643797173262e-01,2.683499738297131658e+07,-6.833717159331309795e+07
2.230726320559563828e+04,-8.023482630934832827e-01,-4.385460601948071302e-01,2.735376870638089627e+07,-6.805615218101038039e+07
2.232138172661183853e+04,-7.997423932238163502e-01,-4.449554783879441922e-01,2.786935417943711579e+07,-6.777182454050472379e+07
2.233550024762803878e+04,-7.970880155537857226e-01,-4.513379083561688265e-01,2.838174568064169213e+07,-6.748422278524906933e+07
2.234961876864423903e+04,-7.943854318877863196e-01,-4.576930427050163175e-01,2.889093535217147693e+07,-6.719338079635013640e+07
2.236373728966043927e+04,-7.916349447595634192e-01,-4.640205772266110529e-01,2.939691559455747902e+07,-6.689933222304715216e+07
2.237785581067663952e+04,-7.888368574080791840e-01,-4.703202108778088419e-01,2.989967906143860891e+07,-6.660211048324239999e+07
2.239197433169283613e+04,-7.859914737538702401e-01,-4.765916457583898591e-01,3.039921865438947454e+07,-6.630174876408202946e+07
2.240609285270903638e+04,-7.830990983758873147e-01,-4.828345870893165359e-01,3.089552751782236621e+07,-6.599828002258498222e+07
2.242021137372523663e+04,-7.801600364888193750e-01,-4.890487431910373051e-01,3.138859903396094963e+07,-6.569173698631960154e+07
2.243432989474143687e+04,-7.771745939208812848e-01,-4.952338254618724456e-01,3.187842681788757443e+07,-6.538215215412481874e+07
2.244844841575763712e+04,-7.741430770920700866e-01,-5.013895483564616562e-01,3.236500471266171336e+07,-6.506955779687555134e+07
2.246256693677383737e+04,-7.710657929928761423e-01,-5.075156293642877348e-01,3.284832678450959921e+07,-6.475398595829030871e+07
2.247668545779003762e+04,-7.679430491634470224e-01,-5.136117889882784171e-01,3.332838731808435544e+07,-6.443546845577969402e+07
2.249080397880623786e+04,-7.647751536731933752e-01,-5.196777507234903171e-01,3.380518081179594249e+07,-6.411403688133432716e+07
2.250492249982243447e+04,-7.615624151008351106e-01,-5.257132410358761332e-01,3.427870197321014851e+07,-6.378972260245092213e+07
2.251904102083863472e+04,-7.583051425148721325e-01,-5.317179893411502212e-01,3.474894571451669186e+07,-6.346255676309463382e+07
2.253315954185483497e+04,-7.550036454544901687e-01,-5.376917279837293284e-01,3.521590714806396514e+07,-6.313257028469762206e+07
2.254727806287103522e+04,-7.516582339108750510e-01,-5.436341922157865714e-01,3.567958158196216822e+07,-6.279979386719089001e+07
2.256139658388723547e+04,-7.482692183089433291e-01,-5.495451201763951188e-01,3.613996451575231552e+07,-6.246425799006934464e+07
2.257551510490343571e+04,-7.448369094894776721e-01,-5.554242528707759030e-01,3.659705163614121079e+07,-6.212599291348845512e+07
2.258963362591963596e+04,-7.413616186916620610e-01,-5.612713341496510244e-01,3.705083881280153990e+07,-6.178502867939126492e+07
2.260375214693583257e+04,-7.378436575360107774e-01,-5.670861106887020719e-01,3.750132209423631430e+07,-6.144139511266481876e+07
2.261787066795203282e+04,-7.342833380076798644e-01,-5.728683319681473485e-01,3.794849770370765030e+07,-6.109512182232424617e+07
2.263198918896823307e+04,-7.306809724401702733e-01,-5.786177502524171290e-01,3.839236203522747010e+07,-6.074623820272478461e+07
2.264610770998443331e+04,-7.270368734993951643e-01,-5.843341205699587038e-01,3.883291164961175621e+07,-6.039477343479888141e+07
2.266022623100063356e+04,-7.233513541681235726e-01,-5.900172006931533319e-01,3.927014327059593052e+07,-6.004075648731865734e+07
2.267434475201683381e+04,-7.196247277307847856e-01,-5.956667511183532104e-01,3.970405378101132065e+07,-5.968421611818217486e+07
2.268846327303303406e+04,-7.158573077586325439e-01,-6.012825350460421214e-01,4.013464021902196109e+07,-5.932518087572264671e+07
2.270258179404923430e+04,-7.120494080952602944e-01,-6.068643183611205361e-01,4.056189977442102134e+07,-5.896367910003958642e+07
2.271670031506543091e+04,-7.082013428424642765e-01,-6.124118696133157291e-01,4.098582978498602659e+07,-5.859973892435107380e+07
2.273081883608163116e+04,-7.043134263464437828e-01,-6.179249599977274521e-01,4.140642773289288580e+07,-5.823338827636567503e+07
2.274493735709783141e+04,-7.003859731843464775e-01,-6.234033633354897352e-01,4.182369124118637294e+07,-5.786465487967450917e+07
2.275905587811403166e+04,-6.964192981511336811e-01,-6.288468560545796837e-01,4.223761807030854374e+07,-5.749356625516075641e+07
2.277317439913023190e+04,-6.924137162467765005e-01,-6.342552171707528386e-01,4.264820611468280852e+07,-5.712014972242717445e+07
2.278729292014643215e+04,-6.883695426637699288e-01,-6.396282282686147624e-01,4.305545339935359359e+07,-5.674443240124022961e+07
2.280141144116263240e+04,-6.842870927749625798e-01,-6.449656734828306259e-01,4.345935807668080926e+07,-5.636644121299017966e+07
2.281552996217883265e+04,-6.801666821216941772e-01,-6.502673394794726835e-01,4.385991842308846116e+07,-5.598620288216628134e+07
2.282964848319502926e+04,-6.760086264022403535e-01,-6.555330154375069718e-01,4.425713283586661518e+07,-5.560374393784659356e+07
2.284376700421122951e+04,-6.718132414605495484e-01,-6.607624930304272226e-01,4.465099983002666384e+07,-5.521909071520090848e+07
2.285788552522742975e+04,-6.675808432752865507e-01,-6.659555664080178961e-01,4.504151803520768881e+07,-5.483226935700771958e+07
2.287200404624363000e+04,-6.633117479491535962e-01,-6.711120321782753084e-01,4.542868619263529778e+07,-5.444330581518252939e+07
2.288612256725983025e+04,-6.590062716985023439e-01,-6.762316893894653180e-01,4.581250315213073790e+07,-5.405222585231828690e+07
2.290024108827603050e+04,-6.546647308432240742e-01,-6.813143395123302248e-01,4.619296786917026341e+07,-5.365905504323675483e+07
2.291435960929223074e+04,-6.502874417969153331e-01,-6.863597864224402212e-01,4.657007940199399740e+07,-5.326381877655029297e+07
2.292847813030842735e+04,-6.458747210573153597e-01,-6.913678363826933904e-01,4.694383690876350552e+07,-5.286654225623356551e+07
2.294259665132462760e+04,-6.414268851970035268e-01,-6.963382980259701371e-01,4.731423964476806670e+07,-5.246725050320389122e+07
2.295671517234082785e+04,-6.369442508543696757e-01,-7.012709823379240648e-01,4.768128695967753232e+07,-5.206596835691134632e+07
2.297083369335702810e+04,-6.324271347248302533e-01,-7.061657026399364989e-01,4.804497829484308511e+07,-5.166272047693593055e+07
2.298495221437322834e+04,-6.278758535523024653e-01,-7.110222745722157844e-01,4.840531318064380437e+07,-5.125753134459280968e+07
2.299907073538942859e+04,-6.232907241209256766e-01,-7.158405160770495712e-01,4.876229123387897760e+07,-5.085042526454454660e+07
2.301318925640562884e+04,-6.186720632470268377e-01,-7.206202473822094223e-01,4.911591215520551056e+07,-5.044142636641990393e+07
2.302730777742182909e+04,-6.140201877713257206e-01,-7.253612909845083001e-01,4.946617572661976516e+07,-5.003055860643874109e+07
2.304142629843802570e+04,-6.093354145513764086e-01,-7.300634716335113739e-01,4.981308180898311734e+07,-4.961784576904266328e+07
2.305554481945422594e+04,-6.046180604542347181e-01,-7.347266163154059226e-01,5.015663033959124237e+07,-4.920331146853031218e+07
2.306966334047042619e+04,-5.998684423493656492e-01,-7.393505542370144568e-01,5.049682132978511602e+07,-4.878697915069849044e+07
2.308378186148662644e+04,-5.950868771017604475e-01,-7.439351168099745948e-01,5.083365486260496825e+07,-4.836887209448654205e+07
2.309790038250282669e+04,-5.902736815652810387e-01,-7.484801376350684876e-01,5.116713109048528969e+07,-4.794901341362520307e+07
2.311201890351902694e+04,-5.854291725762181819e-01,-7.529854524867092280e-01,5.149725023299074918e+07,-4.752742605828893185e+07
2.312613742453522718e+04,-5.805536669470606759e-01,-7.574508992975830246e-01,5.182401257459251583e+07,-4.710413281675133854e+07
2.314025594555142743e+04,-5.756474814604736201e-01,-7.618763181434485832e-01,5.214741846248427033e+07,-4.667915631704349071e+07
2.315437446656762404e+04,-5.707109328634816237e-01,-7.662615512280905872e-01,5.246746830443735421e+07,-4.625251902861474454e+07
2.316849298758382429e+04,-5.657443378618465246e-01,-7.706064428684373802e-01,5.278416256669499725e+07,-4.582424326399519295e+07
2.318261150860002454e+04,-5.607480131146541646e-01,-7.749108394798227550e-01,5.309750177190375328e+07,-4.539435118046096712e+07
2.319673002961622478e+04,-5.557222752290831291e-01,-7.791745895614174966e-01,5.340748649708340317e+07,-4.496286478169996291e+07
2.321084855063242503e+04,-5.506674407553681094e-01,-7.833975436818115812e-01,5.371411737163338810e+07,-4.452980591947931051e+07
2.322496707164862528e+04,-5.455838261819493384e-01,-7.875795544647553603e-01,5.401739507537586242e+07,-4.409519629531361908e+07
2.323908559266482553e+04,-5.404717479308054351e-01,-7.917204765750586182e-01,5.431732033663471788e+07,-4.365905746213386208e+07
2.325320411368102214e+04,-5.353315223529657718e-01,-7.958201667046452821e-01,5.461389393034999073e+07,-4.322141082595673203e+07
2.326732263469722238e+04,-5.301634657241942605e-01,-7.998784835587716691e-01,5.490711667622757703e+07,-4.278227764755354077e+07
2.328144115571342263e+04,-5.249678942408577687e-01,-8.038952878423909487e-01,5.519698943692265451e+07,-4.234167904412011802e+07
2.329555967672962288e+04,-5.197451240159520758e-01,-8.078704422466864710e-01,5.548351311625783145e+07,-4.189963599094520509e+07
2.330967819774582313e+04,-5.144954710753010252e-01,-8.118038114357569723e-01,5.576668865747434646e+07,-4.145616932307881862e+07
2.332379671876202337e+04,-5.092192513539171017e-01,-8.156952620334601001e-01,5.604651704151635617e+07,-4.101129973699970543e+07
2.333791523977822362e+04,-5.039167806925235471e-01,-8.195446626104131438e-01,5.632299928534772247e+07,-4.056504779228176177e+07
2.335203376079442387e+04,-4.985883748342324062e-01,-8.233518836711517519e-01,5.659613644030081481e+07,-4.011743391325926036e+07
2.336615228181062048e+04,-4.932343494213797808e-01,-8.271167976414437462e-01,5.686592959045684338e+07,-3.966847839069081843e+07
2.338027080282682073e+04,-4.878550199925043018e-01,-8.308392788557655839e-01,5.713237985105764866e+07,-3.921820138342116028e+07
2.339438932384302097e+04,-4.824507019794887497e-01,-8.345192035449249257e-01,5.739548836694744229e+07,-3.876662292004234344e+07
2.340850784485922122e+04,-4.770217107048326244e-01,-8.381564498238509575e-01,5.765525631104551256e+07,-3.831376290055192262e+07
2.342262636587542147e+04,-4.715683613790754847e-01,-8.417508976795350373e-01,5.791168488284831494e+07,-3.785964109800959378e+07
2.343674488689162172e+04,-4.660909690983577325e-01,-8.453024289591289930e-01,5.816477530696103722e+07,-3.740427716019157320e+07
2.345086340790782197e+04,-4.605898488421194537e-01,-8.488109273581994074e-01,5.841452883165804297e+07,-3.694769061124260724e+07
2.346498192892402221e+04,-4.550653154709330406e-01,-8.522762784091383326e-01,5.866094672747186571e+07,-3.648990085332553834e+07
2.347910044994021882e+04,-4.495176837244701518e-01,-8.556983694697269938e-01,5.890403028581024706e+07,-3.603092716826836765e+07
2.349321897095641907e+04,-4.439472682195892972e-01,-8.590770897118613636e-01,5.914378081760115176e+07,-3.557078871920803934e+07
2.350733749197261932e+04,-4.383543834485655877e-01,-8.624123301104221762e-01,5.938019965196447074e+07,-3.510950455223260075e+07
2.352145601298881957e+04,-4.327393437774295082e-01,-8.657039834323095873e-01,5.961328813491125405e+07,-3.464709359801924229e+07
2.353557453400501981e+04,-4.271024634444348100e-01,-8.689519442256277149e-01,5.984304762806914747e+07,-3.418357467346993089e+07
2.354969305502122006e+04,-4.214440565586434206e-01,-8.721561088090236114e-01,6.006947950743404776e+07,-3.371896648334382474e+07
2.356381157603742031e+04,-4.157644370986278703e-01,-8.753163752611812232e-01,6.029258516214746237e+07,-3.325328762188647315e+07
2.357793009705361692e+04,-4.100639189112882388e-01,-8.784326434104673398e-01,6.051236599329929054e+07,-3.278655657445593551e+07
2.359204861806981717e+04,-4.043428157107746834e-01,-8.815048148247353055e-01,6.072882341275586188e+07,-3.231879171914490312e+07
2.360616713908601741e+04,-3.986014410775331474e-01,-8.845327928012729490e-01,6.094195884201209247e+07,-3.185001132840066403e+07
2.362028566010221766e+04,-3.928401084574442703e-01,-8.875164823569124950e-01,6.115177371106857061e+07,-3.138023357064039260e+07
2.363440418111841791e+04,-3.870591311610740992e-01,-8.904557902182873574e-01,6.135826945733231306e+07,-3.090947651186352596e+07
2.364852270213461816e+04,-3.812588223630258843e-01,-8.933506248122430327e-01,6.156144752454123646e+07,-3.043775811726045981e+07
2.366264122315081840e+04,-3.754394951013927395e-01,-8.962008962563983161e-01,6.176130936171194166e+07,-2.996509625281764567e+07
2.367675974416701865e+04,-3.696014622773078906e-01,-8.990065163498588419e-01,6.195785642211049795e+07,-2.949150868691902980e+07
2.369087826518321526e+04,-3.637450366545930680e-01,-9.017673985640809464e-01,6.215109016224583238e+07,-2.901701309194392711e+07
2.370499678619941551e+04,-3.578705308594928858e-01,-9.044834580338884100e-01,6.234101204088576138e+07,-2.854162704586059228e+07
2.371911530721561576e+04,-3.519782573805164128e-01,-9.071546115486339712e-01,6.252762351809451729e+07,-2.806536803381725773e+07
2.373323382823181601e+04,-3.460685285683530732e-01,-9.097807775435168276e-01,6.271092605429256707e+07,-2.758825344972820207e+07
2.374735234924801625e+04,-3.401416566358845261e-01,-9.123618760910465753e-01,6.289092110933763534e+07,-2.711030059785664454e+07
2.376147087026421650e+04,-3.341979536582798116e-01,-9.148978288926565838e-01,6.306761014162690192e+07,-2.663152669439373165e+07
2.377558939128041675e+04,-3.282377315731749290e-01,-9.173885592704671410e-01,6.324099460722009093e+07,-2.615194886903373525e+07
2.378970791229661700e+04,-3.222613021809342393e-01,-9.198339921591955903e-01,6.341107595898318291e+07,-2.567158416654542834e+07
2.380382643331281361e+04,-3.162689771449926357e-01,-9.222340540982160162e-01,6.357785564575237781e+07,-2.519044954833979905e+07
2.381794495432901385e+04,-3.102610679922685466e-01,-9.245886732237673655e-01,6.374133511151832342e+07,-2.470856189403333142e+07
2.383206347534521410e+04,-3.042378861136681989e-01,-9.268977792613054545e-01,6.390151579462973028e+07,-2.422593800300873071e+07
2.384618199636141435e+04,-2.981997427646486676e-01,-9.291613035180051883e-01,6.405839912701693922e+07,-2.374259459597063437e+07
2.386030051737761460e+04,-2.921469490658610835e-01,-9.313791788754093304e-01,6.421198653343454748e+07,-2.325854831649814919e+07
2.387441903839381484e+04,-2.860798160038627302e-01,-9.335513397822220449e-01,6.436227943072315305e+07,-2.277381573259351775e+07
2.388853755941001509e+04,-2.799986544318982529e-01,-9.356777222472495437e-01,6.450927922708983719e+07,-2.228841333822705224e+07
2.390265608042621170e+04,-2.739037750707490337e-01,-9.377582638324861719e-01,6.465298732140722871e+07,-2.180235755487845093e+07
2.391677460144241195e+04,-2.677954885096401338e-01,-9.397929036463462671e-01,6.479340510253103822e+07,-2.131566473307382315e+07
2.393089312245861220e+04,-2.616741052072268925e-01,-9.417815823370387918e-01,6.493053394863536954e+07,-2.082835115392028540e+07
2.394501164347481244e+04,-2.555399354926269906e-01,-9.437242420860890713e-01,6.506437522656626254e+07,-2.034043303063567728e+07
2.395913016449101269e+04,-2.493932895665212091e-01,-9.456208266020035280e-01,6.519493029121272266e+07,-1.985192651007528976e+07
2.397324868550721294e+04,-2.432344775023107530e-01,-9.474712811140793001e-01,6.532220048489525914e+07,-1.936284767425492406e+07
2.398736720652341319e+04,-2.370638092473315306e-01,-9.492755523663560790e-01,6.544618713677169383e+07,-1.887321254187039658e+07
2.400148572753961344e+04,-2.308815946241238037e-01,-9.510335886117117221e-01,6.556689156225999445e+07,-1.838303706981357932e+07
2.401560424855581005e+04,-2.246881433317571286e-01,-9.527453396061006385e-01,6.568431506247799844e+07,-1.789233715468510240e+07
2.402972276957201029e+04,-2.184837649471992049e-01,-9.544107566029373935e-01,6.579845892369990051e+07,-1.740112863430304080e+07
2.404384129058821054e+04,-2.122687689267514222e-01,-9.560297923476165360e-01,6.590932441682898253e+07,-1.690942728920950368e+07
2.405795981160441079e+04,-2.060434646075172405e-01,-9.576024010721804203e-01,6.601691279688695073e+07,-1.641724884417265281e+07
2.407207833262061104e+04,-1.998081612089261938e-01,-9.591285384901261368e-01,6.612122530251923203e+07,-1.592460896968610957e+07
2.408619685363681128e+04,-1.935631678343019968e-01,-9.606081617913528881e-01,6.622226315551631153e+07,-1.543152328346502967e+07
2.410031537465301153e+04,-1.873087934724752823e-01,-9.620412296372529148e-01,6.632002756035085768e+07,-1.493800735193903930e+07
2.411443389566920814e+04,-1.810453469994408593e-01,-9.634277021559402021e-01,6.641451970373046398e+07,-1.444407669174220227e+07
2.412855241668540839e+04,-1.747731371800481381e-01,-9.647675409376231803e-01,6.650574075416603684e+07,-1.394974677119933255e+07
2.414267093770160864e+04,-1.684924726697480946e-01,-9.660607090301136513e-01,6.659369186155524105e+07,-1.345503301181060262e+07
2.415678945871780888e+04,-1.622036620163624099e-01,-9.673071709344782665e-01,6.667837415678141266e+07,-1.295995078973197564e+07
2.417090797973400913e+04,-1.559070136618978808e-01,-9.685068926008292278e-01,6.675978875132742524e+07,-1.246451543725343049e+07
2.418502650075020938e+04,-1.496028359443950517e-01,-9.696598414242540986e-01,6.683793673690446466e+07,-1.196874224427427351e+07
2.419914502176640963e+04,-1.432914370998110698e-01,-9.707659862408842821e-01,6.691281918509561568e+07,-1.147264645977574959e+07
2.421326354278260987e+04,-1.369731252639354302e-01,-9.718252973241027215e-01,6.698443714701412618e+07,-1.097624329329099692e+07
2.422738206379880648e+04,-1.306482084743391392e-01,-9.728377463808906001e-01,6.705279165297617018e+07,-1.047954791637255996e+07
2.424150058481500673e+04,-1.243169946723457070e-01,-9.738033065483123751e-01,6.711788371218815446e+07,-9.982575464056745172e+06
2.425561910583120698e+04,-1.179797917050474099e-01,-9.747219523901374805e-01,6.717971431244814396e+07,-9.485341036326836795e+06
2.426973762684740723e+04,-1.116369073273326545e-01,-9.755936598936021387e-01,6.723828441986168921e+07,-8.987859699572652578e+06
2.428385614786360748e+04,-1.052886492039477734e-01,-9.764184064663071760e-01,6.729359497857162356e+07,-8.490146488048458472e+06
2.429797466887980772e+04,-9.893532491158189834e-02,-9.771961709332542823e-01,6.734564691050197184e+07,-7.992216405328540131e+06
2.431209318989600797e+04,-9.257724194097541326e-02,-9.779269335340188274e-01,6.739444111511567235e+07,-7.494084425760623068e+06
2.432621171091220822e+04,-8.621470769905065223e-02,-9.786106759200604577e-01,6.743997846918617189e+07,-6.995765495917240158e+06
2.434033023192840483e+04,-7.984802951106502455e-02,-9.792473811521701377e-01,6.748225982658274472e+07,-6.497274536045230925e+06
2.435444875294460508e+04,-7.347751462277568590e-02,-9.798370336980539719e-01,6.752128601806949079e+07,-5.998626441512693651e+06
2.436856727396080532e+04,-6.710347020263890405e-02,-9.803796194300532507e-01,6.755705785111784935e+07,-5.499836084255384281e+06
2.438268579497700557e+04,-6.072620334400996578e-02,-9.808751256230012761e-01,6.758957610973268747e+07,-5.000918314220082015e+06
2.439680431599320582e+04,-5.434602106736729360e-02,-9.813235409522165220e-01,6.761884155429179966e+07,-4.501887960806924850e+06
2.441092283700940607e+04,-4.796323032254918434e-02,-9.817248554916314651e-01,6.764485492139872909e+07,-4.002759834310017526e+06
2.442504135802560631e+04,-4.157813799100397445e-02,-9.820790607120565285e-01,6.766761692374901474e+07,-3.503548727356536780e+06
2.443915987904180292e+04,-3.519105088805380560e-02,-9.823861494795819160e-01,6.768712825000961125e+07,-3.004269416344526224e+06
2.445327840005800317e+04,-2.880227576516090210e-02,-9.826461160541128947e-01,6.770338956471155584e+07,-2.504936662878703792e+06
2.446739692107420342e+04,-2.241211931221982062e-02,-9.828589560880416354e-01,6.771640150815576315e+07,-2.005565215206287103e+06
2.448151544209040367e+04,-1.602088815984151898e-02,-9.830246666250544996e-01,6.772616469633199275e+07,-1.506169809650350828e+06
2.449563396310660391e+04,-9.628888881652683529e-03,-9.831432460990738864e-01,6.773267972085089982e+07,-1.006765172042723745e+06
2.450975248412280416e+04,-3.236427996599202522e-03,-9.832146943333359701e-01,6.773594714888907969e+07,-5.073660191557397484e+05
2.452387100513900441e+04,3.156188028745789045e-03,-9.832390125396031078e-01,6.773596752314718068e+07,-7.987060133056715131e+03
2.453798952615520466e+04,9.548652777870519220e-03,-9.832162033175112503e-01,6.773274136182101071e+07,4.913570020803799271e+05
2.455210804717140127e+04,1.594065988200943015e-02,-9.831462706540529117e-01,6.772626915858565271e+07,9.906514693090077490e+05
2.456622656818760152e+04,2.233190301783539305e-02,-9.830292199231938088e-01,6.771655138259246945e+07,1.489881646718646167e+06
2.458034508920380176e+04,2.872207590513574382e-02,-9.828650578856255038e-01,6.770358847847910225e+07,1.989032841387810418e+06
2.459446361022000201e+04,3.511087230450636587e-02,-9.826537926886514951e-01,6.768738086639243364e+07,2.488090360880824737e+06
2.460858213123620226e+04,4.149798601504035150e-02,-9.823954338662095331e-01,6.766792894202445447e+07,2.987039511820724234e+06
2.462270065225240251e+04,4.788311087202221789e-02,-9.820899923390271624e-01,6.764523307666108012e+07,3.485865598462637048e+06
2.463681917326860275e+04,5.426594074462744166e-02,-9.817374804149128220e-01,6.761929361724393070e+07,3.984553921267426573e+06
2.465093769428480300e+04,6.064616953362834961e-02,-9.813379117891813941e-01,6.759011088644503057e+07,4.483089775475518778e+06
2.466505621530099961e+04,6.702349116910608084e-02,-9.808913015452135342e-01,6.755768518275453150e+07,4.981458449680695310e+06
2.467917473631719986e+04,7.339759960817963946e-02,-9.803976661551506711e-01,6.752201678058134019e+07,5.479645224404546432e+06
2.469329325733340011e+04,7.976818883272863980e-02,-9.798570234807243429e-01,6.748310593036685884e+07,5.977635370669571683e+06
2.470741177834960035e+04,8.613495284714378641e-02,-9.792693927742196491e-01,6.744095285871170461e+07,6.475414148573413491e+06
2.472153029936580060e+04,9.249758567608178106e-02,-9.786347946795731501e-01,6.739555776851546764e+07,6.972966805862217210e+06
2.473564882038200085e+04,9.885578136223562018e-02,-9.779532512336072125e-01,6.734692083912961185e+07,7.470278576503808610e+06
2.474976734139820110e+04,1.052092339641200053e-01,-9.772247858673960286e-01,6.729504222652354836e+07,7.967334679260471836e+06
2.476388586241439771e+04,1.115576375538712972e-01,-9.764494234077696344e-01,6.723992206346382201e+07,8.464120316261127591e+06
2.477800438343059795e+04,1.179006862150733803e-01,-9.756271900789493801e-01,6.718156045970652997e+07,8.960620671573601663e+06
2.479212290444679820e+04,1.242380740405857609e-01,-9.747581135043212885e-01,6.711995750220313668e+07,9.456820909774964675e+06
2.480624142546299845e+04,1.305694951304081086e-01,-9.738422227083421978e-01,6.705511325531946868e+07,9.952706174522459507e+06
2.482035994647919870e+04,1.368946435895580793e-01,-9.728795481185821270e-01,6.698702776106824726e+07,1.044826158712297678e+07
2.483447846749539895e+04,1.432132135259731320e-01,-9.718701215679003136e-01,6.691570103935501724e+07,1.094347224510180578e+07
2.484859698851159919e+04,1.495248990484363827e-01,-9.708139762967580300e-01,6.684113308823761344e+07,1.143832322077043727e+07
2.486271550952779944e+04,1.558293942645274377e-01,-9.697111469556649599e-01,6.676332388419926167e+07,1.193279955979334377e+07
2.487683403054399605e+04,1.621263932785981243e-01,-9.685616696077625765e-01,6.668227338243537396e+07,1.242688627975353971e+07
2.489095255156019630e+04,1.684155901897839980e-01,-9.673655817315408578e-01,6.659798151715402305e+07,1.292056836871760897e+07
2.490507107257639655e+04,1.746966790900286171e-01,-9.661229222236928926e-01,6.651044820189044625e+07,1.341383078379822522e+07
2.491918959359259679e+04,1.809693540621545582e-01,-9.648337314021036004e-01,6.641967332983534038e+07,1.390665844971662015e+07
2.493330811460879704e+04,1.872333091779576075e-01,-9.634980510089743433e-01,6.632565677417726070e+07,1.439903625736304931e+07
2.494742663562499729e+04,1.934882384963358959e-01,-9.621159242140839840e-01,6.622839838845916092e+07,1.489094906235591508e+07
2.496154515664119754e+04,1.997338360614532571e-01,-9.606873956181853913e-01,6.612789800694918633e+07,1.538238168359938264e+07
2.497566367765739778e+04,2.059697959009381685e-01,-9.592125112565388356e-01,6.602415544502580911e+07,1.587331890183940716e+07
2.498978219867359439e+04,2.121958120241181356e-01,-9.576913186025814984e-01,6.591717049957747757e+07,1.636374545821797289e+07
2.500390071968979464e+04,2.184115784203005950e-01,-9.561238665717324281e-01,6.580694294941668957e+07,1.685364605282626301e+07
2.501801924070599489e+04,2.246167890570775205e-01,-9.545102055253360529e-01,6.569347255570907891e+07,1.734300534325476363e+07
2.503213776172219514e+04,2.308111378786871781e-01,-9.528503872747416947e-01,6.557675906241706014e+07,1.783180794314282015e+07
2.504625628273839538e+04,2.369943188044105475e-01,-9.511444650855196414e-01,6.545680219675855339e+07,1.832003842072562873e+07
2.506037480375459563e+04,2.431660257270131520e-01,-9.493924936818144422e-01,6.533360166968082637e+07,1.880768129737942666e+07
2.507449332477079588e+04,2.493259525112327402e-01,-9.475945292508367590e-01,6.520715717634953558e+07,1.929472104616464674e+07
2.508861184578699249e+04,2.554737929923117101e-01,-9.457506294474916642e-01,6.507746839665323496e+07,1.978114209036687762e+07
2.510273036680319274e+04,2.616092409745863212e-01,-9.438608533991439398e-01,6.494453499572323263e+07,2.026692880203634501e+07
2.511684888781939298e+04,2.677319902301092958e-01,-9.419252617105244862e-01,6.480835662446948141e+07,2.075206550052395090e+07
2.513096740883559323e+04,2.738417344973403944e-01,-9.399439164687722892e-01,6.466893292013198882e+07,2.123653645101634040e+07
2.514508592985179348e+04,2.799381674798809838e-01,-9.379168812486140538e-01,6.452626350684841722e+07,2.172032586306809634e+07
2.515920445086799373e+04,2.860209828452651148e-01,-9.358442211176859482e-01,6.438034799623782933e+07,2.220341788913170993e+07
2.517332297188419398e+04,2.920898742238060009e-01,-9.337260026419901271e-01,6.423118598800078779e+07,2.268579662308522686e+07
2.518744149290039422e+04,2.981445352075007271e-01,-9.315622938914938089e-01,6.407877707053603232e+07,2.316744609875747561e+07
2.520156001391659083e+04,3.041846593489911377e-01,-9.293531644458656871e-01,6.392312082157386839e+07,2.364835028845074400e+07
2.521567853493279108e+04,3.102099401605944440e-01,-9.270986854003504529e-01,6.376421680882628262e+07,2.412849310146159679e+07
2.522979705594899133e+04,3.162200711133792419e-01,-9.247989293717883141e-01,6.360206459065458179e+07,2.460785838259795681e+07
2.524391557696519158e+04,3.222147456363217422e-01,-9.224539705047688498e-01,6.343666371675390005e+07,2.508642991069488972e+07
2.525803409798139182e+04,3.281936571155191218e-01,-9.200638844779278624e-01,6.326801372885543853e+07,2.556419139712718874e+07
2.527215261899759207e+04,3.341564988934719871e-01,-9.176287485103842290e-01,6.309611416144634038e+07,2.604112648431951553e+07
2.528627114001379232e+04,3.401029642684353371e-01,-9.151486413683173060e-01,6.292096454250752926e+07,2.651721874425391108e+07
2.530038966102999257e+04,3.460327464938398045e-01,-9.126236433716861107e-01,6.274256439426966012e+07,2.699245167697468027e+07
2.531450818204618918e+04,3.519455387777842281e-01,-9.100538364010890557e-01,6.256091323398748785e+07,2.746680870909050852e+07
2.532862670306238942e+04,3.578410342826091606e-01,-9.074393039047630172e-01,6.237601057473260164e+07,2.794027319227451459e+07
2.534274522407858967e+04,3.637189261245312166e-01,-9.047801309057300623e-01,6.218785592620544136e+07,2.841282840176041797e+07
2.535686374509478992e+04,3.695789073733698471e-01,-9.020764040090800684e-01,6.199644879556591064e+07,2.888445753483723849e+07
2.537098226611099017e+04,3.754206710523463886e-01,-8.993282114093982260e-01,6.180178868828354031e+07,2.935514370934070274e+07
2.538510078712719042e+04,3.812439101379652140e-01,-8.965356428983349835e-01,6.160387510900714248e+07,2.982486996214208752e+07
2.539921930814339066e+04,3.870483175599778725e-01,-8.936987898723183221e-01,6.140270756245427579e+07,3.029361924763437361e+07
2.541333782915958727e+04,3.928335862014312729e-01,-8.908177453404101387e-01,6.119828555432085693e+07,3.076137443621560186e+07
2.542745635017578752e+04,3.985994088988094042e-01,-8.878926039323018493e-01,6.099060859221079946e+07,3.122811831277017295e+07
2.544157487119198777e+04,4.043454784422492732e-01,-8.849234619064610952e-01,6.077967618658681214e+07,3.169383357514628395e+07
2.545569339220818802e+04,4.100714875758622036e-01,-8.819104171584145613e-01,6.056548785174153745e+07,3.215850283263192326e+07
2.546981191322438826e+04,4.157771289981406215e-01,-8.788535692291787882e-01,6.034804310679010302e+07,3.262210860442766920e+07
2.548393043424058851e+04,4.214620953624608202e-01,-8.757530193138344243e-01,6.012734147668407112e+07,3.308463331811701879e+07
2.549804895525678876e+04,4.271260792776823134e-01,-8.726088702702444744e-01,5.990338249324711412e+07,3.354605930813414603e+07
2.551216747627298901e+04,4.327687733088464439e-01,-8.694212266279182089e-01,5.967616569623274356e+07,3.400636881422915310e+07
2.552628599728918562e+04,4.383898699779737451e-01,-8.661901945970200689e-01,5.944569063440440595e+07,3.446554397993072867e+07
2.554040451830538586e+04,4.439890617649721039e-01,-8.629158820775197913e-01,5.921195686663793027e+07,3.492356685100694746e+07
2.555452303932158611e+04,4.495660411086353503e-01,-8.595983986684965217e-01,5.897496396304752678e+07,3.538041937392249703e+07
2.556864156033778636e+04,4.551205004077637506e-01,-8.562378556775800398e-01,5.873471150613447279e+07,3.583608339429478347e+07
2.558276008135398661e+04,4.606521320223865290e-01,-8.528343661305418655e-01,5.849119909195969254e+07,3.629054065534714609e+07
2.559687860237018685e+04,4.661606282750980212e-01,-8.493880447810321366e-01,5.824442633134018630e+07,3.674377279635998607e+07
2.561099712338638710e+04,4.716456814525076813e-01,-8.458990081204620370e-01,5.799439285106974840e+07,3.719576135111977160e+07
2.562511564440258371e+04,4.771069838068049407e-01,-8.423673743880343290e-01,5.774109829516435415e+07,3.764648774636586756e+07
2.563923416541878396e+04,4.825442275574499673e-01,-8.387932635809153270e-01,5.748454232613216341e+07,3.809593330023592710e+07
2.565335268643498421e+04,4.879571048929714494e-01,-8.351767974645634141e-01,5.722472462626951188e+07,3.854407922070829570e+07
2.566747120745118445e+04,4.933453079729018254e-01,-8.315180995831947808e-01,5.696164489898187667e+07,3.899090660404371470e+07
2.568158972846738470e+04,4.987085289298312518e-01,-8.278172952704019316e-01,5.669530287013123184e+07,3.943639643322479725e+07
2.569570824948358495e+04,5.040464598715920230e-01,-8.240745116599176301e-01,5.642569828940973431e+07,3.988052957639397681e+07
2.570982677049978520e+04,5.093587928835727752e-01,-8.202898776965268368e-01,5.615283093174019456e+07,4.032328678529002517e+07
2.572394529151598545e+04,5.146452200311674163e-01,-8.164635241471259741e-01,5.587670059870368987e+07,4.076464869368317723e+07
2.573806381253218206e+04,5.199054333623575053e-01,-8.125955836119314046e-01,5.559730711999482661e+07,4.120459581580892950e+07
2.575218233354838230e+04,5.251391249104412351e-01,-8.086861905358303515e-01,5.531465035490456969e+07,4.164310854480127990e+07
2.576630085456458255e+04,5.303459866968889269e-01,-8.047354812198895813e-01,5.502873019383215904e+07,4.208016715112391114e+07
2.578041937558078280e+04,5.355257107343573963e-01,-8.007435938330030867e-01,5.473954655982501805e+07,4.251575178100165725e+07
2.579453789659698305e+04,5.406779890298430979e-01,-7.967106684236917591e-01,5.444709941014824063e+07,4.294984245485077053e+07
2.580865641761318329e+04,5.458025135879871481e-01,-7.926368469320504984e-01,5.415138873788354546e+07,4.338241906570881605e+07
2.582277493862938354e+04,5.508989764145314494e-01,-7.885222732018443148e-01,5.385241457355824113e+07,4.381346137766421586e+07
2.583689345964558379e+04,5.559670695199312451e-01,-7.843670929927514246e-01,5.355017698680467159e+07,4.424294902428569645e+07
2.585101198066178040e+04,5.610064849231237716e-01,-7.801714539927565584e-01,5.324467608805054426e+07,4.467086150705163926e+07
2.586513050167798065e+04,5.660169146554644426e-01,-7.759355058306867114e-01,5.293591203024023771e+07,4.509717819378024340e+07
2.587924902269418089e+04,5.709980507648138026e-01,-7.716594000889061000e-01,5.262388501058862358e+07,4.552187831705904007e+07
2.589336754371038114e+04,5.759495853198056681e-01,-7.673432903161477858e-01,5.230859527236633748e+07,4.594494097267617285e+07
2.590748606472658139e+04,5.808712104142764732e-01,-7.629873320405000658e-01,5.199004310671812296e+07,4.636634511805202812e+07
2.592160458574278164e+04,5.857626181718716962e-01,-7.585916827825377462e-01,5.166822885451421142e+07,4.678606957067209482e+07
2.593572310675898188e+04,5.906235007508270352e-01,-7.541565020686036291e-01,5.134315290823534876e+07,4.720409300652119517e+07
2.594984162777517849e+04,5.954535503489278847e-01,-7.496819514442368826e-01,5.101481571389198303e+07,4.762039395851925015e+07
2.596396014879137874e+04,6.002524592086584398e-01,-7.451681944877439623e-01,5.068321777297759801e+07,4.803495081495945156e+07
2.597807866980757899e+04,6.050199196225239939e-01,-7.406153968239287400e-01,5.034835964445796609e+07,4.844774181794754416e+07
2.599219719082377924e+04,6.097556239385748533e-01,-7.360237261379575235e-01,5.001024194679514319e+07,4.885874506184463948e+07
2.600631571183997949e+04,6.144592645661173247e-01,-7.313933521893770662e-01,4.966886536000788212e+07,4.926793849171222001e+07
2.602043423285617973e+04,6.191305339816216557e-01,-7.267244468262780144e-01,4.932423062776859105e+07,4.967529990176033974e+07
2.603455275387237998e+04,6.237691247348299273e-01,-7.220171839996047947e-01,4.897633855953735113e+07,5.008080693379919231e+07
2.604867127488858023e+04,6.283747294550663387e-01,-7.172717397776110504e-01,4.862519003273352236e+07,5.048443707569439709e+07
2.606278979590477684e+04,6.329470408577544394e-01,-7.124882923604624052e-01,4.827078599494557828e+07,5.088616765982624143e+07
2.607690831692097709e+04,6.374857517511495208e-01,-7.076670220949774492e-01,4.791312746617914736e+07,5.128597586155386269e+07
2.609102683793717733e+04,6.419905550432734032e-01,-7.028081114895272652e-01,4.755221554114511609e+07,5.168383869768316299e+07
2.610514535895337758e+04,6.464611437490793699e-01,-6.979117452290650725e-01,4.718805139158660173e+07,5.207973302494098246e+07
2.611926387996957783e+04,6.508972109978319320e-01,-6.929781101903074170e-01,4.682063626864659786e+07,5.247363553845427185e+07
2.613338240098577808e+04,6.552984500407135204e-01,-6.880073954570563588e-01,4.644997150527641177e+07,5.286552277023536712e+07
2.614750092200197832e+04,6.596645542586608846e-01,-6.829997923356646572e-01,4.607605851868543029e+07,5.325537108767370135e+07
2.616161944301817857e+04,6.639952171704338602e-01,-6.779554943706435077e-01,4.569889881283287704e+07,5.364315669203431904e+07
2.617573796403437518e+04,6.682901324409202815e-01,-6.728746973604116111e-01,4.531849398096214235e+07,5.402885561696363240e+07
2.618985648505057543e+04,6.725489938896886954e-01,-6.677575993731799109e-01,4.493484570817773044e+07,5.441244372700342536e+07
2.620397500606677568e+04,6.767714954997734456e-01,-6.626044007629876553e-01,4.454795577406683564e+07,5.479389671611212194e+07
2.621809352708297592e+04,6.809573314267222122e-01,-6.574153041858665780e-01,4.415782605536416173e+07,5.517319010619583726e+07
2.623221204809917617e+04,6.851061960078900226e-01,-6.521905146161476319e-01,4.376445852866208553e+07,5.555029924564818293e+07
2.624633056911537642e+04,6.892177837719937195e-01,-6.469302393629051684e-01,4.336785527316613495e+07,5.592519930789998919e+07
2.626044909013157667e+04,6.932917894489274424e-01,-6.416346880865371194e-01,4.296801847349645197e+07,5.629786528997942060e+07
2.627456761114777328e+04,6.973279079798438973e-01,-6.363040728154818471e-01,4.256495042253600061e+07,5.666827201108289510e+07
2.628868613216397353e+04,7.013258345275129590e-01,-6.309386079630626698e-01,4.215865352432546020e+07,5.703639411115802079e+07
2.630280465318017377e+04,7.052852644869433973e-01,-6.255385103444786044e-01,4.174913029700695723e+07,5.740220604949769378e+07
2.631692317419637402e+04,7.092058934962971462e-01,-6.201039991939147900e-01,4.133638337581521273e+07,5.776568210334794223e+07
2.633104169521257427e+04,7.130874174480810179e-01,-6.146352961817893590e-01,4.092041551611824334e+07,5.812679636652863026e+07
2.634516021622877452e+04,7.169295325006307396e-01,-6.091326254321286493e-01,4.050122959650763124e+07,5.848552274806835502e+07
2.635927873724497476e+04,7.207319350898870880e-01,-6.035962135400707584e-01,4.007882862193906307e+07,5.884183497085405886e+07
2.637339725826117501e+04,7.244943219414723412e-01,-5.980262895894965514e-01,3.965321572692376375e+07,5.919570657029610872e+07
2.638751577927737162e+04,7.282163900830682657e-01,-5.924230851707855683e-01,3.922439417877161503e+07,5.954711089300941676e+07
2.640163430029357187e+04,7.318978368571084081e-01,-5.867868343986897273e-01,3.879236738088584691e+07,5.989602109551195800e+07
2.641575282130977212e+04,7.355383599337733669e-01,-5.811177739303438061e-01,3.835713887611162663e+07,6.024241014294002950e+07
2.642987134232597236e+04,7.391376573243146897e-01,-5.754161429833801744e-01,3.791871235013698041e+07,6.058625080778288841e+07
2.644398986334217261e+04,7.426954273946975160e-01,-5.696821833541710900e-01,3.747709163494834304e+07,6.092751566863621771e+07
2.645810838435837286e+04,7.462113688795722899e-01,-5.639161394361850155e-01,3.703228071234064549e+07,6.126617710897579044e+07
2.647222690537457311e+04,7.496851808965812047e-01,-5.581182582384583979e-01,3.658428371748276800e+07,6.160220731595207006e+07
2.648634542639077335e+04,7.531165629610031553e-01,-5.522887894041796919e-01,3.613310494253896177e+07,6.193557827920670062e+07
2.650046394740696996e+04,7.565052150007420817e-01,-5.464279852293860706e-01,3.567874884034699202e+07,6.226626178971162438e+07
2.651458246842317021e+04,7.598508373716705844e-01,-5.405361006817603897e-01,3.522122002815294266e+07,6.259422943863233924e+07
2.652870098943937046e+04,7.631531308733189300e-01,-5.346133934195496096e-01,3.476052329140505195e+07,6.291945261621490121e+07
2.654281951045557071e+04,7.664117967649335394e-01,-5.286601238105725908e-01,3.429666358760496229e+07,6.324190251069944352e+07
2.655693803147177096e+04,7.696265367818982961e-01,-5.226765549513356923e-01,3.382964605021863431e+07,6.356155010725986958e+07
2.657105655248797120e+04,7.727970531525278908e-01,-5.166629526862461796e-01,3.335947599264699593e+07,6.387836618697127700e+07
2.658517507350417145e+04,7.759230486152389750e-01,-5.106195856269217792e-01,3.288615891225700825e+07,6.419232132580615580e+07
2.659929359452036806e+04,7.790042264361035640e-01,-5.045467251715952672e-01,3.240970049447389320e+07,6.450338589366027713e+07
2.661341211553656831e+04,7.820402904267962363e-01,-4.984446455246009378e-01,3.193010661693444848e+07,6.481153005340991914e+07
2.662753063655276856e+04,7.850309449629274683e-01,-4.923136237159649320e-01,3.144738335370389372e+07,6.511672376000041515e+07
2.664164915756896880e+04,7.879758950027861975e-01,-4.861539396210646236e-01,3.096153697955443710e+07,6.541893675956871361e+07
2.665576767858516905e+04,7.908748461064851742e-01,-4.799658759803756558e-01,3.047257397430798411e+07,6.571813858860002458e+07
2.666988619960136930e+04,7.937275044555204273e-01,-4.737497184192973609e-01,2.998050102724290267e+07,6.601429857312025875e+07
2.668400472061756955e+04,7.965335768727485055e-01,-4.675057554680505101e-01,2.948532504156555608e+07,6.630738582792542875e+07
2.669812324163376979e+04,7.992927708427901567e-01,-4.612342785816477275e-01,2.898705313894719630e+07,6.659736925584933907e+07
2.671224176264996640e+04,8.020047945328634409e-01,-4.549355821599316840e-01,2.848569266412696242e+07,6.688421754707080126e+07
2.672636028366616665e+04,8.046693568140590447e-01,-4.486099635676691899e-01,2.798125118958077580e+07,6.716789917846220732e+07
2.674047880468236690e+04,8.072861672830511370e-01,-4.422577231547209498e-01,2.747373652025867254e+07,6.744838241297972202e+07
2.675459732569856715e+04,8.098549362842661914e-01,-4.358791642762501195e-01,2.696315669838853553e+07,6.772563529909804463e+07
2.676871584671476739e+04,8.123753749325052231e-01,-4.294745933129910376e-01,2.644952000834874436e+07,6.799962567029006779e+07
2.678283436773096764e+04,8.148471951360289900e-01,-4.230443196915623649e-01,2.593283498160951212e+07,6.827032114455339313e+07
2.679695288874716789e+04,8.172701096201134829e-01,-4.165886559048231352e-01,2.541311040174358338e+07,6.853768912398518622e+07
2.681107140976336450e+04,8.196438319510803705e-01,-4.101079175322683845e-01,2.489035530950696021e+07,6.880169679440683126e+07
2.682518993077956475e+04,8.219680765608139428e-01,-4.036024232604489836e-01,2.436457900798935071e+07,6.906231112504045665e+07
2.683930845179576500e+04,8.242425587717611135e-01,-3.970724949034364348e-01,2.383579106783688441e+07,6.931949886823791265e+07
2.685342697281196524e+04,8.264669948224333540e-01,-3.905184574232941075e-01,2.330400133254488185e+07,6.957322655926533043e+07
2.686754549382816549e+04,8.286411018934093375e-01,-3.839406389505741757e-01,2.276921992382319272e+07,6.982346051614385843e+07
2.688166401484436574e+04,8.307645981338473984e-01,-3.773393708048256578e-01,2.223145724703370780e+07,7.007016683954881132e+07
2.689578253586056599e+04,8.328372026885140222e-01,-3.707149875151085072e-01,2.169072399670068175e+07,7.031331141276897490e+07
2.690990105687676623e+04,8.348586357253378054e-01,-3.640678268405092011e-01,2.114703116209426150e+07,7.055285990172792971e+07
2.692401957789296284e+04,8.368286184634904368e-01,-3.573982297906528882e-01,2.060039003288775682e+07,7.078877775506909192e+07
2.693813809890916309e+04,8.387468732020103568e-01,-3.507065406461953860e-01,2.005081220488822833e+07,7.102103020430696011e+07
2.695225661992536334e+04,8.406131233489639865e-01,-3.439931069793157881e-01,1.949830958584285155e+07,7.124958226404546201e+07
2.696637514094156359e+04,8.424270934511641773e-01,-3.372582796741671052e-01,1.894289440131858364e+07,7.147439873226666451e+07
2.698049366195776383e+04,8.441885092244441058e-01,-3.305024129473054795e-01,1.838457920065758377e+07,7.169544419069106877e+07
2.699461218297396408e+04,8.458970975844980478e-01,-3.237258643680798187e-01,1.782337686300781742e+07,7.191268300521187484e+07
2.700873070399016433e+04,8.475525866782938067e-01,-3.169289948789772993e-01,1.725930060342926905e+07,7.212607932640528679e+07
2.702284922500636458e+04,8.491547059160664546e-01,-3.101121688159164669e-01,1.669236397907601669e+07,7.233559709011907876e+07
2.703696774602256119e+04,8.507031860038966053e-01,-3.032757539284834380e-01,1.612258089545452036e+07,7.254120001814158261e+07
2.705108626703876143e+04,8.521977589768874317e-01,-2.964201214000916629e-01,1.554996561275742948e+07,7.274285161895371974e+07
2.706520478805496168e+04,8.536381582329367612e-01,-2.895456458680846223e-01,1.497453275227527507e+07,7.294051518856555223e+07
2.707932330907116193e+04,8.550241185671230149e-01,-2.826527054437379949e-01,1.439629730288324133e+07,7.313415381144081056e+07
2.709344183008736218e+04,8.563553762067050990e-01,-2.757416817321787783e-01,1.381527462760528736e+07,7.332373036151099205e+07
2.710756035110356243e+04,8.576316688467454652e-01,-2.688129598522031594e-01,1.323148047025481984e+07,7.350920750328186154e+07
2.712167887211976267e+04,8.588527356863634443e-01,-2.618669284559846377e-01,1.264493096215206757e+07,7.369054769303470850e+07
2.713579739313595928e+04,8.600183174656257368e-01,-2.549039797486669645e-01,1.205564262891829200e+07,7.386771318012496829e+07
2.714991591415215953e+04,8.611281565030833862e-01,-2.479245095078202732e-01,1.146363239734586328e+07,7.404066600838106871e+07
2.716403443516835978e+04,8.621819967339585666e-01,-2.409289171027783338e-01,1.086891760234638676e+07,7.420936801760536432e+07
2.717815295618456003e+04,8.631795837489919521e-01,-2.339176055138116606e-01,1.027151599397368357e+07,7.437378084518091381e+07
2.719227147720076027e+04,8.641206648339564422e-01,-2.268909813511524598e-01,9.671445744523730129e+06,7.453386592778606713e+07
2.720638999821696052e+04,8.650049890098442384e-01,-2.198494548738507692e-01,9.068725455710390583e+06,7.468958450321996212e+07
2.722050851923316077e+04,8.658323070737347082e-01,-2.127934400084533217e-01,8.463374165916828439e+06,7.484089761234173179e+07
2.723462704024936102e+04,8.666023716403503663e-01,-2.057233543674936160e-01,7.855411357522245497e+06,7.498776610112628341e+07
2.724874556126555763e+04,8.673149371843074107e-01,-1.986396192677842287e-01,7.244856964303721674e+06,7.513015062283964455e+07
2.726286408228175787e+04,8.679697600830694748e-01,-1.915426597484891080e-01,6.631731378911771812e+06,7.526801164033696055e+07
2.727698260329795812e+04,8.685665986606088129e-01,-1.844329045889910590e-01,6.016055460421472788e+06,7.540130942848576605e+07
2.729110112431415837e+04,8.691052132317841350e-01,-1.773107863265064588e-01,5.397850541955461726e+06,7.553000407671824098e+07
2.730521964533035862e+04,8.695853661474421958e-01,-1.701767412734620510e-01,4.777138438380533829e+06,7.565405549171508849e+07
2.731933816634655886e+04,8.700068218402483566e-01,-1.630312095346100332e-01,4.153941454076228663e+06,7.577342340022453666e+07
2.733345668736275911e+04,8.703693468712533354e-01,-1.558746350238709444e-01,3.528282390774793923e+06,7.588806735201948881e+07
2.734757520837895936e+04,8.706727099772041401e-01,-1.487074654808904495e-01,2.900184555471726228e+06,7.599794672299620509e+07
2.736169372939515597e+04,8.709166821186040686e-01,-1.415301524872990824e-01,2.269671768406155519e+06,7.610302071841792762e+07
2.737581225041135622e+04,8.711010365285297707e-01,-1.343431514826493589e-01,1.636768371109135915e+06,7.620324837630675733e+07
2.738993077142755646e+04,8.712255487622103667e-01,-1.271469217800443863e-01,1.001499234521254082e+06,7.629858857098703086e+07
2.740404929244375671e+04,8.712899967473761720e-01,-1.199419265814060387e-01,3.638897671751861926e+05,7.638900001678411663e+07
2.741816781345995696e+04,8.712941608353828027e-01,-1.127286329923961050e-01,-2.760340765555505641e+05,7.647444127188180387e+07
2.743228633447615721e+04,8.712378238531170993e-01,-1.055075120369636799e-01,-9.182457881439013872e+05,7.655487074234190583e+07
2.744640485549235746e+04,8.711207711556894218e-01,-9.827903867150557249e-02,-1.562718296533831628e+06,7.663024668628989160e+07
2.746052337650855407e+04,8.709427906799209751e-01,-9.104369179862548123e-02,-2.209423959703419358e+06,7.670052721826991439e+07
2.747464189752475431e+04,8.707036729986280532e-01,-8.380195428046471884e-02,-2.858334556169026997e+06,7.676567031377333403e+07
2.748876041854095456e+04,8.704032113757133038e-01,-7.655431295161595207e-02,-3.509421276429680176e+06,7.682563381394402683e+07
2.750287893955715481e+04,8.700412018220649024e-01,-6.930125863156565147e-02,-4.162654714356718585e+06,7.688037543046471477e+07
2.751699746057335506e+04,8.696174431522722958e-01,-6.204328613667599995e-02,-4.818004858528056182e+06,7.692985275062789023e+07
2.753111598158955530e+04,8.691317370421615118e-01,-5.478089429167764396e-02,-5.475441083509968594e+06,7.697402324259531498e+07
2.754523450260575555e+04,8.685838880871565859e-01,-4.751458594065683522e-02,-6.134932141088294797e+06,7.701284426084996760e+07
2.755935302362195580e+04,8.679737038614693256e-01,-4.024486795751897744e-02,-6.796446151451184414e+06,7.704627305184446275e+07
2.757347154463815241e+04,8.673009949781252947e-01,-3.297225125591145972e-02,-7.459950594325487502e+06,7.707426675984989107e+07
2.758759006565435266e+04,8.665655751498262394e-01,-2.569725079857552649e-02,-8.125412300070184283e+06,7.709678243300913274e+07
2.760170858667055290e+04,8.657672612506576160e-01,-1.842038560613582648e-02,-8.792797440726773813e+06,7.711377702959866822e+07
2.761582710768675315e+04,8.649058733786398889e-01,-1.114217876527022651e-02,-9.462071521032657474e+06,7.712520742450307310e+07
2.762994562870295340e+04,8.639812349191320351e-01,-3.863157436267808647e-03,-1.013319936939769052e+07,7.713103041590625048e+07
2.764406414971915365e+04,8.629931726090860344e-01,3.416147140056933953e-03,-1.080614512884778716e+07,7.713120273220358789e+07
2.765818267073535389e+04,8.619415166021596741e-01,1.069519963611278296e-02,-1.148087224793840386e+07,7.712568103913922608e+07
2.767230119175155414e+04,8.608261005346864447e-01,1.797346063196486599e-02,-1.215734347164103016e+07,7.711442194717262685e+07
2.768641971276775075e+04,8.596467615925077466e-01,2.525038661047206839e-02,-1.283552083220577799e+07,7.709738201907873154e+07
2.770053823378395100e+04,8.584033405786671844e-01,3.252542995316225899e-02,-1.351536564000453055e+07,7.707451777778580785e+07
2.771465675480015125e+04,8.570956819819720574e-01,3.979803893683987043e-02,-1.419683847435556911e+07,7.704578571445554495e+07
2.772877527581635150e+04,8.557236340464191571e-01,4.706765773098633976e-02,-1.487989917433689348e+07,7.701114229680930078e+07
2.774289379683255174e+04,8.542870488414889829e-01,5.433372639594882120e-02,-1.556450682958944328e+07,7.697054397770516574e+07
2.775701231784875199e+04,8.527857823333087062e-01,6.159568088195217089e-02,-1.625061977111529745e+07,7.692394720396982133e+07
2.777113083886495224e+04,8.512196944566825518e-01,6.885295302895669267e-02,-1.693819556207482517e+07,7.687130842548978329e+07
2.778524935988114885e+04,8.495886491879914848e-01,7.610497056738435573e-02,-1.762719098858694732e+07,7.681258410456615686e+07
2.779936788089734910e+04,8.478925146189592033e-01,8.335115711974983022e-02,-1.831756205053806677e+07,7.674773072553715110e+07
2.781348640191354934e+04,8.461311630312881027e-01,9.059093220319383577e-02,-1.900926395240167156e+07,7.667670480467304587e+07
2.782760492292974959e+04,8.443044709721577723e-01,9.782371123298190529e-02,-1.970225109407696873e+07,7.659946290034735203e+07
2.784172344394594984e+04,8.424123193305885771e-01,1.050489055269670235e-01,-2.039647706174894050e+07,7.651596162348890305e+07
2.785584196496215009e+04,8.404545934146661068e-01,1.122659223110539645e-01,-2.109189461877603829e+07,7.642615764831884205e+07
2.786996048597835033e+04,8.384311830296243828e-01,1.194741647256904737e-01,-2.178845569661073759e+07,7.633000772337700427e+07
2.788407900699455058e+04,8.363419825567840471e-01,1.266730318334129968e-01,-2.248611138575850055e+07,7.622746868284167349e+07
2.789819752801074719e+04,8.341868910333420928e-01,1.338619186274726813e-01,-2.318481192678070813e+07,7.611849745814706385e+07
2.791231604902694744e+04,8.319658122330061412e-01,1.410402160415815398e-01,-2.388450670134861395e+07,7.600305108990250528e+07
2.792643457004314769e+04,8.296786547474753748e-01,1.482073109607790762e-01,-2.458514422335171700e+07,7.588108674011781812e+07
2.794055309105934793e+04,8.273253320687525836e-01,1.553625862334859775e-01,-2.528667213007053360e+07,7.575256170473837852e+07
2.795467161207554818e+04,8.249057626722884340e-01,1.625054206847462990e-01,-2.598903717341758311e+07,7.561743342649435997e+07
2.796879013309174843e+04,8.224198701009489687e-01,1.696351891306990545e-01,-2.669218521125442535e+07,7.547565950806790590e+07
2.798290865410794868e+04,8.198675830497975658e-01,1.767512623943077454e-01,-2.739606119879152253e+07,7.532719772558209300e+07
2.799702717512414893e+04,8.172488354516858067e-01,1.838530073223780537e-01,-2.810060918007811531e+07,7.517200604241566360e+07
2.801114569614034554e+04,8.145635665636427047e-01,1.909397868038932300e-01,-2.880577227958926931e+07,7.501004262334710360e+07
2.802526421715654578e+04,8.118117210540491957e-01,1.980109597897089513e-01,-2.951149269391885027e+07,7.484126584903167188e+07
2.803938273817274603e+04,8.089932490905995532e-01,2.050658813136121694e-01,-3.021771168358346447e+07,7.466563433081541955e+07
2.805350125918894628e+04,8.061081064290225306e-01,2.121039025148122315e-01,-3.092436956494907662e+07,7.448310692588897049e+07
2.806761978020514653e+04,8.031562545025624500e-01,2.191243706618692388e-01,-3.163140570228585228e+07,7.429364275278498232e+07
2.808173830122134677e+04,8.001376605122030305e-01,2.261266291781031390e-01,-3.233875849996080250e+07,7.409720120722228289e+07
2.809585682223754702e+04,7.970522975176210778e-01,2.331100176685147185e-01,-3.304636539477678016e+07,7.389374197829993069e+07
2.810997534325374363e+04,7.939001445288562664e-01,2.400738719482493344e-01,-3.375416284846661985e+07,7.368322506504419446e+07
2.812409386426994388e+04,7.906811865986783650e-01,2.470175240726486254e-01,-3.446208634035269171e+07,7.346561079331104457e+07
2.813821238528614413e+04,7.873954149156469073e-01,2.539403023688957539e-01,-3.517007036017858982e+07,7.324085983304765821e+07
2.815233090630234437e+04,7.840428268978305582e-01,2.608415314693249831e-01,-3.587804840112622827e+07,7.300893321591445804e+07
2.816644942731854462e+04,7.806234262871800667e-01,2.677205323464026954e-01,-3.658595295302557200e+07,7.276979235327091813e+07
2.818056794833474487e+04,7.771372232445326045e-01,2.745766223494242597e-01,-3.729371549576820433e+07,7.252339905452702940e+07
2.819468646935094512e+04,7.735842344452275032e-01,2.814091152429606946e-01,-3.800126649293491989e+07,7.226971554586246610e+07
2.820880499036714536e+04,7.699644831753117424e-01,2.882173212470890422e-01,-3.870853538564801961e+07,7.200870448931549489e+07
2.822292351138334197e+04,7.662779994283173135e-01,2.950005470794405116e-01,-3.941545058665893972e+07,7.174032900224317610e+07
