time,x,y,vx,vy
0.000000000000000000e+00,0.000000000000000000e+00,9.832899999999999974e-01,-6.773251395529817045e+07,0.000000000000000000e+00
5.645713845045677637e+00,-2.556135717918413264e-03,9.832862324381546060e-01,-6.773225443210458755e+07,-1.996654617823932203e+05
1.129142769009135527e+01,-5.112251847695869177e-03,9.832749297703518021e-01,-6.773147586221089959e+07,-3.993299837644282961e+05
1.693714153513703380e+01,-7.668328801110850697e-03,9.832560920497929180e-01,-6.773017824467867613e+07,-5.989926261072003981e+05
2.258285538018271055e+01,-1.022434698994951346e-02,9.832297193651476919e-01,-6.772836157794344425e+07,-7.986524489646019647e+05
2.822856922522838730e+01,-1.278028685118203465e-02,9.831958118362734700e-01,-6.772602585859185457e+07,-9.983085218574530445e+05
3.387428307027406760e+01,-1.533612882898213736e-02,9.831543696167581725e-01,-6.772317108225540817e+07,-1.197959917230208404e+06
3.951999691531974435e+01,-1.789185332638508485e-02,9.831053929023593208e-01,-6.771979724594295025e+07,-1.397605692293705884e+06
4.516571076036542109e+01,-2.044744074617233648e-02,9.830488819244237453e-01,-6.771590434603676200e+07,-1.597244904046092648e+06
5.081142460541109784e+01,-2.300287149126824596e-02,9.829848369498220828e-01,-6.771149237827318907e+07,-1.796876609419597313e+06
5.645713845045677459e+01,-2.555812596474009088e-02,9.829132582809476659e-01,-6.770656133774262667e+07,-1.996499865280528553e+06
6.210285229550245134e+01,-2.811318456979805883e-02,9.828341462557177444e-01,-6.770111121888956428e+07,-2.196113728429276496e+06
6.774856614054813519e+01,-3.066802770979527512e-02,9.827475012475728189e-01,-6.769514201551255584e+07,-2.395717255600311328e+06
7.339427998559381194e+01,-3.322263578822771957e-02,9.826533236654773074e-01,-6.768865372076418996e+07,-2.595309503462183289e+06
7.903999383063948869e+01,-3.577698920873435134e-02,9.825516139539182126e-01,-6.768164632715116441e+07,-2.794889528617524542e+06
8.468570767568516544e+01,-3.833106837509699799e-02,9.824423725929064544e-01,-6.767411982653421164e+07,-2.994456387603048235e+06
9.033142152073084219e+01,-4.088485369124042479e-02,9.823256000979765368e-01,-6.766607421012817323e+07,-3.194009136889546644e+06
9.597713536577651894e+01,-4.343832556123229660e-02,9.822012970201861037e-01,-6.765750946850191057e+07,-3.393546832881894428e+06
1.016228492108221957e+02,-4.599146438928319869e-02,9.820694639461162723e-01,-6.764842559157837927e+07,-3.593068531919045839e+06
1.072685630558678724e+02,-4.854425057974663671e-02,9.819301014978715214e-01,-6.763882256863459945e+07,-3.792573290274036583e+06
1.129142769009135492e+02,-5.109666453711899509e-02,9.817832103330800253e-01,-6.762870038830167055e+07,-3.992060164153982885e+06
1.185599907459592259e+02,-5.364868666603964109e-02,9.816287911448930981e-01,-6.761805903856472671e+07,-4.191528209700081032e+06
1.242057045910049027e+02,-5.620029737129077219e-02,9.814668446619857489e-01,-6.760689850676299632e+07,-4.390976482987608761e+06
1.298514184360505794e+02,-5.875147705779757562e-02,9.812973716485563491e-01,-6.759521877958975732e+07,-4.590404040025927126e+06
1.354971322810962704e+02,-6.130220613062810353e-02,9.811203729043262989e-01,-6.758301984309239686e+07,-4.789809936758470722e+06
1.411428461261419329e+02,-6.385246499499327988e-02,9.809358492645410266e-01,-6.757030168267232180e+07,-4.989193229062760249e+06
1.467885599711876239e+02,-6.640223405624712250e-02,9.807438015999693226e-01,-6.755706428308501840e+07,-5.188552972750400193e+06
1.524342738162332864e+02,-6.895149371988629206e-02,9.805442308169027843e-01,-6.754330762844006717e+07,-5.387888223567067645e+06
1.580799876612789774e+02,-7.150022439155061249e-02,9.803371378571570371e-01,-6.752903170220106840e+07,-5.587198037192526273e+06
1.637257015063246399e+02,-7.404840647702265466e-02,9.801225236980709576e-01,-6.751423648718574643e+07,-5.786481469240617938e+06
1.693714153513703309e+02,-7.659602038222802778e-02,9.799003893525067843e-01,-6.749892196556584537e+07,-5.985737575259267353e+06
1.750171291964159934e+02,-7.914304651323511575e-02,9.796707358688505618e-01,-6.748308811886720359e+07,-6.184965410730477422e+06
1.806628430414616844e+02,-8.168946527625534082e-02,9.794335643310110306e-01,-6.746673492796972394e+07,-6.384164031070333906e+06
1.863085568865073753e+02,-8.423525707764299708e-02,9.791888758584210706e-01,-6.744986237310737371e+07,-6.583332491629001684e+06
1.919542707315530379e+02,-8.678040232389522268e-02,9.789366716060367013e-01,-6.743247043386816978e+07,-6.782469847690726630e+06
1.975999845765987288e+02,-8.932488142165220801e-02,9.786769527643375266e-01,-6.741455908919422328e+07,-6.981575154473838396e+06
2.032456984216443914e+02,-9.186867477769693202e-02,9.784097205593259572e-01,-6.739612831738172472e+07,-7.180647467130742036e+06
2.088914122666900823e+02,-9.441176279895535650e-02,9.781349762525287650e-01,-6.737717809608088434e+07,-7.379685840747927316e+06
2.145371261117357449e+02,-9.695412589249630120e-02,9.778527211409953068e-01,-6.735770840229600668e+07,-7.578689330345962197e+06
2.201828399567814358e+02,-9.949574446553159646e-02,9.775629565572991897e-01,-6.733771921238549054e+07,-7.777656990879498422e+06
2.258285538018270984e+02,-1.020365989254158612e-01,9.772656838695369386e-01,-6.731721050206175447e+07,-7.976587877237265930e+06
2.314742676468727893e+02,-1.045766696796467526e-01,9.769609044813282184e-01,-6.729618224639131129e+07,-8.175481044242078438e+06
2.371199814919184519e+02,-1.071159394452044500e-01,9.766486102818733306e-01,-6.727464011000812054e+07,-8.374333002747277729e+06
2.427656953369641428e+02,-1.096543918358372088e-01,9.763287893906120729e-01,-6.725259183600531518e+07,-8.573139367188265547e+06
2.484114091820098054e+02,-1.121920071792319867e-01,9.760014434831082442e-01,-6.723003699334809184e+07,-8.771899425987925380e+06
2.540571230270554963e+02,-1.147287657768067404e-01,9.756665743707632066e-01,-6.720697509600289166e+07,-8.970612489840861410e+06
2.597028368721011589e+02,-1.172646479275114423e-01,9.753241839026098869e-01,-6.718340566189332306e+07,-9.169277865277785808e+06
2.653485507171468498e+02,-1.197996339278281502e-01,9.749742739653116663e-01,-6.715932821290023625e+07,-9.367894854665528983e+06
2.709942645621925408e+02,-1.223337040717709934e-01,9.746168464831640454e-01,-6.713474227486164868e+07,-9.566462756207039580e+06
2.766399784072382317e+02,-1.248668386508861583e-01,9.742519034180932014e-01,-6.710964737757277489e+07,-9.764980863941375166e+06
2.822856922522838659e+02,-1.273990179542518475e-01,9.738794467696564316e-01,-6.708404305478604138e+07,-9.963448467743711546e+06
2.879314060973295568e+02,-1.299302222684785013e-01,9.734994785750424873e-01,-6.705792884421107918e+07,-1.016186485332534276e+07
2.935771199423752478e+02,-1.324604318777084233e-01,9.731120009090713507e-01,-6.703130428751468658e+07,-1.036022930223367363e+07
2.992228337874209387e+02,-1.349896270636160855e-01,9.727170158841940140e-01,-6.700416893032090366e+07,-1.055854109185222164e+07
3.048685476324665728e+02,-1.375177881054079898e-01,9.723145256504925893e-01,-6.697652232221093029e+07,-1.075679949540062621e+07
3.105142614775122638e+02,-1.400448952798227509e-01,9.719045323956808646e-01,-6.694836401672318578e+07,-1.095500378193463944e+07
3.161599753225579548e+02,-1.425709288611310688e-01,9.714870383451033042e-01,-6.691969357135327905e+07,-1.115315321634612605e+07
3.218056891676036457e+02,-1.450958691211356177e-01,9.710620457617359369e-01,-6.689051054755403101e+07,-1.135124705936306901e+07
3.274514030126492798e+02,-1.476196963291711850e-01,9.706295569461856898e-01,-6.686081451073543727e+07,-1.154928456754956208e+07
3.330971168576949708e+02,-1.501423907521046430e-01,9.701895742366909436e-01,-6.683060503026471287e+07,-1.174726499330582097e+07
3.387428307027406618e+02,-1.526639326543349773e-01,9.697421000091211996e-01,-6.679988167946626246e+07,-1.194518758486817032e+07
3.443885445477863527e+02,-1.551843022977930919e-01,9.692871366769771901e-01,-6.676864403562169522e+07,-1.214305158630905300e+07
3.500342583928319868e+02,-1.577034799419420874e-01,9.688246866913908795e-01,-6.673689167996980995e+07,-1.234085623753702454e+07
3.556799722378776778e+02,-1.602214458437770939e-01,9.683547525411251300e-01,-6.670462419770660996e+07,-1.253860077429675870e+07
3.613256860829233688e+02,-1.627381802578253545e-01,9.678773367525743687e-01,-6.667184117798528820e+07,-1.273628442816904560e+07
3.669713999279690597e+02,-1.652536634361460310e-01,9.673924418897641431e-01,-6.663854221391624957e+07,-1.293390642657078058e+07
3.726171137730147507e+02,-1.677678756283305095e-01,9.669000705543512320e-01,-6.660472690256709605e+07,-1.313146599275498837e+07
3.782628276180603848e+02,-1.702807970815021499e-01,9.664002253856233127e-01,-6.657039484496261179e+07,-1.332896234581079334e+07
3.839085414631060758e+02,-1.727924080403165363e-01,9.658929090604994050e-01,-6.653554564608479291e+07,-1.352639470066345483e+07
3.895542553081517667e+02,-1.753026887469610329e-01,9.653781242935303153e-01,-6.650017891487284005e+07,-1.372376226807432622e+07
3.951999691531974577e+02,-1.778116194411553663e-01,9.648558738368974153e-01,-6.646429426422312856e+07,-1.392106425464089215e+07
4.008456829982430918e+02,-1.803191803601511267e-01,9.643261604804129750e-01,-6.642789131098926067e+07,-1.411829986279673688e+07
4.064913968432887827e+02,-1.828253517387321003e-01,9.637889870515214952e-01,-6.639096967598202080e+07,-1.431546829081157967e+07
4.121371106883344737e+02,-1.853301138092140476e-01,9.632443564152978199e-01,-6.635352898396938294e+07,-1.451256873279123381e+07
4.177828245333801647e+02,-1.878334468014448699e-01,9.626922714744482468e-01,-6.631556886367654800e+07,-1.470960037867764384e+07
4.234285383784257988e+02,-1.903353309428044704e-01,9.621327351693103047e-01,-6.627708894778589159e+07,-1.490656241424886510e+07
4.290742522234714897e+02,-1.928357464582048375e-01,9.615657504778528653e-01,-6.623808887293698639e+07,-1.510345402111905999e+07
4.347199660685171807e+02,-1.953346735700900727e-01,9.609913204156756983e-01,-6.619856827972662449e+07,-1.530027437673851661e+07
4.403656799135628717e+02,-1.978320924984363349e-01,9.604094480360100272e-01,-6.615852681270878017e+07,-1.549702265439363383e+07
4.460113937586085058e+02,-2.003279834607517573e-01,9.598201364297183069e-01,-6.611796412039463222e+07,-1.569369802320692316e+07
4.516571076036541967e+02,-2.028223266720766693e-01,9.592233887252940017e-01,-6.607687985525254160e+07,-1.589029964813701808e+07
4.573028214486998877e+02,-2.053151023449833745e-01,9.586192080888618072e-01,-6.603527367370809615e+07,-1.608682668997865729e+07
4.629485352937455787e+02,-2.078062906895762896e-01,9.580075977241775398e-01,-6.599314523614405841e+07,-1.628327830536270142e+07
4.685942491387912696e+02,-2.102958719134919163e-01,9.573885608726284691e-01,-6.595049420690040290e+07,-1.647965364675613120e+07
4.742399629838369037e+02,-2.127838262218987031e-01,9.567621008132333182e-01,-6.590732025427430123e+07,-1.667595186246202886e+07
4.798856768288825947e+02,-2.152701338174973500e-01,9.561282208626409318e-01,-6.586362305052010715e+07,-1.687217209661959857e+07
4.855313906739282857e+02,-2.177547749005204758e-01,9.554869243751326069e-01,-6.581940227184940130e+07,-1.706831348920417204e+07
4.911771045189739766e+02,-2.202377296687328678e-01,9.548382147426200950e-01,-6.577465759843093902e+07,-1.726437517602717131e+07
4.968228183640196107e+02,-2.227189783174312876e-01,9.541820953946466011e-01,-6.572938871439068019e+07,-1.746035628873614967e+07
5.024685322090653017e+02,-2.251985010394446096e-01,9.535185697983863395e-01,-6.568359530781178921e+07,-1.765625595481477678e+07
5.081142460541109926e+02,-2.276762780251338214e-01,9.528476414586452004e-01,-6.563727707073462754e+07,-1.785207329758282378e+07
5.137599598991566836e+02,-2.301522894623919124e-01,9.521693139178597498e-01,-6.559043369915674627e+07,-1.804780743619619682e+07
5.194056737442023177e+02,-2.326265155366439019e-01,9.514835907560978967e-01,-6.554306489303290844e+07,-1.824345748564689979e+07
5.250513875892480655e+02,-2.350989364308470053e-01,9.507904755910590033e-01,-6.549517035627505928e+07,-1.843902255676306039e+07
5.306971014342936996e+02,-2.375695323254903568e-01,9.500899720780732194e-01,-6.544674979675235599e+07,-1.863450175620891899e+07
5.363428152793393338e+02,-2.400382833985952868e-01,9.493820839101024811e-01,-6.539780292629114538e+07,-1.882989418648482859e+07
5.419885291243850816e+02,-2.425051698257152111e-01,9.486668148177390680e-01,-6.534832946067498624e+07,-1.902519894592726976e+07
5.476342429694307157e+02,-2.449701717799354084e-01,9.479441685692073793e-01,-6.529832911964461952e+07,-1.922041512870881706e+07
5.532799568144764635e+02,-2.474332694318734094e-01,9.472141489703623796e-01,-6.524780162689799070e+07,-1.941554182483818009e+07
5.589256706595220976e+02,-2.498944429496787467e-01,9.464767598646905977e-01,-6.519674671009024978e+07,-1.961057812016016617e+07
5.645713845045677317e+02,-2.523536724990330105e-01,9.457320051333095723e-01,-6.514516410083372891e+07,-1.980552309635571390e+07
5.702170983496134795e+02,-2.548109382431500425e-01,9.449798886949679622e-01,-6.509305353469797969e+07,-2.000037583094187081e+07
5.758628121946591136e+02,-2.572662203427754091e-01,9.442204145060461018e-01,-6.504041475120974332e+07,-2.019513539727179706e+07
5.815085260397047477e+02,-2.597194989561869005e-01,9.434535865605548910e-01,-6.498724749385295063e+07,-2.038980086453475803e+07
5.871542398847504955e+02,-2.621707542391945589e-01,9.426794088901369051e-01,-6.493355151006874442e+07,-2.058437129775617272e+07
5.927999537297961297e+02,-2.646199663451402340e-01,9.418978855640656178e-01,-6.487932655125545710e+07,-2.077884575779751316e+07
5.984456675748418775e+02,-2.670671154248979717e-01,9.411090206892458454e-01,-6.482457237276861817e+07,-2.097322330135643110e+07
6.040913814198875116e+02,-2.695121816268737924e-01,9.403128184102135245e-01,-6.476928873392096907e+07,-2.116750298096664995e+07
6.097370952649331457e+02,-2.719551450970059681e-01,9.395092829091360453e-01,-6.471347539798243344e+07,-2.136168384499802068e+07
6.153828091099788935e+02,-2.743959859787645783e-01,9.386984184058119185e-01,-6.465713213218013942e+07,-2.155576493765651435e+07
6.210285229550245276e+02,-2.768346844131518991e-01,9.378802291576703309e-01,-6.460025870769841969e+07,-2.174974529898421466e+07
6.266742368000701617e+02,-2.792712205387024582e-01,9.370547194597725893e-01,-6.454285489967879653e+07,-2.194362396485931426e+07
6.323199506451159095e+02,-2.817055744914825910e-01,9.362218936448104545e-01,-6.448492048721998930e+07,-2.213739996699614078e+07
6.379656644901615437e+02,-2.841377264050907181e-01,9.353817560831070299e-01,-6.442645525337792933e+07,-2.233107233294510096e+07
6.436113783352072915e+02,-2.865676564106574564e-01,9.345343111826169835e-01,-6.436745898516573012e+07,-2.252464008609275520e+07
6.492570921802529256e+02,-2.889953446368452861e-01,9.336795633889258816e-01,-6.430793147355371714e+07,-2.271810224566174671e+07
6.549028060252985597e+02,-2.914207712098491609e-01,9.328175171852505221e-01,-6.424787251346940547e+07,-2.291145782671085745e+07
6.605485198703443075e+02,-2.938439162533955651e-01,9.319481770924389341e-01,-6.418728190379751474e+07,-2.310470584013497829e+07
6.661942337153899416e+02,-2.962647598887435119e-01,9.310715476689704895e-01,-6.412615944737994671e+07,-2.329784529266510904e+07
6.718399475604356894e+02,-2.986832822346838223e-01,9.301876335109553473e-01,-6.406450495101583004e+07,-2.349087518686836585e+07
6.774856614054813235e+02,-3.010994634075394027e-01,9.292964392521355643e-01,-6.400231822546147555e+07,-2.368379452114798129e+07
6.831313752505269576e+02,-3.035132835211653557e-01,9.283979695638834295e-01,-6.393959908543038368e+07,-2.387660228974331170e+07
6.887770890955727054e+02,-3.059247226869487024e-01,9.274922291552034626e-01,-6.387634734959326684e+07,-2.406929748272982240e+07
6.944228029406183396e+02,-3.083337610138086604e-01,9.265792227727306374e-01,-6.381256284057802707e+07,-2.426187908601907641e+07
7.000685167856639737e+02,-3.107403786081963104e-01,9.256589552007316035e-01,-6.374824538496978581e+07,-2.445434608135878295e+07
7.057142306307097215e+02,-3.131445555740952069e-01,9.247314312611037979e-01,-6.368339481331082433e+07,-2.464669744633275270e+07
7.113599444757553556e+02,-3.155462720130204346e-01,9.237966558133763328e-01,-6.361801096010065824e+07,-2.483893215436089411e+07
7.170056583208011034e+02,-3.179455080240196074e-01,9.228546337547089973e-01,-6.355209366379598528e+07,-2.503104917469926551e+07
7.226513721658467375e+02,-3.203422437036721471e-01,9.219053700198933665e-01,-6.348564276681070775e+07,-2.522304747244000062e+07
7.282970860108923716e+02,-3.227364591460895604e-01,9.209488695813514703e-01,-6.341865811551591754e+07,-2.541492600851138681e+07
7.339427998559381194e+02,-3.251281344429156617e-01,9.199851374491374578e-01,-6.335113956023990363e+07,-2.560668373967780918e+07
7.395885137009837536e+02,-3.275172496833258506e-01,9.190141786709358218e-01,-6.328308695526818186e+07,-2.579831961853975430e+07
7.452342275460295014e+02,-3.299037849540281120e-01,9.180359983320628414e-01,-6.321450015884342790e+07,-2.598983259353384748e+07
7.508799413910751355e+02,-3.322877203392622381e-01,9.170506015554656942e-01,-6.314537903316552937e+07,-2.618122160893281922e+07
7.565256552361207696e+02,-3.346690359208001064e-01,9.160579935017229003e-01,-6.307572344439159334e+07,-2.637248560484550148e+07
7.621713690811665174e+02,-3.370477117779456244e-01,9.150581793690442112e-01,-6.300553326263588667e+07,-2.656362351721687242e+07
7.678170829262121515e+02,-3.394237279875348956e-01,9.140511643932702768e-01,-6.293480836196991801e+07,-2.675463427782799304e+07
7.734627967712577856e+02,-3.417970646239358867e-01,9.130369538478733116e-01,-6.286354862042234838e+07,-2.694551681429606304e+07
7.791085106163035334e+02,-3.441677017590489829e-01,9.120155530439566505e-01,-6.279175391997908056e+07,-2.713627005007439107e+07
7.847542244613491675e+02,-3.465356194623062658e-01,9.109869673302548598e-01,-6.271942414658318460e+07,-2.732689290445238352e+07
7.903999383063949153e+02,-3.489007978006720689e-01,9.099512020931334044e-01,-6.264655919013494253e+07,-2.751738429255559668e+07
7.960456521514405495e+02,-3.512632168386427556e-01,9.089082627565893135e-01,-6.257315894449183345e+07,-2.770774312534566596e+07
8.016913659964861836e+02,-3.536228566382467187e-01,9.078581547822506259e-01,-6.249922330746854097e+07,-2.789796830962035060e+07
8.073370798415319314e+02,-3.559796972590444919e-01,9.068008836693767227e-01,-6.242475218083693087e+07,-2.808805874801355600e+07
8.129827936865775655e+02,-3.583337187581286387e-01,9.057364549548579946e-01,-6.234974547032607347e+07,-2.827801333899526298e+07
8.186285075316233133e+02,-3.606849011901238633e-01,9.046648742132162857e-01,-6.227420308562225103e+07,-2.846783097687158361e+07
8.242742213766689474e+02,-3.630332246071866775e-01,9.035861470566042275e-01,-6.219812494036893547e+07,-2.865751055178475007e+07
8.299199352217145815e+02,-3.653786690590060671e-01,9.025002791348062381e-01,-6.212151095216678828e+07,-2.884705094971309230e+07
8.355656490667603293e+02,-3.677212145928027143e-01,9.014072761352376340e-01,-6.204436104257367551e+07,-2.903645105247108266e+07
8.412113629118059634e+02,-3.700608412533296088e-01,9.003071437829446300e-01,-6.196667513710466772e+07,-2.922570973770928383e+07
8.468570767568515976e+02,-3.723975290828716589e-01,8.991998878406051166e-01,-6.188845316523202509e+07,-2.941482587891438231e+07
8.525027906018973454e+02,-3.747312581212459137e-01,8.980855141085281046e-01,-6.180969506038521975e+07,-2.960379834540919214e+07
8.581485044469429795e+02,-3.770620084058015076e-01,8.969640284246535034e-01,-6.173040075995089859e+07,-2.979262600235261396e+07
8.637942182919887273e+02,-3.793897599714196045e-01,8.958354366645527866e-01,-6.165057020527292788e+07,-2.998130771073969081e+07
8.694399321370343614e+02,-3.817144928505134538e-01,8.946997447414285487e-01,-6.157020334165237099e+07,-3.016984232740155607e+07
8.750856459820799955e+02,-3.840361870730282789e-01,8.935569586061142822e-01,-6.148930011834747344e+07,-3.035822870500549674e+07
8.807313598271257433e+02,-3.863548226664416108e-01,8.924070842470750442e-01,-6.140786048857370019e+07,-3.054646569205487520e+07
8.863770736721713774e+02,-3.886703796557626767e-01,8.912501276904070124e-01,-6.132588440950369835e+07,-3.073455213288917765e+07
8.920227875172170116e+02,-3.909828380635331224e-01,8.900860949998373739e-01,-6.124337184226731956e+07,-3.092248686768402904e+07
8.976685013622627594e+02,-3.932921779098265680e-01,8.889149922767249912e-01,-6.116032275195161253e+07,-3.111026873245114088e+07
9.033142152073083935e+02,-3.955983792122485521e-01,8.877368256600591812e-01,-6.107673710760082304e+07,-3.129789655903835222e+07
9.089599290523541413e+02,-3.979014219859367540e-01,8.865516013264611583e-01,-6.099261488221640885e+07,-3.148536917512962595e+07
9.146056428973997754e+02,-4.002012862435609941e-01,8.853593254901829246e-01,-6.090795605275700986e+07,-3.167268540424501523e+07
9.202513567424454095e+02,-4.024979519953231222e-01,8.841600044031080463e-01,-6.082276060013847053e+07,-3.185984406574071199e+07
9.258970705874911573e+02,-4.047913992489571844e-01,8.829536443547507663e-01,-6.073702850923383236e+07,-3.204684397480902076e+07
9.315427844325367914e+02,-4.070816080097289236e-01,8.817402516722570027e-01,-6.065075976887332648e+07,-3.223368394247834012e+07
9.371884982775825392e+02,-4.093685582804364453e-01,8.805198327204036834e-01,-6.056395437184440345e+07,-3.242036277561321855e+07
9.428342121226281733e+02,-4.116522300614099961e-01,8.792923939015990786e-01,-6.047661231489169598e+07,-3.260687927691427991e+07
9.484799259676738075e+02,-4.139326033505114633e-01,8.780579416558824679e-01,-6.038873359871704876e+07,-3.279323224491829053e+07
9.541256398127195553e+02,-4.162096581431354858e-01,8.768164824609243624e-01,-6.030031822797947377e+07,-3.297942047399813682e+07
9.597713536577651894e+02,-4.184833744322080662e-01,8.755680228320265046e-01,-6.021136621129523218e+07,-3.316544275436278805e+07
9.654170675028108235e+02,-4.207537322081876807e-01,8.743125693221219796e-01,-6.012187756123773754e+07,-3.335129787205735967e+07
9.710627813478565713e+02,-4.230207114590649464e-01,8.730501285217748819e-01,-6.003185229433761537e+07,-3.353698460896308720e+07
9.767084951929022054e+02,-4.252842921703620105e-01,8.717807070591805374e-01,-5.994129043108270317e+07,-3.372250174279727042e+07
9.823542090379479532e+02,-4.275444543251337715e-01,8.705043116001656145e-01,-5.985019199591802806e+07,-3.390784804711338133e+07
9.879999228829935873e+02,-4.298011779039667135e-01,8.692209488481880131e-01,-5.975855701724580675e+07,-3.409302229130098224e+07
9.936456367280392215e+02,-4.320544428849796836e-01,8.679306255443363094e-01,-5.966638552742546797e+07,-3.427802324058574438e+07
9.992913505730849693e+02,-4.343042292438231700e-01,8.666333484673310883e-01,-5.957367756277363747e+07,-3.446284965602947772e+07
1.004937064418130603e+03,-4.365505169536804120e-01,8.653291244335235000e-01,-5.948043316356412321e+07,-3.464750029453007877e+07
1.010582778263176351e+03,-4.387932859852661793e-01,8.640179602968961481e-01,-5.938665237402795255e+07,-3.483197390882158279e+07
1.016228492108221985e+03,-4.410325163068272714e-01,8.626998629490629789e-01,-5.929233524235334247e+07,-3.501626924747412652e+07
1.021874205953267619e+03,-4.432681878841428502e-01,8.613748393192689479e-01,-5.919748182068570703e+07,-3.520038505489395559e+07
1.027519919798313367e+03,-4.455002806805242188e-01,8.600428963743899091e-01,-5.910209216512764990e+07,-3.538432007132346928e+07
1.033165633643359115e+03,-4.477287746568144322e-01,8.587040411189337252e-01,-5.900616633573899418e+07,-3.556807303284112364e+07
1.038811347488404635e+03,-4.499536497713885197e-01,8.573582805950389352e-01,-5.890970439653675258e+07,-3.575164267136152089e+07
1.044457061333450383e+03,-4.521748859801541509e-01,8.560056218824749763e-01,-5.881270641549513489e+07,-3.593502771463540196e+07
1.050102775178496131e+03,-4.543924632365506366e-01,8.546460720986431836e-01,-5.871517246454553306e+07,-3.611822688624957204e+07
1.055748489023541651e+03,-4.566063614915492064e-01,8.532796383985756794e-01,-5.861710261957656592e+07,-3.630123890562698245e+07
1.061394202868587399e+03,-4.588165606936536189e-01,8.519063279749358175e-01,-5.851849696043403447e+07,-3.648406248802670836e+07
1.067039916713633147e+03,-4.610230407888993853e-01,8.505261480580182942e-01,-5.841935557092094421e+07,-3.666669634454392642e+07
1.072685630558678668e+03,-4.632257817208539907e-01,8.491391059157489263e-01,-5.831967853879749030e+07,-3.684913918210990727e+07
1.078331344403724415e+03,-4.654247634306174497e-01,8.477452088536845398e-01,-5.821946595578107238e+07,-3.703138970349207520e+07
1.083977058248770163e+03,-4.676199658568214734e-01,8.463444642150135255e-01,-5.811871791754630208e+07,-3.721344660729393363e+07
1.089622772093815684e+03,-4.698113689356295808e-01,8.449368793805553945e-01,-5.801743452372495830e+07,-3.739530858795513958e+07
1.095268485938861431e+03,-4.719989526007383196e-01,8.435224617687605564e-01,-5.791561587790603936e+07,-3.757697433575145155e+07
1.100914199783907179e+03,-4.741826967833750461e-01,8.421012188357109851e-01,-5.781326208763574064e+07,-3.775844253679470718e+07
1.106559913628952927e+03,-4.763625814123003677e-01,8.406731580751195532e-01,-5.771037326441745460e+07,-3.793971187303291261e+07
1.112205627473998447e+03,-4.785385864138060330e-01,8.392382870183306975e-01,-5.760694952371177822e+07,-3.812078102225016057e+07
1.117851341319044195e+03,-4.807106917117162648e-01,8.377966132343197536e-01,-5.750299098493649065e+07,-3.830164865806664526e+07
1.123497055164089943e+03,-4.828788772273875374e-01,8.363481443296931772e-01,-5.739849777146657556e+07,-3.848231344993872941e+07
1.129142769009135463e+03,-4.850431228797077998e-01,8.348928879486892107e-01,-5.729347001063422859e+07,-3.866277406315881014e+07
1.134788482854181211e+03,-4.872034085850979745e-01,8.334308517731765509e-01,-5.718790783372882009e+07,-3.884302915885549784e+07
1.140434196699226959e+03,-4.893597142575101810e-01,8.319620435226555699e-01,-5.708181137599694729e+07,-3.902307739399341494e+07
1.146079910544272479e+03,-4.915120198084288461e-01,8.304864709542577605e-01,-5.697518077664238214e+07,-3.920291742137337476e+07
1.151725624389318227e+03,-4.936603051468708703e-01,8.290041418627456249e-01,-5.686801617882610857e+07,-3.938254788963228464e+07
1.157371338234363975e+03,-4.958045501793846843e-01,8.275150640805131186e-01,-5.676031772966629267e+07,-3.956196744324316084e+07
1.163017052079409495e+03,-4.979447348100511372e-01,8.260192454775852067e-01,-5.665208558023832738e+07,-3.974117472251513600e+07
1.168662765924455243e+03,-5.000808389404828302e-01,8.245166939616184187e-01,-5.654331988557477295e+07,-3.992016836359344423e+07
1.174308479769500991e+03,-5.022128424698251159e-01,8.230074174778997387e-01,-5.643402080466540158e+07,-4.009894699845946580e+07
1.179954193614546739e+03,-5.043407252947542663e-01,8.214914240093481590e-01,-5.632418850045719743e+07,-4.027750925493066758e+07
1.185599907459592259e+03,-5.064644673094795824e-01,8.199687215765135706e-01,-5.621382313985431939e+07,-4.045585375666065514e+07
1.191245621304638007e+03,-5.085840484057423394e-01,8.184393182375769848e-01,-5.610292489371813089e+07,-4.063397912313912809e+07
1.196891335149683755e+03,-5.106994484728153427e-01,8.169032220883505335e-01,-5.599149393686720729e+07,-4.081188396969191730e+07
1.202537048994729275e+03,-5.128106473975039270e-01,8.153604412622778019e-01,-5.587953044807732105e+07,-4.098956690748095512e+07
1.208182762839775023e+03,-5.149176250641455121e-01,8.138109839304334958e-01,-5.576703461008141935e+07,-4.116702654350430518e+07
1.213828476684820771e+03,-5.170203613546091592e-01,8.122548583015233303e-01,-5.565400660956966877e+07,-4.134426148059613258e+07
1.219474190529866291e+03,-5.191188361482963476e-01,8.106920726218846962e-01,-5.554044663718943298e+07,-4.152127031742671132e+07
1.225119904374912039e+03,-5.212130293221406419e-01,8.091226351754854385e-01,-5.542635488754525781e+07,-4.169805164850245416e+07
1.230765618219957787e+03,-5.233029207506074698e-01,8.075465542839254107e-01,-5.531173155919892341e+07,-4.187460406416586787e+07
1.236411332065003307e+03,-5.253884903056945666e-01,8.059638383064351430e-01,-5.519657685466936231e+07,-4.205092615059559792e+07
1.242057045910049055e+03,-5.274697178569311973e-01,8.043744956398765078e-01,-5.508089098043274879e+07,-4.222701648980636895e+07
1.247702759755094803e+03,-5.295465832713797116e-01,8.027785347187426090e-01,-5.496467414692240953e+07,-4.240287365964905173e+07
1.253348473600140323e+03,-5.316190664136334343e-01,8.011759640151577821e-01,-5.484792656852892041e+07,-4.257849623381061107e+07
1.258994187445186071e+03,-5.336871471458185523e-01,7.995667920388774830e-01,-5.473064846360001713e+07,-4.275388278181415051e+07
1.264639901290231819e+03,-5.357508053275927828e-01,7.979510273372885099e-01,-5.461284005444064736e+07,-4.292903186901886761e+07
1.270285615135277567e+03,-5.378100208161462614e-01,7.963286784954084485e-01,-5.449450156731295586e+07,-4.310394205662010610e+07
1.275931328980323087e+03,-5.398647734662008757e-01,7.946997541358867823e-01,-5.437563323243629932e+07,-4.327861190164925903e+07
1.281577042825368835e+03,-5.419150431300110426e-01,7.930642629190035597e-01,-5.425623528398720175e+07,-4.345303995697391033e+07
1.287222756670414583e+03,-5.439608096573628204e-01,7.914222135426706162e-01,-5.413630796009941399e+07,-4.362722477129770815e+07
1.292868470515460103e+03,-5.460020528955743524e-01,7.897736147424303521e-01,-5.401585150286388397e+07,-4.380116488916043937e+07
1.298514184360505851e+03,-5.480387526894962003e-01,7.881184752914566216e-01,-5.389486615832872689e+07,-4.397485885093800724e+07
1.304159898205551599e+03,-5.500708888815106778e-01,7.864568040005547322e-01,-5.377335217649929225e+07,-4.414830519284241647e+07
1.309805612050597119e+03,-5.520984413115320733e-01,7.847886097181610010e-01,-5.365130981133813411e+07,-4.432150244692178816e+07
1.315451325895642867e+03,-5.541213898170074259e-01,7.831139013303428653e-01,-5.352873932076494396e+07,-4.449444914106037468e+07
1.321097039740688615e+03,-5.561397142329147503e-01,7.814326877607991051e-01,-5.340564096665669233e+07,-4.466714379897852242e+07
1.326742753585734135e+03,-5.581533943917650342e-01,7.797449779708596207e-01,-5.328201501484748721e+07,-4.483958494023270905e+07
1.332388467430779883e+03,-5.601624101236011288e-01,7.780507809594855440e-01,-5.315786173512866348e+07,-4.501177108021552116e+07
1.338034181275825631e+03,-5.621667412559976373e-01,7.763501057632691271e-01,-5.303318140124874562e+07,-4.518370073015566915e+07
1.343679895120871379e+03,-5.641663676140614703e-01,7.746429614564338539e-01,-5.290797429091345519e+07,-4.535537239711794257e+07
1.349325608965916899e+03,-5.661612690204316234e-01,7.729293571508348837e-01,-5.278224068578574061e+07,-4.552678458400329947e+07
1.354971322810962647e+03,-5.681514252952790667e-01,7.712093019959576079e-01,-5.265598087148568779e+07,-4.569793578954878449e+07
1.360617036656008395e+03,-5.701368162563069664e-01,7.694828051789195378e-01,-5.252919513759063184e+07,-4.586882450832754374e+07
1.366262750501053915e+03,-5.721174217187503519e-01,7.677498759244688609e-01,-5.240188377763511240e+07,-4.603944923074886948e+07
1.371908464346099663e+03,-5.740932214953764490e-01,7.660105234949849962e-01,-5.227404708911080658e+07,-4.620980844305814803e+07
1.377554178191145411e+03,-5.760641953964847906e-01,7.642647571904789272e-01,-5.214568537346666306e+07,-4.637990062733690441e+07
1.383199892036190931e+03,-5.780303232299061067e-01,7.625125863485925359e-01,-5.201679893610879034e+07,-4.654972426150272042e+07
1.388845605881236679e+03,-5.799915848010044339e-01,7.607540203445989357e-01,-5.188738808640049398e+07,-4.671927781930936873e+07
1.394491319726282427e+03,-5.819479599126748948e-01,7.589890685914024715e-01,-5.175745313766227663e+07,-4.688855977034670860e+07
1.400137033571327947e+03,-5.838994283653453632e-01,7.572177405395387195e-01,-5.162699440717186779e+07,-4.705756858004066348e+07
1.405782747416373695e+03,-5.858459699569751322e-01,7.554400456771745986e-01,-5.149601221616417170e+07,-4.722630270965337008e+07
1.411428461261419443e+03,-5.877875644830561352e-01,7.536559935301077040e-01,-5.136450688983127475e+07,-4.739476061628299952e+07
1.417074175106465191e+03,-5.897241917366119468e-01,7.518655936617675284e-01,-5.123247875732249767e+07,-4.756294075286386907e+07
1.422719888951510711e+03,-5.916558315081982267e-01,7.500688556732142409e-01,-5.109992815174435079e+07,-4.773084156816639751e+07
1.428365602796556459e+03,-5.935824635859032750e-01,7.482657892031395752e-01,-5.096685541016051918e+07,-4.789846150679713488e+07
1.434011316641602207e+03,-5.955040677553468109e-01,7.464564039278660523e-01,-5.083326087359190732e+07,-4.806579900919874758e+07
1.439657030486647727e+03,-5.974206237996808611e-01,7.446407095613479799e-01,-5.069914488701662421e+07,-4.823285251165000349e+07
1.445302744331693475e+03,-5.993321114995894261e-01,7.428187158551702307e-01,-5.056450779936996102e+07,-4.839962044626579434e+07
1.450948458176739223e+03,-6.012385106332890361e-01,7.409904325985493534e-01,-5.042934996354439855e+07,-4.856610124099713564e+07
1.456594172021784743e+03,-6.031398009765274182e-01,7.391558696183330168e-01,-5.029367173638966680e+07,-4.873229331963110715e+07
1.462239885866830491e+03,-6.050359623025850508e-01,7.373150367789997883e-01,-5.015747347871261835e+07,-4.889819510179098696e+07
1.467885599711876239e+03,-6.069269743822743868e-01,7.354679439826596887e-01,-5.002075555527735502e+07,-4.906380500293610245e+07
1.473531313556921759e+03,-6.088128169839397419e-01,7.336146011690540814e-01,-4.988351833480517566e+07,-4.922912143436191231e+07
1.479177027401967507e+03,-6.106934698734577394e-01,7.317550183155551169e-01,-4.974576218997456878e+07,-4.939414280320002884e+07
1.484822741247013255e+03,-6.125689128142366435e-01,7.298892054371665106e-01,-4.960748749742120504e+07,-4.955886751241811365e+07
1.490468455092059003e+03,-6.144391255672174701e-01,7.280171725865230981e-01,-4.946869463773798198e+07,-4.972329396081999689e+07
1.496114168937104523e+03,-6.163040878908724318e-01,7.261389298538909465e-01,-4.932938399547497928e+07,-4.988742054304558039e+07
1.501759882782150271e+03,-6.181637795412067149e-01,7.242544873671671324e-01,-4.918955595913948119e+07,-5.005124564957091957e+07
1.507405596627196019e+03,-6.200181802717570356e-01,7.223638552918798528e-01,-4.904921092119594663e+07,-5.021476766670817882e+07
1.513051310472241539e+03,-6.218672698335919735e-01,7.204670438311892022e-01,-4.890834927806608379e+07,-5.037798497660560161e+07
1.518697024317287287e+03,-6.237110279753128594e-01,7.185640632258856186e-01,-4.876697143012875319e+07,-5.054089595724761486e+07
1.524342738162333035e+03,-6.255494344430527764e-01,7.166549237543911044e-01,-4.862507778172002733e+07,-5.070349898245467991e+07
1.529988452007378555e+03,-6.273824689804764487e-01,7.147396357327591154e-01,-4.848266874113318324e+07,-5.086579242188341916e+07
1.535634165852424303e+03,-6.292101113287812408e-01,7.128182095146737840e-01,-4.833974472061869502e+07,-5.102777464102658629e+07
1.541279879697470051e+03,-6.310323412266964915e-01,7.108906554914511400e-01,-4.819630613638423383e+07,-5.118944400121300668e+07
1.546925593542515571e+03,-6.328491384104831807e-01,7.089569840920376675e-01,-4.805235340859466791e+07,-5.135079885960764438e+07
1.552571307387561319e+03,-6.346604826139350397e-01,7.070172057830113044e-01,-4.790788696137204766e+07,-5.151183756921157986e+07
1.558217021232607067e+03,-6.364663535683773299e-01,7.050713310685815527e-01,-4.776290722279565036e+07,-5.167255847886200249e+07
1.563862735077652815e+03,-6.382667310026673979e-01,7.031193704905885911e-01,-4.761741462490195036e+07,-5.183295993323221803e+07
1.569508448922698335e+03,-6.400615946431947867e-01,7.011613346285044956e-01,-4.747140960368460417e+07,-5.199304027283164859e+07
1.575154162767744083e+03,-6.418509242138815685e-01,6.991972340994315749e-01,-4.732489259909446537e+07,-5.215279783400583267e+07
1.580799876612789831e+03,-6.436346994361810125e-01,6.972270795581040348e-01,-4.717786405503959209e+07,-5.231223094893642515e+07
1.586445590457835351e+03,-6.454129000290790286e-01,6.952508816968873129e-01,-4.703032441938525438e+07,-5.247133794564117491e+07
1.592091304302881099e+03,-6.471855057090935004e-01,6.932686512457775230e-01,-4.688227414395388961e+07,-5.263011714797399193e+07
1.597737018147926847e+03,-6.489524961902741751e-01,6.912803989724026765e-01,-4.673371368452516943e+07,-5.278856687562484294e+07
1.603382731992972367e+03,-6.507138511842031070e-01,6.892861356820213503e-01,-4.658464350083594024e+07,-5.294668544411987066e+07
1.609028445838018115e+03,-6.524695503999944357e-01,6.872858722175235746e-01,-4.643506405658024549e+07,-5.310447116482127458e+07
1.614674159683063863e+03,-6.542195735442938309e-01,6.852796194594307222e-01,-4.628497581940934062e+07,-5.326192234492742270e+07
1.620319873528109383e+03,-6.559639003212801578e-01,6.832673883258951752e-01,-4.613437926093168557e+07,-5.341903728747273982e+07
1.625965587373155131e+03,-6.577025104326630345e-01,6.812491897727007695e-01,-4.598327485671290755e+07,-5.357581429132782668e+07
1.631611301218200879e+03,-6.594353835776851636e-01,6.792250347932621279e-01,-4.583166308627586067e+07,-5.373225165119937062e+07
1.637257015063246627e+03,-6.611624994531206667e-01,6.771949344186253272e-01,-4.567954443310058117e+07,-5.388834765763017535e+07
1.642902728908292147e+03,-6.628838377532758619e-01,6.751588997174677864e-01,-4.552691938462433219e+07,-5.404410059699913114e+07
1.648548442753337895e+03,-6.645993781699898184e-01,6.731169417960979340e-01,-4.537378843224152178e+07,-5.419950875152129680e+07
1.654194156598383643e+03,-6.663091003926325806e-01,6.710690717984552078e-01,-4.522015207130380720e+07,-5.435457039924781770e+07
1.659839870443429163e+03,-6.680129841081067221e-01,6.690153009061108325e-01,-4.506601080112002790e+07,-5.450928381406592578e+07
1.665485584288474911e+03,-6.697110090008474570e-01,6.669556403382667087e-01,-4.491136512495622039e+07,-5.466364726569905132e+07
1.671131298133520659e+03,-6.714031547528210853e-01,6.648901013517560799e-01,-4.475621555003559589e+07,-5.481765901970666647e+07
1.676777011978566179e+03,-6.730894010435265473e-01,6.628186952410434207e-01,-4.460056258753861487e+07,-5.497131733748437464e+07
1.682422725823611927e+03,-6.747697275499949798e-01,6.607414333382244376e-01,-4.444440675260290504e+07,-5.512462047626389563e+07
1.688068439668657675e+03,-6.764441139467891606e-01,6.586583270130260681e-01,-4.428774856432326883e+07,-5.527756668911308050e+07
1.693714153513703195e+03,-6.781125399060041747e-01,6.565693876728063705e-01,-4.413058854575175792e+07,-5.543015422493587434e+07
1.699359867358748943e+03,-6.797749876079244302e-01,6.544746531181683258e-01,-4.397292317956592888e+07,-5.558239275702077895e+07
1.705005581203794691e+03,-6.814314415684683546e-01,6.523741833893987874e-01,-4.381474498119774461e+07,-5.573430112634267658e+07
1.710651295048840211e+03,-6.830818820289926707e-01,6.502679918136571313e-01,-4.365605321851731837e+07,-5.588587753358440101e+07
1.716297008893885959e+03,-6.847262891512201355e-01,6.481560907864386545e-01,-4.349684732328075171e+07,-5.603711973410522938e+07
1.721942722738931707e+03,-6.863646431124846847e-01,6.460384927899113228e-01,-4.333712673943160474e+07,-5.618802548314025253e+07
1.727588436583977455e+03,-6.879969241057308782e-01,6.439152103929143278e-01,-4.317689092310090363e+07,-5.633859253580043465e+07
1.733234150429022975e+03,-6.896231123395151208e-01,6.417862562509591973e-01,-4.301613934260712564e+07,-5.648881864707256854e+07
1.738879864274068723e+03,-6.912431880380046634e-01,6.396516431062285735e-01,-4.285487147845617682e+07,-5.663870157181930542e+07
1.744525578119114471e+03,-6.928571314409781579e-01,6.375113837875774347e-01,-4.269308682334144413e+07,-5.678823906477913260e+07
1.750171291964159991e+03,-6.944649228038248800e-01,6.353654912105325403e-01,-4.253078488214376569e+07,-5.693742888056638092e+07
1.755817005809205739e+03,-6.960665423975460619e-01,6.332139783772922081e-01,-4.236796517193141580e+07,-5.708626877367124707e+07
1.761462719654251487e+03,-6.976619705087536705e-01,6.310568583767267592e-01,-4.220462722196013480e+07,-5.723475649845974892e+07
1.767108433499297007e+03,-6.992511874396705185e-01,6.288941443843784063e-01,-4.204077057367312163e+07,-5.738288980917374790e+07
1.772754147344342755e+03,-7.008341735081314861e-01,6.267258496624608100e-01,-4.187639478070101142e+07,-5.753066645993099362e+07
1.778399861189388503e+03,-7.024109090475818551e-01,6.245519875598597448e-01,-4.171149940886192024e+07,-5.767808420472502708e+07
1.784045575034434023e+03,-7.039813744070783086e-01,6.223725715121328772e-01,-4.154608403616138548e+07,-5.782514079742525518e+07
1.789691288879479771e+03,-7.055455499512888196e-01,6.201876150415092104e-01,-4.138014825279242545e+07,-5.797183399177694321e+07
1.795337002724525519e+03,-7.071034160604925400e-01,6.179971317568900835e-01,-4.121369166113548726e+07,-5.811816154140120000e+07
1.800982716569571267e+03,-7.086549531305795790e-01,6.158011353538485055e-01,-4.104671387575849891e+07,-5.826412119979495555e+07
1.806628430414616787e+03,-7.102001415730513356e-01,6.135996396146291554e-01,-4.087921452341682464e+07,-5.840971072033101320e+07
1.812274144259662535e+03,-7.117389618150204988e-01,6.113926584081484927e-01,-4.071119324305327982e+07,-5.855492785625800490e+07
1.817919858104708283e+03,-7.132713942992109368e-01,6.091802056899948692e-01,-4.054264968579814583e+07,-5.869977036070042104e+07
1.823565571949753803e+03,-7.147974194839573636e-01,6.069622955024287503e-01,-4.037358351496915519e+07,-5.884423598665858060e+07
1.829211285794799551e+03,-7.163170178432061164e-01,6.047389419743819383e-01,-4.020399440607148409e+07,-5.898832248700866848e+07
1.834856999639845299e+03,-7.178301698665143782e-01,6.025101593214580165e-01,-4.003388204679776728e+07,-5.913202761450269818e+07
1.840502713484890819e+03,-7.193368560590505112e-01,6.002759618459331259e-01,-3.986324613702810556e+07,-5.927534912176853418e+07
1.846148427329936567e+03,-7.208370569415943896e-01,5.980363639367543005e-01,-3.969208638883002102e+07,-5.941828476130989939e+07
1.851794141174982315e+03,-7.223307530505369556e-01,5.957913800695406881e-01,-3.952040252645853162e+07,-5.956083228550634533e+07
1.857439855020027835e+03,-7.238179249378796642e-01,5.935410248065837724e-01,-3.934819428635608405e+07,-5.970298944661326706e+07
1.863085568865073583e+03,-7.252985531712362599e-01,5.912853127968459299e-01,-3.917546141715257615e+07,-5.984475399676191807e+07
1.868731282710119331e+03,-7.267726183338308887e-01,5.890242587759622062e-01,-3.900220367966536433e+07,-5.998612368795940280e+07
1.874376996555165078e+03,-7.282401010244990980e-01,5.867578775662387613e-01,-3.882842084689927101e+07,-6.012709627208864689e+07
1.880022710400210599e+03,-7.297009818576875029e-01,5.844861840766542027e-01,-3.865411270404656231e+07,-6.026766950090843439e+07
1.885668424245256347e+03,-7.311552414634540087e-01,5.822091933028583632e-01,-3.847927904848694056e+07,-6.040784112605340779e+07
1.891314138090302094e+03,-7.326028604874678107e-01,5.799269203271730788e-01,-3.830391968978758901e+07,-6.054760889903403819e+07
1.896959851935347615e+03,-7.340438195910090613e-01,5.776393803185925213e-01,-3.812803444970314205e+07,-6.068697057123664021e+07
1.902605565780393363e+03,-7.354780994509690917e-01,5.753465885327817553e-01,-3.795162316217566282e+07,-6.082592389392339438e+07
1.908251279625439111e+03,-7.369056807598505232e-01,5.730485603120782923e-01,-3.777468567333469540e+07,-6.096446661823230237e+07
1.913896993470484631e+03,-7.383265442257671562e-01,5.707453110854915357e-01,-3.759722184149722755e+07,-6.110259649517723173e+07
1.919542707315530379e+03,-7.397406705724440812e-01,5.684368563687018927e-01,-3.741923153716769814e+07,-6.124031127564787865e+07
1.925188421160576127e+03,-7.411480405392171233e-01,5.661232117640624395e-01,-3.724071464303800464e+07,-6.137760871040980518e+07
1.930834135005621647e+03,-7.425486348810336201e-01,5.638043929605979221e-01,-3.706167105398748815e+07,-6.151448655010439456e+07
1.936479848850667395e+03,-7.439424343684523100e-01,5.614804157340044233e-01,-3.688210067708295584e+07,-6.165094254524889588e+07
1.942125562695713143e+03,-7.453294197876425553e-01,5.591512959466503618e-01,-3.670200343157865852e+07,-6.178697444623640180e+07
1.947771276540758890e+03,-7.467095719403851195e-01,5.568170495475756043e-01,-3.652137924891630560e+07,-6.192258000333582610e+07
1.953416990385804411e+03,-7.480828716440721671e-01,5.544776925724921313e-01,-3.634022807272507250e+07,-6.205775696669195592e+07
1.959062704230850159e+03,-7.494492997317069305e-01,5.521332411437833709e-01,-3.615854985882156342e+07,-6.219250308632542193e+07
1.964708418075895906e+03,-7.508088370519034882e-01,5.497837114705047545e-01,-3.597634457520984858e+07,-6.232681611213268340e+07
1.970354131920941427e+03,-7.521614644688875417e-01,5.474291198483839382e-01,-3.579361220208146423e+07,-6.246069379388605803e+07
1.975999845765987175e+03,-7.535071628624957496e-01,5.450694826598194709e-01,-3.561035273181536794e+07,-6.259413388123370707e+07
1.981645559611032922e+03,-7.548459131281760603e-01,5.427048163738824593e-01,-3.542656616897800565e+07,-6.272713412369964272e+07
1.987291273456078443e+03,-7.561776961769873795e-01,5.403351375463157913e-01,-3.524225253032325953e+07,-6.285969227068370581e+07
1.992936987301124191e+03,-7.575024929356000136e-01,5.379604628195335803e-01,-3.505741184479246289e+07,-6.299180607146159559e+07
1.998582701146169939e+03,-7.588202843462953373e-01,5.355808089226222757e-01,-3.487204415351440012e+07,-6.312347327518486977e+07
2.004228414991215459e+03,-7.601310513669657931e-01,5.331961926713402189e-01,-3.468614950980535150e+07,-6.325469163088089228e+07
2.009874128836261207e+03,-7.614347749711153357e-01,5.308066309681169770e-01,-3.449972797916897386e+07,-6.338545888745291531e+07
2.015519842681306955e+03,-7.627314361478588767e-01,5.284121408020543420e-01,-3.431277963929644227e+07,-6.351577279368001968e+07
2.021165556526352702e+03,-7.640210159019222846e-01,5.260127392489261089e-01,-3.412530458006636053e+07,-6.364563109821711481e+07
2.026811270371398223e+03,-7.653034952536429403e-01,5.236084434711774094e-01,-3.393730290354479104e+07,-6.377503154959498346e+07
2.032456984216443971e+03,-7.665788552389695143e-01,5.211992707179256001e-01,-3.374877472398524731e+07,-6.390397189622024447e+07
2.038102698061489718e+03,-7.678470769094615234e-01,5.187852383249593746e-01,-3.355972016782868654e+07,-6.403244988637535274e+07
2.043748411906535239e+03,-7.691081413322894411e-01,5.163663637147399843e-01,-3.337013937370354682e+07,-6.416046326821861416e+07
2.049394125751580759e+03,-7.703620295902355863e-01,5.139426643963995733e-01,-3.318003249242569506e+07,-6.428800978978418559e+07
2.055039839596626734e+03,-7.716087227816931238e-01,5.115141579657425108e-01,-3.298939968699844554e+07,-6.441508719898207486e+07
2.060685553441672255e+03,-7.728482020206662861e-01,5.090808621052453908e-01,-3.279824113261260837e+07,-6.454169324359811097e+07
2.066331267286718230e+03,-7.740804484367705962e-01,5.066427945840560332e-01,-3.260655701664638892e+07,-6.466782567129400373e+07
2.071976981131763750e+03,-7.753054431752326447e-01,5.041999732579943716e-01,-3.241434753866551071e+07,-6.479348222960726172e+07
2.077622694976809271e+03,-7.765231673968903126e-01,5.017524160695521207e-01,-3.222161291042309254e+07,-6.491866066595128179e+07
2.083268408821855246e+03,-7.777336022781928815e-01,4.993001410478923319e-01,-3.202835335585972667e+07,-6.504335872761529684e+07
2.088914122666900766e+03,-7.789367290112000353e-01,4.968431663088507810e-01,-3.183456911110348254e+07,-6.516757416176436841e+07
2.094559836511946287e+03,-7.801325288035837469e-01,4.943815100549343033e-01,-3.164026042446986213e+07,-6.529130471543941647e+07
2.100205550356992262e+03,-7.813209828786262801e-01,4.919151905753216258e-01,-3.144542755646179989e+07,-6.541454813555721939e+07
2.105851264202037783e+03,-7.825020724752212997e-01,4.894442262458638115e-01,-3.125007077976974472e+07,-6.553730216891036183e+07
2.111496978047083303e+03,-7.836757788478737607e-01,4.869686355290833157e-01,-3.105419037927153707e+07,-6.565956456216731668e+07
2.117142691892129278e+03,-7.848420832667000191e-01,4.844884369741740970e-01,-3.085778665203247964e+07,-6.578133306187237799e+07
2.122788405737174799e+03,-7.860009670174268326e-01,4.820036492170027831e-01,-3.066085990730538964e+07,-6.590260541444569081e+07
2.128434119582220319e+03,-7.871524114013930262e-01,4.795142909801068942e-01,-3.046341046653046459e+07,-6.602337936618324369e+07
2.134079833427266294e+03,-7.882963977355481600e-01,4.770203810726963423e-01,-3.026543866333537176e+07,-6.614365266325689852e+07
2.139725547272311815e+03,-7.894329073524528617e-01,4.745219383906528754e-01,-3.006694484353527427e+07,-6.626342305171430111e+07
2.145371261117357335e+03,-7.905619216002792715e-01,4.720189819165298006e-01,-2.986792936513274908e+07,-6.638268827747900039e+07
2.151016974962403310e+03,-7.916834218428104863e-01,4.695115307195518728e-01,-2.966839259831780940e+07,-6.650144608635037392e+07
2.156662688807448831e+03,-7.927973894594407822e-01,4.669996039556166822e-01,-2.946833492546799779e+07,-6.661969422400363535e+07
2.162308402652494351e+03,-7.939038058451755031e-01,4.644832208672928231e-01,-2.926775674114822969e+07,-6.673743043598984182e+07
2.167954116497540326e+03,-7.950026524106316161e-01,4.619624007838205593e-01,-2.906665845211090147e+07,-6.685465246773592383e+07
2.173599830342585847e+03,-7.960939105820368233e-01,4.594371631211128792e-01,-2.886504047729589418e+07,-6.697135806454461813e+07
2.179245544187631367e+03,-7.971775618012301168e-01,4.569075273817538863e-01,-2.866290324783051014e+07,-6.708754497159454226e+07
2.184891258032677342e+03,-7.982535875256616675e-01,4.543735131549992423e-01,-2.846024720702948421e+07,-6.720321093394014239e+07
2.190536971877722863e+03,-7.993219692283929367e-01,4.518351401167772230e-01,-2.825707281039506942e+07,-6.731835369651168585e+07
2.196182685722768383e+03,-8.003826883980963425e-01,4.492924280296873296e-01,-2.805338052561691776e+07,-6.743297100411534309e+07
2.201828399567814358e+03,-8.014357265390557039e-01,4.467453967430009554e-01,-2.784917083257213980e+07,-6.754706060143309832e+07
2.207474113412859879e+03,-8.024810651711659082e-01,4.441940661926616074e-01,-2.764444422332534567e+07,-6.766062023302276433e+07
2.213119827257905854e+03,-8.035186858299331325e-01,4.416384564012840741e-01,-2.743920120212852955e+07,-6.777364764331802726e+07
2.218765541102951374e+03,-8.045485700664742890e-01,4.390785874781557574e-01,-2.723344228542121127e+07,-6.788614057662840188e+07
2.224411254947996895e+03,-8.055706994475180238e-01,4.365144796192349519e-01,-2.702716800183030963e+07,-6.799809677713926136e+07
2.230056968793042870e+03,-8.065850555554041623e-01,4.339461531071522327e-01,-2.682037889217019826e+07,-6.810951398891182244e+07
2.235702682638088390e+03,-8.075916199880830426e-01,4.313736283112102887e-01,-2.661307550944276527e+07,-6.822038995588311553e+07
2.241348396483133911e+03,-8.085903743591167370e-01,4.287969256873828683e-01,-2.640525841883728653e+07,-6.833072242186608911e+07
2.246994110328179886e+03,-8.095813002976787187e-01,4.262160657783158890e-01,-2.619692819773049280e+07,-6.844050913054947555e+07
2.252639824173225406e+03,-8.105643794485528630e-01,4.236310692133274936e-01,-2.598808543568662927e+07,-6.854974782549783587e+07
2.258285538018270927e+03,-8.115395934721347793e-01,4.210419567084072168e-01,-2.577873073445734382e+07,-6.865843625015164912e+07
2.263931251863316902e+03,-8.125069240444311447e-01,4.184487490662160414e-01,-2.556886470798172057e+07,-6.876657214782719314e+07
2.269576965708362422e+03,-8.134663528570599267e-01,4.158514671760876746e-01,-2.535848798238637298e+07,-6.887415326171660423e+07
2.275222679553407943e+03,-8.144178616172498275e-01,4.132501320140268830e-01,-2.514760119598529860e+07,-6.898117733488784730e+07
2.280868393398453918e+03,-8.153614320478413946e-01,4.106447646427103249e-01,-2.493620499927995726e+07,-6.908764211028474569e+07
2.286514107243499438e+03,-8.162970458872855772e-01,4.080353862114869945e-01,-2.472430005495930463e+07,-6.919354533072698116e+07
2.292159821088544959e+03,-8.172246848896451699e-01,4.054220179563772231e-01,-2.451188703789972141e+07,-6.929888473891004920e+07
2.297805534933590934e+03,-8.181443308245939239e-01,4.028046812000729560e-01,-2.429896663516500592e+07,-6.940365807740533352e+07
2.303451248778636455e+03,-8.190559654774165477e-01,4.001833973519386967e-01,-2.408553954600649327e+07,-6.950786308866003156e+07
2.309096962623681975e+03,-8.199595706490090397e-01,3.975581879080101744e-01,-2.387160648186291009e+07,-6.961149751499716938e+07
2.314742676468727950e+03,-8.208551281558789103e-01,3.949290744509948992e-01,-2.365716816636043414e+07,-6.971455909861567616e+07
2.320388390313773471e+03,-8.217426198301444051e-01,3.922960786502726060e-01,-2.344222533531273901e+07,-6.981704558159029484e+07
2.326034104158818991e+03,-8.226220275195351705e-01,3.896592222618945334e-01,-2.322677873672092706e+07,-6.991895470587158203e+07
2.331679818003864966e+03,-8.234933330873918100e-01,3.870185271285835893e-01,-2.301082913077352941e+07,-7.002028421328599751e+07
2.337325531848910487e+03,-8.243565184126664391e-01,3.843740151797350735e-01,-2.279437728984659538e+07,-7.012103184553581476e+07
2.342971245693956007e+03,-8.252115653899220193e-01,3.817257084314155668e-01,-2.257742399850356951e+07,-7.022119534419915080e+07
2.348616959539001982e+03,-8.260584559293331353e-01,3.790736289863633202e-01,-2.235997005349535868e+07,-7.032077245072998106e+07
2.354262673384047503e+03,-8.268971719566848844e-01,3.764177990339892532e-01,-2.214201626376035810e+07,-7.041976090645812452e+07
2.359908387229093478e+03,-8.277276954133742093e-01,3.737582408503749565e-01,-2.192356345042436942e+07,-7.051815845258924365e+07
2.365554101074138998e+03,-8.285500082564085655e-01,3.710949767982749670e-01,-2.170461244680069759e+07,-7.061596283020482957e+07
2.371199814919184519e+03,-8.293640924584072538e-01,3.684280293271147144e-01,-2.148516409839006886e+07,-7.071317178026224673e+07
2.376845528764230494e+03,-8.301699300076003096e-01,3.657574209729917980e-01,-2.126521926288064569e+07,-7.080978304359471798e+07
2.382491242609276014e+03,-8.309675029078292807e-01,3.630831743586758753e-01,-2.104477881014809385e+07,-7.090579436091125011e+07
2.388136956454321535e+03,-8.317567931785463387e-01,3.604053121936079962e-01,-2.082384362225551158e+07,-7.100120347279673815e+07
2.393782670299367510e+03,-8.325377828548153891e-01,3.577238572739009914e-01,-2.060241459345341474e+07,-7.109600811971193552e+07
2.399428384144413030e+03,-8.333104539873112948e-01,3.550388324823402497e-01,-2.038049263017983362e+07,-7.119020604199340940e+07
2.405074097989458551e+03,-8.340747886423200974e-01,3.523502607883819970e-01,-2.015807865106023103e+07,-7.128379497985357046e+07
2.410719811834504526e+03,-8.348307689017390176e-01,3.496581652481545732e-01,-1.993517358690746129e+07,-7.137677267338073254e+07
2.416365525679550046e+03,-8.355783768630762331e-01,3.469625690044587096e-01,-1.971177838072195277e+07,-7.146913686253897846e+07
2.422011239524595567e+03,-8.363175946394516558e-01,3.442634952867663634e-01,-1.948789398769148812e+07,-7.156088528716829419e+07
2.427656953369641542e+03,-8.370484043595959323e-01,3.415609674112209948e-01,-1.926352137519131601e+07,-7.165201568698447943e+07
2.433302667214687062e+03,-8.377707881678507773e-01,3.388550087806389555e-01,-1.903866152278421447e+07,-7.174252580157916248e+07
2.438948381059732583e+03,-8.384847282241695288e-01,3.361456428845074340e-01,-1.881331542222032323e+07,-7.183241337041988969e+07
2.444594094904778558e+03,-8.391902067041165925e-01,3.334328932989853445e-01,-1.858748407743725181e+07,-7.192167613284997642e+07
2.450239808749824078e+03,-8.398872057988669981e-01,3.307167836869047139e-01,-1.836116850456014648e+07,-7.201031182808861136e+07
2.455885522594869599e+03,-8.405757077152077317e-01,3.279973377977679072e-01,-1.813436973190149665e+07,-7.209831819523085654e+07
2.461531236439915574e+03,-8.412556946755361809e-01,3.252745794677496249e-01,-1.790708879996129498e+07,-7.218569297324757278e+07
2.467176950284961094e+03,-8.419271489178618006e-01,3.225485326196968483e-01,-1.767932676142701507e+07,-7.227243390098549426e+07
2.472822664130006615e+03,-8.425900526958044479e-01,3.198192212631277287e-01,-1.745108468117354065e+07,-7.235853871716719866e+07
2.478468377975052590e+03,-8.432443882785957134e-01,3.170866694942321429e-01,-1.722236363626319170e+07,-7.244400516039109230e+07
2.484114091820098110e+03,-8.438901379510777012e-01,3.143509014958725811e-01,-1.699316471594583988e+07,-7.252883096913145483e+07
2.489759805665143631e+03,-8.445272840137044712e-01,3.116119415375826485e-01,-1.676348902165868878e+07,-7.261301388173839450e+07
2.495405519510189606e+03,-8.451558087825407073e-01,3.088698139755678973e-01,-1.653333766702646017e+07,-7.269655163643786311e+07
2.501051233355235127e+03,-8.457756945892624945e-01,3.061245432527059940e-01,-1.630271177786136046e+07,-7.277944197133165598e+07
2.506696947200280647e+03,-8.463869237811568746e-01,3.033761538985459416e-01,-1.607161249216297269e+07,-7.286168262439742684e+07
2.512342661045326622e+03,-8.469894787211225129e-01,3.006246705293088017e-01,-1.584004096011836454e+07,-7.294327133348867297e+07
2.517988374890372143e+03,-8.475833417876686982e-01,2.978701178478875833e-01,-1.560799834410210326e+07,-7.302420583633472025e+07
2.523634088735418118e+03,-8.481684953749164535e-01,2.951125206438466875e-01,-1.537548581867611408e+07,-7.310448387054076791e+07
2.529279802580463638e+03,-8.487449218925973149e-01,2.923519037934230180e-01,-1.514250457058989257e+07,-7.318410317358782887e+07
2.534925516425509159e+03,-8.493126037660545524e-01,2.895882922595247044e-01,-1.490905579878029600e+07,-7.326306148283280432e+07
2.540571230270555134e+03,-8.498715234362427262e-01,2.868217110917313795e-01,-1.467514071437165141e+07,-7.334135653550839424e+07
2.546216944115600654e+03,-8.504216633597267982e-01,2.840521854262957890e-01,-1.444076054067580774e+07,-7.341898606872317195e+07
2.551862657960646175e+03,-8.509630060086835757e-01,2.812797404861411832e-01,-1.420591651319195703e+07,-7.349594781946152449e+07
2.557508371805692150e+03,-8.514955338709009336e-01,2.785044015808627038e-01,-1.397060987960681319e+07,-7.357223952458375692e+07
2.563154085650737670e+03,-8.520192294497777041e-01,2.757261941067286615e-01,-1.373484189979457855e+07,-7.364785892082592845e+07
2.568799799495783191e+03,-8.525340752643240094e-01,2.729451435466774822e-01,-1.349861384581681341e+07,-7.372280374480003119e+07
2.574445513340829166e+03,-8.530400538491613727e-01,2.701612754703202612e-01,-1.326192700192258134e+07,-7.379707173299381137e+07
2.580091227185874686e+03,-8.535371477545221630e-01,2.673746155339399855e-01,-1.302478266454845667e+07,-7.387066062177094817e+07
2.585736941030920207e+03,-8.540253395462499286e-01,2.645851894804910898e-01,-1.278718214231834933e+07,-7.394356814737090468e+07
2.591382654875966182e+03,-8.545046118057996187e-01,2.617930231395996787e-01,-1.254912675604370236e+07,-7.401579204590903223e+07
2.597028368721011702e+03,-8.549749471302372505e-01,2.589981424275645816e-01,-1.231061783872341737e+07,-7.408733005337648094e+07
2.602674082566057223e+03,-8.554363281322400203e-01,2.562005733473554092e-01,-1.207165673554380983e+07,-7.415817990564028919e+07
2.608319796411103198e+03,-8.558887374400964143e-01,2.534003419886139419e-01,-1.183224480387864634e+07,-7.422833933844332397e+07
2.613965510256148718e+03,-8.563321576977056537e-01,2.505974745276540738e-01,-1.159238341328920797e+07,-7.429780608740429580e+07
2.619611224101194239e+03,-8.567665715645788049e-01,2.477919972274612581e-01,-1.135207394552415982e+07,-7.436657788801777363e+07
2.625256937946240214e+03,-8.571919617158375582e-01,2.449839364376922846e-01,-1.111131779451964051e+07,-7.443465247565415502e+07
2.630902651791285734e+03,-8.576083108422151158e-01,2.421733185946768063e-01,-1.087011636639928818e+07,-7.450202758555968106e+07
2.636548365636331255e+03,-8.580156016500555261e-01,2.393601702214154803e-01,-1.062847107947412506e+07,-7.456870095285646617e+07
2.642194079481377230e+03,-8.584138168613144604e-01,2.365445179275807996e-01,-1.038638336424265802e+07,-7.463467031254243851e+07
2.647839793326422750e+03,-8.588029392135583251e-01,2.337263884095176769e-01,-1.014385466339087486e+07,-7.469993339949139953e+07
2.653485507171468271e+03,-8.591829514599651496e-01,2.309058084502420005e-01,-9.900886431792177260e+06,-7.476448794845294952e+07
2.659131221016514246e+03,-8.595538363693234762e-01,2.280828049194420504e-01,-9.657480136507414281e+06,-7.482833169405262172e+07
2.664776934861559766e+03,-8.599155767260338035e-01,2.252574047734779150e-01,-9.413637256784953177e+06,-7.489146237079168856e+07
2.670422648706605742e+03,-8.602681553301073647e-01,2.224296350553810475e-01,-9.169359284060508013e+06,-7.495387771304735541e+07
2.676068362551651262e+03,-8.606115549971664613e-01,2.195995228948552924e-01,-8.924647721957370639e+06,-7.501557545507259667e+07
2.681714076396696782e+03,-8.609457585584449069e-01,2.167670955082759698e-01,-8.679504086286202073e+06,-7.507655333099630475e+07
2.687359790241742758e+03,-8.612707488607873607e-01,2.139323801986898754e-01,-8.433929905045114458e+06,-7.513680907482320070e+07
2.693005504086788278e+03,-8.615865087666499944e-01,2.110954043558165016e-01,-8.187926718419753015e+06,-7.519634042043378949e+07
2.698651217931833799e+03,-8.618930211541000475e-01,2.082561954560464001e-01,-7.941496078783109784e+06,-7.525514510158450902e+07
2.704296931776879774e+03,-8.621902689168157163e-01,2.054147810624419868e-01,-7.694639550695694983e+06,-7.531322085190759599e+07
2.709942645621925294e+03,-8.624782349640865986e-01,2.025711888247381798e-01,-7.447358710905492306e+06,-7.537056540491111577e+07
2.715588359466970815e+03,-8.627569022208133598e-01,1.997254464793408180e-01,-7.199655148347862065e+06,-7.542717649397903681e+07
2.721234073312016790e+03,-8.630262536275078444e-01,1.968775818493278540e-01,-6.951530464145682752e+06,-7.548305185237109661e+07
2.726879787157062310e+03,-8.632862721402931871e-01,1.940276228444495210e-01,-6.702986271609283984e+06,-7.553818921322296560e+07
2.732525501002107831e+03,-8.635369407309037015e-01,1.911755974611272224e-01,-6.454024196236424148e+06,-7.559258630954609811e+07
2.738171214847153806e+03,-8.637782423866847692e-01,1.883215337824543090e-01,-6.204645875712290406e+06,-7.564624087422779202e+07
2.743816928692199326e+03,-8.640101601105928397e-01,1.854654599781964674e-01,-5.954852959909603000e+06,-7.569915064003123343e+07
2.749462642537244847e+03,-8.642326769211957638e-01,1.826074043047904993e-01,-5.704647110888466239e+06,-7.575131333959542215e+07
2.755108356382290822e+03,-8.644457758526725710e-01,1.797473951053449037e-01,-5.454030002896450460e+06,-7.580272670543521643e+07
2.760754070227336342e+03,-8.646494399548130261e-01,1.768854608096414316e-01,-5.203003322368621826e+06,-7.585338846994131804e+07
2.766399784072381863e+03,-8.648436522930189607e-01,1.740216299341316997e-01,-4.951568767927445471e+06,-7.590329636538025737e+07
2.772045497917427838e+03,-8.650283959483022755e-01,1.711559310819401325e-01,-4.699728050382852554e+06,-7.595244812389443815e+07
2.777691211762473358e+03,-8.652036540172870493e-01,1.682883929428634073e-01,-4.447482892732277513e+06,-7.600084147750209272e+07
2.783336925607518879e+03,-8.653694096122079848e-01,1.654190442933690386e-01,-4.194835030160538852e+06,-7.604847415809729695e+07
2.788982639452564854e+03,-8.655256458609108527e-01,1.625479139965966269e-01,-3.941786210039928555e+06,-7.609534389744998515e+07
2.794628353297610374e+03,-8.656723459068530468e-01,1.596750310023584141e-01,-3.688338191930241883e+06,-7.614144842720593512e+07
2.800274067142655895e+03,-8.658094929091028069e-01,1.568004243471370907e-01,-3.434492747578673065e+06,-7.618678547888675332e+07
2.805919780987701870e+03,-8.659370700423397738e-01,1.539241231540880994e-01,-3.180251660919860005e+06,-7.623135278388991952e+07
2.811565494832747390e+03,-8.660550604968546562e-01,1.510461566330385530e-01,-2.925616728075958788e+06,-7.627514807348872721e+07
2.817211208677793365e+03,-8.661634474785490090e-01,1.481665540804871228e-01,-2.670589757356509566e+06,-7.631816907883232832e+07
2.822856922522838886e+03,-8.662622142089362320e-01,1.452853448796045943e-01,-2.415172569258570671e+06,-7.636041353094574809e+07
2.828502636367884406e+03,-8.663513439251403492e-01,1.424025585002331173e-01,-2.159366996466591954e+06,-7.640187916072981060e+07
2.834148350212930382e+03,-8.664308198798968963e-01,1.395182244988870945e-01,-1.903174883852504194e+06,-7.644256369896122813e+07
2.839794064057975902e+03,-8.665006253415523663e-01,1.366323725187528204e-01,-1.646598088475726545e+06,-7.648246487629251182e+07
2.845439777903021422e+03,-8.665607435940644310e-01,1.337450322896877875e-01,-1.389638479583077133e+06,-7.652158042325206101e+07
2.851085491748067398e+03,-8.666111579370022744e-01,1.308562336282217964e-01,-1.132297938608817756e+06,-7.655990807024411857e+07
2.856731205593112918e+03,-8.666518516855455934e-01,1.279660064375565398e-01,-8.745783591747581959e+05,-7.659744554754872620e+07
2.862376919438158438e+03,-8.666828081704860409e-01,1.250743807075649361e-01,-6.164816470900550485e+05,-7.663419058532182872e+07
2.868022633283204414e+03,-8.667040107382258940e-01,1.221813865147922118e-01,-3.580097203513607383e+05,-7.667014091359518468e+07
2.873668347128249934e+03,-8.667154427507788306e-01,1.192870540224555687e-01,-9.916450914280861616e+04,-7.670529426227641106e+07
2.879314060973295454e+03,-8.667170875857694856e-01,1.163914134804433925e-01,1.600520441640540957e+05,-7.673964836114895344e+07
2.884959774818341430e+03,-8.667089286364342282e-01,1.134944952253161138e-01,4.196379850102290511e+05,-7.677320093987213075e+07
2.890605488663386950e+03,-8.666909493116197183e-01,1.105963296803066376e-01,6.795913466491997242e+05,-7.680594972798107564e+07
2.896251202508432470e+03,-8.666631330357846830e-01,1.076969473553188311e-01,9.399101501470953226e+05,-7.683789245488679409e+07
2.901896916353478446e+03,-8.666254632489984733e-01,1.047963788469284951e-01,1.200592404382526875e+06,-7.686902684987610579e+07
2.907542630198523966e+03,-8.665779234069416193e-01,1.018946548383834194e-01,1.461636106046639383e+06,-7.689935064211171865e+07
2.913188344043569487e+03,-8.665204969809062741e-01,9.899180609960352151e-02,1.723039239643163979e+06,-7.692886156063215435e+07
2.918834057888615462e+03,-8.664531674577953257e-01,9.608786348717969494e-02,1.984799777488380671e+06,-7.695755733435177803e+07
2.924479771733660982e+03,-8.663759183401229524e-01,9.318285794437582148e-02,2.246915679711088538e+06,-7.698543569206082821e+07
2.930125485578706503e+03,-8.662887331460146223e-01,9.027682050112648127e-02,2.509384894252613187e+06,-7.701249436242537200e+07
2.935771199423752478e+03,-8.661915954092067604e-01,8.736978227403824349e-02,2.772205356866925955e+06,-7.703873107398732007e+07
2.941416913268797998e+03,-8.660844886790471930e-01,8.446177446639036024e-02,3.035374991120412946e+06,-7.706414355516442657e+07
2.947062627113843519e+03,-8.659673965204949253e-01,8.155282836813310121e-02,3.298891708392061293e+06,-7.708872953425028920e+07
2.952708340958889494e+03,-8.658403025141199194e-01,7.864297535588819776e-02,3.562753407873488963e+06,-7.711248673941436410e+07
2.958354054803935014e+03,-8.657031902561033165e-01,7.573224689295049439e-02,3.826957976568698883e+06,-7.713541289870196581e+07
2.963999768648980535e+03,-8.655560433582377700e-01,7.282067452928543683e-02,4.091503289294376969e+06,-7.715750574003419280e+07
2.969645482494026510e+03,-8.653988454479268899e-01,6.990828990153083455e-02,4.356387208679690957e+06,-7.717876299120807648e+07
2.975291196339072030e+03,-8.652315801681853547e-01,6.699512473299597259e-02,4.621607585166350007e+06,-7.719918237989641726e+07
2.980936910184118005e+03,-8.650542311776390214e-01,6.408121083366251358e-02,4.887162257008656859e+06,-7.721876163364791870e+07
2.986582624029163526e+03,-8.648667821505253706e-01,6.116658010018363734e-02,5.153049050273403525e+06,-7.723749847988708317e+07
2.992228337874209046e+03,-8.646692167766925063e-01,5.825126451588370780e-02,5.419265778839968145e+06,-7.725539064591428638e+07
2.997874051719255021e+03,-8.644615187615999341e-01,5.533529615075983427e-02,5.685810244400277734e+06,-7.727243585890574753e+07
3.003519765564300542e+03,-8.642436718263183382e-01,5.241870716148080978e-02,5.952680236458763480e+06,-7.728863184591352940e+07
3.009165479409346062e+03,-8.640156597075294709e-01,4.950152979138675025e-02,6.219873532332427800e+06,-7.730397633386552334e+07
3.014811193254392037e+03,-8.637774661575265966e-01,4.658379637048966349e-02,6.487387897150859237e+06,-7.731846704956549406e+07
3.020456907099437558e+03,-8.635290749442136038e-01,4.366553931547389328e-02,6.755221083856120706e+06,-7.733210171969303489e+07
3.026102620944483078e+03,-8.632704698511060037e-01,4.074679112969484956e-02,7.023370833202861249e+06,-7.734487807080358267e+07
3.031748334789529054e+03,-8.630016346773304869e-01,3.782758440318061827e-02,7.291834873758286238e+06,-7.735679382932844758e+07
3.037394048634574574e+03,-8.627225532376245898e-01,3.490795181263010860e-02,7.560610921902135015e+06,-7.736784672157472372e+07
3.043039762479620094e+03,-8.624332093623372497e-01,3.198792612141491964e-02,7.829696681826636195e+06,-7.737803447372542322e+07
3.048685476324666070e+03,-8.621335868974284722e-01,2.906754017957779296e-02,8.099089845536701381e+06,-7.738735481183935702e+07
3.054331190169711590e+03,-8.618236697044696637e-01,2.614682692383373322e-02,8.368788092849649489e+06,-7.739580546185122430e+07
3.059976904014757110e+03,-8.615034416606430767e-01,2.322581937756961618e-02,8.638789091395407915e+06,-7.740338414957149327e+07
3.065622617859803086e+03,-8.611728866587425868e-01,2.030455065084365435e-02,8.909090496616490185e+06,-7.741008860068656504e+07
3.071268331704848606e+03,-8.608319886071725824e-01,1.738305394038603194e-02,9.179689951767854393e+06,-7.741591654075860977e+07
3.076914045549894126e+03,-8.604807314299492971e-01,1.446136252959919453e-02,9.450585087917052209e+06,-7.742086569522573054e+07
3.082559759394940102e+03,-8.601190990666995884e-01,1.153950978855663480e-02,9.721773523944281042e+06,-7.742493378940179944e+07
3.088205473239985622e+03,-8.597470973039263997e-01,8.617558877773642823e-03,9.993273178314052522e+06,-7.742813002810788155e+07
3.093851187085031142e+03,-8.593648026800371209e-01,5.695667510829409766e-03,1.026516628747959062e+07,-7.743049879922753572e+07
3.099496900930077118e+03,-8.589722106570961691e-01,2.773880737463199284e-03,1.053745761577081122e+07,-7.743203920575726032e+07
3.105142614775122638e+03,-8.585693066191122380e-01,-1.477703419923033219e-04,1.081014227715201676e+07,-7.743274486087754369e+07
3.110788328620168159e+03,-8.581560761396112014e-01,-3.069254492935982823e-03,1.108321538292503357e+07,-7.743260941776444018e+07
3.116434042465214134e+03,-8.577325049816365565e-01,-5.990540346497603107e-03,1.135667204172913916e+07,-7.743162656958948076e+07
3.122079756310259654e+03,-8.572985790977494247e-01,-8.911596399537095176e-03,1.163050735954099894e+07,-7.742979004951976240e+07
3.127725470155305629e+03,-8.568542846300281068e-01,-1.183239101464619338e-02,1.190471643967482634e+07,-7.742709363071785867e+07
3.133371184000351150e+03,-8.563996079100688608e-01,-1.475289242014658081e-02,1.217929438278219290e+07,-7.742353112634190917e+07
3.139016897845396670e+03,-8.559345354589850130e-01,-1.767306871009149266e-02,1.245423628685219958e+07,-7.741909638954555988e+07
3.144662611690442645e+03,-8.554590539874074029e-01,-2.059288784426506827e-02,1.272953724721139856e+07,-7.741378331347796321e+07
3.150308325535488166e+03,-8.549731503954847156e-01,-2.351231764818158959e-02,1.300519235652372614e+07,-7.740758583128380775e+07
3.155954039380533686e+03,-8.544768117728830381e-01,-2.643132581308692622e-02,1.328119670479064994e+07,-7.740049791610331833e+07
3.161599753225579661e+03,-8.539700253987855261e-01,-2.934987989595781721e-02,1.355754537935108133e+07,-7.739251358107221127e+07
3.167245467070625182e+03,-8.534527787418932920e-01,-3.226794731950115291e-02,1.383423346488132514e+07,-7.738362687932173908e+07
3.172891180915670702e+03,-8.529250594604248503e-01,-3.518549537215544948e-02,1.411125604339520819e+07,-7.737383190397869051e+07
3.178536894760716677e+03,-8.523868554021161170e-01,-3.810249120809002660e-02,1.438860819424401224e+07,-7.736312278816536069e+07
3.184182608605762198e+03,-8.518381546042205210e-01,-4.101890184720444199e-02,1.466628499411640316e+07,-7.735149370499958098e+07
3.189828322450807718e+03,-8.512789452935088930e-01,-4.393469417512978203e-02,1.494428151703857072e+07,-7.733893886759467423e+07
3.195474036295853693e+03,-8.507092158862697984e-01,-4.684983494322800951e-02,1.522259283437415957e+07,-7.732545252905951440e+07
3.201119750140899214e+03,-8.501289549883094265e-01,-4.976429076859127665e-02,1.550121401482420228e+07,-7.731102898249849677e+07
3.206765463985944734e+03,-8.495381513949507024e-01,-5.267802813404329210e-02,1.578014012442725524e+07,-7.729566256101153791e+07
3.212411177830990709e+03,-8.489367940910348409e-01,-5.559101338813866172e-02,1.605936622655932233e+07,-7.727934763769404590e+07
3.218056891676036230e+03,-8.483248722509202366e-01,-5.850321274516213921e-02,1.633888738193380088e+07,-7.726207862563699484e+07
3.223702605521081750e+03,-8.477023752384827970e-01,-6.141459228513003465e-02,1.661869864860160835e+07,-7.724384997792686522e+07
3.229348319366127726e+03,-8.470692926071159423e-01,-6.432511795378956232e-02,1.689879508195112273e+07,-7.722465618764564395e+07
3.234994033211173246e+03,-8.464256140997306055e-01,-6.723475556261812591e-02,1.717917173470809683e+07,-7.720449178787086904e+07
3.240639747056218766e+03,-8.457713296487551213e-01,-7.014347078882463005e-02,1.745982365693581849e+07,-7.718335135167557001e+07
3.246285460901264742e+03,-8.451064293761353374e-01,-7.305122917534893900e-02,1.774074589603502303e+07,-7.716122949212832749e+07
3.251931174746310262e+03,-8.444309035933347252e-01,-7.595799613086104407e-02,1.802193349674383178e+07,-7.713812086229321361e+07
3.257576888591355782e+03,-8.437447428013343798e-01,-7.886373692976247907e-02,1.830338150113788992e+07,-7.711402015522986650e+07
3.263222602436401758e+03,-8.430479376906322431e-01,-8.176841671218568197e-02,1.858508494863031060e+07,-7.708892210399338603e+07
3.268868316281447278e+03,-8.423404791412445469e-01,-8.467200048399331491e-02,1.886703887597156316e+07,-7.706282148163445294e+07
3.274514030126493253e+03,-8.416223582227044808e-01,-8.757445311677969357e-02,1.914923831724969298e+07,-7.703571310119923949e+07
3.280159743971538774e+03,-8.408935661940629691e-01,-9.047573934786928840e-02,1.943167830389009416e+07,-7.700759181572943926e+07
3.285805457816584294e+03,-8.401540945038885599e-01,-9.337582378031795971e-02,1.971435386465568841e+07,-7.697845251826229692e+07
3.291451171661630269e+03,-8.394039347902667592e-01,-9.627467088291254138e-02,1.999726002564685047e+07,-7.694829014183053374e+07
3.297096885506675790e+03,-8.386430788808011405e-01,-9.917224499016995265e-02,2.028039181030133367e+07,-7.691709965946242213e+07
3.302742599351721310e+03,-8.378715187926125685e-01,-1.020685103023388079e-01,2.056374423939443007e+07,-7.688487608418177068e+07
3.308388313196767285e+03,-8.370892467323393094e-01,-1.049634308853984455e-01,2.084731233103887737e+07,-7.685161446900786459e+07
3.314034027041812806e+03,-8.362962550961372532e-01,-1.078569706710584969e-01,2.113109110068479925e+07,-7.681730990695556998e+07
3.319679740886858326e+03,-8.354925364696796919e-01,-1.107490934567601643e-01,2.141507556111984700e+07,-7.678195753103521466e+07
3.325325454731904301e+03,-8.346780836281574301e-01,-1.136397629056754149e-01,2.169926072246912122e+07,-7.674555251425269246e+07
3.330971168576949822e+03,-8.338528895362790072e-01,-1.165289425467064266e-01,2.198364159219510108e+07,-7.670809006960940361e+07
3.336616882421995342e+03,-8.330169473482699205e-01,-1.194165957744870721e-01,2.226821317509781942e+07,-7.666956545010228455e+07
3.342262596267041317e+03,-8.321702504078736240e-01,-1.223026858493819202e-01,2.255297047331472486e+07,-7.662997394872374833e+07
3.347908310112086838e+03,-8.313127922483511956e-01,-1.251871758974859028e-01,2.283790848632068187e+07,-7.658931089846178889e+07
3.353554023957132358e+03,-8.304445665924805597e-01,-1.280700289106252443e-01,2.312302221092805639e+07,-7.654757167229990661e+07
3.359199737802178333e+03,-8.295655673525575979e-01,-1.309512077463573232e-01,2.340830664128669351e+07,-7.650475168321709335e+07
3.364845451647223854e+03,-8.286757886303958154e-01,-1.338306751279696172e-01,2.369375676888379455e+07,-7.646084638418789208e+07
3.370491165492269374e+03,-8.277752247173257860e-01,-1.367083936444809800e-01,2.397936758254411072e+07,-7.641585126818235219e+07
3.376136879337315349e+03,-8.268638700941959296e-01,-1.395843257506415025e-01,2.426513406842983514e+07,-7.636976186816607416e+07
3.381782593182360870e+03,-8.259417194313719568e-01,-1.424584337669310419e-01,2.455105121004055068e+07,-7.632257375710014999e+07
3.387428307027406390e+03,-8.250087675887372018e-01,-1.453306798795613586e-01,2.483711398821335286e+07,-7.627428254794119298e+07
3.393074020872452365e+03,-8.240650096156922899e-01,-1.482010261404748952e-01,2.512331738112281263e+07,-7.622488389364136755e+07
3.398719734717497886e+03,-8.231104407511556920e-01,-1.510694344673443046e-01,2.540965636428086460e+07,-7.617437348714834452e+07
3.404365448562543406e+03,-8.221450564235631697e-01,-1.539358666435739209e-01,2.569612591053698957e+07,-7.612274706140530109e+07
3.410011162407589381e+03,-8.211688522508678867e-01,-1.568002843182987327e-01,2.598272099007809535e+07,-7.607000038935096562e+07
3.415656876252634902e+03,-8.201818240405405191e-01,-1.596626490063841330e-01,2.626943657042850554e+07,-7.601612928391955793e+07
3.421302590097680422e+03,-8.191839677895694782e-01,-1.625229220884269188e-01,2.655626761645004153e+07,-7.596112959804084897e+07
3.426948303942726398e+03,-8.181752796844604658e-01,-1.653810648107548742e-01,2.684320909034200013e+07,-7.590499722464011610e+07
3.432594017787771918e+03,-8.171557561012366966e-01,-1.682370382854258828e-01,2.713025595164105296e+07,-7.584772809663817286e+07
3.438239731632817893e+03,-8.161253936054388980e-01,-1.710908034902296204e-01,2.741740315722141787e+07,-7.578931818695133924e+07
3.443885445477863414e+03,-8.150841889521254213e-01,-1.739423212686858344e-01,2.770464566129466891e+07,-7.572976350849145651e+07
3.449531159322908934e+03,-8.140321390858719086e-01,-1.767915523300456482e-01,2.799197841540992260e+07,-7.566906011416590214e+07
3.455176873167954909e+03,-8.129692411407712926e-01,-1.796384572492911724e-01,2.827939636845374480e+07,-7.560720409687756002e+07
3.460822587013000430e+03,-8.118954924404349072e-01,-1.824829964671347005e-01,2.856689446665006876e+07,-7.554419158952486515e+07
3.466468300858045950e+03,-8.108108904979904885e-01,-1.853251302900201236e-01,2.885446765356037393e+07,-7.548001876500172913e+07
3.472114014703091925e+03,-8.097154330160838409e-01,-1.881648188901219876e-01,2.914211087008358166e+07,-7.541468183619762957e+07
3.477759728548137446e+03,-8.086091178868782814e-01,-1.910020223053453259e-01,2.942981905445600674e+07,-7.534817705599753559e+07
3.483405442393182966e+03,-8.074919431920545287e-01,-1.938367004393265758e-01,2.971758714225147665e+07,-7.528050071728196740e+07
3.489051156238228941e+03,-8.063639072028105925e-01,-1.966688130614329955e-01,3.000541006638127938e+07,-7.521164915292693675e+07
3.494696870083274462e+03,-8.052250083798622171e-01,-1.994983198067621366e-01,3.029328275709410012e+07,-7.514161873580400646e+07
3.500342583928319982e+03,-8.040752453734427707e-01,-2.023251801761430380e-01,3.058120014197612926e+07,-7.507040587878024578e+07
3.505988297773365957e+03,-8.029146170233026902e-01,-2.051493535361356979e-01,3.086915714595102146e+07,-7.499800703471823037e+07
3.511634011618411478e+03,-8.017431223587103695e-01,-2.079707991190301863e-01,3.115714869127981737e+07,-7.492441869647610188e+07
3.517279725463456998e+03,-8.005607605984513819e-01,-2.107894760228482267e-01,3.144516969756108150e+07,-7.484963739690747857e+07
3.522925439308502973e+03,-7.993675311508287029e-01,-2.136053432113423911e-01,3.173321508173082769e+07,-7.477365970886152983e+07
3.528571153153548494e+03,-7.981634336136632646e-01,-2.164183595139952676e-01,3.202127975806245580e+07,-7.469648224518294632e+07
3.534216866998594014e+03,-7.969484677742931789e-01,-2.192284836260213754e-01,3.230935863816689700e+07,-7.461810165871191025e+07
3.539862580843639989e+03,-7.957226336095738484e-01,-2.220356741083657770e-01,3.259744663099252805e+07,-7.453851464228416979e+07
3.545508294688685510e+03,-7.944859312858788547e-01,-2.248398893877038007e-01,3.288553864282511920e+07,-7.445771792873096466e+07
3.551154008533731030e+03,-7.932383611590986261e-01,-2.276410877564424562e-01,3.317362957728797197e+07,-7.437570829087907076e+07
3.556799722378777005e+03,-7.919799237746411036e-01,-2.304392273727194629e-01,3.346171433534180745e+07,-7.429248254155078530e+07
3.562445436223822526e+03,-7.907106198674321851e-01,-2.332342662604028616e-01,3.374978781528477371e+07,-7.420803753356392682e+07
3.568091150068868046e+03,-7.894304503619149482e-01,-2.360261623090920968e-01,3.403784491275252402e+07,-7.412237015973182023e+07
3.573736863913914021e+03,-7.881394163720498725e-01,-2.388148732741176006e-01,3.432588052071817219e+07,-7.403547735286334157e+07
3.579382577758959542e+03,-7.868375192013152830e-01,-2.416003567765400151e-01,3.461388952949219942e+07,-7.394735608576287329e+07
3.585028291604005517e+03,-7.855247603427066849e-01,-2.443825703031516916e-01,3.490186682672265172e+07,-7.385800337123031914e+07
3.590674005449051037e+03,-7.842011414787372070e-01,-2.471614712064749697e-01,3.518980729739493877e+07,-7.376741626206110418e+07
3.596319719294096558e+03,-7.828666644814374909e-01,-2.499370167047637314e-01,3.547770582383199036e+07,-7.367559185104617476e+07
3.601965433139142533e+03,-7.815213314123554689e-01,-2.527091638820027630e-01,3.576555728569418192e+07,-7.358252727097201347e+07
3.607611146984188053e+03,-7.801651445225570303e-01,-2.554778696879070332e-01,3.605335655997928977e+07,-7.348821969462062418e+07
3.613256860829233574e+03,-7.787981062526250220e-01,-2.582430909379230255e-01,3.634109852102258801e+07,-7.339266633476950228e+07
3.618902574674279549e+03,-7.774202192326600258e-01,-2.610047843132280998e-01,3.662877804049686342e+07,-7.329586444419169426e+07
3.624548288519325070e+03,-7.760314862822802473e-01,-2.637629063607299096e-01,3.691638998741219938e+07,-7.319781131565578282e+07
3.630194002364370590e+03,-7.746319104106212938e-01,-2.665174134930675121e-01,3.720392922811628878e+07,-7.309850428192582726e+07
3.635839716209416565e+03,-7.732214948163359525e-01,-2.692682619886109241e-01,3.749139062629424036e+07,-7.299794071576145291e+07
3.641485430054462086e+03,-7.718002428875953003e-01,-2.720154079914604006e-01,3.777876904296851903e+07,-7.289611802991777658e+07
3.647131143899507606e+03,-7.703681582020869278e-01,-2.747588075114474893e-01,3.806605933649918437e+07,-7.279303367714545131e+07
3.652776857744553581e+03,-7.689252445270166048e-01,-2.774984164241350859e-01,3.835325636258368194e+07,-7.268868515019065142e+07
3.658422571589599102e+03,-7.674715058191073913e-01,-2.802341904708157694e-01,3.864035497425688058e+07,-7.258306998179507256e+07
3.664068285434644622e+03,-7.660069462245997496e-01,-2.829660852585140218e-01,3.892735002189117670e+07,-7.247618574469594657e+07
3.669713999279690597e+03,-7.645315700792516544e-01,-2.856940562599850075e-01,3.921423635319639742e+07,-7.236803005162599683e+07
3.675359713124736118e+03,-7.630453819083389266e-01,-2.884180588137142398e-01,3.950100881321977824e+07,-7.225860055531349778e+07
3.681005426969781638e+03,-7.615483864266543446e-01,-2.911380481239185802e-01,3.978766224434604496e+07,-7.214789494848223031e+07
3.686651140814827613e+03,-7.600405885385085325e-01,-2.938539792605459611e-01,4.007419148629743606e+07,-7.203591096385149658e+07
3.692296854659873134e+03,-7.585219933377294055e-01,-2.965658071592744416e-01,4.036059137613351643e+07,-7.192264637413613498e+07
3.697942568504918654e+03,-7.569926061076628354e-01,-2.992734866215135958e-01,4.064685674825139344e+07,-7.180809899204650521e+07
3.703588282349964629e+03,-7.554524323211713188e-01,-3.019769723144036799e-01,4.093298243438564986e+07,-7.169226667028845847e+07
3.709233996195010150e+03,-7.539014776406357532e-01,-3.046762187708157987e-01,4.121896326360823214e+07,-7.157514730156341195e+07
3.714879710040055670e+03,-7.523397479179539937e-01,-3.073711803893517391e-01,4.150479406232862175e+07,-7.145673881856828928e+07
3.720525423885101645e+03,-7.507672491945415194e-01,-3.100618114343448584e-01,4.179046965429374576e+07,-7.133703919399550557e+07
3.726171137730147166e+03,-7.491839877013314331e-01,-3.127480660358581410e-01,4.207598486058792472e+07,-7.121604644053304195e+07
3.731816851575193141e+03,-7.475899698587741282e-01,-3.154298981896870302e-01,4.236133449963301420e+07,-7.109375861086438596e+07
3.737462565420238661e+03,-7.459852022768377333e-01,-3.181072617573562633e-01,4.264651338718825579e+07,-7.097017379766856134e+07
3.743108279265284182e+03,-7.443696917550075565e-01,-3.207801104661224256e-01,4.293151633635038137e+07,-7.084529013362006843e+07
3.748753993110330157e+03,-7.427434452822865296e-01,-3.234483979089731176e-01,4.321633815755359828e+07,-7.071910579138897359e+07
3.754399706955375677e+03,-7.411064700371955416e-01,-3.261120775446258446e-01,4.350097365856951475e+07,-7.059161898364086449e+07
3.760045420800421198e+03,-7.394587733877721059e-01,-3.287711026975297934e-01,4.378541764450722933e+07,-7.046282796303682029e+07
3.765691134645467173e+03,-7.378003628915716927e-01,-3.314254265578651659e-01,4.406966491781331599e+07,-7.033273102223347127e+07
3.771336848490512693e+03,-7.361312462956676184e-01,-3.340750021815420689e-01,4.435371027827172726e+07,-7.020132649388295412e+07
3.776982562335558214e+03,-7.344514315366502677e-01,-3.367197824902023462e-01,4.463754852300394326e+07,-7.006861275063295662e+07
3.782628276180604189e+03,-7.327609267406270943e-01,-3.393597202712186900e-01,4.492117444646888971e+07,-6.993458820512662828e+07
3.788273990025649709e+03,-7.310597402232240638e-01,-3.419947681776938642e-01,4.520458284046289325e+07,-6.979925131000269949e+07
3.793919703870695230e+03,-7.293478804895839884e-01,-3.446248787284625914e-01,4.548776849411980808e+07,-6.966260055789540708e+07
3.799565417715741205e+03,-7.276253562343671932e-01,-3.472500043080897769e-01,4.577072619391091168e+07,-6.952463448143449426e+07
3.805211131560786725e+03,-7.258921763417517381e-01,-3.498700971668711746e-01,4.605345072364488244e+07,-6.938535165324524045e+07
3.810856845405832246e+03,-7.241483498854329737e-01,-3.524851094208338864e-01,4.633593686446795613e+07,-6.924475068594844639e+07
3.816502559250878221e+03,-7.223938861286237634e-01,-3.550949930517353637e-01,4.661817939486376941e+07,-6.910283023216043413e+07
3.822148273095923741e+03,-7.206287945240547055e-01,-3.576996999070641836e-01,4.690017309065336734e+07,-6.895958898449304700e+07
3.827793986940969262e+03,-7.188530847139735780e-01,-3.602991817000399943e-01,4.718191272499533743e+07,-6.881502567555364966e+07
3.833439700786015237e+03,-7.170667665301457827e-01,-3.628933900096129039e-01,4.746339306838569045e+07,-6.866913907794512808e+07
3.839085414631060758e+03,-7.152698499938543453e-01,-3.654822762804639802e-01,4.774460888865784556e+07,-6.852192800426590443e+07
3.844731128476106278e+03,-7.134623453158995821e-01,-3.680657918230055281e-01,4.802555495098273456e+07,-6.837339130710989237e+07
3.850376842321152253e+03,-7.116442628965992112e-01,-3.706438878133804238e-01,4.830622601786874235e+07,-6.822352787906654179e+07
3.856022556166197774e+03,-7.098156133257887968e-01,-3.732165152934623920e-01,4.858661684916166216e+07,-6.807233665272086859e+07
3.861668270011243294e+03,-7.079764073828215265e-01,-3.757836251708558395e-01,4.886672220204476267e+07,-6.791981660065335035e+07
3.867313983856289269e+03,-7.061266560365671019e-01,-3.783451682188969101e-01,4.914653683103881031e+07,-6.776596673543998599e+07
3.872959697701334790e+03,-7.042663704454138474e-01,-3.809010950766514303e-01,4.942605548800196499e+07,-6.761078610965235531e+07
3.878605411546380310e+03,-7.023955619572671560e-01,-3.834513562489169081e-01,4.970527292212985456e+07,-6.745427381585751474e+07
3.884251125391426285e+03,-7.005142421095494898e-01,-3.859959021062215334e-01,4.998418387995562702e+07,-6.729642898661802709e+07
3.889896839236471806e+03,-6.986224226292017114e-01,-3.885346828848242895e-01,5.026278310534975678e+07,-6.713725079449205101e+07
3.895542553081517781e+03,-6.967201154326814194e-01,-3.910676486867151747e-01,5.054106533952032030e+07,-6.697673845203317702e+07
3.901188266926563301e+03,-6.948073326259641691e-01,-3.935947494796147028e-01,5.081902532101272047e+07,-6.681489121179059893e+07
3.906833980771608822e+03,-6.928840865045424735e-01,-3.961159350969746806e-01,5.109665778570988774e+07,-6.665170836630897224e+07
3.912479694616654797e+03,-6.909503895534268025e-01,-3.986311552379777079e-01,5.137395746683222055e+07,-6.648718924812848866e+07
3.918125408461700317e+03,-6.890062544471451389e-01,-4.011403594675368445e-01,5.165091909493748099e+07,-6.632133322978489101e+07
3.923771122306745838e+03,-6.870516940497426450e-01,-4.036434972162965540e-01,5.192753739792098850e+07,-6.615413972380941361e+07
3.929416836151791813e+03,-6.850867214147822182e-01,-4.061405177806322597e-01,5.220380710101548582e+07,-6.598560818272881955e+07
3.935062549996837333e+03,-6.831113497853441574e-01,-4.086313703226494565e-01,5.247972292679111660e+07,-6.581573809906542301e+07
3.940708263841882854e+03,-6.811255925940262745e-01,-4.111160038701852648e-01,5.275527959515555203e+07,-6.564452900533701479e+07
3.946353977686928829e+03,-6.791294634629437832e-01,-4.135943673168075985e-01,5.303047182335390151e+07,-6.547198047405692935e+07
3.951999691531974349e+03,-6.771229762037298539e-01,-4.160664094218146092e-01,5.330529432596868277e+07,-6.529809211773402989e+07
3.957645405377019870e+03,-6.751061448175345037e-01,-4.185320788102361300e-01,5.357974181491990387e+07,-6.512286358887270093e+07
3.963291119222065845e+03,-6.730789834950253736e-01,-4.209913239728325096e-01,5.385380899946506321e+07,-6.494629457997281849e+07
3.968936833067111365e+03,-6.710415066163880615e-01,-4.234440932660950008e-01,5.412749058619902283e+07,-6.476838482352983952e+07
3.974582546912156886e+03,-6.689937287513253450e-01,-4.258903349122454274e-01,5.440078127905418724e+07,-6.458913409203469753e+07
3.980228260757202861e+03,-6.669356646590571813e-01,-4.283299969992371281e-01,5.467367577930037677e+07,-6.440854219797384739e+07
3.985873974602248381e+03,-6.648673292883217067e-01,-4.307630274807539017e-01,5.494616878554485738e+07,-6.422660899382929504e+07
3.991519688447293902e+03,-6.627887377773742372e-01,-4.331893741762100625e-01,5.521825499373236299e+07,-6.404333437207856029e+07
3.997165402292339877e+03,-6.606999054539870464e-01,-4.356089847707518281e-01,5.548992909714510292e+07,-6.385871826519464701e+07
4.002811116137385397e+03,-6.586008478354508089e-01,-4.380218068152553212e-01,5.576118578640271723e+07,-6.367276064564614743e+07
4.008456829982430918e+03,-6.564915806285733790e-01,-4.404277877263277907e-01,5.603201974946224689e+07,-6.348546152589713782e+07
4.014102543827476893e+03,-6.543721197296796799e-01,-4.428268747863075561e-01,5.630242567161834240e+07,-6.329682095840719342e+07
4.019748257672522413e+03,-6.522424812246125914e-01,-4.452190151432638410e-01,5.657239823550293595e+07,-6.310683903563145548e+07
4.025393971517567934e+03,-6.501026813887325062e-01,-4.476041558109963847e-01,5.684193212108550221e+07,-6.291551589002058655e+07
4.031039685362613909e+03,-6.479527366869168858e-01,-4.499822436690363303e-01,5.711102200567299128e+07,-6.272285169402072579e+07
4.036685399207659430e+03,-6.457926637735611486e-01,-4.523532254626448368e-01,5.737966256390973181e+07,-6.252884666007358581e+07
4.042331113052705405e+03,-6.436224794925778925e-01,-4.547170478028151330e-01,5.764784846777757257e+07,-6.233350104061637074e+07
4.047976826897750925e+03,-6.414422008773977835e-01,-4.570736571662700753e-01,5.791557438659577817e+07,-6.213681512808182836e+07
4.053622540742796446e+03,-6.392518451509681121e-01,-4.594229998954643679e-01,5.818283498702111095e+07,-6.193878925489821285e+07
4.059268254587842421e+03,-6.370514297257540148e-01,-4.617650221985832304e-01,5.844962493304774910e+07,-6.173942379348928481e+07
4.064913968432887941e+03,-6.348409722037384739e-01,-4.640996701495423427e-01,5.871593888600732386e+07,-6.153871915627437830e+07
4.070559682277933462e+03,-6.326204903764216514e-01,-4.664268896879888993e-01,5.898177150456891209e+07,-6.133667579566830397e+07
4.076205396122979437e+03,-6.303900022248212220e-01,-4.687466266193009434e-01,5.924711744473914057e+07,-6.113329420408140123e+07
4.081851109968024957e+03,-6.281495259194722625e-01,-4.710588266145865344e-01,5.951197135986196995e+07,-6.092857491391956061e+07
4.087496823813070478e+03,-6.258990798204276951e-01,-4.733634352106857457e-01,5.977632790061885118e+07,-6.072251849758416414e+07
4.093142537658116453e+03,-6.236386824772576221e-01,-4.756603978101689445e-01,6.004018171502874047e+07,-6.051512556747211516e+07
4.098788251503161518e+03,-6.213683526290497694e-01,-4.779496596813370135e-01,6.030352744844795763e+07,-6.030639677597588301e+07
4.104433965348207494e+03,-6.190881092044089318e-01,-4.802311659582226833e-01,6.056635974357040226e+07,-6.009633281548339128e+07
4.110079679193253469e+03,-6.167979713214583048e-01,-4.825048616405888113e-01,6.082867324042732269e+07,-5.988493441837812215e+07
4.115725393038299444e+03,-6.144979582878375979e-01,-4.847706915939292149e-01,6.109046257638743520e+07,-5.967220235703909397e+07
4.121371106883344510e+03,-6.121880896007051431e-01,-4.870286005494682824e-01,6.135172238615692407e+07,-5.945813744384086132e+07
4.127016820728390485e+03,-6.098683849467354534e-01,-4.892785331041625829e-01,6.161244730177949369e+07,-5.924274053115342557e+07
4.132662534573436460e+03,-6.075388642021212204e-01,-4.915204337206981466e-01,6.187263195263619721e+07,-5.902601251134236157e+07
4.138308248418481526e+03,-6.051995474325733149e-01,-4.937542467274919633e-01,6.213227096544557810e+07,-5.880795431676882505e+07
4.143953962263527501e+03,-6.028504548933184548e-01,-4.959799163186930926e-01,6.239135896426369995e+07,-5.858856691978934407e+07
4.149599676108573476e+03,-6.004916070291020924e-01,-4.981973865541802771e-01,6.264989057048399746e+07,-5.836785133275610209e+07
4.155245389953618542e+03,-5.981230244741874147e-01,-5.004066013595632745e-01,6.290786040283735842e+07,-5.814580860801678151e+07
4.160891103798664517e+03,-5.957447280523539002e-01,-5.026075045261836349e-01,6.316526307739222795e+07,-5.792243983791451156e+07
4.166536817643710492e+03,-5.933567387768990953e-01,-5.048000397111127580e-01,6.342209320755439997e+07,-5.769774615478800982e+07
4.172182531488755558e+03,-5.909590778506389475e-01,-5.069841504371529473e-01,6.367834540406711400e+07,-5.747172873097155988e+07
4.177828245333801533e+03,-5.885517666659050295e-01,-5.091597800928384654e-01,6.393401427501120418e+07,-5.724438877879482508e+07
4.183473959178847508e+03,-5.861348268045482035e-01,-5.113268719324332023e-01,6.418909442580477893e+07,-5.701572755058313906e+07
4.189119673023892574e+03,-5.837082800379360670e-01,-5.134853690759321188e-01,6.444358045920348912e+07,-5.678574633865729719e+07
4.194765386868938549e+03,-5.812721483269530642e-01,-5.156352145090621342e-01,6.469746697530051321e+07,-5.655444647533356398e+07
4.200411100713984524e+03,-5.788264538220022626e-01,-5.177763510832796845e-01,6.495074857152634859e+07,-5.632182933292381465e+07
4.206056814559029590e+03,-5.763712188630041311e-01,-5.199087215157724984e-01,6.520341984264897555e+07,-5.608789632373544574e+07
4.211702528404075565e+03,-5.739064659793953194e-01,-5.220322683894600413e-01,6.545547538077395409e+07,-5.585264890007124841e+07
4.217348242249121540e+03,-5.714322178901316551e-01,-5.241469341529914061e-01,6.570690977534414083e+07,-5.561608855422969162e+07
4.222993956094166606e+03,-5.689484975036858128e-01,-5.262526611207466454e-01,6.595771761313989013e+07,-5.537821681850473583e+07
4.228639669939212581e+03,-5.664553279180472023e-01,-5.283493914728379925e-01,6.620789347827911377e+07,-5.513903526518574357e+07
4.234285383784258556e+03,-5.639527324207236347e-01,-5.304370672551074195e-01,6.645743195221704245e+07,-5.489854550655773282e+07
4.239931097629303622e+03,-5.614407344887407669e-01,-5.325156303791275247e-01,6.670632761374639720e+07,-5.465674919490124285e+07
4.245576811474349597e+03,-5.589193577886403252e-01,-5.345850226222030876e-01,6.695457503899742663e+07,-5.441364802249220014e+07
4.251222525319395572e+03,-5.563886261764826591e-01,-5.366451856273685150e-01,6.720216880143776536e+07,-5.416924372160219401e+07
4.256868239164440638e+03,-5.538485636978457416e-01,-5.386960609033891734e-01,6.744910347187244892e+07,-5.392353806449832022e+07
4.262513953009486613e+03,-5.512991945878239486e-01,-5.407375898247623880e-01,6.769537361844414473e+07,-5.367653286344309151e+07
4.268159666854532588e+03,-5.487405432710302788e-01,-5.427697136317151116e-01,6.794097380663281679e+07,-5.342822997069466114e+07
4.273805380699577654e+03,-5.461726343615946888e-01,-5.447923734302058119e-01,6.818589859925588965e+07,-5.317863127850666642e+07
4.279451094544623629e+03,-5.435954926631646478e-01,-5.468055101919236938e-01,6.843014255646836758e+07,-5.292773871912820637e+07
4.285096808389669604e+03,-5.410091431689050268e-01,-5.488090647542890332e-01,6.867370023576259613e+07,-5.267555426480399072e+07
4.290742522234714670e+03,-5.384136110614988757e-01,-5.508029778204522886e-01,6.891656619196833670e+07,-5.242207992777425051e+07
4.296388236079760645e+03,-5.358089217131454252e-01,-5.527871899592959881e-01,6.915873497725297511e+07,-5.216731776027461886e+07
4.302033949924806620e+03,-5.331951006855628616e-01,-5.547616416054325095e-01,6.940020114112123847e+07,-5.191126985453638434e+07
4.307679663769851686e+03,-5.305721737299861074e-01,-5.567262730592048570e-01,6.964095923041525483e+07,-5.165393834278634191e+07
4.313325377614897661e+03,-5.279401667871671533e-01,-5.586810244866882158e-01,6.988100378931474686e+07,-5.139532539724671841e+07
4.318971091459943636e+03,-5.252991059873765023e-01,-5.606258359196878427e-01,7.012032935933680832e+07,-5.113543323013533652e+07
4.324616805304988702e+03,-5.226490176504017260e-01,-5.625606472557393989e-01,7.035893047933596373e+07,-5.087426409366557747e+07
4.330262519150034677e+03,-5.199899282855473537e-01,-5.644853982581106155e-01,7.059680168550425768e+07,-5.061182028004620969e+07
4.335908232995080652e+03,-5.173218645916359826e-01,-5.664000285557991843e-01,7.083393751137116551e+07,-5.034810412148164958e+07
4.341553946840125718e+03,-5.146448534570081668e-01,-5.683044776435333123e-01,7.107033248780354857e+07,-5.008311799017183483e+07
4.347199660685171693e+03,-5.119589219595206409e-01,-5.701986848817734987e-01,7.130598114300589263e+07,-4.981686429831210524e+07
4.352845374530217669e+03,-5.092640973665485404e-01,-5.720825894967098701e-01,7.154087800251996517e+07,-4.954934549809344113e+07
4.358491088375262734e+03,-5.065604071349848470e-01,-5.739561305802638458e-01,7.177501758922502398e+07,-4.928056408170233667e+07
4.364136802220308709e+03,-5.038478789112389444e-01,-5.758192470900881377e-01,7.200839442333790660e+07,-4.901052258132071793e+07
4.369782516065354685e+03,-5.011265405312383958e-01,-5.776718778495654183e-01,7.224100302241274714e+07,-4.873922356912611425e+07
4.375428229910399750e+03,-4.983964200204286099e-01,-5.795139615478097639e-01,7.247283790134115517e+07,-4.846666965729160607e+07
4.381073943755445725e+03,-4.956575455937712871e-01,-5.813454367396663214e-01,7.270389357235234976e+07,-4.819286349798566848e+07
4.386719657600491701e+03,-4.929099456557467507e-01,-5.831662418457110864e-01,7.293416454501283169e+07,-4.791780778337240219e+07
4.392365371445536766e+03,-4.901536488003530034e-01,-5.849763151522499038e-01,7.316364532622657716e+07,-4.764150524561146647e+07
4.398011085290582741e+03,-4.873886838111038955e-01,-5.867755948113210218e-01,7.339233042023512721e+07,-4.736395865685789287e+07
4.403656799135628717e+03,-4.846150796610323441e-01,-5.885640188406925377e-01,7.362021432861739397e+07,-4.708517082926234603e+07
4.409302512980673782e+03,-4.818328655126890014e-01,-5.903415251238635086e-01,7.384729155028970540e+07,-4.680514461497107148e+07
4.414948226825719757e+03,-4.790420707181399229e-01,-5.921080514100648395e-01,7.407355658150596917e+07,-4.652388290612562001e+07
4.420593940670765733e+03,-4.762427248189707862e-01,-5.938635353142569517e-01,7.429900391585744917e+07,-4.624138863486328721e+07
4.426239654515811708e+03,-4.734348575462838937e-01,-5.956079143171318924e-01,7.452362804427286983e+07,-4.595766477331678569e+07
4.431885368360856774e+03,-4.706184988206996156e-01,-5.973411257651120021e-01,7.474742345501841605e+07,-4.567271433361442387e+07
4.437531082205902749e+03,-4.677936787523542805e-01,-5.990631068703514694e-01,7.497038463369780779e+07,-4.538654036787986755e+07
4.443176796050948724e+03,-4.649604276409037840e-01,-6.007737947107348875e-01,7.519250606325212121e+07,-4.509914596823249012e+07
4.448822509895993790e+03,-4.621187759755204794e-01,-6.024731262298768097e-01,7.541378222395987809e+07,-4.481053426678712666e+07
4.454468223741039765e+03,-4.592687544348934003e-01,-6.041610382371244148e-01,7.563420759343716502e+07,-4.452070843565405160e+07
4.460113937586085740e+03,-4.564103938872305366e-01,-6.058374674075542865e-01,7.585377664663742483e+07,-4.422967168693917245e+07
4.465759651431130806e+03,-4.535437253902571686e-01,-6.075023502819745236e-01,7.607248385585153103e+07,-4.393742727274391800e+07
4.471405365276176781e+03,-4.506687801912145352e-01,-6.091556232669240734e-01,7.629032369070799649e+07,-4.364397848516510427e+07
4.477051079121222756e+03,-4.477855931902103293e-01,-6.107972539717040350e-01,7.650728952069362998e+07,-4.334932062401175499e+07
4.482696792966267822e+03,-4.448942389518297791e-01,-6.124275542633909053e-01,7.672336014936560392e+07,-4.305336149484170228e+07
4.488342506811313797e+03,-4.419947669373730514e-01,-6.140465802655109551e-01,7.693851822159844637e+07,-4.275607603933922201e+07
4.493988220656359772e+03,-4.390872154405724426e-01,-6.156542813568671724e-01,7.715274962841297686e+07,-4.245746685090874135e+07
4.499633934501404838e+03,-4.361716230867138111e-01,-6.172506071464147759e-01,7.736604034343880415e+07,-4.215753658772277832e+07
4.505279648346450813e+03,-4.332480288326351903e-01,-6.188355074732619920e-01,7.757837642291447520e+07,-4.185628797272176296e+07
4.510925362191496788e+03,-4.303164719667299520e-01,-6.204089324066688338e-01,7.778974400568731129e+07,-4.155372379361435771e+07
4.516571076036541854e+03,-4.273769921089448087e-01,-6.219708322460474337e-01,7.800012931321343780e+07,-4.124984690287730098e+07
4.522216789881587829e+03,-4.244296292107789803e-01,-6.235211575209632651e-01,7.820951864955790341e+07,-4.094466021775525063e+07
4.527862503726633804e+03,-4.214744235552865259e-01,-6.250598589911333658e-01,7.841789840139451623e+07,-4.063816672026109695e+07
4.533508217571678870e+03,-4.185114157570752891e-01,-6.265868876464270043e-01,7.862525503800588846e+07,-4.033036945717579871e+07
4.539153931416724845e+03,-4.155406467623053990e-01,-6.281021947068666789e-01,7.883157511128360033e+07,-4.002127154004824907e+07
4.544799645261770820e+03,-4.125621578486918795e-01,-6.296057316226266742e-01,7.903684525572794676e+07,-3.971087614519555867e+07
4.550445359106815886e+03,-4.095759906255035943e-01,-6.310974500740330617e-01,7.924105218844804168e+07,-3.939918651370292902e+07
4.556091072951861861e+03,-4.065821870335615817e-01,-6.325773019715656975e-01,7.944418270916198194e+07,-3.908620595142346621e+07
4.561736786796907836e+03,-4.035807893452418860e-01,-6.340452394558555582e-01,7.964622370019654930e+07,-3.877193782897851616e+07
4.567382500641952902e+03,-4.005718401644743354e-01,-6.355012148976864061e-01,7.984716212648737431e+07,-3.845638558175749332e+07
4.573028214486998877e+03,-3.975553824267408776e-01,-6.369451808979945673e-01,8.004698503557901084e+07,-3.813955270991775393e+07
4.578673928332044852e+03,-3.945314593990785212e-01,-6.383770902878684872e-01,8.024567955762480199e+07,-3.782144277838484943e+07
4.584319642177089918e+03,-3.915001146800780596e-01,-6.397968961285487310e-01,8.044323290538683534e+07,-3.750205941685242951e+07
4.589965356022135893e+03,-3.884613921998824604e-01,-6.412045517114290938e-01,8.063963237423621118e+07,-3.718140631978207082e+07
4.595611069867181868e+03,-3.854153362201896971e-01,-6.426000105580547128e-01,8.083486534215271473e+07,-3.685948724640356749e+07
4.601256783712226934e+03,-3.823619913342514720e-01,-6.439832264201235112e-01,8.102891926972499490e+07,-3.653630602071478963e+07
4.606902497557272909e+03,-3.793014024668717732e-01,-6.453541532794861979e-01,8.122178170015060902e+07,-3.621186653148154169e+07
4.612548211402318884e+03,-3.762336148744094833e-01,-6.467127453481450461e-01,8.141344025923587382e+07,-3.588617273223783076e+07
4.618193925247363950e+03,-3.731586741447773248e-01,-6.480589570682550038e-01,8.160388265539592505e+07,-3.555922864128577709e+07
4.623839639092409925e+03,-3.700766261974401394e-01,-6.493927431121239158e-01,8.179309667965483665e+07,-3.523103834169539064e+07
4.629485352937455900e+03,-3.669875172834179411e-01,-6.507140583822114133e-01,8.198107020564539731e+07,-3.490160598130492866e+07
4.635131066782500966e+03,-3.638913939852843615e-01,-6.520228580111291361e-01,8.216779118960925937e+07,-3.457093577272070944e+07
4.640776780627546941e+03,-3.607883032171651516e-01,-6.533190973616420649e-01,8.235324767039699852e+07,-3.423903199331699312e+07
4.646422494472592916e+03,-3.576782922247414009e-01,-6.546027320266669669e-01,8.253742776946790516e+07,-3.390589898523625731e+07
4.652068208317637982e+03,-3.545614085852474839e-01,-6.558737178292726178e-01,8.272031969089014828e+07,-3.357154115538904816e+07
4.657713922162683957e+03,-3.514377002074703937e-01,-6.571320108226811341e-01,8.290191172134079039e+07,-3.323596297545385361e+07
4.663359636007729932e+03,-3.483072153317519626e-01,-6.583775672902660858e-01,8.308219223010563850e+07,-3.289916898187736794e+07
4.669005349852774998e+03,-3.451700025299877517e-01,-6.596103437455536067e-01,8.326114966907933354e+07,-3.256116377587438747e+07
4.674651063697820973e+03,-3.420261107056254968e-01,-6.608302969322229492e-01,8.343877257276545465e+07,-3.222195202342760190e+07
4.680296777542866948e+03,-3.388755890936680504e-01,-6.620373838241044862e-01,8.361504955827631056e+07,-3.188153845528794825e+07
4.685942491387912014e+03,-3.357184872606719939e-01,-6.632315616251817092e-01,8.378996932533305883e+07,-3.153992786697444320e+07
4.691588205232957989e+03,-3.325548551047460832e-01,-6.644127877695906736e-01,8.396352065626576543e+07,-3.119712511877400801e+07
4.697233919078003964e+03,-3.293847428555540802e-01,-6.655810199216191103e-01,8.413569241601324081e+07,-3.085313513574180752e+07
4.702879632923049030e+03,-3.262082010743135307e-01,-6.667362159757073137e-01,8.430647355212314427e+07,-3.050796290770107508e+07
4.708525346768095005e+03,-3.230252806537940446e-01,-6.678783340564486970e-01,8.447585309475204349e+07,-3.016161348924297094e+07
4.714171060613140980e+03,-3.198360328183204593e-01,-6.690073325185880160e-01,8.464382015666523576e+07,-2.981409199972688034e+07
4.719816774458186956e+03,-3.166405091237707858e-01,-6.701231699470228120e-01,8.481036393323694170e+07,-2.946540362328021228e+07
4.725462488303232021e+03,-3.134387614575771530e-01,-6.712258051568027462e-01,8.497547370245012641e+07,-2.911555360879852250e+07
4.731108202148277996e+03,-3.102308420387238086e-01,-6.723151971931305981e-01,8.513913882489670813e+07,-2.876454726994524896e+07
4.736753915993323972e+03,-3.070168034177501726e-01,-6.733913053313604902e-01,8.530134874377731979e+07,-2.841238998515209183e+07
4.742399629838369037e+03,-3.037966984767493384e-01,-6.744540890769996633e-01,8.546209298490145802e+07,-2.805908719761882722e+07
4.748045343683415012e+03,-3.005705804293666294e-01,-6.755035081657072560e-01,8.562136115668754280e+07,-2.770464441531312093e+07
4.753691057528460988e+03,-2.973385028208023750e-01,-6.765395225632953036e-01,8.577914295016272366e+07,-2.734906721097090095e+07
4.759336771373506053e+03,-2.941005195278106332e-01,-6.775620924657274058e-01,8.593542813896298409e+07,-2.699236122209617496e+07
4.764982485218552029e+03,-2.908566847586977477e-01,-6.785711782991202812e-01,8.609020657933324575e+07,-2.663453215096083283e+07
4.770628199063598004e+03,-2.876070530533249014e-01,-6.795667407197425458e-01,8.624346821012714505e+07,-2.627558576460503414e+07
4.776273912908643069e+03,-2.843516792831072282e-01,-6.805487406140153794e-01,8.639520305280719697e+07,-2.591552789483699948e+07
4.781919626753689045e+03,-2.810906186510117588e-01,-6.815171390985125255e-01,8.654540121144479513e+07,-2.555436443823286146e+07
4.787565340598735020e+03,-2.778239266915609740e-01,-6.824718975199594029e-01,8.669405287272010744e+07,-2.519210135613699257e+07
4.793211054443780085e+03,-2.745516592708309167e-01,-6.834129774552343273e-01,8.684114830592213571e+07,-2.482874467466185614e+07
4.798856768288826061e+03,-2.712738725864495826e-01,-6.843403407113680670e-01,8.698667786294877529e+07,-2.446430048468780145e+07
4.804502482133872036e+03,-2.679906231676003059e-01,-6.852539493255436209e-01,8.713063197830669582e+07,-2.409877494186343998e+07
4.810148195978917101e+03,-2.647019678750201499e-01,-6.861537655650958856e-01,8.727300116911140084e+07,-2.373217426660544425e+07
4.815793909823963077e+03,-2.614079639009981304e-01,-6.870397519275128762e-01,8.741377603508728743e+07,-2.336450474409840256e+07
4.821439623669009052e+03,-2.581086687693784354e-01,-6.879118711404345055e-01,8.755294725856751204e+07,-2.299577272429514676e+07
4.827085337514054117e+03,-2.548041403355591483e-01,-6.887700861616531389e-01,8.769050560449410975e+07,-2.262598462191658095e+07
4.832731051359100093e+03,-2.514944367864901942e-01,-6.896143601791135946e-01,8.782644192041796446e+07,-2.225514691645152494e+07
4.838376765204146068e+03,-2.481796166406769200e-01,-6.904446566109129213e-01,8.796074713649873435e+07,-2.188326615215702355e+07
4.844022479049191134e+03,-2.448597387481782350e-01,-6.912609391053003982e-01,8.809341226550494134e+07,-2.151034893805823103e+07
4.849668192894237109e+03,-2.415348622906050569e-01,-6.920631715406782014e-01,8.822442840281400084e+07,-2.113640194794816524e+07
4.855313906739283084e+03,-2.382050467811236139e-01,-6.928513180256002935e-01,8.835378672641205788e+07,-2.076143192038813233e+07
4.860959620584328150e+03,-2.348703520644537801e-01,-6.936253428987732006e-01,8.848147849689413607e+07,-2.038544565870747343e+07
4.866605334429374125e+03,-2.315308383168676321e-01,-6.943852107290560127e-01,8.860749505746413767e+07,-2.000845003100347146e+07
4.872251048274420100e+03,-2.281865660461921963e-01,-6.951308863154599393e-01,8.873182783393472433e+07,-1.963045197014162689e+07
4.877896762119465166e+03,-2.248375960918084226e-01,-6.958623346871483095e-01,8.885446833472743630e+07,-1.925145847375553846e+07
4.883542475964511141e+03,-2.214839896246491580e-01,-6.965795211034375711e-01,8.897540815087264776e+07,-1.887147660424669459e+07
4.889188189809557116e+03,-2.181258081472026156e-01,-6.972824110537958475e-01,8.909463895600955188e+07,-1.849051348878483102e+07
4.894833903654602182e+03,-2.147631134935105157e-01,-6.979709702578437147e-01,8.921215250638616085e+07,-1.810857631930777431e+07
4.900479617499648157e+03,-2.113959678291669197e-01,-6.986451646653545344e-01,8.932794064085936546e+07,-1.772567235252123699e+07
4.906125331344694132e+03,-2.080244336513206727e-01,-6.993049604562536770e-01,8.944199528089487553e+07,-1.734180890989917517e+07
4.911771045189739198e+03,-2.046485737886748479e-01,-6.999503240406188542e-01,8.955430843056717515e+07,-1.695699337768366933e+07
4.917416759034785173e+03,-2.012684514014840276e-01,-7.005812220586801198e-01,8.966487217655967176e+07,-1.657123320688461512e+07
4.923062472879831148e+03,-1.978841299815586041e-01,-7.011976213808202019e-01,8.977367868816456199e+07,-1.618453591328025237e+07
4.928708186724876214e+03,-1.944956733522619774e-01,-7.017994891075738373e-01,8.988072021728286147e+07,-1.579690907741682604e+07
4.934353900569922189e+03,-1.911031456685101937e-01,-7.023867925696284376e-01,8.998598909842446446e+07,-1.540836034460851923e+07
4.939999614414968164e+03,-1.877066114167741662e-01,-7.029594993278234227e-01,9.008947774870806932e+07,-1.501889742493775487e+07
4.945645328260013230e+03,-1.843061354150787867e-01,-7.035175771731506655e-01,9.019117866786117852e+07,-1.462852809325502068e+07
4.951291042105059205e+03,-1.809017828130006500e-01,-7.040609941267548244e-01,9.029108443822020292e+07,-1.423726018917872757e+07
4.956936755950105180e+03,-1.774936190916718837e-01,-7.045897184399324553e-01,9.038918772473034263e+07,-1.384510161709551141e+07
4.962582469795150246e+03,-1.740817100637780113e-01,-7.051037185941322338e-01,9.048548127494560182e+07,-1.345206034616011381e+07
4.968228183640196221e+03,-1.706661218735569530e-01,-7.056029633009561763e-01,9.057995791902889311e+07,-1.305814441029515862e+07
4.973873897485242196e+03,-1.672469209968015513e-01,-7.060874215021577527e-01,9.067261056975191832e+07,-1.266336190819150954e+07
4.979519611330287262e+03,-1.638241742408586277e-01,-7.065570623696427743e-01,9.076343222249518335e+07,-1.226772100330813229e+07
4.985165325175333237e+03,-1.603979487446266228e-01,-7.070118553054703936e-01,9.085241595524808764e+07,-1.187122992387187853e+07
4.990811039020379212e+03,-1.569683119785597603e-01,-7.074517699418509942e-01,9.093955492860884964e+07,-1.147389696287784353e+07
4.996456752865424278e+03,-1.535353317446654653e-01,-7.078767761411478565e-01,9.102484238578449190e+07,-1.107573047808922082e+07
5.002102466710470253e+03,-1.500990761765034764e-01,-7.082868439958766027e-01,9.110827165259090066e+07,-1.067673889203707501e+07
5.007748180555516228e+03,-1.466596137391887600e-01,-7.086819438287051964e-01,9.118983613745276630e+07,-1.027693069202073291e+07
5.013393894400561294e+03,-1.432170132293897058e-01,-7.090620461924538320e-01,9.126952933140364289e+07,-9.876314430107645690e+06
5.019039608245607269e+03,-1.397713437753271282e-01,-7.094271218700952675e-01,9.134734480808591843e+07,-9.474898723133072257e+06
5.024685322090653244e+03,-1.363226748367769026e-01,-7.097771418747544914e-01,9.142327622375079989e+07,-9.072692252700589597e+06
5.030331035935699219e+03,-1.328710762050679672e-01,-7.101120774497088339e-01,9.149731731725832820e+07,-8.669703765181764960e+06
5.035976749780744285e+03,-1.294166180030834890e-01,-7.104319000683880780e-01,9.156946191007736325e+07,-8.265942071716323495e+06
5.041622463625790260e+03,-1.259593706852588091e-01,-7.107365814343743482e-01,9.163970390628564358e+07,-7.861416048211865127e+06
5.047268177470836235e+03,-1.224994050375843579e-01,-7.110260934814021105e-01,9.170803729256972671e+07,-7.456134635344251990e+06
5.052913891315881301e+03,-1.190367921776043225e-01,-7.113004083733579508e-01,9.177445613822494447e+07,-7.050106838557414711e+06
5.058559605160927276e+03,-1.155716035544149117e-01,-7.115594985042812404e-01,9.183895459515555203e+07,-6.643341728063210845e+06
5.064205319005973251e+03,-1.121039109486676733e-01,-7.118033364983636924e-01,9.190152689787459373e+07,-6.235848438841715455e+06
5.069851032851018317e+03,-1.086337864725675922e-01,-7.120318952099490284e-01,9.196216736350394785e+07,-5.827636170641079545e+06
5.075496746696064292e+03,-1.051613025698719950e-01,-7.122451477235333117e-01,9.202087039177432656e+07,-5.418714187977395952e+06
5.081142460541110268e+03,-1.016865320158932412e-01,-7.124430673537655023e-01,9.207763046502527595e+07,-5.009091820134952664e+06
5.086788174386155333e+03,-9.820954791749740564e-02,-7.126256276454464578e-01,9.213244214820517600e+07,-4.598778461166173220e+06
5.092433888231201308e+03,-9.473042371310269605e-02,-7.127928023735294882e-01,9.218530008887127042e+07,-4.187783569891296327e+06
5.098079602076247284e+03,-9.124923317268239520e-02,-7.129445655431204676e-01,9.223619901718957722e+07,-3.776116669898912311e+06
5.103725315921292349e+03,-8.776605039776368133e-02,-7.130808913894772783e-01,9.228513374593499303e+07,-3.363787349545635283e+06
5.109371029766338324e+03,-8.428094982142565750e-02,-7.132017543780103663e-01,9.233209917049124837e+07,-2.950805261955954134e+06
5.115016743611384300e+03,-8.079400620830265445e-02,-7.133071292042825196e-01,9.237709026885090768e+07,-2.537180125022672117e+06
5.120662457456429365e+03,-7.730529465458273186e-02,-7.133969907940090893e-01,9.242010210161530972e+07,-2.122921721406616271e+06
5.126308171301475340e+03,-7.381489058800599912e-02,-7.134713143030572136e-01,9.246112981199473143e+07,-1.708039898536533117e+06
5.131953885146521316e+03,-7.032286976786755739e-02,-7.135300751174470379e-01,9.250016862580817938e+07,-1.292544568609416485e+06
5.137599598991566381e+03,-6.682930828501665310e-02,-7.135732488533508278e-01,9.253721385148358345e+07,-8.764457085903584957e+05
5.143245312836612356e+03,-6.333428256185429095e-02,-7.136008113570931899e-01,9.257226088005763292e+07,-4.597533602123111486e+05
5.148891026681658332e+03,-5.983786935233662008e-02,-7.136127387051507398e-01,9.260530518517591059e+07,-4.247762997650355101e+04
5.154536740526703397e+03,-5.634014574197381692e-02,-7.136090072041532117e-01,9.263634232309278846e+07,3.753713108477592468e+05
5.160182454371749373e+03,-5.284118914782773985e-02,-7.135895933908820155e-01,9.266536793267150223e+07,7.937832262232825160e+05
5.165828168216795348e+03,-4.934107731851567619e-02,-7.135544740322713464e-01,9.269237773538410664e+07,1.212747815344616771e+06
5.171473882061840413e+03,-4.583988833420855197e-02,-7.135036261254076306e-01,9.271736753531147540e+07,1.632254712638206780e+06
5.177119595906886389e+03,-4.233770060662937762e-02,-7.134370268975293028e-01,9.274033321914336085e+07,2.052293487762682140e+06
5.182765309751932364e+03,-3.883459287905626639e-02,-7.133546538060279163e-01,9.276127075617831945e+07,2.472853645608328283e+06
5.188411023596977429e+03,-3.533064422632125473e-02,-7.132564845384468111e-01,9.278017619832372665e+07,2.893924626297384501e+06
5.194056737442023405e+03,-3.182593405480833859e-02,-7.131424970124816687e-01,9.279704568009582162e+07,3.315495805184207857e+06
5.199702451287069380e+03,-2.832054210245642592e-02,-7.130126693759808454e-01,9.281187541861967742e+07,3.737556492854908109e+06
5.205348165132114445e+03,-2.481454843875859420e-02,-7.128669800069449280e-01,9.282466171362917125e+07,4.160095935127466917e+06
5.210993878977160421e+03,-2.130803346475963408e-02,-7.127054075135266231e-01,9.283540094746704400e+07,4.583103313052043319e+06
5.216639592822206396e+03,-1.780107791305980680e-02,-7.125279307340316448e-01,9.284408958508484066e+07,5.006567742910489440e+06
5.222285306667251461e+03,-1.429376284781287698e-02,-7.123345287369172718e-01,9.285072417404298484e+07,5.430478276216581464e+06
5.227931020512297437e+03,-1.078616966472477866e-02,-7.121251808207935685e-01,9.285530134451068938e+07,5.854823899716228247e+06
5.233576734357343412e+03,-7.278380091056670977e-03,-7.118998665144228299e-01,9.285781780926603079e+07,6.279593535387068987e+06
5.239222448202388478e+03,-3.770476185622954543e-03,-7.116585655767201368e-01,9.285827036369587481e+07,6.704776040438666940e+06
5.244868162047434453e+03,-2.625403387909649717e-04,-7.114012579967523564e-01,9.285665588579599559e+07,7.130360207312665880e+06
5.250513875892480428e+03,3.245344727517449328e-03,-7.111279239937388086e-01,9.285297133617094159e+07,7.556334763682529330e+06
5.256159589737525494e+03,6.753095959826383061e-03,-7.108385440170517100e-01,9.284721375803412497e+07,7.982688372453540564e+06
5.261805303582571469e+03,1.026062997310827132e-02,-7.105330987462147307e-01,9.283938027720776200e+07,8.409409631763182580e+06
5.267451017427617444e+03,1.376786305078001559e-02,-7.102115690909046597e-01,9.282946810212291777e+07,8.836487074980594218e+06
5.273096731272662510e+03,1.727471114470471511e-02,-7.098739361909505163e-01,9.281747452381952107e+07,9.263909170706927776e+06
5.278742445117708485e+03,2.078108987519376380e-02,-7.095201814163334397e-01,9.280339691594627500e+07,9.691664322775371373e+06
5.284388158962754460e+03,2.428691453100301212e-02,-7.091502863671870216e-01,9.278723273476077616e+07,1.011974087025089562e+07
5.290033872807799526e+03,2.779210006933492683e-02,-7.087642328737971953e-01,9.276897951912942529e+07,1.054812708743036538e+07
5.295679586652845501e+03,3.129656111583969946e-02,-7.083620029966023468e-01,9.274863489052742720e+07,1.097681118384279311e+07
5.301325300497891476e+03,3.480021196461229038e-02,-7.079435790261933148e-01,9.272619655303889513e+07,1.140578130424887687e+07
5.306971014342936542e+03,3.830296657819406286e-02,-7.075089434833130575e-01,9.270166229335671663e+07,1.183502552864129096e+07
5.312616728187982517e+03,4.180473858757432354e-02,-7.070580791188569858e-01,9.267502998078262806e+07,1.226453187224480510e+07
5.318262442033028492e+03,4.530544129218733868e-02,-7.065909689138728522e-01,9.264629756722719967e+07,1.269428828551590443e+07
5.323908155878073558e+03,4.880498765991328480e-02,-7.061075960795608619e-01,9.261546308720986545e+07,1.312428265414300561e+07
5.329553869723119533e+03,5.230329032708035120e-02,-7.056079440572734507e-01,9.258252465785881877e+07,1.355450279904667288e+07
5.335199583568165508e+03,5.580026159846193656e-02,-7.050919965185156180e-01,9.254748047891116142e+07,1.398493647637917101e+07
5.340845297413211483e+03,5.929581344727791886e-02,-7.045597373649443718e-01,9.251032883271281421e+07,1.441557137752475590e+07
5.346491011258256549e+03,6.278985751519386427e-02,-7.040111507283697279e-01,9.247106808421851695e+07,1.484639512909954041e+07
5.352136725103302524e+03,6.628230511232370559e-02,-7.034462209707531555e-01,9.242969668099181354e+07,1.527739529295177013e+07
5.357782438948348499e+03,6.977306721722582872e-02,-7.028649326842091316e-01,9.238621315320514143e+07,1.570855936616140604e+07
5.363428152793393565e+03,7.326205447690499473e-02,-7.022672706910045859e-01,9.234061611363974214e+07,1.613987478104035556e+07
5.369073866638439540e+03,7.674917720681394273e-02,-7.016532200435581235e-01,9.229290425768569112e+07,1.657132890513262898e+07
5.374719580483485515e+03,8.023434539085026740e-02,-7.010227660244414682e-01,9.224307636334189773e+07,1.700290904121396691e+07
5.380365294328530581e+03,8.371746868135783448e-02,-7.003758941463782417e-01,9.219113129121612012e+07,1.743460242729200423e+07
5.386011008173576556e+03,8.719845639912829349e-02,-6.997125901522445179e-01,9.213706798452490568e+07,1.786639623660656810e+07
5.391656722018622531e+03,9.067721753339813562e-02,-6.990328400150688237e-01,9.208088546909369528e+07,1.829827757762915641e+07
5.397302435863667597e+03,9.415366074185045620e-02,-6.983366299380321385e-01,9.202258285335674882e+07,1.873023349406320602e+07
5.402948149708713572e+03,9.762769435061577350e-02,-6.976239463544675612e-01,9.196215932835711539e+07,1.916225096484426409e+07
5.408593863553759547e+03,1.010992263542700026e-01,-6.968947759278604215e-01,9.189961416774672270e+07,1.959431690413966775e+07
5.414239577398804613e+03,1.045681644158346496e-01,-6.961491055518489457e-01,9.183494672778633237e+07,2.002641816134855896e+07
5.419885291243850588e+03,1.080344158667800453e-01,-6.953869223502233687e-01,9.176815644734549522e+07,2.045854152110228688e+07
5.425531005088896563e+03,1.114978877070204044e-01,-6.946082136769261561e-01,9.169924284790265560e+07,2.089067370326396078e+07
5.431176718933941629e+03,1.149584866049168375e-01,-6.938129671160526701e-01,9.162820553354507685e+07,2.132280136292850971e+07
5.436822432778987604e+03,1.184161188972781692e-01,-6.930011704818498375e-01,9.155504419096881151e+07,2.175491109042304754e+07
5.442468146624033579e+03,1.218706905893579273e-01,-6.921728118187175927e-01,9.147975858947877586e+07,2.218698941130642593e+07
5.448113860469078645e+03,1.253221073548562159e-01,-6.913278794012082118e-01,9.140234858098876476e+07,2.261902278636938334e+07
5.453759574314124620e+03,1.287702745359211309e-01,-6.904663617340258686e-01,9.132281410002131760e+07,2.305099761163481325e+07
5.459405288159170595e+03,1.322151414262401348e-01,-6.895882794406824612e-01,9.124115784171390533e+07,2.348294285464148223e+07
5.465051002004215661e+03,1.356567640534101504e-01,-6.886937359413103366e-01,9.115738469074456394e+07,2.391498256558424234e+07
5.470696715849261636e+03,1.390950675728484798e-01,-6.877827470507620333e-01,9.107148681146469712e+07,2.434710588261275366e+07
5.476342429694307611e+03,1.425299656899681744e-01,-6.868553209717871422e-01,9.098345567879366875e+07,2.477929058615672961e+07
5.481988143539352677e+03,1.459613722317301132e-01,-6.859114663979899440e-01,9.089328296190163493e+07,2.521151457034252957e+07
5.487633857384398652e+03,1.493892011466449454e-01,-6.849511925138286328e-01,9.080096052420951426e+07,2.564375584299337119e+07
5.493279571229444628e+03,1.528133665047694267e-01,-6.839745089946162038e-01,9.070648042338909209e+07,2.607599252562891319e+07
5.498925285074489693e+03,1.562337824977083900e-01,-6.829814260065206755e-01,9.060983491136291623e+07,2.650820285346547142e+07
5.504570998919535668e+03,1.596503634386161607e-01,-6.819719542065634243e-01,9.051101643430434167e+07,2.694036517541621625e+07
5.510216712764581644e+03,1.630630237621934209e-01,-6.809461047426215163e-01,9.041001763263751566e+07,2.737245795409075543e+07
5.515862426609626709e+03,1.664716780246887351e-01,-6.799038892534262635e-01,9.030683134103742242e+07,2.780445976579535753e+07
5.521508140454672684e+03,1.698762409039002719e-01,-6.788453198685625578e-01,9.020145058842980862e+07,2.823634930053313822e+07
5.527153854299718660e+03,1.732766271991725004e-01,-6.777704092084709808e-01,9.009386859799124300e+07,2.866810536200366542e+07
5.532799568144763725e+03,1.766727518313978007e-01,-6.766791703844464712e-01,8.998407878714911640e+07,2.909970686760315299e+07
5.538445281989809700e+03,1.800645298430181562e-01,-6.755716169986375474e-01,8.987207476758156717e+07,2.953113284842466936e+07
5.544090995834855676e+03,1.834518763980218792e-01,-6.744477631440484178e-01,8.975785034521758556e+07,2.996236244925773144e+07
5.549736709679900741e+03,1.868347067819451368e-01,-6.733076234045370922e-01,8.964139952023695409e+07,3.039337492858850583e+07
5.555382423524946716e+03,1.902129364018737001e-01,-6.721512128548161602e-01,8.952271648707023263e+07,3.082414965860001743e+07
5.561028137369992692e+03,1.935864807864396686e-01,-6.709785470604529012e-01,8.940179563439881802e+07,3.125466612517172843e+07
5.566673851215037757e+03,1.969552555858231357e-01,-6.697896420778693960e-01,8.927863154515488446e+07,3.168490392787975073e+07
5.572319565060083733e+03,2.003191765717536044e-01,-6.685845144543414165e-01,8.915321899652141333e+07,3.211484277999707311e+07
5.577965278905129708e+03,2.036781596375069614e-01,-6.673631812279999798e-01,8.902555295993217826e+07,3.254446250849310309e+07
5.583610992750174773e+03,2.070321207979071709e-01,-6.661256599278305712e-01,8.889562860107181966e+07,3.297374305403390527e+07
5.589256706595220749e+03,2.103809761893274954e-01,-6.648719685736727003e-01,8.876344127987566590e+07,3.340266447098241001e+07
5.594902420440266724e+03,2.137246420696876648e-01,-6.636021256762206777e-01,8.862898655052994192e+07,3.383120692739798874e+07
5.600548134285311789e+03,2.170630348184554026e-01,-6.623161502370236153e-01,8.849226016147166491e+07,3.425935070503664762e+07
5.606193848130357765e+03,2.203960709366478421e-01,-6.610140617484846493e-01,8.835325805538856983e+07,3.468707619935128093e+07
5.611839561975403740e+03,2.237236670468285282e-01,-6.596958801938617167e-01,8.821197636921931803e+07,3.511436391949118674e+07
5.617485275820448805e+03,2.270457398931089166e-01,-6.583616260472674453e-01,8.806841143415328860e+07,3.554119448830236495e+07
5.623130989665494781e+03,2.303622063411500387e-01,-6.570113202736682645e-01,8.792255977563066781e+07,3.596754864232761413e+07
5.628776703510540756e+03,2.336729833781592269e-01,-6.556449843288858492e-01,8.777441811334249377e+07,3.639340723180621862e+07
5.634422417355586731e+03,2.369779881128923071e-01,-6.542626401595961205e-01,8.762398336123055220e+07,3.681875122067417204e+07
5.640068131200631797e+03,2.402771377756524329e-01,-6.528643102033299117e-01,8.747125262748748064e+07,3.724356168656402826e+07
5.645713845045677772e+03,2.435703497182923616e-01,-6.514500173884715251e-01,8.731622321455666423e+07,3.766781982080523670e+07
5.651359558890723747e+03,2.468575414142112900e-01,-6.500197851342608413e-01,8.715889261913232505e+07,3.809150692842366546e+07
5.657005272735768813e+03,2.501386304583561038e-01,-6.485736373507919872e-01,8.699925853215952218e+07,3.851460442814183235e+07
5.662650986580814788e+03,2.534135345672234862e-01,-6.471115984390130027e-01,8.683731883883400261e+07,3.893709385237911344e+07
5.668296700425860763e+03,2.566821715788562552e-01,-6.456336932907273951e-01,8.667307161860242486e+07,3.935895684725134820e+07
5.673942414270905829e+03,2.599444594528452224e-01,-6.441399472885925848e-01,8.650651514516225457e+07,3.978017517257098854e+07
5.679588128115951804e+03,2.632003162703308030e-01,-6.426303863061205712e-01,8.633764788646164536e+07,4.020073070184738189e+07
5.685233841960997779e+03,2.664496602339997411e-01,-6.411050367076778222e-01,8.616646850469966233e+07,4.062060542228629440e+07
5.690879555806042845e+03,2.696924096680866634e-01,-6.395639253484857178e-01,8.599297585632616282e+07,4.103978143479015678e+07
5.696525269651088820e+03,2.729284830183756339e-01,-6.380070795746196621e-01,8.581716899204173684e+07,4.145824095395824313e+07
5.702170983496134795e+03,2.761577988521973781e-01,-6.364345272230098605e-01,8.563904715679782629e+07,4.187596630808629841e+07
5.707816697341179861e+03,2.793802758584302270e-01,-6.348462966214410974e-01,8.545860978979671001e+07,4.229293993916667998e+07
5.713462411186225836e+03,2.825958328475021708e-01,-6.332424165885522926e-01,8.527585652449136972e+07,4.270914440288862586e+07
5.719108125031271811e+03,2.858043887513875836e-01,-6.316229164338372781e-01,8.509078718858566880e+07,4.312456236863781512e+07
5.724753838876316877e+03,2.890058626236087225e-01,-6.299878259576444650e-01,8.490340180403429270e+07,4.353917661949658394e+07
5.730399552721362852e+03,2.922001736392372817e-01,-6.283371754511759555e-01,8.471370058704262972e+07,4.395297005224409699e+07
5.736045266566408827e+03,2.953872410948916727e-01,-6.266709956964894301e-01,8.452168394806696475e+07,4.436592567735599726e+07
5.741690980411453893e+03,2.985669844087377456e-01,-6.249893179664969267e-01,8.432735249181436002e+07,4.477802661900456250e+07
5.747336694256499868e+03,3.017393231204911208e-01,-6.232921740249638409e-01,8.413070701724262536e+07,4.518925611505891383e+07
5.752982408101545843e+03,3.049041768914138029e-01,-6.215795961265115910e-01,8.393174851756042242e+07,4.559959751708465815e+07
5.758628121946590909e+03,3.080614655043157346e-01,-6.198516170166155081e-01,8.373047818022727966e+07,4.600903429034399986e+07
5.764273835791636884e+03,3.112111088635562961e-01,-6.181082699316051698e-01,8.352689738695336878e+07,4.641755001379603148e+07
5.769919549636682859e+03,3.143530269950411959e-01,-6.163495885986647327e-01,8.332100771369978786e+07,4.682512838009628654e+07
5.775565263481727925e+03,3.174871400462242477e-01,-6.145756072358335986e-01,8.311281093067844212e+07,4.723175319559696317e+07
5.781210977326773900e+03,3.206133682861085354e-01,-6.127863605520045276e-01,8.290230900235192478e+07,4.763740838034705818e+07
5.786856691171819875e+03,3.237316321052436940e-01,-6.109818837469257469e-01,8.268950408743374050e+07,4.804207796809209883e+07
5.792502405016864941e+03,3.268418520157273521e-01,-6.091622125111997299e-01,8.247439853888818622e+07,4.844574610627418756e+07
5.798148118861910916e+03,3.299439486512063535e-01,-6.073273830262829742e-01,8.225699490393029153e+07,4.884839705603232235e+07
5.803793832706956891e+03,3.330378427668743702e-01,-6.054774319644871117e-01,8.203729592402595282e+07,4.925001519220193475e+07
5.809439546552001957e+03,3.361234552394724018e-01,-6.036123964889784643e-01,8.181530453489187360e+07,4.965058500331512094e+07
5.815085260397047932e+03,3.392007070672914959e-01,-6.017323142537768232e-01,8.159102386649549007e+07,5.005009109160079062e+07
5.820730974242093907e+03,3.422695193701688066e-01,-5.998372234037574469e-01,8.136445724305509031e+07,5.044851817298434675e+07
5.826376688087138973e+03,3.453298133894893707e-01,-5.979271625746502838e-01,8.113560818303981423e+07,5.084585107708783448e+07
5.832022401932184948e+03,3.483815104881880509e-01,-5.960021708930385298e-01,8.090448039916947484e+07,5.124207474723013490e+07
5.837668115777230923e+03,3.514245321507457054e-01,-5.940622879763609587e-01,8.067107779841479659e+07,5.163717424042657763e+07
5.843313829622275989e+03,3.544587999831913527e-01,-5.921075539329111459e-01,8.043540448199729621e+07,5.203113472738915682e+07
5.848959543467321964e+03,3.574842357131032822e-01,-5.901380093618359135e-01,8.019746474538922310e+07,5.242394149252670258e+07
5.854605257312367939e+03,3.605007611896066111e-01,-5.881536953531376621e-01,7.995726307831367850e+07,5.281557993394450843e+07
5.860250971157413005e+03,3.635082983833740067e-01,-5.861546534876732606e-01,7.971480416474461555e+07,5.320603556344452500e+07
5.865896685002458980e+03,3.665067693866275178e-01,-5.841409258371532687e-01,7.947009288290666044e+07,5.359529400652553141e+07
5.871542398847504955e+03,3.694960964131360770e-01,-5.821125549641434915e-01,7.922313430527535081e+07,5.398334100238277018e+07
5.877188112692550021e+03,3.724762017982160556e-01,-5.800695839220644245e-01,7.897393369857703149e+07,5.437016240390811861e+07
5.882833826537595996e+03,3.754470079987335951e-01,-5.780120562551900321e-01,7.872249652378873527e+07,5.475574417769032717e+07
5.888479540382641972e+03,3.784084375931012212e-01,-5.759400159986498569e-01,7.846882843613840640e+07,5.514007240401457995e+07
5.894125254227687037e+03,3.813604132812792868e-01,-5.738535076784281319e-01,7.821293528510479629e+07,5.552313327686274052e+07
5.899770968072733012e+03,3.843028578847775822e-01,-5.717525763113620041e-01,7.795482311441732943e+07,5.590491310391347855e+07
5.905416681917778988e+03,3.872356943466525037e-01,-5.696372674051446428e-01,7.769449816205638647e+07,5.628539830654193461e+07
5.911062395762824053e+03,3.901588457315081082e-01,-5.675076269583235744e-01,7.743196686025311053e+07,5.666457541981992126e+07
5.916708109607870028e+03,3.930722352254981677e-01,-5.653637014603001276e-01,7.716723583548934758e+07,5.704243109251605719e+07
5.922353823452916004e+03,3.959757861363227827e-01,-5.632055378913307653e-01,7.690031190849785507e+07,5.741895208709544688e+07
5.927999537297961069e+03,3.988694218932300473e-01,-5.610331837225264184e-01,7.663120209426221251e+07,5.779412527971983701e+07
5.933645251143007044e+03,4.017530660470171600e-01,-5.588466869158519312e-01,7.635991360201665759e+07,5.816793766024782509e+07
5.939290964988053020e+03,4.046266422700282028e-01,-5.566460959241273931e-01,7.608645383524635434e+07,5.854037633223442733e+07
5.944936678833098995e+03,4.074900743561555849e-01,-5.544314596910270287e-01,7.581083039168722928e+07,5.891142851293145120e+07
5.950582392678144060e+03,4.103432862208390430e-01,-5.522028276510801970e-01,7.553305106332609057e+07,5.928108153328720480e+07
5.956228106523190036e+03,4.131862019010676401e-01,-5.499602497296693926e-01,7.525312383640035987e+07,5.964932283794689178e+07
5.961873820368236011e+03,4.160187455553772673e-01,-5.477037763430329109e-01,7.497105689139842987e+07,6.001613998525216430e+07
5.967519534213281077e+03,4.188408414638513100e-01,-5.454334583982636264e-01,7.468685860305948555e+07,6.038152064724132419e+07
5.973165248058327052e+03,4.216524140281228683e-01,-5.431493472933074385e-01,7.440053754037338495e+07,6.074545260964950919e+07
5.978810961903373027e+03,4.244533877713713710e-01,-5.408514949169663799e-01,7.411210246658089757e+07,6.110792377190830559e+07
5.984456675748418093e+03,4.272436873383244071e-01,-5.385399536488967298e-01,7.382156233917365968e+07,6.146892214714598656e+07
5.990102389593464068e+03,4.300232374952585035e-01,-5.362147763596082362e-01,7.352892630989389122e+07,6.182843586218763143e+07
5.995748103438510043e+03,4.327919631299971259e-01,-5.338760164104660033e-01,7.323420372473481297e+07,6.218645315755477548e+07
6.001393817283555109e+03,4.355497892519115122e-01,-5.315237276536899369e-01,7.293740412394040823e+07,6.254296238746564835e+07
6.007039531128601084e+03,4.382966409919220041e-01,-5.291579644323536336e-01,7.263853724200534821e+07,6.289795201983527839e+07
6.012685244973647059e+03,4.410324436024961603e-01,-5.267787815803856022e-01,7.233761300767523050e+07,6.325141063627517223e+07
6.018330958818692125e+03,4.437571224576487561e-01,-5.243862344225694860e-01,7.203464154394648969e+07,6.360332693209349364e+07
6.023976672663738100e+03,4.464706030529441150e-01,-5.219803787745419532e-01,7.172963316806617379e+07,6.395368971629519016e+07
6.029622386508784075e+03,4.491728110054933332e-01,-5.195612709427955833e-01,7.142259839153230190e+07,6.430248791158176959e+07
6.035268100353829141e+03,4.518636720539552232e-01,-5.171289677246772021e-01,7.111354792009368539e+07,6.464971055435133725e+07
6.040913814198875116e+03,4.545431120585378681e-01,-5.146835264083872152e-01,7.080249265374979377e+07,6.499534679469878227e+07
6.046559528043921091e+03,4.572110570009962349e-01,-5.122250047729816069e-01,7.048944368675106764e+07,6.533938589641555399e+07
6.052205241888966157e+03,4.598674329846327846e-01,-5.097534610883708295e-01,7.017441230759871006e+07,6.568181723698971421e+07
6.057850955734012132e+03,4.625121662342995821e-01,-5.072689541153190262e-01,6.985740999904459715e+07,6.602263030760611594e+07
6.063496669579058107e+03,4.651451830963952983e-01,-5.047715431054452528e-01,6.953844843809159100e+07,6.636181471314614266e+07
6.069142383424103173e+03,4.677664100388663759e-01,-5.022612878012241433e-01,6.921753949599328637e+07,6.669936017218782008e+07
6.074788097269149148e+03,4.703757736512084175e-01,-4.997382484359826904e-01,6.889469523825398088e+07,6.703525651700595766e+07
6.080433811114195123e+03,4.729732006444640202e-01,-4.972024857339041870e-01,6.856992792462891340e+07,6.736949369357188046e+07
6.086079524959240189e+03,4.755586178512234419e-01,-4.946540609100263386e-01,6.824325000912413001e+07,6.770206176155355573e+07
6.091725238804286164e+03,4.781319522256263777e-01,-4.920930356702397646e-01,6.791467413999630511e+07,6.803295089431574941e+07
6.097370952649332139e+03,4.806931308433587957e-01,-4.895194722112914953e-01,6.758421315975306928e+07,6.836215137891975045e+07
6.103016666494377205e+03,4.832420809016548802e-01,-4.869334332207824745e-01,6.725188010515290499e+07,6.868965361612346768e+07
6.108662380339423180e+03,4.857787297192980303e-01,-4.843349818771672255e-01,6.691768820720488578e+07,6.901544812038162351e+07
6.114308094184469155e+03,4.883030047366185289e-01,-4.817241818497560724e-01,6.658165089116907120e+07,6.933952551984542608e+07
6.119953808029514221e+03,4.908148335154940423e-01,-4.791010972987137517e-01,6.624378177655629069e+07,6.966187655636280775e+07
6.125599521874560196e+03,4.933141437393516737e-01,-4.764657928750581917e-01,6.590409467712806910e+07,6.998249208547836542e+07
6.131245235719606171e+03,4.958008632131655213e-01,-4.738183337206630652e-01,6.556260360089685768e+07,7.030136307643333077e+07
6.136890949564651237e+03,4.982749198634571774e-01,-4.711587854682569576e-01,6.521932275012591481e+07,7.061848061216548085e+07
6.142536663409697212e+03,5.007362417382977826e-01,-4.684872142414210350e-01,6.487426652132914960e+07,7.093383588930949569e+07
6.148182377254743187e+03,5.031847570073046949e-01,-4.658036866545930410e-01,6.452744950527142733e+07,7.124742021819645166e+07
6.153828091099788253e+03,5.056203939616437104e-01,-4.631082698130644104e-01,6.417888648696842045e+07,7.155922502285414934e+07
6.159473804944834228e+03,5.080430810140296183e-01,-4.604010313129804355e-01,6.382859244568642229e+07,7.186924184100715816e+07
6.165119518789880203e+03,5.104527466987238693e-01,-4.576820392413422645e-01,6.347658255494271219e+07,7.217746232407654822e+07
6.170765232634925269e+03,5.128493196715357971e-01,-4.549513621760047921e-01,6.312287218250538409e+07,7.248387823718005419e+07
6.176410946479971244e+03,5.152327287098240616e-01,-4.522090691856769373e-01,6.276747689039313793e+07,7.278848145913220942e+07
6.182056660325017219e+03,5.176029027124937620e-01,-4.494552298299230864e-01,6.241041243487566710e+07,7.309126398244401813e+07
6.187702374170062285e+03,5.199597706999983249e-01,-4.466899141591621492e-01,6.205169476647342741e+07,7.339221791332319379e+07
6.193348088015108260e+03,5.223032618143401695e-01,-4.439131927146663936e-01,6.169134002995757759e+07,7.369133547167417407e+07
6.198993801860154235e+03,5.246333053190682660e-01,-4.411251365285636661e-01,6.132936456435016543e+07,7.398860899109795690e+07
6.204639515705199301e+03,5.269498305992793563e-01,-4.383258171238365586e-01,6.096578490292411298e+07,7.428403091889217496e+07
6.210285229550245276e+03,5.292527671616202856e-01,-4.355153065143207991e-01,6.060061777320293337e+07,7.457759381605127454e+07
6.215930943395291251e+03,5.315420446342833394e-01,-4.326936772047078050e-01,6.023388009696112573e+07,7.486929035726615787e+07
6.221576657240336317e+03,5.338175927670096854e-01,-4.298610021905437950e-01,5.986558899022398144e+07,7.515911333092439175e+07
6.227222371085382292e+03,5.360793414310892624e-01,-4.270173549582278461e-01,5.949576176326744258e+07,7.544705563911038637e+07
6.232868084930428267e+03,5.383272206193587817e-01,-4.241628094850152242e-01,5.912441592061839998e+07,7.573311029760500789e+07
6.238513798775474243e+03,5.405611604462032815e-01,-4.212974402390149420e-01,5.875156916105450690e+07,7.601727043588584661e+07
6.244159512620519308e+03,5.427810911475554612e-01,-4.184213221791912019e-01,5.837723937760429084e+07,7.629952929712709785e+07
6.249805226465565283e+03,5.449869430808970128e-01,-4.155345307553612866e-01,5.800144465754685551e+07,7.657988023819971085e+07
6.255450940310611259e+03,5.471786467252564012e-01,-4.126371419081983904e-01,5.762420328241232783e+07,7.685831672967119515e+07
6.261096654155656324e+03,5.493561326812097523e-01,-4.097292320692301759e-01,5.724553372798164189e+07,7.713483235580566525e+07
6.266742368000702299e+03,5.515193316708828508e-01,-4.068108781608373858e-01,5.686545466428632289e+07,7.740942081456406415e+07
6.272388081845748275e+03,5.536681745379480324e-01,-4.038821575962569521e-01,5.648398495560889691e+07,7.768207591760382056e+07
6.278033795690793340e+03,5.558025922476256264e-01,-4.009431482795798307e-01,5.610114366048268229e+07,7.795279159027901292e+07
6.283679509535839316e+03,5.579225158866846224e-01,-3.979939286057506131e-01,5.571695003169161826e+07,7.822156187164053321e+07
6.289325223380885291e+03,5.600278766634415595e-01,-3.950345774605694693e-01,5.533142351627065241e+07,7.848838091443577409e+07
6.294970937225930356e+03,5.621186059077600827e-01,-3.920651742206912593e-01,5.494458375550551713e+07,7.875324298510876298e+07
6.300616651070976332e+03,5.641946350710532743e-01,-3.890857987536237572e-01,5.455645058493253589e+07,7.901614246380034089e+07
6.306262364916022307e+03,5.662558957262815440e-01,-3.860965314177309815e-01,5.416704403433907032e+07,7.927707384434780478e+07
6.311908078761067372e+03,5.683023195679522965e-01,-3.830974530622310303e-01,5.377638432776326686e+07,7.953603173428522050e+07
6.317553792606113348e+03,5.703338384121227067e-01,-3.800886450271955264e-01,5.338449188349386305e+07,7.979301085484328866e+07
6.323199506451159323e+03,5.723503841963965000e-01,-3.770701891435518927e-01,5.299138731407059729e+07,8.004800604094935954e+07
6.328845220296204388e+03,5.743518889799250626e-01,-3.740421677330818540e-01,5.259709142628405243e+07,8.030101224122734368e+07
6.334490934141250364e+03,5.763382849434094402e-01,-3.710046636084205485e-01,5.220162522117534280e+07,8.055202451799798012e+07
6.340136647986296339e+03,5.783095043890970066e-01,-3.679577600730588038e-01,5.180500989403665811e+07,8.080103804727850854e+07
6.345782361831341404e+03,5.802654797407835741e-01,-3.649015409213420824e-01,5.140726683441092819e+07,8.104804811878281832e+07
6.351428075676387380e+03,5.822061435438133925e-01,-3.618360904384689269e-01,5.100841762609174848e+07,8.129305013592159748e+07
6.357073789521433355e+03,5.841314284650778177e-01,-3.587614934004939027e-01,5.060848404712364078e+07,8.153603961580201983e+07
6.362719503366478421e+03,5.860412672930163103e-01,-3.556778350743258765e-01,5.020748806980199367e+07,8.177701218922796845e+07
6.368365217211524396e+03,5.879355929376167689e-01,-3.525852012177269068e-01,4.980545186067276448e+07,8.201596360070005059e+07
6.374010931056570371e+03,5.898143384304150860e-01,-3.494836780793151298e-01,4.940239778053292632e+07,8.225288970841538906e+07
6.379656644901615437e+03,5.916774369244937049e-01,-3.463733523985630947e-01,4.899834838443025202e+07,8.248778648426783085e+07
6.385302358746661412e+03,5.935248216944852828e-01,-3.432543114057963751e-01,4.859332642166312039e+07,8.272065001384790242e+07
6.390948072591707387e+03,5.953564261365686949e-01,-3.401266428221964566e-01,4.818735483578090370e+07,8.295147649644272029e+07
6.396593786436752453e+03,5.971721837684706991e-01,-3.369904348597996258e-01,4.778045676458375901e+07,8.318026224503608048e+07
6.402239500281798428e+03,5.989720282294672682e-01,-3.338457762214949165e-01,4.737265554012249410e+07,8.340700368630845845e+07
6.407885214126844403e+03,6.007558932803811480e-01,-3.306927561010274963e-01,4.696397468869888783e+07,8.363169736063688993e+07
6.413530927971889469e+03,6.025237128035834111e-01,-3.275314641829970563e-01,4.655443793086551130e+07,8.385433992209511995e+07
6.419176641816935444e+03,6.042754208029935681e-01,-3.243619906428562016e-01,4.614406918142556399e+07,8.407492813845361769e+07
6.424822355661981419e+03,6.060109514040782352e-01,-3.211844261469136708e-01,4.573289254943322390e+07,8.429345889117938280e+07
6.430468069507026485e+03,6.077302388538521338e-01,-3.179988618523327260e-01,4.532093233819349110e+07,8.450992917543603480e+07
6.436113783352072460e+03,6.094332175208784230e-01,-3.148053894071294878e-01,4.490821304526194930e+07,8.472433610008403659e+07
6.441759497197118435e+03,6.111200915575711878e-01,-3.116039525128128651e-01,4.449462656022375822e+07,8.493667823366470635e+07
6.447405211042163501e+03,6.127911208491166883e-01,-3.083944754504204799e-01,4.408003994492240995e+07,8.514694803413462639e+07
6.453050924887209476e+03,6.144462746269644393e-01,-3.051770486220329870e-01,4.366446493398279697e+07,8.535513312977090478e+07
6.458696638732255451e+03,6.160855222933558917e-01,-3.019517625301115227e-01,4.324791341596310586e+07,8.556122133826300502e+07
6.464342352577300517e+03,6.177088336739704477e-01,-2.987187076359199556e-01,4.283039730838382989e+07,8.576520066948613524e+07
6.469988066422346492e+03,6.193161790179253501e-01,-2.954779743595229435e-01,4.241192855772759020e+07,8.596705932550133765e+07
6.475633780267392467e+03,6.209075289977752377e-01,-2.922296530797892644e-01,4.199251913943950087e+07,8.616678570055535436e+07
6.481279494112437533e+03,6.224828547095117015e-01,-2.889738341343902617e-01,4.157218105792701989e+07,8.636436838108065724e+07
6.486925207957483508e+03,6.240421276725652833e-01,-2.857106078197982901e-01,4.115092634655968845e+07,8.655979614569556713e+07
6.492570921802529483e+03,6.255853198298030327e-01,-2.824400643912896580e-01,4.072876706766958535e+07,8.675305796520408988e+07
6.498216635647574549e+03,6.271124035475295067e-01,-2.791622940629434058e-01,4.030571531255108118e+07,8.694414300259597600e+07
6.503862349492620524e+03,6.286233516154877687e-01,-2.758773870076394186e-01,3.988178320146068931e+07,8.713304061304683983e+07
6.509508063337666499e+03,6.301181372468577235e-01,-2.725854333570615906e-01,3.945698288361740112e+07,8.731974034391793609e+07
6.515153777182711565e+03,6.315967340782566719e-01,-2.692865232016964927e-01,3.903132653720256686e+07,8.750423193475630879e+07
6.520799491027757540e+03,6.330591161697403102e-01,-2.659807465908316515e-01,3.860482636935959756e+07,8.768650531729480624e+07
6.526445204872803515e+03,6.345052580048012869e-01,-2.626681935325585471e-01,3.817749461619447172e+07,8.786655061545199156e+07
6.532090918717848581e+03,6.359351344903697578e-01,-2.593489539937713917e-01,3.774934354277544469e+07,8.804435814533215761e+07
6.537736632562894556e+03,6.373487209568142742e-01,-2.560231179001651869e-01,3.732038544313289970e+07,8.821991841522544622e+07
6.543382346407940531e+03,6.387459931579400063e-01,-2.526907751362392207e-01,3.689063264025972784e+07,8.839322212560768425e+07
6.549028060252986506e+03,6.401269272709901870e-01,-2.493520155452945419e-01,3.646009748611108214e+07,8.856426016914047301e+07
6.554673774098031572e+03,6.414914998966452231e-01,-2.460069289294354589e-01,3.602879236160448939e+07,8.873302363067112863e+07
6.560319487943077547e+03,6.428396880590240281e-01,-2.426556050495671524e-01,3.559672967661957443e+07,8.889950378723283112e+07
6.565965201788123522e+03,6.441714692056820235e-01,-2.392981336253988678e-01,3.516392186999849230e+07,8.906369210804444551e+07
6.571610915633168588e+03,6.454868212076125822e-01,-2.359346043354424993e-01,3.473038140954571962e+07,8.922558025451055169e+07
6.577256629478214563e+03,6.467857223592472504e-01,-2.325651068170108415e-01,3.429612079202782363e+07,8.938516008022160828e+07
6.582902343323260538e+03,6.480681513784543046e-01,-2.291897306662206979e-01,3.386115254317390174e+07,8.954242363095372915e+07
6.588548057168305604e+03,6.493340874065398616e-01,-2.258085654379916041e-01,3.342548921767538041e+07,8.969736314466880262e+07
6.594193771013351579e+03,6.505835100082478784e-01,-2.224217006460438295e-01,3.298914339918575436e+07,8.984997105151453614e+07
6.599839484858397554e+03,6.518163991717598194e-01,-2.190292257629018746e-01,3.255212770032107830e+07,9.000023997382432222e+07
6.605485198703442620e+03,6.530327353086943232e-01,-2.156312302198928055e-01,3.211445476265969872e+07,9.014816272611732781e+07
6.611130912548488595e+03,6.542324992541082018e-01,-2.122278034071445330e-01,3.167613725674208254e+07,9.029373231509852409e+07
6.616776626393534571e+03,6.554156722664954415e-01,-2.088190346735891156e-01,3.123718788207120076e+07,9.043694193965858221e+07
6.622422340238579636e+03,6.565822360277875358e-01,-2.054050133269612333e-01,3.079761936711236089e+07,9.057778499087393284e+07
6.628068054083625611e+03,6.577321726433540405e-01,-2.019858286337963271e-01,3.035744446929295361e+07,9.071625505200681090e+07
6.633713767928671587e+03,6.588654646420017968e-01,-1.985615698194341805e-01,2.991667597500291467e+07,9.085234589850519598e+07
6.639359481773716652e+03,6.599820949759748201e-01,-1.951323260680169203e-01,2.947532669959447533e+07,9.098605149800275266e+07
6.645005195618762627e+03,6.610820470209556321e-01,-1.916981865224876569e-01,2.903340948738197982e+07,9.111736601031903923e+07
6.650650909463808603e+03,6.621653045760634848e-01,-1.882592402845936763e-01,2.859093721164229140e+07,9.124628378745923936e+07
6.656296623308853668e+03,6.632318518638555815e-01,-1.848155764148848579e-01,2.814792277461459860e+07,9.137279937361435592e+07
6.661942337153899643e+03,6.642816735303268549e-01,-1.813672839327117869e-01,2.770437910750018060e+07,9.149690750516116619e+07
6.667588050998945619e+03,6.653147546449096339e-01,-1.779144518162294186e-01,2.726031917046285048e+07,9.161860311066216230e+07
6.673233764843990684e+03,6.663310807004734215e-01,-1.744571690023950516e-01,2.681575595262873545e+07,9.173788131086561084e+07
6.678879478689036659e+03,6.673306376133260054e-01,-1.709955243869670238e-01,2.637070247208604962e+07,9.185473741870555282e+07
6.684525192534082635e+03,6.683134117232124582e-01,-1.675296068245077930e-01,2.592517177588555217e+07,9.196916693930175900e+07
6.690170906379127700e+03,6.692793897933153602e-01,-1.640595051283823824e-01,2.547917694004032388e+07,9.208116556995975971e+07
6.695816620224173676e+03,6.702285590102550206e-01,-1.605853080707565772e-01,2.503273106952549890e+07,9.219072920017088950e+07
6.701462334069219651e+03,6.711609069840891451e-01,-1.571071043826005320e-01,2.458584729827880859e+07,9.229785391161218286e+07
6.707108047914264716e+03,6.720764217483128355e-01,-1.536249827536867174e-01,2.413853878920023888e+07,9.240253597814644873e+07
6.712753761759310692e+03,6.729750917598598114e-01,-1.501390318325886986e-01,2.369081873415190727e+07,9.250477186582227051e+07
6.718399475604356667e+03,6.738569058990999672e-01,-1.466493402266841051e-01,2.324270035395844281e+07,9.260455823287396133e+07
6.724045189449401732e+03,6.747218534698414816e-01,-1.431559965021529934e-01,2.279419689840681478e+07,9.270189192972160876e+07
6.729690903294447708e+03,6.755699241993304849e-01,-1.396590891839765425e-01,2.234532164624605700e+07,9.279676999897108972e+07
6.735336617139493683e+03,6.764011082382499485e-01,-1.361587067559399400e-01,2.189608790518775955e+07,9.288918967541398108e+07
6.740982330984538748e+03,6.772153961607204620e-01,-1.326549376606309671e-01,2.144650901190581545e+07,9.297914838602761924e+07
6.746628044829584724e+03,6.780127789643010106e-01,-1.291478702994381944e-01,2.099659833203621581e+07,9.306664374997515976e+07
6.752273758674630699e+03,6.787932480699874205e-01,-1.256375930325545620e-01,2.054636926017747447e+07,9.315167357860547304e+07
6.757919472519675764e+03,6.795567953222131363e-01,-1.221241941789752983e-01,2.009583521989044547e+07,9.323423587545315921e+07
6.763565186364721740e+03,6.803034129888494430e-01,-1.186077620164967400e-01,1.964500966369805485e+07,9.331432883623863757e+07
6.769210900209767715e+03,6.810330937612052438e-01,-1.150883847817192746e-01,1.919390607308576629e+07,9.339195084886804223e+07
6.774856614054812781e+03,6.817458307540266160e-01,-1.115661506700458688e-01,1.874253795850135386e+07,9.346710049343328178e+07
6.780502327899858756e+03,6.824416175054978106e-01,-1.080411478356802790e-01,1.829091885935470834e+07,9.353977654221202433e+07
6.786148041744904731e+03,6.831204479772400306e-01,-1.045134643916305756e-01,1.783906234401822835e+07,9.360997795966768265e+07
6.791793755589949797e+03,6.837823165543125414e-01,-1.009831884097072835e-01,1.738698200982664526e+07,9.367770390244942904e+07
6.797439469434995772e+03,6.844272180452118937e-01,-9.745040792052177270e-02,1.693469148307675496e+07,9.374295371939221025e+07
6.803085183280041747e+03,6.850551476818724783e-01,-9.391521091348967176e-02,1.648220441902793199e+07,9.380572695151671767e+07
6.808730897125086813e+03,6.856661011196659716e-01,-9.037768533682914718e-02,1.602953450190183148e+07,9.386602333202937245e+07
6.814376610970132788e+03,6.862600744374018902e-01,-8.683791909755915472e-02,1.557669544488220289e+07,9.392384278632242978e+07
6.820022324815178763e+03,6.868370641373272578e-01,-8.329600006150290892e-02,1.512370099011535570e+07,9.397918543197382987e+07
6.825668038660223829e+03,6.873970671451263836e-01,-7.975201605328610666e-02,1.467056490870989114e+07,9.403205157874728739e+07
6.831313752505269804e+03,6.879400808099216391e-01,-7.620605485633538678e-02,1.421730100073650852e+07,9.408244172859229147e+07
6.836959466350315779e+03,6.884661029042727920e-01,-7.265820421288153586e-02,1.376392309522844851e+07,9.413035657564409077e+07
6.842605180195360845e+03,6.889751316241767842e-01,-6.910855182395771179e-02,1.331044505018125474e+07,9.417579700622364879e+07
6.848250894040406820e+03,6.894671655890690642e-01,-6.555718534939831976e-02,1.285688075255257636e+07,9.421876409883774817e+07
6.853896607885452795e+03,6.899422038418216996e-01,-6.200419240784165592e-02,1.240324411826257780e+07,9.425925912417890131e+07
6.859542321730498770e+03,6.904002458487448202e-01,-5.844966057672791593e-02,1.194954909219369292e+07,9.429728354512536526e+07
6.865188035575543836e+03,6.908412914995860632e-01,-5.489367739230084642e-02,1.149580964819071814e+07,9.433283901674115658e+07
6.870833749420589811e+03,6.912653411075306842e-01,-5.133633034960440739e-02,1.104203978906056285e+07,9.436592738627606630e+07
6.876479463265635786e+03,6.916723954092014459e-01,-4.777770690248739349e-02,1.058825354657266289e+07,9.439655069316563010e+07
6.882125177110680852e+03,6.920624555646586185e-01,-4.421789446360072789e-02,1.013446498145874590e+07,9.442471116903115809e+07
6.887770890955726827e+03,6.924355231574002012e-01,-4.065698040439615774e-02,9.680688183412671089e+06,9.445041123767970502e+07
6.893416604800772802e+03,6.927916001943619229e-01,-3.709505205512995257e-02,9.226937271090820432e+06,9.447365351510407031e+07
6.899062318645817868e+03,6.931306891059165753e-01,-3.353219670486062842e-02,8.773226392111867666e+06,9.449444080948284268e+07
6.904708032490863843e+03,6.934527927458751240e-01,-2.996850160144775427e-02,8.319569723056599498e+06,9.451277612118034065e+07
6.910353746335909818e+03,6.937579143914855972e-01,-2.640405395155493579e-02,7.865981469468347728e+06,9.452866264274664223e+07
6.915999460180954884e+03,6.940460577434339751e-01,-2.283894092064837206e-02,7.412475865852735937e+06,9.454210375891759992e+07
6.921645174026000859e+03,6.943172269258436335e-01,-1.927324963299527003e-02,6.959067175677493215e+06,9.455310304661482573e+07
6.927290887871046834e+03,6.945714264862755671e-01,-1.570706717166671026e-02,6.505769691372878850e+06,9.456166427494566143e+07
6.932936601716091900e+03,6.948086613957284996e-01,-1.214048057853663043e-02,6.052597734331466258e+06,9.456779140520322323e+07
6.938582315561137875e+03,6.950289370486384399e-01,-8.573576854279767873e-03,5.599565654907941818e+06,9.457148859086640179e+07
6.944228029406183850e+03,6.952322592628792375e-01,-5.006442958374686739e-03,5.146687832419484854e+06,9.457276017759980261e+07
6.949873743251228916e+03,6.954186342797621379e-01,-1.439165809103103806e-03,4.693978675145611167e+06,9.457161070325383544e+07
6.955519457096274891e+03,6.955880687640361160e-01,2.128167716452858665e-03,4.241452620327956975e+06,9.456804489786463976e+07
6.961165170941320866e+03,6.957405698038876540e-01,5.695470782406801893e-03,3.789124134170658886e+06,9.456206768365411460e+07
6.966810884786365932e+03,6.958761449109407415e-01,9.262656594069679922e-03,3.337007711840160191e+06,9.455368417502994835e+07
6.972456598631411907e+03,6.959948020202570973e-01,1.282963839795173838e-02,2.885117877465024590e+06,9.454289967858551443e+07
6.978102312476457882e+03,6.960965494903360584e-01,1.639632948175873822e-02,2.433469184136353433e+06,9.452971969310003519e+07
6.983748026321502948e+03,6.961813961031141362e-01,1.996264317439431016e-02,1.982076213907517493e+06,9.451414990953840315e+07
6.989393740166548923e+03,6.962493510639660155e-01,2.352849284596086193e-02,1.530953577794037759e+06,9.449619621105134487e+07
6.995039454011594898e+03,6.963004240017035551e-01,2.709379190775677501e-02,1.080115915773957968e+06,9.447586467297527194e+07
7.000685167856639964e+03,6.963346249685762324e-01,3.065845381227794153e-02,6.295778967875912786e+05,9.445316156283244491e+07
7.006330881701685939e+03,6.963519644402712538e-01,3.422239205321939148e-02,1.793542187373861670e+05,9.442809334033077955e+07
7.011976595546731915e+03,6.963524533159133334e-01,3.778552016547177816e-02,-2.705403915116786957e+05,9.440066665736402571e+07
7.017622309391776980e+03,6.963361029180648032e-01,4.134775172512344943e-02,-7.200911781323328614e+05,9.437088835801164806e+07
7.023268023236822955e+03,6.963029249927253916e-01,4.490900034946166547e-02,-1.169283356335170567e+06,9.433876547853890061e+07
7.028913737081868931e+03,6.962529317093326675e-01,4.846917969696973305e-02,-1.618102112368308008e+06,9.430430524739673734e+07
7.034559450926913996e+03,6.961861356607617068e-01,5.202820346732822676e-02,-2.066532603517487645e+06,9.426751508522197604e+07
7.040205164771959971e+03,6.961025498633248709e-01,5.558598540141691802e-02,-2.514559958106398582e+06,9.422840260483705997e+07
7.045850878617005947e+03,6.960021877567725834e-01,5.914243928131149297e-02,-2.962169275496192276e+06,9.418697561125029624e+07
7.051496592462051012e+03,6.958850632042925533e-01,6.269747893028478070e-02,-3.409345626085676253e+06,9.414324210165570676e+07
7.057142306307096987e+03,6.957511904925101076e-01,6.625101821280933445e-02,-3.856074051311604679e+06,9.409721026543305814e+07
7.062788020152142963e+03,6.956005843314883030e-01,6.980297103455283814e-02,-4.302339563648179173e+06,9.404888848414790630e+07
7.068433733997188028e+03,6.954332598547274813e-01,7.335325134238089573e-02,-4.748127146607272327e+06,9.399828533155155182e+07
7.074079447842234003e+03,6.952492326191657135e-01,7.690177312435828028e-02,-5.193421754738681018e+06,9.394540957358101010e+07
7.079725161687279979e+03,6.950485186051788000e-01,8.044845040974510364e-02,-5.638208313629664481e+06,9.389027016835914552e+07
7.085370875532325044e+03,6.948311342165799376e-01,8.399319726899932836e-02,-6.082471719905175269e+06,9.383287626619450748e+07
7.091016589377371020e+03,6.945970962806199411e-01,8.753592781377812770e-02,-6.526196841228060424e+06,9.377323720958140492e+07
7.096662303222416995e+03,6.943464220479873550e-01,9.107655619693413862e-02,-6.969368516298621893e+06,9.371136253319995105e+07
7.102308017067462060e+03,6.940791291928080087e-01,9.461499661251761284e-02,-7.411971554854877293e+06,9.364726196391598880e+07
7.107953730912508036e+03,6.937952358126453500e-01,9.815116329577823484e-02,-7.853990737672738731e+06,9.358094542078110576e+07
7.113599444757554011e+03,6.934947604285008893e-01,1.016849705231610973e-01,-8.295410816565565765e+06,9.351242301503264904e+07
7.119245158602599076e+03,6.931777219848131999e-01,1.052163326123087689e-01,-8.736216514384418726e+06,9.344170505009377003e+07
7.124890872447645052e+03,6.928441398494583625e-01,1.087451639220631955e-01,-9.176392525018274784e+06,9.336880202157329023e+07
7.130536586292691027e+03,6.924940338137506313e-01,1.122713788524620088e-01,-9.615923513393551111e+06,9.329372461726588011e+07
7.136182300137736092e+03,6.921274240924413235e-01,1.157948918447403164e-01,-1.005479411547438055e+07,9.321648371715193987e+07
7.141828013982782068e+03,6.917443313237194857e-01,1.193156173813323673e-01,-1.049298893826278299e+07,9.313709039339756966e+07
7.147473727827828043e+03,6.913447765692116720e-01,1.228334699858681239e-01,-1.093049255979822576e+07,9.305555591035470366e+07
7.153119441672874018e+03,6.909287813139821655e-01,1.263483642231758020e-01,-1.136728952915800363e+07,9.297189172456097603e+07
7.158765155517919084e+03,6.904963674665328677e-01,1.298602146992803852e-01,-1.180336436645692587e+07,9.288610948473985493e+07
7.164410869362965059e+03,6.900475573588029654e-01,1.333689360614057906e-01,-1.223870156284780055e+07,9.279822103180047870e+07
7.170056583208011034e+03,6.895823737461694858e-01,1.368744429979720512e-01,-1.267328558052082360e+07,9.270823839883777499e+07
7.175702297053056100e+03,6.891008398074471852e-01,1.403766502385965509e-01,-1.310710085270395875e+07,9.261617381113246083e+07
7.181348010898102075e+03,6.886029791448876614e-01,1.438754725540959678e-01,-1.354013178366298229e+07,9.252203968615096807e+07
7.186993724743148050e+03,6.880888157841810182e-01,1.473708247564825824e-01,-1.397236274870122969e+07,9.242584863354550302e+07
7.192639438588193116e+03,6.875583741744545341e-01,1.508626216989659985e-01,-1.440377809415964037e+07,9.232761345515404642e+07
7.198285152433239091e+03,6.870116791882727725e-01,1.543507782759552249e-01,-1.483436213741712272e+07,9.222734714500029385e+07
7.203930866278285066e+03,6.864487561216384703e-01,1.578352094230550950e-01,-1.526409916689000279e+07,9.212506288929373026e+07
7.209576580123330132e+03,6.858696306939914278e-01,1.613158301170678488e-01,-1.569297344203234464e+07,9.202077406642962992e+07
7.215222293968376107e+03,6.852743290482093963e-01,1.647925553759947148e-01,-1.612096919333606213e+07,9.191449424698892236e+07
7.220868007813422082e+03,6.846628777506073016e-01,1.682653002590328295e-01,-1.654807062233057618e+07,9.180623719373840094e+07
7.226513721658467148e+03,6.840353037909383538e-01,1.717339798665770967e-01,-1.697426190158297122e+07,9.169601686163058877e+07
7.232159435503513123e+03,6.833916345823924932e-01,1.751985093402208815e-01,-1.739952717469824851e+07,9.158384739780370891e+07
7.237805149348559098e+03,6.827318979615975003e-01,1.786588038627539843e-01,-1.782385055631884933e+07,9.146974314158180356e+07
7.243450863193604164e+03,6.820561221886195513e-01,1.821147786581631955e-01,-1.824721613212497532e+07,9.135371862447468936e+07
7.249096577038650139e+03,6.813643359469609972e-01,1.855663489916349607e-01,-1.866960795883463323e+07,9.123578857017785311e+07
7.254742290883696114e+03,6.806565683435628067e-01,1.890134301695511609e-01,-1.909101006420335919e+07,9.111596789457260072e+07
7.260388004728741180e+03,6.799328489088032335e-01,1.924559375394913896e-01,-1.951140644702437520e+07,9.099427170572602749e+07
7.266033718573787155e+03,6.791932075964979276e-01,1.958937864902338122e-01,-1.993078107712879032e+07,9.087071530389089882e+07
7.271679432418833130e+03,6.784376747839004906e-01,1.993268924517531682e-01,-2.034911789538517594e+07,9.074531418150579929e+07
7.277325146263878196e+03,6.776662812717018092e-01,2.027551708952209097e-01,-2.076640081369977444e+07,9.061808402319507301e+07
7.282970860108924171e+03,6.768790582840304992e-01,2.061785373330083659e-01,-2.118261371501680464e+07,9.048904070576877892e+07
7.288616573953970146e+03,6.760760374684524621e-01,2.095969073186825515e-01,-2.159774045331784338e+07,9.035820029822278023e+07
7.294262287799015212e+03,6.752572508959717723e-01,2.130101964470070830e-01,-2.201176485362229496e+07,9.022557906173868477e+07
7.299908001644061187e+03,6.744227310610293458e-01,2.164183203539457589e-01,-2.242467071198732406e+07,9.009119344968380034e+07
7.305553715489107162e+03,6.735725108815042717e-01,2.198211947166575364e-01,-2.283644179550763220e+07,8.995506010761128366e+07
7.311199429334152228e+03,6.727066236987132575e-01,2.232187352534994729e-01,-2.324706184231560677e+07,8.981719587326002121e+07
7.316845143179198203e+03,6.718251032774097409e-01,2.266108577240271704e-01,-2.365651456158157438e+07,8.967761777655458450e+07
7.322490857024244178e+03,6.709279838057857770e-01,2.299974779289921945e-01,-2.406478363351321965e+07,8.953634303960540891e+07
7.328136570869289244e+03,6.700152998954705952e-01,2.333785117103434892e-01,-2.447185270935604721e+07,8.939338907670865953e+07
7.333782284714335219e+03,6.690870865815304880e-01,2.367538749512292928e-01,-2.487770541139333695e+07,8.924877349434617162e+07
7.339427998559381194e+03,6.681433793224702544e-01,2.401234835759939179e-01,-2.528232533294593543e+07,8.910251409118564427e+07
7.345073712404426260e+03,6.671842140002318677e-01,2.434872535501784174e-01,-2.568569603837234527e+07,8.895462885808050632e+07
7.350719426249472235e+03,6.662096269201945864e-01,2.468451008805237212e-01,-2.608780106306894869e+07,8.880513597806991637e+07
7.356365140094518210e+03,6.652196548111755092e-01,2.501969416149663616e-01,-2.648862391346962005e+07,8.865405382637879252e+07
7.362010853939563276e+03,6.642143348254297974e-01,2.535426918426398335e-01,-2.688814806704593450e+07,8.850140097041787207e+07
7.367656567784609251e+03,6.631937045386490093e-01,2.568822676938773975e-01,-2.728635697230730206e+07,8.834719616978354752e+07
7.373302281629655226e+03,6.621578019499632095e-01,2.602155853402079444e-01,-2.768323404880068451e+07,8.819145837625804543e+07
7.378947995474700292e+03,6.611066654819401922e-01,2.635425609943575775e-01,-2.807876268711068481e+07,8.803420673380938172e+07
7.384593709319746267e+03,6.600403339805843705e-01,2.668631109102519439e-01,-2.847292624885981530e+07,8.787546057859118283e+07
7.390239423164792242e+03,6.589588467153387752e-01,2.701771513830118487e-01,-2.886570806670808047e+07,8.771523943894298375e+07
7.395885137009837308e+03,6.578622438330933297e-01,2.734845998879500417e-01,-2.925709206735662743e+07,8.755356241012154520e+07
7.401530850854883283e+03,6.567506777862365253e-01,2.767856533547047304e-01,-2.964721488785854355e+07,8.739029474816347659e+07
7.407176564699929258e+03,6.556242828762073316e-01,2.800804581249415892e-01,-3.003618509172893316e+07,8.722532744639101624e+07
7.412822278544974324e+03,6.544831099322101498e-01,2.833689502159726925e-01,-3.042399601104046404e+07,8.705866668833561242e+07
7.418467992390020299e+03,6.533272098546833995e-01,2.866510659606784084e-01,-3.081064102737198025e+07,8.689031870372927189e+07
7.424113706235066275e+03,6.521566336153011845e-01,2.899267420075037904e-01,-3.119611357180811465e+07,8.672028976850469410e+07
7.429759420080111340e+03,6.509714322569728484e-01,2.931959153204604096e-01,-3.158040712493949756e+07,8.654858620479515195e+07
7.435405133925157315e+03,6.497716568938419757e-01,2.964585231791279085e-01,-3.196351521686293557e+07,8.637521438093447685e+07
7.441050847770203291e+03,6.485573587112876126e-01,2.997145031786508373e-01,-3.234543142718102783e+07,8.620018071145722270e+07
7.446696561615248356e+03,6.473285889659242676e-01,3.029637932297399305e-01,-3.272614938500236720e+07,8.602349165709848702e+07
7.452342275460294331e+03,6.460853989856003565e-01,3.062063315586743273e-01,-3.310566276894172281e+07,8.584515372479395568e+07
7.457987989305340307e+03,6.448278401694004236e-01,3.094420567072977968e-01,-3.348396530711966008e+07,8.566517346767999232e+07
7.463633703150386282e+03,6.435559639876432536e-01,3.126709075330211807e-01,-3.386105077716279030e+07,8.548355748509353399e+07
7.469279416995431347e+03,6.422698219818833154e-01,3.158928232088212829e-01,-3.423691300620367378e+07,8.530031242257216573e+07
7.474925130840477323e+03,6.409694657649093186e-01,3.191077432232428124e-01,-3.461154587088100612e+07,8.511544497185398638e+07
7.480570844685523298e+03,6.396549470207456567e-01,3.223156073803953858e-01,-3.498494329733932018e+07,8.492896187087781727e+07
7.486216558530568363e+03,6.383263175046515192e-01,3.255163557999550816e-01,-3.535709926122912765e+07,8.474086990378308296e+07
7.491862272375614339e+03,6.369836290431207804e-01,3.287099289171661609e-01,-3.572800778770709783e+07,8.455117590090973675e+07
7.497507986220660314e+03,6.356269335338826654e-01,3.318962674828375148e-01,-3.609766295143571496e+07,8.435988673879839480e+07
7.503153700065705380e+03,6.342562829459018614e-01,3.350753125633446627e-01,-3.646605887658345699e+07,8.416700934019033611e+07
7.508799413910751355e+03,6.328717293193769633e-01,3.382470055406310849e-01,-3.683318973682496697e+07,8.397255067402733862e+07
7.514445127755797330e+03,6.314733247657424720e-01,3.414112881122051135e-01,-3.719904975534068048e+07,8.377651775545188785e+07
7.520090841600842396e+03,6.300611214676677951e-01,3.445681022911415980e-01,-3.756363320481704921e+07,8.357891764580705762e+07
7.525736555445888371e+03,6.286351716790568034e-01,3.477173904060833487e-01,-3.792693440744666755e+07,8.337975745263649523e+07
7.531382269290934346e+03,6.271955277250490512e-01,3.508590951012380832e-01,-3.828894773492795229e+07,8.317904432968448102e+07
7.537027983135979412e+03,6.257422420020190001e-01,3.539931593363800921e-01,-3.864966760846529901e+07,8.297678547689598799e+07
7.542673696981025387e+03,6.242753669775754632e-01,3.571195263868513492e-01,-3.900908849876928329e+07,8.277298814041642845e+07
7.548319410826071362e+03,6.227949551905630488e-01,3.602381398435591242e-01,-3.936720492605626583e+07,8.256765961259198189e+07
7.553965124671116428e+03,6.213010592510612717e-01,3.633489436129768158e-01,-3.972401146004863083e+07,8.236080723196940124e+07
7.559610838516162403e+03,6.197937318403841100e-01,3.664518819171461161e-01,-4.007950271997489035e+07,8.215243838329598308e+07
7.565256552361208378e+03,6.182730257110811145e-01,3.695468992936733477e-01,-4.043367337456938624e+07,8.194256049751971662e+07
7.570902266206253444e+03,6.167389936869368539e-01,3.726339405957314610e-01,-4.078651814207246900e+07,8.173118105178920925e+07
7.576547980051299419e+03,6.151916886629703596e-01,3.757129509920613120e-01,-4.113803179023060203e+07,8.151830756945355237e+07
7.582193693896345394e+03,6.136311636054361252e-01,3.787838759669686639e-01,-4.148820913629610837e+07,8.130394762006260455e+07
7.587839407741390460e+03,6.120574715518239950e-01,3.818466613203259086e-01,-4.183704504702727497e+07,8.108810881936681271e+07
7.593485121586436435e+03,6.104706656108579432e-01,3.849012531675731763e-01,-4.218453443868854642e+07,8.087079882931709290e+07
7.599130835431482410e+03,6.088707989624976280e-01,3.879475979397156715e-01,-4.253067227705021203e+07,8.065202535806514323e+07
7.604776549276527476e+03,6.072579248579376143e-01,3.909856423833250605e-01,-4.287545357738851011e+07,8.043179615996323526e+07
7.610422263121573451e+03,6.056320966196071520e-01,3.940153335605408036e-01,-4.321887340448587388e+07,8.021011903556415439e+07
7.616067976966619426e+03,6.039933676411709529e-01,3.970366188490674908e-01,-4.356092687263052166e+07,7.998700183162139356e+07
7.621713690811664492e+03,6.023417913875286356e-01,4.000494459421761184e-01,-4.390160914561668038e+07,7.976245244108907878e+07
7.627359404656710467e+03,6.006774213948143926e-01,4.030537628487055324e-01,-4.424091543674473464e+07,7.953647880312182009e+07
7.633005118501756442e+03,5.990003112703978783e-01,4.060495178930597637e-01,-4.457884100882087648e+07,7.930908890307497978e+07
7.638650832346801508e+03,5.973105146928842091e-01,4.090366597152090833e-01,-4.491538117415729165e+07,7.908029077250447869e+07
7.644296546191847483e+03,5.956080854121121870e-01,4.120151372706917781e-01,-4.525053129457230866e+07,7.885009248916679621e+07
7.649942260036893458e+03,5.938930772491568533e-01,4.149848998306110426e-01,-4.558428678139011562e+07,7.861850217701908946e+07
7.655587973881938524e+03,5.921655440963280448e-01,4.179458969816366998e-01,-4.591664309544084966e+07,7.838552800621917844e+07
7.661233687726984499e+03,5.904255399171696173e-01,4.208980786260061446e-01,-4.624759574706080556e+07,7.815117819312530756e+07
7.666879401572030474e+03,5.886731187464618875e-01,4.238413949815222348e-01,-4.657714029609210789e+07,7.791546100029653311e+07
7.672525115417075540e+03,5.869083346902196352e-01,4.267757965815539567e-01,-4.690527235188290477e+07,7.767838473649245501e+07
7.678170829262121515e+03,5.851312419256919917e-01,4.297012342750383129e-01,-4.723198757328742743e+07,7.743995775667320192e+07
7.683816543107167490e+03,5.833418947013639944e-01,4.326176592264771581e-01,-4.755728166866576672e+07,7.720018846199962497e+07
7.689462256952212556e+03,5.815403473369554765e-01,4.355250229159389752e-01,-4.788115039588401467e+07,7.695908529983319342e+07
7.695107970797258531e+03,5.797266542234206232e-01,4.384232771390601524e-01,-4.820358956231439859e+07,7.671665676373584569e+07
7.700753684642304506e+03,5.779008698229497476e-01,4.413123740070419299e-01,-4.852459502483496070e+07,7.647291139347030222e+07
7.706399398487349572e+03,5.760630486689676255e-01,4.441922659466522316e-01,-4.884416268982975930e+07,7.622785777499982715e+07
7.712045112332395547e+03,5.742132453661334957e-01,4.470629057002265538e-01,-4.916228851318898052e+07,7.598150454048822820e+07
7.717690826177441522e+03,5.723515145903426138e-01,4.499242463256657443e-01,-4.947896850030863285e+07,7.573386036830003560e+07
7.723336540022486588e+03,5.704779110887248095e-01,4.527762411964367795e-01,-4.979419870609073341e+07,7.548493398300036788e+07
7.728982253867532563e+03,5.685924896796445971e-01,4.556188440015748187e-01,-5.010797523494343460e+07,7.523473415535487235e+07
7.734627967712578538e+03,5.666953052527019530e-01,4.584520087456798176e-01,-5.042029424078071862e+07,7.498326970232990384e+07
7.740273681557623604e+03,5.647864127687320934e-01,4.612756897489184715e-01,-5.073115192702255398e+07,7.473054948709242046e+07
7.745919395402669579e+03,5.628658672598041424e-01,4.640898416470249366e-01,-5.104054454659505188e+07,7.447658241900989413e+07
7.751565109247715554e+03,5.609337238292234629e-01,4.668944193912986651e-01,-5.134846840193016827e+07,7.422137745365051925e+07
7.757210823092760620e+03,5.589900376515303249e-01,4.696893782486055713e-01,-5.165491984496584535e+07,7.396494359278310835e+07
7.762856536937806595e+03,5.570348639724987949e-01,4.724746738013793634e-01,-5.195989527714613080e+07,7.370728988437695801e+07
7.768502250782852570e+03,5.550682581091394008e-01,4.752502619476188794e-01,-5.226339114942096919e+07,7.344842542260208726e+07
7.774147964627898546e+03,5.530902754496969109e-01,4.780160989008897521e-01,-5.256540396224629134e+07,7.318835934782913327e+07
7.779793678472943611e+03,5.511009714536515558e-01,4.807721411903236319e-01,-5.286593026558399200e+07,7.292710084662932158e+07
7.785439392317989586e+03,5.491004016517178066e-01,4.835183456606200747e-01,-5.316496665890210122e+07,7.266465915177440643e+07
7.791085106163035562e+03,5.470886216458460405e-01,4.862546694720436546e-01,-5.346250979117447138e+07,7.240104354223686457e+07
7.796730820008080627e+03,5.450656871092215416e-01,4.889810701004254634e-01,-5.375855636088097095e+07,7.213626334318980575e+07
7.802376533853126602e+03,5.430316537862635018e-01,4.916975053371641646e-01,-5.405310311600758135e+07,7.187032792600677907e+07
7.808022247698172578e+03,5.409865774926275739e-01,4.944039332892240513e-01,-5.434614685404612124e+07,7.160324670826214552e+07
7.813667961543217643e+03,5.389305141152038736e-01,4.971003123791352674e-01,-5.463768442199441791e+07,7.133502915373079479e+07
7.819313675388263619e+03,5.368635196121172015e-01,4.997866013449961398e-01,-5.492771271635642648e+07,7.106568477238816023e+07
7.824959389233309594e+03,5.347856500127275980e-01,5.024627592404699028e-01,-5.521622868314193189e+07,7.079522312041038275e+07
7.830605103078354659e+03,5.326969614176307877e-01,5.051287454347864747e-01,-5.550322931786672771e+07,7.052365380017426610e+07
7.836250816923400635e+03,5.305975099986560695e-01,5.077845196127431793e-01,-5.578871166555269808e+07,7.025098646025700867e+07
7.841896530768446610e+03,5.284873519988689816e-01,5.104300417747028584e-01,-5.607267282072761655e+07,6.997723079543663561e+07
7.847542244613491675e+03,5.263665437325698582e-01,5.130652722365945939e-01,-5.635510992742525041e+07,6.970239654669174552e+07
7.853187958458537651e+03,5.242351415852933849e-01,5.156901716299152616e-01,-5.663602017918545008e+07,6.942649350120139122e+07
7.858833672303583626e+03,5.220932020138101537e-01,5.183047009017269779e-01,-5.691540081905393302e+07,6.914953149234545231e+07
7.864479386148628691e+03,5.199407815461255522e-01,5.209088213146582103e-01,-5.719324913958242536e+07,6.887152039970433712e+07
7.870125099993674667e+03,5.177779367814790978e-01,5.235024944469051089e-01,-5.746956248282875121e+07,6.859247014905896783e+07
7.875770813838720642e+03,5.156047243903465471e-01,5.260856821922291759e-01,-5.774433824035660923e+07,6.831239071239098907e+07
7.881416527683765707e+03,5.134212011144382304e-01,5.286583467599582642e-01,-5.801757385323567688e+07,6.803129210788272321e+07
7.887062241528811683e+03,5.112274237666989407e-01,5.312204506749877986e-01,-5.828926681204172224e+07,6.774918439991688728e+07
7.892707955373857658e+03,5.090234492313093773e-01,5.337719567777788887e-01,-5.855941465685643256e+07,6.746607769907699525e+07
7.898353669218902724e+03,5.068093344636849240e-01,5.363128282243583289e-01,-5.882801497726742923e+07,6.718198216214716434e+07
7.903999383063948699e+03,5.045851364904752057e-01,5.388430284863214847e-01,-5.909506541236847639e+07,6.689690799211195111e+07
7.909645096908994674e+03,5.023509124095661971e-01,5.413625213508281853e-01,-5.936056365075917542e+07,6.661086543815673888e+07
7.915290810754039740e+03,5.001067193900783359e-01,5.438712709206049434e-01,-5.962450743054515123e+07,6.632386479566744715e+07
7.920936524599085715e+03,4.978526146723664669e-01,5.463692416139463992e-01,-5.988689453933812678e+07,6.603591640623051673e+07
7.926582238444131690e+03,4.955886555680211747e-01,5.488563981647117673e-01,-6.014772281425565481e+07,6.574703065763309598e+07
7.932227952289176756e+03,4.933148994598682280e-01,5.513327056223270572e-01,-6.040699014192133397e+07,6.545721798386299610e+07
7.937873666134222731e+03,4.910314038019674143e-01,5.537981293517858505e-01,-6.066469445846483111e+07,6.516648886510846764e+07
7.943519379979268706e+03,4.887382261196144828e-01,5.562526350336470804e-01,-6.092083374952168763e+07,6.487485382775852084e+07
7.949165093824313772e+03,4.864354240093400339e-01,5.586961886640359198e-01,-6.117540605023345351e+07,6.458232344440276921e+07
7.954810807669359747e+03,4.841230551389092418e-01,5.611287565546455580e-01,-6.142840944524776936e+07,6.428890833383131027e+07
7.960456521514405722e+03,4.818011772473224097e-01,5.635503053327339806e-01,-6.167984206871813536e+07,6.399461916103499383e+07
7.966102235359450788e+03,4.794698481448158023e-01,5.659608019411260793e-01,-6.192970210430403054e+07,6.369946663720528036e+07
7.971747949204496763e+03,4.771291257128589813e-01,5.683602136382139847e-01,-6.217798778517110646e+07,6.340346151973409951e+07
7.977393663049542738e+03,4.747790679041579143e-01,5.707485079979552900e-01,-6.242469739399081469e+07,6.310661461221412569e+07
7.983039376894587804e+03,4.724197327426535309e-01,5.731256529098741614e-01,-6.266982926294060796e+07,6.280893676443865895e+07
7.988685090739633779e+03,4.700511783235205021e-01,5.754916165790621152e-01,-6.291338177370405942e+07,6.251043887240146101e+07
7.994330804584679754e+03,4.676734628131699045e-01,5.778463675261761301e-01,-6.315535335747063160e+07,6.221113187829705328e+07
7.999976518429724820e+03,4.652866444492476661e-01,5.801898745874396468e-01,-6.339574249493571371e+07,6.191102677052056789e+07
8.005622232274770795e+03,4.628907815406336224e-01,5.825221069146436781e-01,-6.363454771630086750e+07,6.161013458366759121e+07
8.011267946119816770e+03,4.604859324674436816e-01,5.848430339751444773e-01,-6.387176760127347708e+07,6.130846639853449911e+07
8.016913659964861836e+03,4.580721556810291584e-01,5.871526255518647597e-01,-6.410740077906693518e+07,6.100603334211824834e+07
8.022559373809907811e+03,4.556495097039744979e-01,5.894508517432948125e-01,-6.434144592840074748e+07,6.070284658761627972e+07
8.028205087654953786e+03,4.532180531301010507e-01,5.917376829634906077e-01,-6.457390177750024945e+07,6.039891735442677140e+07
8.033850801499998852e+03,4.507778446244646853e-01,5.940130899420739130e-01,-6.480476710409682989e+07,6.009425690814854205e+07
8.039496515345044827e+03,4.483289429233555112e-01,5.962770437242347343e-01,-6.503404073542793840e+07,5.978887656058084965e+07
8.045142229190090802e+03,4.458714068342996550e-01,5.985295156707277631e-01,-6.526172154823689908e+07,5.948278766972372681e+07
8.050787943035135868e+03,4.434052952360578725e-01,6.007704774578749296e-01,-6.548780846877303720e+07,5.917600163977780938e+07
8.056433656880181843e+03,4.409306670786254934e-01,6.029999010775648483e-01,-6.571230047279175371e+07,5.886852992114422470e+07
8.062079370725227818e+03,4.384475813832335311e-01,6.052177588372521511e-01,-6.593519658555435389e+07,5.856038401042480767e+07
8.067725084570273793e+03,4.359560972423476288e-01,6.074240233599578209e-01,-6.615649588182816654e+07,5.825157545042199641e+07
8.073370798415318859e+03,4.334562738196692244e-01,6.096186675842694136e-01,-6.637619748588645458e+07,5.794211583013889194e+07
8.079016512260364834e+03,4.309481703501332195e-01,6.118016647643417238e-01,-6.659430057150859386e+07,5.763201678477901220e+07
8.084662226105410809e+03,4.284318461399106437e-01,6.139729884698946760e-01,-6.681080436197981238e+07,5.732128999574671686e+07
8.090307939950455875e+03,4.259073605664080997e-01,6.161326125862152114e-01,-6.702570813009136915e+07,5.700994719064688683e+07
8.095953653795501850e+03,4.233747730782652097e-01,6.182805113141575104e-01,-6.723901119814059138e+07,5.669800014328494668e+07
8.101599367640547825e+03,4.208341431953587231e-01,6.204166591701409939e-01,-6.745071293793065846e+07,5.638546067366702855e+07
8.107245081485592891e+03,4.182855305087995190e-01,6.225410309861516556e-01,-6.766081277077081800e+07,5.607234064799988270e+07
8.112890795330638866e+03,4.157289946809328840e-01,6.246536019097432835e-01,-6.786931016747632623e+07,5.575865197869075090e+07
8.118536509175684841e+03,4.131645954453401770e-01,6.267543474040346840e-01,-6.807620464836837351e+07,5.544440662434759736e+07
8.124182223020729907e+03,4.105923926068374419e-01,6.288432432477110146e-01,-6.828149578327414393e+07,5.512961658977904171e+07
8.129827936865775882e+03,4.080124460414751297e-01,6.309202655350255595e-01,-6.848518319152684510e+07,5.481429392599412799e+07
8.135473650710821858e+03,4.054248156965394867e-01,6.329853906757962889e-01,-6.868726654196566343e+07,5.449845073020268232e+07
8.141119364555866923e+03,4.028295615905518878e-01,6.350385953954080787e-01,-6.888774555293568969e+07,5.418209914581514895e+07
8.146765078400912898e+03,4.002267438132675603e-01,6.370798567348129327e-01,-6.908661999228817225e+07,5.386525136244239658e+07
8.152410792245958874e+03,3.976164225256778040e-01,6.391091520505288726e-01,-6.928388967738020420e+07,5.354791961589610577e+07
8.158056506091003939e+03,3.949986579600092140e-01,6.411264590146398268e-01,-6.947955447507485747e+07,5.323011618818853796e+07
8.163702219936049914e+03,3.923735104197219048e-01,6.431317556147971848e-01,-6.967361430174136162e+07,5.291185340753241628e+07
8.169347933781095890e+03,3.897410402795123407e-01,6.451250201542184648e-01,-6.986606912325473130e+07,5.259314364834125340e+07
8.174993647626140955e+03,3.871013079853120042e-01,6.471062312516866477e-01,-7.005691895499604940e+07,5.227399933122912794e+07
8.180639361471186930e+03,3.844543740542862853e-01,6.490753678415527306e-01,-7.024616386185246706e+07,5.195443292301062495e+07
8.186285075316232906e+03,3.818002990748364245e-01,6.510324091737331731e-01,-7.043380395821699500e+07,5.163445693670107424e+07
8.191930789161277971e+03,3.791391437065991799e-01,6.529773348137107858e-01,-7.061983940798868239e+07,5.131408393151640892e+07
8.197576503006323037e+03,3.764709686804452726e-01,6.549101246425357292e-01,-7.080427042457257211e+07,5.099332651287308335e+07
8.203222216851369012e+03,3.737958347984803309e-01,6.568307588568239597e-01,-7.098709727087974548e+07,5.067219733238816261e+07
8.208867930696414987e+03,3.711138029340459998e-01,6.587392179687578952e-01,-7.116832025932714343e+07,5.035070908787943423e+07
8.214513644541460963e+03,3.684249340317183874e-01,6.606354828060866380e-01,-7.134793975183784962e+07,5.002887452336520702e+07
8.220159358386506938e+03,3.657292891073087859e-01,6.625195345121253077e-01,-7.152595615984079242e+07,4.970670642906447500e+07
8.225805072231552913e+03,3.630269292478633392e-01,6.643913545457560410e-01,-7.170236994427098334e+07,4.938421764139676839e+07
8.231450786076598888e+03,3.603179156116633752e-01,6.662509246814269925e-01,-7.187718161556936800e+07,4.906142104298227280e+07
8.237096499921643044e+03,3.576023094282258508e-01,6.680982270091524455e-01,-7.205039173368287086e+07,4.873832956264188141e+07
8.242742213766689019e+03,3.548801719983003533e-01,6.699332439345146994e-01,-7.222200090806452930e+07,4.841495617539677769e+07
8.248387927611734995e+03,3.521515646938740418e-01,6.717559581786609613e-01,-7.239200979767321050e+07,4.809131390246909112e+07
8.254033641456780970e+03,3.494165489581682604e-01,6.735663527783052329e-01,-7.256041911097386479e+07,4.776741581128141284e+07
8.259679355301826945e+03,3.466751863056392602e-01,6.753644110857283112e-01,-7.272722960593739152e+07,4.744327501545702666e+07
8.265325069146872920e+03,3.439275383219782545e-01,6.771501167687771217e-01,-7.289244209004065394e+07,4.711890467481973767e+07
8.270970782991917076e+03,3.411736666641126958e-01,6.789234538108644967e-01,-7.305605742026652396e+07,4.679431799539412558e+07
8.276616496836963051e+03,3.384136330602020015e-01,6.806844065109713959e-01,-7.321807650310395658e+07,4.646952822940505296e+07
8.282262210682009027e+03,3.356474993096434378e-01,6.824329594836442414e-01,-7.337850029454776645e+07,4.614454867527829111e+07
8.287907924527055002e+03,3.328753272830685117e-01,6.841690976589951401e-01,-7.353732980009879172e+07,4.581939267764016986e+07
8.293553638372100977e+03,3.300971789223434150e-01,6.858928062827038818e-01,-7.369456607476389408e+07,4.549407362731756270e+07
8.299199352217146952e+03,3.273131162405698014e-01,6.876040709160159414e-01,-7.385021022305583954e+07,4.516860496133800596e+07
8.304845066062191108e+03,3.245232013220849532e-01,6.893028774357432553e-01,-7.400426339899343252e+07,4.484300016292973608e+07
8.310490779907237084e+03,3.217274963224582840e-01,6.909892120342652211e-01,-7.415672680610157549e+07,4.451727276152126491e+07
8.316136493752283059e+03,3.189260528978108966e-01,6.926630777087601221e-01,-7.430761352546295524e+07,4.419141505359484255e+07
8.321782207597329034e+03,3.161188953262850099e-01,6.943245232701635850e-01,-7.445696668619459867e+07,4.386536093879224360e+07
8.327427921442375009e+03,3.133060812238033233e-01,6.959735488217801969e-01,-7.460479125342722237e+07,4.353910779585976154e+07
8.333073635287420984e+03,3.104876713259668297e-01,6.976101496688706938e-01,-7.475108854606601596e+07,4.321265940516816825e+07
8.338719349132465140e+03,3.076637262370438552e-01,6.992343212575380385e-01,-7.489585990575577319e+07,4.288601955948381126e+07
8.344365062977511116e+03,3.048343064299663951e-01,7.008460591747293078e-01,-7.503910669688116014e+07,4.255919206396821141e+07
8.350010776822557091e+03,3.019994722463355541e-01,7.024453591482326953e-01,-7.518083030656631291e+07,4.223218073617868125e+07
8.355656490667603066e+03,2.991592838964178269e-01,7.040322170466792873e-01,-7.532103214467518032e+07,4.190498940606793761e+07
8.361302204512649041e+03,2.963138014591461533e-01,7.056066288795433961e-01,-7.545971364381131530e+07,4.157762191598414630e+07
8.366947918357695016e+03,2.934630848821198068e-01,7.071685907971411167e-01,-7.559687625931800902e+07,4.125008212067098171e+07
8.372593632202739172e+03,2.906071939816053940e-01,7.087180990906316591e-01,-7.573252146927814186e+07,4.092237388726770133e+07
8.378239346047785148e+03,2.877461884425332461e-01,7.102551501920175703e-01,-7.586665077451445162e+07,4.059450109530873597e+07
8.383885059892831123e+03,2.848801278185025820e-01,7.117797406741427357e-01,-7.599926569858917594e+07,4.026646763672430068e+07
8.389530773737877098e+03,2.820090715317782881e-01,7.132918672506944890e-01,-7.613036778780432045e+07,3.993827741584001482e+07
8.395176487582923073e+03,2.791330788732915291e-01,7.147915267762023905e-01,-7.625995861120155454e+07,3.960993434937695414e+07
8.400822201427969048e+03,2.762522090026399146e-01,7.162787162460388934e-01,-7.638803976056222618e+07,3.928144236645169556e+07
8.406467915273013205e+03,2.733665209480882763e-01,7.177534327964184557e-01,-7.651461285040731728e+07,3.895280540857641399e+07
8.412113629118059180e+03,2.704760736065651150e-01,7.192156737043996495e-01,-7.663967951799762249e+07,3.862402742965842783e+07
8.417759342963105155e+03,2.675809257436681521e-01,7.206654363878823855e-01,-7.676324142333351076e+07,3.829511239600086957e+07
8.423405056808151130e+03,2.646811359936603325e-01,7.221027184056094672e-01,-7.688530024915502965e+07,3.796606428630226105e+07
8.429050770653197105e+03,2.617767628594712126e-01,7.235275174571663692e-01,-7.700585770094195008e+07,3.763688709165658802e+07
8.434696484498243080e+03,2.588678647126966270e-01,7.249398313829812368e-01,-7.712491550691369176e+07,3.730758481555332989e+07
8.440342198343287237e+03,2.559544997935996880e-01,7.263396581643246641e-01,-7.724247541802933812e+07,3.697816147387756407e+07
8.445987912188333212e+03,2.530367262111072324e-01,7.277269959233106933e-01,-7.735853920798775554e+07,3.664862109490951896e+07
8.451633626033379187e+03,2.501146019428150402e-01,7.291018429228949271e-01,-7.747310867322739959e+07,3.631896771932524443e+07
8.457279339878425162e+03,2.471881848349845590e-01,7.304641975668761944e-01,-7.758618563292640448e+07,3.598920540019614249e+07
8.462925053723471137e+03,2.442575326025434590e-01,7.318140583998957727e-01,-7.769777192900261283e+07,3.565933820298912376e+07
8.468570767568517113e+03,2.413227028290859666e-01,7.331514241074374993e-01,-7.780786942611354589e+07,3.532937020556657016e+07
8.474216481413561269e+03,2.383837529668734467e-01,7.344762935158277717e-01,-7.791648001165635884e+07,3.499930549818646163e+07
8.479862195258607244e+03,2.354407403368308227e-01,7.357886655922364350e-01,-7.802360559576801956e+07,3.466914818350192904e+07
8.485507909103653219e+03,2.324937221285524602e-01,7.370885394446750061e-01,-7.812924811132504046e+07,3.433890237656193972e+07
8.491153622948699194e+03,2.295427554002978654e-01,7.383759143219980059e-01,-7.823340951394365728e+07,3.400857220481079072e+07
8.496799336793745169e+03,2.265878970789930447e-01,7.396507896139024041e-01,-7.833609178197979927e+07,3.367816180808830261e+07
8.502445050638791145e+03,2.236292039602304216e-01,7.409131648509281742e-01,-7.843729691652905941e+07,3.334767533862976730e+07
8.508090764483835301e+03,2.206667327082697805e-01,7.421630397044570726e-01,-7.853702694142667949e+07,3.301711696106606722e+07
8.513736478328881276e+03,2.177005398560341864e-01,7.434004139867149696e-01,-7.863528390324771404e+07,3.268649085242324322e+07
8.519382192173927251e+03,2.147306818051162858e-01,7.446252876507691854e-01,-7.873206987130676210e+07,3.235580120212315023e+07
8.525027906018973226e+03,2.117572148257738651e-01,7.458376607905298217e-01,-7.882738693765813112e+07,3.202505221198301762e+07
8.530673619864019201e+03,2.087801950569312948e-01,7.470375336407498734e-01,-7.892123721709585190e+07,3.169424809621555358e+07
8.536319333709065177e+03,2.057996785061791678e-01,7.482249065770251173e-01,-7.901362284715358913e+07,3.136339308142896369e+07
8.541965047554111152e+03,2.028157210497745500e-01,7.493997801157934457e-01,-7.910454598810471594e+07,3.103249140662692487e+07
8.547610761399155308e+03,1.998283784326417845e-01,7.505621549143353111e-01,-7.919400882296225429e+07,3.070154732320870459e+07
8.553256475244201283e+03,1.968377062683688283e-01,7.517120317707748356e-01,-7.928201355747897923e+07,3.037056509496875107e+07
8.558902189089247258e+03,1.938437600392127202e-01,7.528494116240779244e-01,-7.936856242014728487e+07,3.003954899809729308e+07
8.564547902934293234e+03,1.908465950960960833e-01,7.539742955540531533e-01,-7.945365766219924390e+07,2.970850332117995992e+07
8.570193616779339209e+03,1.878462666586077912e-01,7.550866847813518801e-01,-7.953730155760663748e+07,2.937743236519785225e+07
8.575839330624385184e+03,1.848428298150031346e-01,7.561865806674680224e-01,-7.961949640308091044e+07,2.904634044352755696e+07
8.581485044469429340e+03,1.818363395222048484e-01,7.572739847147379466e-01,-7.970024451807317138e+07,2.871523188194124401e+07
8.587130758314475315e+03,1.788268506057990037e-01,7.583488985663413562e-01,-7.977954824477426708e+07,2.838411101860626787e+07
8.592776472159521290e+03,1.758144177600410862e-01,7.594113240063000703e-01,-7.985740994811467826e+07,2.805298220408577472e+07
8.598422186004567266e+03,1.727990955478518054e-01,7.604612629594783568e-01,-7.993383201576457918e+07,2.772184980133828521e+07
8.604067899849613241e+03,1.697809384008183986e-01,7.614987174915833767e-01,-8.000881685813380778e+07,2.739071818571780995e+07
8.609713613694659216e+03,1.667600006191944928e-01,7.625236898091649618e-01,-8.008236690837192535e+07,2.705959174497383833e+07
8.615359327539703372e+03,1.637363363719009646e-01,7.635361822596151704e-01,-8.015448462236809731e+07,2.672847487925146148e+07
8.621005041384749347e+03,1.607099996965223043e-01,7.645361973311695092e-01,-8.022517247875125706e+07,2.639737200109092891e+07
8.626650755229795323e+03,1.576810444993120008e-01,7.655237376529054893e-01,-8.029443297889000177e+07,2.606628753542828187e+07
8.632296469074841298e+03,1.546495245551894049e-01,7.664988059947434040e-01,-8.036226864689253271e+07,2.573522591959495842e+07
8.637942182919887273e+03,1.516154935077397570e-01,7.674614052674461062e-01,-8.042868202960681915e+07,2.540419160331788287e+07
8.643587896764933248e+03,1.485790048692150755e-01,7.684115385226191197e-01,-8.049367569662047923e+07,2.507318904871943593e+07
8.649233610609977404e+03,1.455401120205344623e-01,7.693492089527103062e-01,-8.055725224026079476e+07,2.474222273031762987e+07
8.654879324455023379e+03,1.424988682112806326e-01,7.702744198910113083e-01,-8.061941427559475601e+07,2.441129713502559438e+07
8.660525038300069355e+03,1.394553265597054670e-01,7.711871748116549963e-01,-8.068016444042903185e+07,2.408041676215230674e+07
8.666170752145115330e+03,1.364095400527264301e-01,7.720874773296176885e-01,-8.073950539530993998e+07,2.374958612340210378e+07
8.671816465990161305e+03,1.333615615459271819e-01,7.729753312007179300e-01,-8.079743982352352142e+07,2.341880974287478998e+07
8.677462179835207280e+03,1.303114437635578826e-01,7.738507403216170477e-01,-8.085397043109546602e+07,2.308809215706568584e+07
8.683107893680251436e+03,1.272592392985360255e-01,7.747137087298188174e-01,-8.090909994679112732e+07,2.275743791486568749e+07
8.688753607525297411e+03,1.242050006124425093e-01,7.755642406036704628e-01,-8.096283112211564183e+07,2.242685157756083831e+07
8.694399321370343387e+03,1.211487800355275785e-01,7.764023402623607684e-01,-8.101516673131369054e+07,2.209633771883302182e+07
8.700045035215389362e+03,1.180906297667068394e-01,7.772280121659218555e-01,-8.106610957136972249e+07,2.176590092475947365e+07
8.705690749060435337e+03,1.150306018735623298e-01,7.780412609152279613e-01,-8.111566246200783551e+07,2.143554579381292686e+07
8.711336462905481312e+03,1.119687482923424349e-01,7.788420912519965489e-01,-8.116382824569180608e+07,2.110527693686157465e+07
8.716982176750525468e+03,1.089051208279629562e-01,7.796305080587868641e-01,-8.121060978762511909e+07,2.077509897716924176e+07
8.722627890595571444e+03,1.058397711540030456e-01,7.804065163590018228e-01,-8.125600997575090826e+07,2.044501655039487779e+07
8.728273604440617419e+03,1.027727508127111306e-01,7.811701213168864566e-01,-8.130003172075200081e+07,2.011503430459326506e+07
8.733919318285663394e+03,9.970411121500122320e-02,7.819213282375281349e-01,-8.134267795605091751e+07,1.978515690021454170e+07
8.739565032130709369e+03,9.663390364045357228e-02,7.826601425668573420e-01,-8.138395163780984282e+07,1.945538901010434330e+07
8.745210745975755344e+03,9.356217923731489916e-02,7.833865698916470111e-01,-8.142385574493062496e+07,1.912573531950379163e+07
8.750856459820799500e+03,9.048898902249917497e-02,7.841006159395124131e-01,-8.146239327905483544e+07,1.879620052604959533e+07
8.756502173665845476e+03,8.741438388158384587e-02,7.848022865789121560e-01,-8.149956726456369460e+07,1.846678933977361396e+07
8.762147887510891451e+03,8.433841456881563392e-02,7.854915878191470746e-01,-8.153538074857813120e+07,1.813750648310354352e+07
8.767793601355937426e+03,8.126113170710680400e-02,7.861685258103603413e-01,-8.156983680095870793e+07,1.780835669086242095e+07
8.773439315200983401e+03,7.818258578803592707e-02,7.868331068435382436e-01,-8.160293851430572569e+07,1.747934471026879176e+07
8.779085029046029376e+03,7.510282717184790791e-02,7.874853373505094067e-01,-8.163468900395911932e+07,1.715047530093668029e+07
8.784730742891073533e+03,7.202190608745498435e-02,7.881252239039450158e-01,-8.166509140799850225e+07,1.682175323487570137e+07
8.790376456736119508e+03,6.893987263243298025e-02,7.887527732173594819e-01,-8.169414888724324107e+07,1.649318329649061710e+07
8.796022170581165483e+03,6.585677677302687050e-02,7.893679921451092207e-01,-8.172186462525230646e+07,1.616477028258203343e+07
8.801667884426211458e+03,6.277266834414717278e-02,7.899708876823935411e-01,-8.174824182832436264e+07,1.583651900234590471e+07
8.807313598271257433e+03,5.968759704937057903e-02,7.905614669652543114e-01,-8.177328372549776733e+07,1.550843427737366781e+07
8.812959312116303408e+03,5.660161246094051052e-02,7.911397372705759601e-01,-8.179699356855057180e+07,1.518052094165224954e+07
8.818605025961347565e+03,5.351476401976743708e-02,7.917057060160854753e-01,-8.181937463200047612e+07,1.485278384156417847e+07
8.824250739806393540e+03,5.042710103542516475e-02,7.922593807603530713e-01,-8.184043021310490370e+07,1.452522783588713780e+07
8.829896453651439515e+03,4.733867268615733065e-02,7.928007692027910780e-01,-8.186016363186091185e+07,1.419785779579460993e+07
8.835542167496485490e+03,4.424952801887246934e-02,7.933298791836543851e-01,-8.187857823100525141e+07,1.387067860485546291e+07
8.841187881341531465e+03,4.115971594914574067e-02,7.938467186840407752e-01,-8.189567737601439655e+07,1.354369515903404728e+07
8.846833595186577440e+03,3.806928526121853423e-02,7.943512958258903689e-01,-8.191146445510444045e+07,1.321691236669019982e+07
8.852479309031623416e+03,3.497828460799885103e-02,7.948436188719865125e-01,-8.192594287923118472e+07,1.289033514857924357e+07
8.858125022876667572e+03,3.188676251106170589e-02,7.953236962259541132e-01,-8.193911608209012449e+07,1.256396843785207346e+07
8.863770736721713547e+03,2.879476736064594602e-02,7.957915364322621921e-01,-8.195098752011641860e+07,1.223781718005478010e+07
8.869416450566759522e+03,2.570234741565954190e-02,7.962471481762209979e-01,-8.196156067248490453e+07,1.191188633312923461e+07
8.875062164411805497e+03,2.260955080367562514e-02,7.966905402839843386e-01,-8.197083904111011326e+07,1.158618086741269380e+07
8.880707878256851473e+03,1.951642552093414001e-02,7.971217217225481377e-01,-8.197882615064625442e+07,1.126070576563788950e+07
8.886353592101897448e+03,1.642301943234122236e-02,7.975407015997513227e-01,-8.198552554848720133e+07,1.093546602293306962e+07
8.891999305946941604e+03,1.332938027147038094e-02,7.979474891642749368e-01,-8.199094080476652086e+07,1.061046664682202786e+07
8.897645019791987579e+03,1.023555564055835497e-02,7.983420938056433602e-01,-8.199507551235745847e+07,1.028571265722374618e+07
8.903290733637033554e+03,7.141593010511500424e-03,7.987245250542230890e-01,-8.199793328687293828e+07,9.961209086453028023e+06
8.908936447482079529e+03,4.047539720901550432e-03,7.990947925812232899e-01,-8.199951776666559279e+07,9.636960979220017791e+06
8.914582161327125505e+03,9.534429799663829809e-04,7.994529061986960228e-01,-8.199983261282768846e+07,9.312973392630368471e+06
8.920227875172171480e+03,-2.140650135389624009e-03,7.997988758595356851e-01,-8.199888150919118524e+07,8.989251396185204387e+06
8.925873589017215636e+03,-5.234692679594621020e-03,8.001327116574794562e-01,-8.199666816232776642e+07,8.665800071781247854e+06
8.931519302862261611e+03,-8.328637838413421868e-03,8.004544238271071865e-01,-8.199319630154871941e+07,8.342624513710394502e+06
8.937165016707307586e+03,-1.142243892894153311e-02,8.007640227438413971e-01,-8.198846967890509963e+07,8.019729828660331666e+06
8.942810730552353562e+03,-1.451604939960918390e-02,8.010615189239470579e-01,-8.198249206918756664e+07,7.697121135714121163e+06
8.948456444397399537e+03,-1.760942283017984805e-02,8.013469230245319208e-01,-8.197526726992650330e+07,7.374803566350318491e+06
8.954102158242445512e+03,-2.070251293175085286e-02,8.016202458435461864e-01,-8.196679910139195621e+07,7.052782264442965388e+06
8.959747872087489668e+03,-2.379527354675241985e-02,8.018814983197828372e-01,-8.195709140659368038e+07,6.731062386261664331e+06
8.965393585932535643e+03,-2.688765864895086358e-02,8.021306915328776377e-01,-8.194614805128106475e+07,6.409649100471265614e+06
8.971039299777581618e+03,-2.997962234344354882e-02,8.023678367033086900e-01,-8.193397292394322157e+07,6.088547588132299483e+06
8.976685013622627594e+03,-3.307111886666216222e-02,8.025929451923967672e-01,-8.192056993580891192e+07,5.767763042700767517e+06
8.982330727467673569e+03,-3.616210258637224395e-02,8.028060285023056464e-01,-8.190594302084659040e+07,5.447300670028135180e+06
8.987976441312719544e+03,-3.925252800167277484e-02,8.030070982760412202e-01,-8.189009613576442003e+07,5.127165688361339271e+06
8.993622155157763700e+03,-4.234234974299553450e-02,8.031961662974521632e-01,-8.187303326001019776e+07,4.807363328342907131e+06
8.999267869002809675e+03,-4.543152257210874428e-02,8.033732444912300430e-01,-8.185475839577141404e+07,4.487898833010546863e+06
9.004913582847855650e+03,-4.852000138211138430e-02,8.035383449229088759e-01,-8.183527556797526777e+07,4.168777457797750831e+06
9.010559296692901626e+03,-5.160774119743694044e-02,8.036914797988652381e-01,-8.181458882428860664e+07,3.850004470533408225e+06
9.016205010537947601e+03,-5.469469717385256474e-02,8.038326614663183767e-01,-8.179270223511797190e+07,3.531585151441872120e+06
9.021850724382993576e+03,-5.778082459845920033e-02,8.039619024133303204e-01,-8.176961989360958338e+07,3.213524793142996728e+06
9.027496438228037732e+03,-6.086607888969013114e-02,8.040792152688055472e-01,-8.174534591564935446e+07,2.895828700652211905e+06
9.033142152073083707e+03,-6.395041559731529102e-02,8.041846128024913165e-01,-8.171988443986284733e+07,2.578502191380150616e+06
9.038787865918129683e+03,-6.703379040243556686e-02,8.042781079249772258e-01,-8.169323962761533260e+07,2.261550595133200288e+06
9.044433579763175658e+03,-7.011615911748621255e-02,8.043597136876960985e-01,-8.166541566301175952e+07,1.944979254113137722e+06
9.050079293608221633e+03,-7.319747768623602324e-02,8.044294432829226515e-01,-8.163641675289675593e+07,1.628793522917240858e+06
9.055725007453267608e+03,-7.627770218378734923e-02,8.044873100437748281e-01,-8.160624712685461342e+07,1.312998768538273871e+06
9.061370721298311764e+03,-7.935678881657565187e-02,8.045333274442127980e-01,-8.157491103720931709e+07,9.976003703645616770e+05
9.067016435143357739e+03,-8.243469392237255666e-02,8.045675090990397349e-01,-8.154241275902454555e+07,6.826037201796323061e+05
9.072662148988403715e+03,-8.551137397028041320e-02,8.045898687639010394e-01,-8.150875659010362625e+07,3.680142221627905965e+05
9.078307862833449690e+03,-8.858678556073627808e-02,8.046004203352850048e-01,-8.147394685098959506e+07,5.383729288874566555e+04
9.083953576678495665e+03,-9.166088542551070750e-02,8.045991778505225955e-01,-8.143798788496516645e+07,-2.599216386723592877e+05
9.089599290523541640e+03,-9.473363042770809039e-02,8.045861554877872246e-01,-8.140088405805273354e+07,-5.732571311548352242e+05
9.095245004368585796e+03,-9.780497756176514956e-02,8.045613675660951980e-01,-8.136263975901435316e+07,-8.861637307974472642e+05
9.100890718213631772e+03,-1.008748839534553965e-01,8.045248285453050485e-01,-8.132325939935177565e+07,-1.198635971443772316e+06
9.106536432058677747e+03,-1.039433068598830945e-01,8.044765530261183129e-01,-8.128274741330642998e+07,-1.510668374541595578e+06
9.112182145903723722e+03,-1.070102036694867836e-01,8.044165557500789765e-01,-8.124110825785943866e+07,-1.822255449143320322e+06
9.117827859748769697e+03,-1.100755319020389617e-01,8.043448515995738068e-01,-8.119834641273157299e+07,-2.133391691905848682e+06
9.123473573593815672e+03,-1.131392492086453899e-01,8.042614555978319091e-01,-8.115446638038332760e+07,-2.444071587090626359e+06
9.129119287438861647e+03,-1.162013133717460373e-01,8.041663829089253923e-01,-8.110947268601484597e+07,-2.754289606563620269e+06
9.134765001283905804e+03,-1.192616823051127206e-01,8.040596488377687034e-01,-8.106336987756597996e+07,-3.064040209795162082e+06
9.140410715128951779e+03,-1.223203140538545591e-01,8.039412688301191823e-01,-8.101616252571620047e+07,-3.373317843860469759e+06
9.146056428973997754e+03,-1.253771667944109380e-01,8.038112584725763954e-01,-8.096785522388473153e+07,-3.682116943438902497e+06
9.151702142819043729e+03,-1.284321988345559218e-01,8.036696334925830243e-01,-8.091845258823044598e+07,-3.990431930814497173e+06
9.157347856664089704e+03,-1.314853686133971578e-01,8.035164097584241993e-01,-8.086795925765189528e+07,-4.298257215875789523e+06
9.162993570509135679e+03,-1.345366347013761121e-01,8.033516032792273887e-01,-8.081637989378732443e+07,-4.605587196115791798e+06
9.168639284354179836e+03,-1.375859558002666683e-01,8.031752302049632863e-01,-8.076371918101465702e+07,-4.912416256631985307e+06
9.174284998199225811e+03,-1.406332907431793178e-01,8.029873068264445912e-01,-8.070998182645146549e+07,-5.218738770126625896e+06
9.179930712044271786e+03,-1.436785984945554151e-01,8.027878495753271171e-01,-8.065517255995503068e+07,-5.524549096906244755e+06
9.185576425889317761e+03,-1.467218381501705637e-01,8.025768750241090155e-01,-8.059929613412234187e+07,-5.829841584881901741e+06
9.191222139734363736e+03,-1.497629689371344497e-01,8.023543998861312199e-01,-8.054235732429000735e+07,-6.134610569569252431e+06
9.196867853579409712e+03,-1.528019502138899810e-01,8.021204410155771125e-01,-8.048436092853437364e+07,-6.438850374088414013e+06
9.202513567424453868e+03,-1.558387414702127882e-01,8.018750154074730796e-01,-8.042531176767145097e+07,-6.742555309163950384e+06
9.208159281269499843e+03,-1.588733023272152212e-01,8.016181401976878451e-01,-8.036521468525686860e+07,-7.045719673125237226e+06
9.213804995114545818e+03,-1.619055925373402705e-01,8.013498326629325819e-01,-8.030407454758603871e+07,-7.348337751905836165e+06
9.219450708959591793e+03,-1.649355719843653423e-01,8.010701102207615776e-01,-8.024189624369397759e+07,-7.650403819043971598e+06
9.225096422804637768e+03,-1.679632006834017866e-01,8.007789904295714578e-01,-8.017868468535540998e+07,-7.951912135682351887e+06
9.230742136649683744e+03,-1.709884387808940365e-01,8.004764909886014079e-01,-8.011444480708476901e+07,-8.252856950568191707e+06
9.236387850494727900e+03,-1.740112465546201082e-01,8.001626297379338393e-01,-8.004918156613612175e+07,-8.553232500053174794e+06
9.242033564339773875e+03,-1.770315844136934602e-01,7.998374246584927239e-01,-7.998289994250321388e+07,-8.853033008093729615e+06
9.247679278184819850e+03,-1.800494128985589692e-01,7.995008938720454816e-01,-7.991560493891951442e+07,-9.152252686250552535e+06
9.253324992029865825e+03,-1.830646926809959552e-01,7.991530556412022035e-01,-7.984730158085814118e+07,-9.450885733688943088e+06
9.258970705874911800e+03,-1.860773845641170987e-01,7.987939283694149850e-01,-7.977799491653192043e+07,-9.748926337178707123e+06
9.264616419719957776e+03,-1.890874494823690521e-01,7.984235306009791477e-01,-7.970769001689331234e+07,-1.004636867109414935e+07
9.270262133565001932e+03,-1.920948485015311347e-01,7.980418810210324621e-01,-7.963639197563453019e+07,-1.034320689741404355e+07
9.275907847410047907e+03,-1.950995428187188852e-01,7.976489984555552581e-01,-7.956410590918737650e+07,-1.063943516572193801e+07
9.281553561255093882e+03,-1.981014937623787053e-01,7.972449018713703150e-01,-7.949083695672339201e+07,-1.093504761320558190e+07
9.287199275100139857e+03,-2.011006627922915790e-01,7.968296103761436378e-01,-7.941659028015379608e+07,-1.123003836465740204e+07
9.292844988945185833e+03,-2.040970114995721840e-01,7.964031432183831249e-01,-7.934137106412947178e+07,-1.152440153247427195e+07
9.298490702790231808e+03,-2.070905016066686977e-01,7.959655197874401233e-01,-7.926518451604101062e+07,-1.181813121665762365e+07
9.304136416635275964e+03,-2.100810949673621031e-01,7.955167596135078734e-01,-7.918803586601866782e+07,-1.211122150481330603e+07
9.309782130480321939e+03,-2.130687535667697974e-01,7.950568823676225083e-01,-7.910993036693234742e+07,-1.240366647215195745e+07
9.315427844325367914e+03,-2.160534395213398462e-01,7.945859078616628324e-01,-7.903087329439167678e+07,-1.269546018148843199e+07
9.321073558170413889e+03,-2.190351150788549806e-01,7.941038560483503206e-01,-7.895086994674594700e+07,-1.298659668324222416e+07
9.326719272015459865e+03,-2.220137426184316531e-01,7.936107470212491188e-01,-7.886992564508414268e+07,-1.327707001543734968e+07
9.332364985860505840e+03,-2.249892846505197608e-01,7.931066010147658218e-01,-7.878804573323491216e+07,-1.356687420370230079e+07
9.338010699705549996e+03,-2.279617038169021448e-01,7.925914384041498062e-01,-7.870523557776662707e+07,-1.385600326127002388e+07
9.343656413550595971e+03,-2.309309628906974221e-01,7.920652797054930083e-01,-7.862150056798724830e+07,-1.414445118897824734e+07
9.349302127395641946e+03,-2.338970247763561272e-01,7.915281455757300355e-01,-7.853684611594450474e+07,-1.443221197526893020e+07
9.354947841240687922e+03,-2.368598525096622942e-01,7.909800568126380549e-01,-7.845127765642577410e+07,-1.471927959618867934e+07
9.360593555085733897e+03,-2.398194092577340675e-01,7.904210343548369044e-01,-7.836480064695809782e+07,-1.500564801538855582e+07
9.366239268930779872e+03,-2.427756583190231465e-01,7.898510992817892040e-01,-7.827742056780824065e+07,-1.529131118412417173e+07
9.371884982775824028e+03,-2.457285631233142031e-01,7.892702728138001333e-01,-7.818914292198263109e+07,-1.557626304125559330e+07
9.377530696620870003e+03,-2.486780872317276292e-01,7.886785763120172099e-01,-7.809997323522733152e+07,-1.586049751324759424e+07
9.383176410465915978e+03,-2.516241943367151235e-01,7.880760312784308441e-01,-7.800991705602814257e+07,-1.614400851416926831e+07
9.388822124310961954e+03,-2.545668482620632167e-01,7.874626593558741172e-01,-7.791897995561052859e+07,-1.642678994569427520e+07
9.394467838156007929e+03,-2.575060129628914951e-01,7.868384823280226703e-01,-7.782716752793963253e+07,-1.670883569710081816e+07
9.400113552001053904e+03,-2.604416525256532111e-01,7.862035221193948153e-01,-7.773448538972027600e+07,-1.699013964527159929e+07
9.405759265846098060e+03,-2.633737311681347837e-01,7.855578007953517572e-01,-7.764093918039700389e+07,-1.727069565469370037e+07
9.411404979691144035e+03,-2.663022132394583519e-01,7.849013405620964834e-01,-7.754653456215392053e+07,-1.755049757745909691e+07
9.417050693536190010e+03,-2.692270632200778890e-01,7.842341637666753185e-01,-7.745127721991494298e+07,-1.782953925326392055e+07
9.422696407381235986e+03,-2.721482457217808126e-01,7.835562928969772578e-01,-7.735517286134360731e+07,-1.810781450940894336e+07
9.428342121226281961e+03,-2.750657262762400967e-01,7.828677523726228493e-01,-7.725822653486073017e+07,-1.838531945915907994e+07
9.433987835071327936e+03,-2.779795058299301402e-01,7.821686466594220954e-01,-7.716041234221111238e+07,-1.866215324541699141e+07
9.439633548916373911e+03,-2.808895700177267418e-01,7.814590446040486915e-01,-7.706171643671959639e+07,-1.893837060354750231e+07
9.445279262761418067e+03,-2.837958854255383523e-01,7.807389714456247631e-01,-7.696214131904381514e+07,-1.921397052693359554e+07
9.450924976606464043e+03,-2.866984187492020997e-01,7.800084524386488027e-01,-7.686168949600559473e+07,-1.948895201016708463e+07
9.456570690451510018e+03,-2.895971367944786823e-01,7.792675128529974460e-01,-7.676036348059122264e+07,-1.976331404904809967e+07
9.462216404296555993e+03,-2.924920064770559769e-01,7.785161779739242505e-01,-7.665816579195134342e+07,-2.003705564058542252e+07
9.467862118141601968e+03,-2.953829948225478175e-01,7.777544731020601398e-01,-7.655509895540088415e+07,-2.031017578299641982e+07
9.473507831986647943e+03,-2.982700689664945504e-01,7.769824235534134038e-01,-7.645116550241914392e+07,-2.058267347570702434e+07
9.479153545831692099e+03,-3.011531961543614244e-01,7.762000546593698092e-01,-7.634636797064983845e+07,-2.085454771935166046e+07
9.484799259676738075e+03,-3.040323437415429209e-01,7.754073917666917115e-01,-7.624070890390086174e+07,-2.112579751577358693e+07
9.490444973521784050e+03,-3.069074791933568136e-01,7.746044602375193877e-01,-7.613419085214459896e+07,-2.139642186802437156e+07
9.496090687366830025e+03,-3.097785700850481105e-01,7.737912854493703696e-01,-7.602681637151774764e+07,-2.166641978036424518e+07
9.501736401211876000e+03,-3.126455841017878323e-01,7.729678927951393330e-01,-7.591858802432134748e+07,-2.193579025826201215e+07
9.507382115056921975e+03,-3.155084890386733454e-01,7.721343076830983199e-01,-7.580950837902076542e+07,-2.220453230839505047e+07
9.513027828901966132e+03,-3.183672528007271407e-01,7.712905555368970711e-01,-7.569958001024578512e+07,-2.247264493864922598e+07
9.518673542747012107e+03,-3.212218434029007752e-01,7.704366617955612506e-01,-7.558880549879039824e+07,-2.274012715811923891e+07
9.524319256592058082e+03,-3.240722289700692094e-01,7.695726519134955534e-01,-7.547718743161308765e+07,-2.300697797710809857e+07
9.529964970437104057e+03,-3.269183777370345267e-01,7.686985513604808196e-01,-7.536472840183658898e+07,-2.327319640712748095e+07
9.535610684282150032e+03,-3.297602580485249346e-01,7.678143856216759211e-01,-7.525143100874803960e+07,-2.353878146089762822e+07
9.541256398127196007e+03,-3.325978383591947640e-01,7.669201801976163191e-01,-7.513729785779890418e+07,-2.380373215234736726e+07
9.546902111972240164e+03,-3.354310872336239147e-01,7.660159606042157288e-01,-7.502233156060501933e+07,-2.406804749661400542e+07
9.552547825817286139e+03,-3.382599733463209080e-01,7.651017523727636771e-01,-7.490653473494648933e+07,-2.433172651004368067e+07
9.558193539662332114e+03,-3.410844654817178911e-01,7.641775810499285004e-01,-7.478991000476783514e+07,-2.459476821019084752e+07
9.563839253507378089e+03,-3.439045325341739678e-01,7.632434721977550129e-01,-7.467246000017791986e+07,-2.485717161581862345e+07
9.569484967352424064e+03,-3.467201435079745875e-01,7.622994513936656169e-01,-7.455418735744993389e+07,-2.511893574689869583e+07
9.575130681197470039e+03,-3.495312675173313788e-01,7.613455442304597476e-01,-7.443509471902143955e+07,-2.538005962461133301e+07
9.580776395042514196e+03,-3.523378737863810395e-01,7.603817763163148724e-01,-7.431518473349434137e+07,-2.564054227134528384e+07
9.586422108887560171e+03,-3.551399316491893887e-01,7.594081732747844926e-01,-7.419446005563481152e+07,-2.590038271069812775e+07
9.592067822732606146e+03,-3.579374105497457048e-01,7.584247607448003636e-01,-7.407292334637348354e+07,-2.615957996747576073e+07
9.597713536577652121e+03,-3.607302800419662780e-01,7.574315643806713849e-01,-7.395057727280527353e+07,-2.641813306769274920e+07
9.603359250422698096e+03,-3.635185097896935780e-01,7.564286098520835999e-01,-7.382742450818946958e+07,-2.667604103857222199e+07
9.609004964267744072e+03,-3.663020695666963644e-01,7.554159228441005292e-01,-7.370346773194970191e+07,-2.693330290854588151e+07
9.614650678112788228e+03,-3.690809292566686883e-01,7.543935290571629482e-01,-7.357870962967397273e+07,-2.718991770725392178e+07
9.620296391957834203e+03,-3.718550588532333334e-01,7.533614542070885545e-01,-7.345315289311453700e+07,-2.744588446554537117e+07
9.625942105802880178e+03,-3.746244284599365981e-01,7.523197240250728557e-01,-7.332680022018808126e+07,-2.770120221547756344e+07
9.631587819647926153e+03,-3.773890082902520704e-01,7.512683642576883924e-01,-7.319965431497561932e+07,-2.795586999031651020e+07
9.637233533492972128e+03,-3.801487686675794064e-01,7.502074006668849604e-01,-7.307171788772252202e+07,-2.820988682453677058e+07
9.642879247338018104e+03,-3.829036800252443307e-01,7.491368590299900543e-01,-7.294299365483850241e+07,-2.846325175382150710e+07
9.648524961183062260e+03,-3.856537129064980807e-01,7.480567651397083129e-01,-7.281348433889764547e+07,-2.871596381506235152e+07
9.654170675028108235e+03,-3.883988379645205158e-01,7.469671448041208528e-01,-7.268319266863825917e+07,-2.896802204635977000e+07
9.659816388873154210e+03,-3.911390259624153432e-01,7.458680238466872670e-01,-7.255212137896314263e+07,-2.921942548702254146e+07
9.665462102718200185e+03,-3.938742477732130043e-01,7.447594281062438482e-01,-7.242027321093937755e+07,-2.947017317756811157e+07
9.671107816563246161e+03,-3.966044743798703420e-01,7.436413834370042553e-01,-7.228765091179843247e+07,-2.972026415972249955e+07
9.676753530408292136e+03,-3.993296768752702675e-01,7.425139157085595132e-01,-7.215425723493605852e+07,-2.996969747642029822e+07
9.682399244253336292e+03,-4.020498264622211493e-01,7.413770508058783459e-01,-7.202009493991246819e+07,-3.021847217180458084e+07
9.688044958098382267e+03,-4.047648944534600335e-01,7.402308146293056224e-01,-7.188516679245203733e+07,-3.046658729122725874e+07
9.693690671943428242e+03,-4.074748522716475918e-01,7.390752330945645765e-01,-7.174947556444363296e+07,-3.071404188124855235e+07
9.699336385788474217e+03,-4.101796714493715079e-01,7.379103321327553644e-01,-7.161302403394043446e+07,-3.096083498963735625e+07
9.704982099633520193e+03,-4.128793236291458113e-01,7.367361376903553971e-01,-7.147581498515996337e+07,-3.120696566537112743e+07
9.710627813478566168e+03,-4.155737805634104887e-01,7.355526757292196738e-01,-7.133785120848408341e+07,-3.145243295863589272e+07
9.716273527323610324e+03,-4.182630141145309288e-01,7.343599722265805596e-01,-7.119913550045906007e+07,-3.169723592082618549e+07
9.721919241168656299e+03,-4.209469962548015309e-01,7.331580531750466756e-01,-7.105967066379536688e+07,-3.194137360454534367e+07
9.727564955013702274e+03,-4.236256990664399313e-01,7.319469445826051190e-01,-7.091945950736796856e+07,-3.218484506360504031e+07
9.733210668858748249e+03,-4.262990947415910559e-01,7.307266724726199092e-01,-7.077850484621608257e+07,-3.242764935302560031e+07
9.738856382703794225e+03,-4.289671555823259541e-01,7.294972628838322093e-01,-7.063680950154334307e+07,-3.266978552903594077e+07
9.744502096548840200e+03,-4.316298540006418549e-01,7.282587418703606597e-01,-7.049437630071769655e+07,-3.291125264907351509e+07
9.750147810393886175e+03,-4.342871625184622220e-01,7.270111355017012666e-01,-7.035120807727143168e+07,-3.315204977178438753e+07
9.755793524238930331e+03,-4.369390537676356989e-01,7.257544698627275137e-01,-7.020730767090122402e+07,-3.339217595702309906e+07
9.761439238083976306e+03,-4.395855004899399399e-01,7.244887710536890291e-01,-7.006267792746800184e+07,-3.363163026585300267e+07
9.767084951929022282e+03,-4.422264755370759470e-01,7.232140651902140283e-01,-6.991732169899711013e+07,-3.387041176054579020e+07
9.772730665774068257e+03,-4.448619518706720677e-01,7.219303784033077598e-01,-6.977124184367826581e+07,-3.410851950458180159e+07
9.778376379619114232e+03,-4.474919025622824953e-01,7.206377368393523941e-01,-6.962444122586548328e+07,-3.434595256264995784e+07
9.784022093464160207e+03,-4.501163007933879356e-01,7.193361666601076898e-01,-6.947692271607713401e+07,-3.458271000064776093e+07
9.789667807309204363e+03,-4.527351198553941636e-01,7.180256940427111045e-01,-6.932868919099600613e+07,-3.481879088568118215e+07
9.795313521154250338e+03,-4.553483331496359088e-01,7.167063451796759077e-01,-6.917974353346905112e+07,-3.505419428606501967e+07
9.800959234999296314e+03,-4.579559141873714712e-01,7.153781462788942891e-01,-6.903008863250774145e+07,-3.528891927132241428e+07
9.806604948844342289e+03,-4.605578365897861071e-01,7.140411235636350273e-01,-6.887972738328784704e+07,-3.552296491218515486e+07
9.812250662689388264e+03,-4.631540740879912521e-01,7.126953032725443782e-01,-6.872866268714949489e+07,-3.575633028059358895e+07
9.817896376534434239e+03,-4.657446005230247987e-01,7.113407116596455193e-01,-6.857689745159709454e+07,-3.598901444969666749e+07
9.823542090379478395e+03,-4.683293898458494864e-01,7.099773749943401047e-01,-6.842443459029954672e+07,-3.622101649385181069e+07
9.829187804224524371e+03,-4.709084161173573424e-01,7.086053195614049338e-01,-6.827127702308988571e+07,-3.645233548862525076e+07
9.834833518069570346e+03,-4.734816535083636868e-01,7.072245716609961708e-01,-6.811742767596563697e+07,-3.668297051079156995e+07
9.840479231914616321e+03,-4.760490762996110736e-01,7.058351576086462353e-01,-6.796288948108868301e+07,-3.691292063833400607e+07
9.846124945759662296e+03,-4.786106588817679031e-01,7.044371037352652465e-01,-6.780766537678518891e+07,-3.714218495044434816e+07
9.851770659604708271e+03,-4.811663757554291987e-01,7.030304363871403561e-01,-6.765175830754570663e+07,-3.737076252752298117e+07
9.857416373449752427e+03,-4.837162015311151642e-01,7.016151819259366373e-01,-6.749517122402516007e+07,-3.759865245117877424e+07
9.863062087294798403e+03,-4.862601109292744583e-01,7.001913667286950860e-01,-6.733790708304269612e+07,-3.782585380422940850e+07
9.868707801139844378e+03,-4.887980787802798099e-01,6.987590171878352852e-01,-6.717996884758192301e+07,-3.805236567070090771e+07
9.874353514984890353e+03,-4.913300800244307931e-01,6.973181597111535179e-01,-6.702135948679077625e+07,-3.827818713582793623e+07
9.879999228829936328e+03,-4.938560897119532167e-01,6.958688207218239885e-01,-6.686208197598153353e+07,-3.850331728605373949e+07
9.885644942674982303e+03,-4.963760830029989579e-01,6.944110266583972679e-01,-6.670213929663079977e+07,-3.872775520903014392e+07
9.891290656520026459e+03,-4.988900351676453515e-01,6.929448039748025145e-01,-6.654153443637960404e+07,-3.895149999361746013e+07
9.896936370365072435e+03,-5.013979215858983540e-01,6.914701791403444764e-01,-6.638027038903315365e+07,-3.917455072988480330e+07
9.902582084210118410e+03,-5.038997177476879363e-01,6.899871786397063778e-01,-6.621835015456115454e+07,-3.939690650910964608e+07
9.908227798055164385e+03,-5.063953992528703596e-01,6.884958289729485870e-01,-6.605577673909761757e+07,-3.961856642377810180e+07
9.913873511900210360e+03,-5.088849418112288969e-01,6.869961566555085053e-01,-6.589255315494088829e+07,-3.983952956758484989e+07
9.919519225745256335e+03,-5.113683212424724456e-01,6.854881882182012331e-01,-6.572868242055367678e+07,-4.005979503543315828e+07
9.925164939590300492e+03,-5.138455134762356380e-01,6.839719502072192370e-01,-6.556416756056307256e+07,-4.027936192343479395e+07
9.930810653435346467e+03,-5.163164945520812843e-01,6.824474691841312390e-01,-6.539901160576037318e+07,-4.049822932891029865e+07
9.936456367280392442e+03,-5.187812406194965975e-01,6.809147717258842158e-01,-6.523321759310136735e+07,-4.071639635038858652e+07
9.942102081125438417e+03,-5.212397279378951920e-01,6.793738844248021769e-01,-6.506678856570613384e+07,-4.093386208760721982e+07
9.947747794970484392e+03,-5.236919328766173054e-01,6.778248338885867197e-01,-6.489972757285910845e+07,-4.115062564151233435e+07
9.953393508815530367e+03,-5.261378319149289107e-01,6.762676467403163638e-01,-6.473203767000907660e+07,-4.136668611425861716e+07
9.959039222660574524e+03,-5.285774016420218269e-01,6.747023496184476610e-01,-6.456372191876922548e+07,-4.158204260920928419e+07
9.964684936505620499e+03,-5.310106187570161618e-01,6.731289691768128636e-01,-6.439478338691690564e+07,-4.179669423093631864e+07
9.970330650350666474e+03,-5.334374600689559820e-01,6.715475320846227003e-01,-6.422522514839400351e+07,-4.201064008522009850e+07
9.975976364195712449e+03,-5.358579024968121995e-01,6.699580650264653769e-01,-6.405505028330668807e+07,-4.222387927904960513e+07
9.981622078040758424e+03,-5.382719230694821277e-01,6.683605947023059102e-01,-6.388426187792546302e+07,-4.243641092062240839e+07
9.987267791885804399e+03,-5.406794989257888151e-01,6.667551478274867938e-01,-6.371286302468519658e+07,-4.264823411934466660e+07
9.992913505730848556e+03,-5.430806073144812673e-01,6.651417511327282206e-01,-6.354085682218515873e+07,-4.285934798583102226e+07
9.998559219575894531e+03,-5.454752255942368899e-01,6.635204313641263063e-01,-6.336824637518876791e+07,-4.306975163190491498e+07
1.000420493342094051e+04,-5.478633312336566030e-01,6.618912152831557538e-01,-6.319503479462401569e+07,-4.327944417059811950e+07
1.000985064726598648e+04,-5.502449018112687273e-01,6.602541296666682991e-01,-6.302122519758312404e+07,-4.348842471615111828e+07
1.001549636111103246e+04,-5.526199150155274298e-01,6.586092013068929329e-01,-6.284682070732269436e+07,-4.369669238401289284e+07
1.002114207495607843e+04,-5.549883486448130565e-01,6.569564570114357904e-01,-6.267182445326367766e+07,-4.390424629084104300e+07
1.002678778880112259e+04,-5.573501806074320220e-01,6.552959236032810386e-01,-6.249623957099141181e+07,-4.411108555450166762e+07
1.003243350264616856e+04,-5.597053889216183631e-01,6.536276279207884343e-01,-6.232006920225542039e+07,-4.431720929406963289e+07
1.003807921649121454e+04,-5.620539517155304088e-01,6.519515968176965437e-01,-6.214331649496974051e+07,-4.452261662982818484e+07
1.004372493033626051e+04,-5.643958472272534443e-01,6.502678571631209659e-01,-6.196598460321269929e+07,-4.472730668326920271e+07
1.004937064418130649e+04,-5.667310538047988233e-01,6.485764358415542219e-01,-6.178807668722698092e+07,-4.493127857709314674e+07
1.005501635802635246e+04,-5.690595499061041895e-01,6.468773597528665320e-01,-6.160959591341960430e+07,-4.513453143520905077e+07
1.006066207187139844e+04,-5.713813140990335881e-01,6.451706558123052604e-01,-6.143054545436193794e+07,-4.533706438273452222e+07
1.006630778571644260e+04,-5.736963250613762444e-01,6.434563509504954704e-01,-6.125092848878975958e+07,-4.553887654599565268e+07
1.007195349956148857e+04,-5.760045615808495612e-01,6.417344721134380370e-01,-6.107074820160301030e+07,-4.573996705252735317e+07
1.007759921340653455e+04,-5.783060025550954553e-01,6.400050462625127556e-01,-6.089000778386615217e+07,-4.594033503107287735e+07
1.008324492725158052e+04,-5.806006269916823559e-01,6.382681003744761217e-01,-6.070871043280795962e+07,-4.613997961158412695e+07
1.008889064109662650e+04,-5.828884140081050935e-01,6.365236614414618854e-01,-6.052685935182152689e+07,-4.633889992522156239e+07
1.009453635494167247e+04,-5.851693428317845669e-01,6.347717564709813853e-01,-6.034445775046429783e+07,-4.653709510435424000e+07
1.010018206878671663e+04,-5.874433928000672989e-01,6.330124124859233259e-01,-6.016150884445814788e+07,-4.673456428255971521e+07
1.010582778263176260e+04,-5.897105433602278790e-01,6.312456565245525564e-01,-5.997801585568907857e+07,-4.693130659462431073e+07
1.011147349647680858e+04,-5.919707740694654108e-01,6.294715156405126244e-01,-5.979398201220765710e+07,-4.712732117654274404e+07
1.011711921032185455e+04,-5.942240645949052880e-01,6.276900169028237775e-01,-5.960941054822871089e+07,-4.732260716551832855e+07
1.012276492416690053e+04,-5.964703947135994166e-01,6.259011873958837402e-01,-5.942430470413143188e+07,-4.751716369996301085e+07
1.012841063801194650e+04,-5.987097443125263263e-01,6.241050542194673811e-01,-5.923866772645933926e+07,-4.771098991949726641e+07
1.013405635185699066e+04,-6.009420933885888383e-01,6.223016444887274901e-01,-5.905250286792039126e+07,-4.790408496495009959e+07
1.013970206570203663e+04,-6.031674220486197280e-01,6.204909853341923354e-01,-5.886581338738667965e+07,-4.809644797835926712e+07
1.014534777954708261e+04,-6.053857105093742863e-01,6.186731039017694389e-01,-5.867860254989482462e+07,-4.828807810297092795e+07
1.015099349339212858e+04,-6.075969390975354267e-01,6.168480273527429114e-01,-5.849087362664575875e+07,-4.847897448323985934e+07
1.015663920723717456e+04,-6.098010882497124641e-01,6.150157828637742297e-01,-5.830262989500474930e+07,-4.866913626482942700e+07
1.016228492108222054e+04,-6.119981385124403372e-01,6.131763976269019034e-01,-5.811387463850140572e+07,-4.885856259461155534e+07
1.016793063492726469e+04,-6.141880705421799425e-01,6.113298988495428077e-01,-5.792461114682975411e+07,-4.904725262066669762e+07
1.017357634877231067e+04,-6.163708651053203535e-01,6.094763137544888520e-01,-5.773484271584795415e+07,-4.923520549228404462e+07
1.017922206261735664e+04,-6.185465030781742701e-01,6.076156695799113105e-01,-5.754457264757873863e+07,-4.942242035996119678e+07
1.018486777646240262e+04,-6.207149654469819033e-01,6.057479935793581571e-01,-5.735380425020910800e+07,-4.960889637540438771e+07
1.019051349030744859e+04,-6.228762333079096436e-01,6.038733130217545098e-01,-5.716254083809038997e+07,-4.979463269152840227e+07
1.019615920415249457e+04,-6.250302878670495055e-01,6.019916551914029634e-01,-5.697078573173829913e+07,-4.997962846245662868e+07
1.020180491799753872e+04,-6.271771104404195718e-01,6.001030473879839233e-01,-5.677854225783292949e+07,-5.016388284352093935e+07
1.020745063184258470e+04,-6.293166824539657700e-01,5.982075169265531622e-01,-5.658581374921853840e+07,-5.034739499126200378e+07
1.021309634568763067e+04,-6.314489854435585414e-01,5.963050911375460394e-01,-5.639260354490391910e+07,-5.053016406342884898e+07
1.021874205953267665e+04,-6.335740010549947288e-01,5.943957973667737260e-01,-5.619891499006216228e+07,-5.071218921897912025e+07
1.022438777337772262e+04,-6.356917110439979091e-01,5.924796629754257582e-01,-5.600475143603068590e+07,-5.089346961807908863e+07
1.023003348722276860e+04,-6.378020972762173946e-01,5.905567153400680391e-01,-5.581011624031126499e+07,-5.107400442210355401e+07
1.023567920106781276e+04,-6.399051417272282327e-01,5.886269818526450592e-01,-5.561501276657007635e+07,-5.125379279363587499e+07
1.024132491491285873e+04,-6.420008264825336486e-01,5.866904899204764545e-01,-5.541944438463748246e+07,-5.143283389646811783e+07
1.024697062875790471e+04,-6.440891337375610481e-01,5.847472669662607814e-01,-5.522341447050833702e+07,-5.161112689560073614e+07
1.025261634260295068e+04,-6.461700457976645717e-01,5.827973404280738512e-01,-5.502692640634182096e+07,-5.178867095724289119e+07
1.025826205644799666e+04,-6.482435450781247610e-01,5.808407377593683973e-01,-5.482998358046141267e+07,-5.196546524881223589e+07
1.026390777029304263e+04,-6.503096141041482259e-01,5.788774864289744082e-01,-5.463258938735499233e+07,-5.214150893893504143e+07
1.026955348413808679e+04,-6.523682355108670894e-01,5.769076139211000154e-01,-5.443474722767481953e+07,-5.231680119744608551e+07
1.027519919798313276e+04,-6.544193920433415412e-01,5.749311477353286071e-01,-5.423646050823730230e+07,-5.249134119538887590e+07
1.028084491182817874e+04,-6.564630665565566181e-01,5.729481153866228249e-01,-5.403773264202341437e+07,-5.266512810501535237e+07
1.028649062567322471e+04,-6.584992420154229809e-01,5.709585444053218994e-01,-5.383856704817838967e+07,-5.283816109978606552e+07
1.029213633951827069e+04,-6.605279014947786909e-01,5.689624623371426493e-01,-5.363896715201182663e+07,-5.301043935437014699e+07
1.029778205336331666e+04,-6.625490281793874336e-01,5.669598967431787040e-01,-5.343893638499763608e+07,-5.318196204464528710e+07
1.030342776720836082e+04,-6.645626053639381858e-01,5.649508751999020584e-01,-5.323847818477419019e+07,-5.335272834769771248e+07
1.030907348105340679e+04,-6.665686164530489899e-01,5.629354252991598528e-01,-5.303759599514397234e+07,-5.352273744182239473e+07
1.031471919489845277e+04,-6.685670449612609589e-01,5.609135746481784812e-01,-5.283629326607403159e+07,-5.369198850652269274e+07
1.032036490874349875e+04,-6.705578745130427176e-01,5.588853508695612593e-01,-5.263457345369568467e+07,-5.386048072251059860e+07
1.032601062258854472e+04,-6.725410888427891809e-01,5.568507816012882028e-01,-5.243244002030460536e+07,-5.402821327170668542e+07
1.033165633643359070e+04,-6.745166717948212209e-01,5.548098944967173596e-01,-5.222989643436080217e+07,-5.419518533724012226e+07
1.033730205027863485e+04,-6.764846073233848900e-01,5.527627172245841436e-01,-5.202694617048871517e+07,-5.436139610344852507e+07
1.034294776412368083e+04,-6.784448794926551951e-01,5.507092774689996695e-01,-5.182359270947690308e+07,-5.452684475587833673e+07
1.034859347796872680e+04,-6.803974724767309912e-01,5.486496029294540833e-01,-5.161983953827850521e+07,-5.469153048128435761e+07
1.035423919181377278e+04,-6.823423705596374234e-01,5.465837213208143419e-01,-5.141569015001091361e+07,-5.485545246763002127e+07
1.035988490565881875e+04,-6.842795581353267043e-01,5.445116603733245464e-01,-5.121114804395588487e+07,-5.501860990408734232e+07
1.036553061950386473e+04,-6.862090197076766707e-01,5.424334478326061637e-01,-5.100621672555951774e+07,-5.518100198103690892e+07
1.037117633334891070e+04,-6.881307398904916717e-01,5.403491114596582490e-01,-5.080089970643225312e+07,-5.534262789006787539e+07
1.037682204719395486e+04,-6.900447034075015695e-01,5.382586790308571123e-01,-5.059520050434893370e+07,-5.550348682397795469e+07
1.038246776103900083e+04,-6.919508950923640711e-01,5.361621783379552086e-01,-5.038912264324859530e+07,-5.566357797677351534e+07
1.038811347488404681e+04,-6.938492998886611751e-01,5.340596371880835802e-01,-5.018266965323475003e+07,-5.582290054366941005e+07
1.039375918872909278e+04,-6.957399028499021698e-01,5.319510834037503022e-01,-4.997584507057526708e+07,-5.598145372108910233e+07
1.039940490257413876e+04,-6.976226891395220786e-01,5.298365448228408159e-01,-4.976865243770228326e+07,-5.613923670666460693e+07
1.040505061641918473e+04,-6.994976440308823262e-01,5.277160492986173734e-01,-4.956109530321235955e+07,-5.629624869923654199e+07
1.041069633026422889e+04,-7.013647529072695175e-01,5.255896246997209253e-01,-4.935317722186641395e+07,-5.645248889885403216e+07
1.041634204410927487e+04,-7.032240012618989899e-01,5.234572989101670126e-01,-4.914490175458952785e+07,-5.660795650677490979e+07
1.042198775795432084e+04,-7.050753746979098180e-01,5.213190998293507628e-01,-4.893627246847134829e+07,-5.676265072546546161e+07
1.042763347179936682e+04,-7.069188589283682544e-01,5.191750553720441141e-01,-4.872729293676576763e+07,-5.691657075860058516e+07
1.043327918564441279e+04,-7.087544397762663984e-01,5.170251934683961492e-01,-4.851796673889105767e+07,-5.706971581106376648e+07
1.043892489948945877e+04,-7.105821031745229721e-01,5.148695420639329834e-01,-4.830829746042981744e+07,-5.722208508894702792e+07
1.044457061333450292e+04,-7.124018351659817672e-01,5.127081291195593193e-01,-4.809828869312906265e+07,-5.737367779955096543e+07
1.045021632717954890e+04,-7.142136219034151967e-01,5.105409826115544503e-01,-4.788794403489997983e+07,-5.752449315138483793e+07
1.045586204102459487e+04,-7.160174496495194107e-01,5.083681305315776999e-01,-4.767726708981825411e+07,-5.767453035416638851e+07
1.046150775486964085e+04,-7.178133047769177377e-01,5.061896008866639818e-01,-4.746626146812388301e+07,-5.782378861882195622e+07
1.046715346871468682e+04,-7.196011737681595744e-01,5.040054216992267966e-01,-4.725493078622122109e+07,-5.797226715748646110e+07
1.047279918255973280e+04,-7.213810432157204966e-01,5.018156210070561229e-01,-4.704327866667892784e+07,-5.811996518350337446e+07
1.047844489640477696e+04,-7.231528998220020377e-01,4.996202268633200827e-01,-4.683130873823013902e+07,-5.826688191142471135e+07
1.048409061024982293e+04,-7.249167303993329092e-01,4.974192673365620543e-01,-4.661902463577206433e+07,-5.841301655701121688e+07
1.048973632409486891e+04,-7.266725218699670030e-01,4.952127705107047251e-01,-4.640643000036650896e+07,-5.855836833723205328e+07
1.049538203793991488e+04,-7.284202612660846121e-01,4.930007644850475934e-01,-4.619352847923955321e+07,-5.870293647026497871e+07
1.050102775178496086e+04,-7.301599357297923198e-01,4.907832773742672461e-01,-4.598032372578161955e+07,-5.884672017549637705e+07
1.050667346563000683e+04,-7.318915325131227778e-01,4.885603373084176360e-01,-4.576681939954745770e+07,-5.898971867352116853e+07
1.051231917947505099e+04,-7.336150389780344838e-01,4.863319724329309146e-01,-4.555301916625626385e+07,-5.913193118614280224e+07
1.051796489332009696e+04,-7.353304425964136692e-01,4.840982109086137686e-01,-4.533892669779134542e+07,-5.927335693637347221e+07
1.052361060716514294e+04,-7.370377309500710794e-01,4.818590809116531926e-01,-4.512454567220059782e+07,-5.941399514843378216e+07
1.052925632101018891e+04,-7.387368917307441940e-01,4.796146106336120485e-01,-4.490987977369616181e+07,-5.955384504775292426e+07
1.053490203485523489e+04,-7.404279127400965610e-01,4.773648282814311194e-01,-4.469493269265453517e+07,-5.969290586096873134e+07
1.054054774870028086e+04,-7.421107818897183517e-01,4.751097620774278329e-01,-4.447970812561658025e+07,-5.983117681592757255e+07
1.054619346254532502e+04,-7.437854872011248064e-01,4.728494402592982593e-01,-4.426420977528755367e+07,-5.996865714168434590e+07
1.055183917639037099e+04,-7.454520168057594542e-01,4.705838910801131703e-01,-4.404844135053685308e+07,-6.010534606850265712e+07
1.055748489023541697e+04,-7.471103589449903382e-01,4.683131428083228132e-01,-4.383240656639843434e+07,-6.024124282785455137e+07
1.056313060408046294e+04,-7.487605019701116804e-01,4.660372237277544127e-01,-4.361610914407055080e+07,-6.037634665242071450e+07
1.056877631792550892e+04,-7.504024334769533455e-01,4.637561614490716133e-01,-4.339955415893556923e+07,-6.051066308177065104e+07
1.057442203177055490e+04,-7.520361366023211591e-01,4.614699802242135385e-01,-4.318275322621561587e+07,-6.064423452330029011e+07
1.058006774561559905e+04,-7.536616001570221046e-01,4.591787091861915249e-01,-4.296570829642300308e+07,-6.077706854500496387e+07
1.058571345946064503e+04,-7.552788141870387939e-01,4.568823784267483368e-01,-4.274841942047129571e+07,-6.090916459144991636e+07
1.059135917330569100e+04,-7.568877687920944064e-01,4.545810180224281183e-01,-4.253088666470959038e+07,-6.104052211359080672e+07
1.059700488715073698e+04,-7.584884541256542434e-01,4.522746580345739509e-01,-4.231311011092223972e+07,-6.117114056877385080e+07
1.060265060099578295e+04,-7.600808603949261721e-01,4.499633285093279644e-01,-4.209508985632890463e+07,-6.130101942073579878e+07
1.060829631484082893e+04,-7.616649778608595156e-01,4.476470594776318368e-01,-4.187682601358459890e+07,-6.143015813960390538e+07
1.061394202868587308e+04,-7.632407968381453855e-01,4.453258809552272379e-01,-4.165831871077970415e+07,-6.155855620189591497e+07
1.061958774253091906e+04,-7.648083076952180148e-01,4.429998229426530543e-01,-4.143956809143973142e+07,-6.168621309052023292e+07
1.062523345637596503e+04,-7.663675008542526479e-01,4.406689154252497187e-01,-4.122057431452573091e+07,-6.181312829477564245e+07
1.063087917022101101e+04,-7.679183667911663180e-01,4.383331883731563239e-01,-4.100133755443398654e+07,-6.193930131035150588e+07
1.063652488406605698e+04,-7.694608960356188465e-01,4.359926717413111774e-01,-4.078185800099612027e+07,-6.206473163932770491e+07
1.064217059791110296e+04,-7.709950791710111773e-01,4.336473954694521904e-01,-4.056213585947908461e+07,-6.218941879017463326e+07
1.064781631175614712e+04,-7.725209068344864871e-01,4.312973894821172105e-01,-4.034217135058520734e+07,-6.231336227775318176e+07
1.065346202560119309e+04,-7.740383697169308519e-01,4.289426836886411909e-01,-4.012196471045195311e+07,-6.243656162331487983e+07
1.065910773944623907e+04,-7.755474585629711370e-01,4.265833079831607977e-01,-3.990151619065229595e+07,-6.255901635450166464e+07
1.066475345329128504e+04,-7.770481641709764409e-01,4.242192922446111902e-01,-3.968082605819448829e+07,-6.268072600534603000e+07
1.067039916713633102e+04,-7.785404773930582056e-01,4.218506663367269649e-01,-3.945989459552209824e+07,-6.280169011627098918e+07
1.067604488098137699e+04,-7.800243891350695513e-01,4.194774601080420440e-01,-3.923872210051400959e+07,-6.292190823409008980e+07
1.068169059482642297e+04,-7.814998903566054977e-01,4.170997033918898422e-01,-3.901730888648442924e+07,-6.304137991200739890e+07
1.068733630867146712e+04,-7.829669720710030756e-01,4.147174260064036555e-01,-3.879565528218298405e+07,-6.316010470961746573e+07
1.069298202251651310e+04,-7.844256253453418815e-01,4.123306577545139406e-01,-3.857376163179439306e+07,-6.327808219290547073e+07
1.069862773636155907e+04,-7.858758413004428567e-01,4.099394284239529784e-01,-3.835162829493890703e+07,-6.339531193424701691e+07
1.070427345020660505e+04,-7.873176111108690645e-01,4.075437677872513764e-01,-3.812925564667204022e+07,-6.351179351240826398e+07
1.070991916405165102e+04,-7.887509260049252457e-01,4.051437056017393457e-01,-3.790664407748463005e+07,-6.362752651254588366e+07
1.071556487789669700e+04,-7.901757772646588185e-01,4.027392716095462566e-01,-3.768379399330283701e+07,-6.374251052620708942e+07
1.072121059174174115e+04,-7.915921562258579902e-01,4.003304955376016938e-01,-3.746070581548821926e+07,-6.385674515132956952e+07
1.072685630558678713e+04,-7.930000542780546446e-01,3.979174070976323474e-01,-3.723737998083744198e+07,-6.397022999224164337e+07
1.073250201943183311e+04,-7.943994628645215661e-01,3.955000359861665649e-01,-3.701381694158270210e+07,-6.408296465966205299e+07
1.073814773327687908e+04,-7.957903734822733277e-01,3.930784118845311315e-01,-3.679001716539147496e+07,-6.419494877070008963e+07
1.074379344712192506e+04,-7.971727776820670686e-01,3.906525644588523249e-01,-3.656598113536652923e+07,-6.430618194885557145e+07
1.074943916096697103e+04,-7.985466670684012724e-01,3.882225233600558045e-01,-3.634170935004597902e+07,-6.441666382401885092e+07
1.075508487481201519e+04,-7.999120332995166560e-01,3.857883182238673880e-01,-3.611720232340332866e+07,-6.452639403247075528e+07
1.076073058865706116e+04,-8.012688680873968350e-01,3.833499786708096657e-01,-3.589246058484718204e+07,-6.463537221688274294e+07
1.076637630250210714e+04,-8.026171631977661036e-01,3.809075343062072738e-01,-3.566748467922168970e+07,-6.474359802631668746e+07
1.077202201634715311e+04,-8.039569104500911001e-01,3.784610147201831754e-01,-3.544227516680625826e+07,-6.485107111622501910e+07
1.077766773019219909e+04,-8.052881017175808065e-01,3.760104494876598813e-01,-3.521683262331562489e+07,-6.495779114845071733e+07
1.078331344403724506e+04,-8.066107289271856606e-01,3.735558681683591176e-01,-3.499115763989982754e+07,-6.506375779122723639e+07
1.078895915788228922e+04,-8.079247840595980001e-01,3.710973003068027687e-01,-3.476525082314433157e+07,-6.516897071917857230e+07
1.079460487172733519e+04,-8.092302591492533947e-01,3.686347754323098247e-01,-3.453911279506967217e+07,-6.527342961331930012e+07
1.080025058557238117e+04,-8.105271462843277597e-01,3.661683230590008775e-01,-3.431274419313196838e+07,-6.537713416105444729e+07
1.080589629941742714e+04,-8.118154376067399092e-01,3.636979726857951789e-01,-3.408614567022255808e+07,-6.548008405617959797e+07
1.081154201326247312e+04,-8.130951253121504463e-01,3.612237537964112510e-01,-3.385931789466812462e+07,-6.558227899888082594e+07
1.081718772710751909e+04,-8.143662016499618739e-01,3.587456958593671086e-01,-3.363226155023065209e+07,-6.568371869573476911e+07
1.082283344095256325e+04,-8.156286589233181505e-01,3.562638283279808693e-01,-3.340497733610755205e+07,-6.578440285970852524e+07
1.082847915479760923e+04,-8.168824894891066890e-01,3.537781806403674234e-01,-3.317746596693131700e+07,-6.588433121015983820e+07
1.083412486864265520e+04,-8.181276857579554695e-01,3.512887822194436516e-01,-3.294972817276999354e+07,-6.598350347283685952e+07
1.083977058248770118e+04,-8.193642401942349274e-01,3.487956624729250388e-01,-3.272176469912687689e+07,-6.608191937987830490e+07
1.084541629633274715e+04,-8.205921453160575085e-01,3.462988507933262849e-01,-3.249357630694058537e+07,-6.617957866981340945e+07
1.085106201017779313e+04,-8.218113936952776699e-01,3.437983765579613049e-01,-3.226516377258506417e+07,-6.627648108756193519e+07
1.085670772402283728e+04,-8.230219779574911021e-01,3.412942691289446162e-01,-3.203652788786965981e+07,-6.637262638443411887e+07
1.086235343786788326e+04,-8.242238907820371718e-01,3.387865578531873423e-01,-3.180766946003881097e+07,-6.646801431813085079e+07
1.086799915171292923e+04,-8.254171249019955914e-01,3.362752720624023195e-01,-3.157858931177251786e+07,-6.656264465274340659e+07
1.087364486555797521e+04,-8.266016731041888610e-01,3.337604410731012106e-01,-3.134928828118601441e+07,-6.665651715875364840e+07
1.087929057940302118e+04,-8.277775282291810477e-01,3.312420941865949486e-01,-3.111976722182986885e+07,-6.674963161303395778e+07
1.088493629324806716e+04,-8.289446831712783403e-01,3.287202606889936818e-01,-3.089002700268997625e+07,-6.684198779884721339e+07
1.089058200709311132e+04,-8.301031308785286056e-01,3.261949698512079387e-01,-3.066006850818761811e+07,-6.693358550584682822e+07
1.089622772093815729e+04,-8.312528643527228311e-01,3.236662509289449652e-01,-3.042989263817919046e+07,-6.702442453007679433e+07
1.090187343478320327e+04,-8.323938766493926833e-01,3.211341331627139972e-01,-3.019950030795662850e+07,-6.711450467397154868e+07
1.090751914862824924e+04,-8.335261608778121722e-01,3.185986457778227088e-01,-2.996889244824711978e+07,-6.720382574635608494e+07
1.091316486247329522e+04,-8.346497102009977631e-01,3.160598179843780442e-01,-2.973807000521317497e+07,-6.729238756244590878e+07
1.091881057631834119e+04,-8.357645178357070437e-01,3.135176789772866068e-01,-2.950703394045263529e+07,-6.738018994384707510e+07
1.092445629016338535e+04,-8.368705770524399457e-01,3.109722579362547701e-01,-2.927578523099873215e+07,-6.746723271855609119e+07
1.093010200400843132e+04,-8.379678811754390777e-01,3.084235840257862904e-01,-2.904432486931980401e+07,-6.755351572096012533e+07
1.093574771785347730e+04,-8.390564235826881712e-01,3.058716863951863596e-01,-2.881265386331973225e+07,-6.763903879183672369e+07
1.094139343169852327e+04,-8.401361977059133013e-01,3.033165941785587183e-01,-2.858077323633764684e+07,-6.772380177835404873e+07
1.094703914554356925e+04,-8.412071970305819990e-01,3.007583364948066551e-01,-2.834868402714801207e+07,-6.780780453407071531e+07
1.095268485938861522e+04,-8.422694150959043613e-01,2.981969424476328956e-01,-2.811638728996061161e+07,-6.789104691893592477e+07
1.095833057323366120e+04,-8.433228454948323849e-01,2.956324411255391027e-01,-2.788388409442054480e+07,-6.797352879928937554e+07
1.096397628707870535e+04,-8.443674818740594112e-01,2.930648616018277086e-01,-2.765117552560832724e+07,-6.805525004786124825e+07
1.096962200092375133e+04,-8.454033179340220139e-01,2.904942329345974183e-01,-2.741826268403955549e+07,-6.813621054377236962e+07
1.097526771476879730e+04,-8.464303474288975560e-01,2.879205841667492605e-01,-2.718514668566538393e+07,-6.821641017253394425e+07
1.098091342861384328e+04,-8.474485641666059665e-01,2.853439443259824793e-01,-2.695182866187222302e+07,-6.829584882604777813e+07
1.098655914245888926e+04,-8.484579620088086305e-01,2.827643424247959225e-01,-2.671830975948179886e+07,-6.837452640260618925e+07
1.099220485630393523e+04,-8.494585348709097206e-01,2.801818074604875974e-01,-2.648459114075115323e+07,-6.845244280689202249e+07
1.099785057014897939e+04,-8.504502767220544213e-01,2.775963684151558919e-01,-2.625067398337275535e+07,-6.852959794997859001e+07
1.100349628399402536e+04,-8.514331815851309271e-01,2.750080542556958552e-01,-2.601655948047414795e+07,-6.860599174932985008e+07
1.100914199783907134e+04,-8.524072435367686662e-01,2.724168939338044715e-01,-2.578224884061842784e+07,-6.868162412880018353e+07
1.101478771168411731e+04,-8.533724567073391887e-01,2.698229163859774404e-01,-2.554774328780395165e+07,-6.875649501863449812e+07
1.102043342552916329e+04,-8.543288152809560554e-01,2.672261505335094545e-01,-2.531304406146439165e+07,-6.883060435546825826e+07
1.102607913937420926e+04,-8.552763134954748381e-01,2.646266252824949206e-01,-2.507815241646874696e+07,-6.890395208232744038e+07
1.103172485321925342e+04,-8.562149456424927862e-01,2.620243695238281267e-01,-2.484306962312141433e+07,-6.897653814862851799e+07
1.103737056706429939e+04,-8.571447060673499374e-01,2.594194121332005221e-01,-2.460779696716188267e+07,-6.904836251017858088e+07
1.104301628090934537e+04,-8.580655891691276738e-01,2.568117819711052685e-01,-2.437233574976520985e+07,-6.911942512917511165e+07
1.104866199475439134e+04,-8.589775894006490553e-01,2.542015078828340213e-01,-2.413668728754168376e+07,-6.918972597420622408e+07
1.105430770859943732e+04,-8.598807012684798190e-01,2.515886186984777062e-01,-2.390085291253693774e+07,-6.925926502025046945e+07
1.105995342244448329e+04,-8.607749193329273796e-01,2.489731432329269634e-01,-2.366483397223190218e+07,-6.932804224867698550e+07
1.106559913628952745e+04,-8.616602382080406075e-01,2.463551102858722863e-01,-2.342863182954292372e+07,-6.939605764724539220e+07
1.107124485013457343e+04,-8.625366525616114943e-01,2.437345486418011076e-01,-2.319224786282145232e+07,-6.946331121010588109e+07
1.107689056397961940e+04,-8.634041571151731542e-01,2.411114870700027391e-01,-2.295568346585446969e+07,-6.952980293779911101e+07
1.108253627782466538e+04,-8.642627466440007122e-01,2.384859543245652080e-01,-2.271894004786422849e+07,-6.959553283725631237e+07
1.108818199166971135e+04,-8.651124159771115263e-01,2.358579791443754792e-01,-2.248201903350828215e+07,-6.966050092179918289e+07
1.109382770551475733e+04,-8.659531599972649651e-01,2.332275902531203149e-01,-2.224492186287954077e+07,-6.972470721114000678e+07
1.109947341935980148e+04,-8.667849736409616312e-01,2.305948163592864419e-01,-2.200764999150627479e+07,-6.978815173138152063e+07
1.110511913320484746e+04,-8.676078518984455812e-01,2.279596861561573873e-01,-2.177020489035187289e+07,-6.985083451501709223e+07
1.111076484704989343e+04,-8.684217898137016611e-01,2.253222283218187516e-01,-2.153258804581528530e+07,-6.991275560093048215e+07
1.111641056089493941e+04,-8.692267824844566171e-01,2.226824715191544346e-01,-2.129480095973069221e+07,-6.997391503439606726e+07
1.112205627473998538e+04,-8.700228250621800941e-01,2.200404443958479395e-01,-2.105684514936761558e+07,-7.003431286707870662e+07
1.112770198858503136e+04,-8.708099127520827487e-01,2.173961755843818455e-01,-2.081872214743087441e+07,-7.009394915703380108e+07
1.113334770243007551e+04,-8.715880408131175816e-01,2.147496937020392516e-01,-2.058043350206072256e+07,-7.015282396870724857e+07
1.113899341627512149e+04,-8.723572045579801593e-01,2.121010273508998067e-01,-2.034198077683248371e+07,-7.021093737293550372e+07
1.114463913012016747e+04,-8.731173993531069488e-01,2.094502051178451785e-01,-2.010336555075704306e+07,-7.026828944694553316e+07
1.115028484396521344e+04,-8.738686206186773164e-01,2.067972555745556384e-01,-1.986458941828053817e+07,-7.032488027435481548e+07
1.115593055781025942e+04,-8.746108638286119730e-01,2.041422072775105345e-01,-1.962565398928441852e+07,-7.038070994517134130e+07
1.116157627165530539e+04,-8.753441245105737512e-01,2.014850887679889568e-01,-1.938656088908547908e+07,-7.043577855579367280e+07
1.116722198550034955e+04,-8.760683982459673835e-01,1.988259285720699321e-01,-1.914731175843589380e+07,-7.049008620901082456e+07
1.117286769934539552e+04,-8.767836806699403907e-01,1.961647552006292594e-01,-1.890790825352293998e+07,-7.054363301400241256e+07
1.117851341319044150e+04,-8.774899674713809716e-01,1.935015971493448672e-01,-1.866835204596945271e+07,-7.059641908633853495e+07
1.118415912703548747e+04,-8.781872543929205577e-01,1.908364828986930939e-01,-1.842864482283351198e+07,-7.064844454797980189e+07
1.118980484088053345e+04,-8.788755372309312586e-01,1.881694409139496038e-01,-1.818878828660852462e+07,-7.069970952727735043e+07
1.119545055472557942e+04,-8.795548118355281941e-01,1.855004996451893595e-01,-1.794878415522321686e+07,-7.075021415897287428e+07
1.120109626857062358e+04,-8.802250741105678289e-01,1.828296875272878430e-01,-1.770863416204170138e+07,-7.079995858419853449e+07
1.120674198241566955e+04,-8.808863200136494154e-01,1.801570329799169756e-01,-1.746834005586322397e+07,-7.084894295047709346e+07
1.121238769626071553e+04,-8.815385455561131067e-01,1.774825644075506970e-01,-1.722790360092255846e+07,-7.089716741172175109e+07
1.121803341010576150e+04,-8.821817468030418441e-01,1.748063101994616342e-01,-1.698732657688971981e+07,-7.094463212823629379e+07
1.122367912395080748e+04,-8.828159198732600244e-01,1.721282987297214628e-01,-1.674661077887006104e+07,-7.099133726671499014e+07
1.122932483779585345e+04,-8.834410609393344993e-01,1.694485583572015452e-01,-1.650575801740426570e+07,-7.103728300024266541e+07
1.123497055164089761e+04,-8.840571662275734655e-01,1.667671174255732636e-01,-1.626477011846840754e+07,-7.108246950829462707e+07
1.124061626548594359e+04,-8.846642320180279073e-01,1.640840042633049112e-01,-1.602364892347364500e+07,-7.112689697673675418e+07
1.124626197933098956e+04,-8.852622546444901541e-01,1.613992471836663278e-01,-1.578239628926670924e+07,-7.117056559782542288e+07
1.125190769317603554e+04,-8.858512304944945459e-01,1.587128744847265127e-01,-1.554101408812956885e+07,-7.121347557020752132e+07
1.125755340702108151e+04,-8.864311560093178777e-01,1.560249144493532913e-01,-1.529950420777951926e+07,-7.125562709892047942e+07
1.126319912086612749e+04,-8.870020276839784001e-01,1.533353953452142038e-01,-1.505786855136917904e+07,-7.129702039539225399e+07
1.126884483471117346e+04,-8.875638420672363749e-01,1.506443454247757829e-01,-1.481610903748649731e+07,-7.133765567744131386e+07
1.127449054855621762e+04,-8.881165957615941853e-01,1.479517929253050257e-01,-1.457422760015482083e+07,-7.137753316927662492e+07
1.128013626240126359e+04,-8.886602854232965587e-01,1.452577660688657846e-01,-1.433222618883258477e+07,-7.141665310149773955e+07
1.128578197624630957e+04,-8.891949077623297892e-01,1.425622930623235141e-01,-1.409010676841377839e+07,-7.145501571109469235e+07
1.129142769009135554e+04,-8.897204595424217377e-01,1.398654020973425782e-01,-1.384787131922765076e+07,-7.149262124144802988e+07
1.129707340393640152e+04,-8.902369375810431640e-01,1.371671213503864728e-01,-1.360552183703877032e+07,-7.152946994232885540e+07
1.130271911778144749e+04,-8.907443387494059506e-01,1.344674789827179640e-01,-1.336306033304702491e+07,-7.156556206989876926e+07
1.130836483162649165e+04,-8.912426599724644349e-01,1.317665031404002540e-01,-1.312048883388770744e+07,-7.160089788670989871e+07
1.131401054547153763e+04,-8.917318982289149654e-01,1.290642219542933733e-01,-1.287780938163118437e+07,-7.163547766170491278e+07
1.131965625931658360e+04,-8.922120505511955679e-01,1.263606635400588429e-01,-1.263502403378342465e+07,-7.166930167021697760e+07
1.132530197316162958e+04,-8.926831140254866126e-01,1.236558559981571492e-01,-1.239213486328558996e+07,-7.170237019396981597e+07
1.133094768700667555e+04,-8.931450857917100361e-01,1.209498274138480767e-01,-1.214914395851420984e+07,-7.173468352107763290e+07
1.133659340085172153e+04,-8.935979630435298970e-01,1.182426058571905275e-01,-1.190605342328112572e+07,-7.176624194604517519e+07
1.134223911469676568e+04,-8.940417430283520428e-01,1.155342193830438124e-01,-1.166286537683355808e+07,-7.179704576976773143e+07
1.134788482854181166e+04,-8.944764230473251088e-01,1.128246960310639729e-01,-1.141958195385383442e+07,-7.182709529953108728e+07
1.135353054238685763e+04,-8.949020004553387420e-01,1.101140638257091381e-01,-1.117620530445985496e+07,-7.185639084901155531e+07
1.135917625623190361e+04,-8.953184726610249333e-01,1.074023507762355140e-01,-1.093273759420476109e+07,-7.188493273827598989e+07
1.136482197007694958e+04,-8.957258371267576846e-01,1.046895848766991877e-01,-1.068918100407698005e+07,-7.191272129378174245e+07
1.137046768392199556e+04,-8.961240913686530085e-01,1.019757941059551698e-01,-1.044553773050031811e+07,-7.193975684837670624e+07
1.137611339776703971e+04,-8.965132329565685954e-01,9.926100642765917081e-02,-1.020180998533397168e+07,-7.196603974129928648e+07
1.138175911161208569e+04,-8.968932595141044795e-01,9.654524979026325726e-02,-9.957999995872180909e+06,-7.199157031817841530e+07
1.138740482545713166e+04,-8.972641687186025949e-01,9.382855212702134740e-02,-9.714110004844792187e+06,-7.201634893103355169e+07
1.139305053930217764e+04,-8.976259583011466647e-01,9.111094135598642174e-02,-9.470142270416900516e+06,-7.204037593827469647e+07
1.139869625314722362e+04,-8.979786260465626446e-01,8.839244538001039819e-02,-9.226099066188894212e+06,-7.206365170470231771e+07
1.140434196699226959e+04,-8.983221697934180572e-01,8.567309208674456222e-02,-8.981982681196503341e+06,-7.208617660150745511e+07
1.140998768083731375e+04,-8.986565874340226578e-01,8.295290934864044119e-02,-8.737795419910855591e+06,-7.210795100627166033e+07
1.141563339468235972e+04,-8.989818769144284349e-01,8.023192502294657080e-02,-8.493539602238185704e+06,-7.212897530296701193e+07
1.142127910852740570e+04,-8.992980362344289436e-01,7.751016695171331072e-02,-8.249217563520252705e+06,-7.214924988195610046e+07
1.142692482237245167e+04,-8.996050634475598606e-01,7.478766296178919470e-02,-8.004831654534094036e+06,-7.216877513999204338e+07
1.143257053621749765e+04,-8.999029566610987629e-01,7.206444086482262368e-02,-7.760384241492062807e+06,-7.218755148021847010e+07
1.143821625006254362e+04,-9.001917140360654601e-01,6.934052845726110248e-02,-7.515877706041820347e+06,-7.220557931216955185e+07
1.144386196390758778e+04,-9.004713337872212175e-01,6.661595352035221129e-02,-7.271314445266455412e+06,-7.222285905176998675e+07
1.144950767775263375e+04,-9.007418141830699776e-01,6.389074382014070519e-02,-7.026696871684126556e+06,-7.223939112133498490e+07
1.145515339159767973e+04,-9.010031535458569163e-01,6.116492710747280237e-02,-6.782027413248568773e+06,-7.225517594957026839e+07
1.146079910544272570e+04,-9.012553502515697756e-01,5.843853111799383188e-02,-6.537308513348750770e+06,-7.227021397157211602e+07
1.146644481928777168e+04,-9.014984027299379754e-01,5.571158357214759521e-02,-6.292542630808934569e+06,-7.228450562882727385e+07
1.147209053313281765e+04,-9.017323094644330572e-01,5.298411217517827454e-02,-6.047732239888802171e+06,-7.229805136921307445e+07
1.147773624697786181e+04,-9.019570689922682405e-01,5.025614461712954451e-02,-5.802879830283336341e+06,-7.231085164699733257e+07
1.148338196082290779e+04,-9.021726799043991996e-01,4.752770857284199096e-02,-5.557987907122641802e+06,-7.232290692283840477e+07
1.148902767466795376e+04,-9.023791408455231755e-01,4.479883170195859965e-02,-5.313058990972407162e+06,-7.233421766378514469e+07
1.149467338851299974e+04,-9.025764505140794203e-01,4.206954164892018344e-02,-5.068095617833554745e+06,-7.234478434327697754e+07
1.150031910235804571e+04,-9.027646076622495297e-01,3.933986604296735301e-02,-4.823100339142315090e+06,-7.235460744114381075e+07
1.150596481620309169e+04,-9.029436110959565553e-01,3.660983249813987844e-02,-4.578075721770249307e+06,-7.236368744360607862e+07
1.151161053004813584e+04,-9.031134596748657817e-01,3.387946861327783415e-02,-4.333024348024338484e+06,-7.237202484327474236e+07
1.151725624389318182e+04,-9.032741523123846150e-01,3.114880197201825782e-02,-4.087948815646640956e+06,-7.237962013915130496e+07
1.152290195773822779e+04,-9.034256879756621395e-01,2.841786014279962247e-02,-3.842851737814761698e+06,-7.238647383662778139e+07
1.152854767158327377e+04,-9.035680656855896720e-01,2.568667067885924138e-02,-3.597735743141569197e+06,-7.239258644748668373e+07
1.153419338542831974e+04,-9.037012845168002073e-01,2.295526111823413540e-02,-3.352603475675255060e+06,-7.239795848990109563e+07
1.153983909927336572e+04,-9.038253435976691952e-01,2.022365898375995744e-02,-3.107457594899334013e+06,-7.240259048843458295e+07
1.154548481311840987e+04,-9.039402421103133189e-01,1.749189178307303943e-02,-2.862300775732696056e+06,-7.240648297404125333e+07
1.155113052696345585e+04,-9.040459792905919389e-01,1.475998700860645628e-02,-2.617135708529382944e+06,-7.240963648406574130e+07
1.155677624080850183e+04,-9.041425544281060933e-01,1.202797213759503915e-02,-2.371965099078923464e+06,-7.241205156224317849e+07
1.156242195465354780e+04,-9.042299668661988310e-01,9.295874632072296390e-03,-2.126791668606154621e+06,-7.241372875869925320e+07
1.156806766849859378e+04,-9.043082160019549898e-01,6.563721938871037130e-03,-1.881618153771184385e+06,-7.241466862995016575e+07
1.157371338234363975e+04,-9.043773012862017513e-01,3.831541489623370867e-03,-1.636447306669496000e+06,-7.241487173890262842e+07
1.157935909618868573e+04,-9.044372222235080860e-01,1.099360700760703769e-03,-1.391281894831851125e+06,-7.241433865485388041e+07
1.158500481003372988e+04,-9.044879783721846422e-01,-1.632793026484831043e-03,-1.146124701224438846e+06,-7.241306995349168777e+07
1.159065052387877586e+04,-9.045295693442846341e-01,-4.364892306084964223e-03,-9.009785242485404015e+05,-7.241106621689435840e+07
1.159629623772382183e+04,-9.045619948056028425e-01,-7.096909767209323185e-03,-6.558461777409911156e+05,-7.240832803353068233e+07
1.160194195156886781e+04,-9.045852544756759483e-01,-9.828818054228798118e-03,-4.107304909738600254e+05,-7.240485599826000631e+07
1.160758766541391378e+04,-9.045993481277830872e-01,-1.256058982671503024e-02,-1.656343086545392871e+05,-7.240065071233218908e+07
1.161323337925895976e+04,-9.046042755889447395e-01,-1.529219775944051958e-02,7.943950907421112061e+04,-7.239571278338760138e+07
1.161887909310400391e+04,-9.046000367399239517e-01,-1.802361454237708452e-02,3.244880866342782974e+05,-7.239004282545715570e+07
1.162452480694904989e+04,-9.045866315152253367e-01,-2.075481288070036082e-02,5.695085330124422908e+05,-7.238364145896229148e+07
1.163017052079409586e+04,-9.045640599030955187e-01,-2.348576549478357395e-02,8.144979417599290609e+05,-7.237650931071494520e+07
1.163581623463914184e+04,-9.045323219455231323e-01,-2.621644512020131559e-02,1.059453390992701054e+06,-7.236864701391759515e+07
1.164146194848418781e+04,-9.044914177382392673e-01,-2.894682450772963905e-02,1.304371943391412497e+06,-7.236005520816323161e+07
1.164710766232923379e+04,-9.044413474307160250e-01,-3.167687642334443554e-02,1.549250646201394498e+06,-7.235073453943538666e+07
1.165275337617427795e+04,-9.043821112261684059e-01,-3.440657364822132663e-02,1.794086531232565641e+06,-7.234068566010810435e+07
1.165839909001932392e+04,-9.043137093815528660e-01,-3.713588897873995598e-02,2.038876614859752357e+06,-7.232990922894594073e+07
1.166404480386436990e+04,-9.042361422075679833e-01,-3.986479522647755347e-02,2.283617898022264242e+06,-7.231840591110399365e+07
1.166969051770941587e+04,-9.041494100686541247e-01,-4.259326521821251571e-02,2.528307366224080324e+06,-7.230617637812787294e+07
1.167533623155446185e+04,-9.040535133829941117e-01,-4.532127179592418398e-02,2.772941989533931017e+06,-7.229322130795371532e+07
1.168098194539950782e+04,-9.039484526225119998e-01,-4.804878781679285810e-02,3.017518722585201263e+06,-7.227954138490816951e+07
1.168662765924455198e+04,-9.038342283128746324e-01,-5.077578615319807559e-02,3.262034504575863481e+06,-7.226513729970845580e+07
1.169227337308959795e+04,-9.037108410334901976e-01,-5.350223969272287217e-02,3.506486259268812835e+06,-7.225000974946223199e+07
1.169791908693464393e+04,-9.035782914175093383e-01,-5.622812133814847346e-02,3.750870894991353154e+06,-7.223415943766775727e+07
1.170356480077968990e+04,-9.034365801518241534e-01,-5.895340400745718162e-02,3.995185304635599256e+06,-7.221758707421375811e+07
1.170921051462473588e+04,-9.032857079770690856e-01,-6.167806063383245163e-02,4.239426365658283234e+06,-7.220029337537953258e+07
1.171485622846978185e+04,-9.031256756876204772e-01,-6.440206416565777414e-02,4.483590940080851316e+06,-7.218227906383489072e+07
1.172050194231482601e+04,-9.029564841315966817e-01,-6.712538756651729999e-02,4.727675874489337206e+06,-7.216354486864012480e+07
1.172614765615987199e+04,-9.027781342108577300e-01,-6.984800381519735979e-02,4.971678000034682453e+06,-7.214409152524608374e+07
1.173179337000491796e+04,-9.025906268810062194e-01,-7.256988590568287656e-02,5.215594132432252169e+06,-7.212391977549412847e+07
1.173743908384996394e+04,-9.023939631513860915e-01,-7.529100684716046044e-02,5.459421071962215006e+06,-7.210303036761617661e+07
1.174308479769500991e+04,-9.021881440850835210e-01,-7.801133966401727071e-02,5.703155603469371796e+06,-7.208142405623462796e+07
1.174873051154005589e+04,-9.019731707989268044e-01,-8.073085739584071052e-02,5.946794496363192797e+06,-7.205910160236240923e+07
1.175437622538510004e+04,-9.017490444634861380e-01,-8.344953309741820480e-02,6.190334504617765546e+06,-7.203606377340300381e+07
1.176002193923014602e+04,-9.015157663030735069e-01,-8.616733983874080849e-02,6.433772366772122681e+06,-7.201231134315037727e+07
1.176566765307519199e+04,-9.012733375957427961e-01,-8.888425070499675340e-02,6.677104805929668248e+06,-7.198784509178903699e+07
1.177131336692023797e+04,-9.010217596732903456e-01,-9.160023879657663848e-02,6.920328529758587480e+06,-7.196266580589400232e+07
1.177695908076528394e+04,-9.007610339212541728e-01,-9.431527722907132039e-02,7.163440230491787195e+06,-7.193677427843084931e+07
1.178260479461032992e+04,-9.004911617789141953e-01,-9.702933913327212168e-02,7.406436584926769137e+06,-7.191017130875563622e+07
1.178825050845537407e+04,-9.002121447392924525e-01,-9.974239765517035894e-02,7.649314254425674677e+06,-7.188285770261497796e+07
1.179389622230042005e+04,-8.999239843491527724e-01,-1.024544259559606874e-01,7.892069884915567935e+06,-7.185483427214598656e+07
1.179954193614546602e+04,-8.996266822090011051e-01,-1.051653972120357439e-01,8.134700106887951493e+06,-7.182610183587628603e+07
1.180518764999051200e+04,-8.993202399730855223e-01,-1.078752846149895472e-01,8.377201535399064422e+06,-7.179666121872408688e+07
1.181083336383555798e+04,-8.990046593493955518e-01,-1.105840613716165266e-01,8.619570770069807768e+06,-7.176651325199805200e+07
1.181647907768060395e+04,-8.986799420996632870e-01,-1.132917007039125207e-01,8.861804395085789263e+06,-7.173565877339740098e+07
1.182212479152564811e+04,-8.983460900393627213e-01,-1.159981758490722520e-01,9.103898979197219014e+06,-7.170409862701188028e+07
1.182777050537069408e+04,-8.980031050377090818e-01,-1.187034600594942813e-01,9.345851075719177723e+06,-7.167183366332173347e+07
1.183341621921574006e+04,-8.976509890176607165e-01,-1.214075266027750399e-01,9.587657222531206906e+06,-7.163886473919776082e+07
1.183906193306078603e+04,-8.972897439559169852e-01,-1.241103487617123413e-01,9.829313942077644169e+06,-7.160519271790125966e+07
1.184470764690583201e+04,-8.969193718829197026e-01,-1.268118998343049642e-01,1.007081774136741459e+07,-7.157081846908405423e+07
1.185035336075087798e+04,-8.965398748828525832e-01,-1.295121531337517784e-01,1.031216511197420955e+07,-7.153574286878852546e+07
1.185599907459592214e+04,-8.961512550936414634e-01,-1.322110819884519395e-01,1.055335253003624827e+07,-7.149996679944753647e+07
1.186164478844096811e+04,-8.957535147069535242e-01,-1.349086597420077471e-01,1.079437645625669509e+07,-7.146349114988446236e+07
1.186729050228601409e+04,-8.953466559681987347e-01,-1.376048597532192885e-01,1.103523333590316772e+07,-7.142631681531324983e+07
1.187293621613106006e+04,-8.949306811765285197e-01,-1.402996553960883797e-01,1.127591959880799055e+07,-7.138844469733834267e+07
1.187858192997610604e+04,-8.945055926848363148e-01,-1.429930200598173995e-01,1.151643165936821699e+07,-7.134987570395471156e+07
1.188422764382115201e+04,-8.940713928997580107e-01,-1.456849271488094844e-01,1.175676591654556245e+07,-7.131061074954782426e+07
1.188987335766619799e+04,-8.936280842816708425e-01,-1.483753500826681671e-01,1.199691875386634469e+07,-7.127065075489373505e+07
1.189551907151124215e+04,-8.931756693446946116e-01,-1.510642622961969328e-01,1.223688653942161053e+07,-7.122999664715896547e+07
1.190116478535628812e+04,-8.927141506566900198e-01,-1.537516372394026332e-01,1.247666562586724013e+07,-7.118864935990056396e+07
1.190681049920133410e+04,-8.922435308392611120e-01,-1.564374483774899072e-01,1.271625235042352229e+07,-7.114660983306612074e+07
1.191245621304638007e+04,-8.917638125677530558e-01,-1.591216691908648728e-01,1.295564303487554193e+07,-7.110387901299375296e+07
1.191810192689142605e+04,-8.912749985712533629e-01,-1.618042731751344054e-01,1.319483398557310551e+07,-7.106045785241208971e+07
1.192374764073647202e+04,-8.907770916325913335e-01,-1.644852338411063042e-01,1.343382149343061447e+07,-7.101634731044027209e+07
1.192939335458151618e+04,-8.902700945883382788e-01,-1.671645247147875157e-01,1.367260183392710984e+07,-7.097154835258801281e+07
1.193503906842656215e+04,-8.897540103288071878e-01,-1.698421193373889082e-01,1.391117126710651070e+07,-7.092606195075546205e+07
1.194068478227160813e+04,-8.892288417980537263e-01,-1.725179912653188596e-01,1.414952603757724911e+07,-7.087988908323335648e+07
1.194633049611665410e+04,-8.886945919938749050e-01,-1.751921140701873381e-01,1.438766237451239675e+07,-7.083303073470297456e+07
1.195197620996170008e+04,-8.881512639678100784e-01,-1.778644613388053464e-01,1.462557649164979905e+07,-7.078548789623606205e+07
1.195762192380674605e+04,-8.875988608251401679e-01,-1.805350066731840619e-01,1.486326458729197830e+07,-7.073726156529490650e+07
1.196326763765179021e+04,-8.870373857248887717e-01,-1.832037236905346700e-01,1.510072284430595487e+07,-7.068835274573233724e+07
1.196891335149683619e+04,-8.864668418798204996e-01,-1.858705860232714169e-01,1.533794743012378365e+07,-7.063876244779169559e+07
1.197455906534188216e+04,-8.858872325564426387e-01,-1.885355673190067805e-01,1.557493449674186856e+07,-7.058849168810681999e+07
1.198020477918692814e+04,-8.852985610750043755e-01,-1.911986412405549396e-01,1.581168018072141707e+07,-7.053754148970210552e+07
1.198585049303197411e+04,-8.847008308094966855e-01,-1.938597814659302199e-01,1.604818060318826884e+07,-7.048591288199247420e+07
1.199149620687702009e+04,-8.840940451876526662e-01,-1.965189616883476764e-01,1.628443186983300000e+07,-7.043360690078334510e+07
1.199714192072206424e+04,-8.834782076909474258e-01,-1.991761556162226221e-01,1.652043007091073692e+07,-7.038062458827069402e+07
1.200278763456711022e+04,-8.828533218545975281e-01,-2.018313369731729590e-01,1.675617128124151379e+07,-7.032696699304097891e+07
1.200843334841215619e+04,-8.822193912675621030e-01,-2.044844794980151259e-01,1.699165156020984054e+07,-7.027263517007119954e+07
1.201407906225720217e+04,-8.815764195725421803e-01,-2.071355569447668465e-01,1.722686695176493376e+07,-7.021763018072888255e+07
1.201972477610224814e+04,-8.809244104659803565e-01,-2.097845430826465463e-01,1.746181348442078382e+07,-7.016195309277206659e+07
1.202537048994729412e+04,-8.802633676980617938e-01,-2.124314116960732690e-01,1.769648717125591636e+07,-7.010560498034933209e+07
1.203101620379233827e+04,-8.795932950727135546e-01,-2.150761365846657336e-01,1.793088400991355628e+07,-7.004858692399980128e+07
1.203666191763738425e+04,-8.789141964476038238e-01,-2.177186915632459974e-01,1.816499998260179907e+07,-6.999090001065303385e+07
1.204230763148243022e+04,-8.782260757341436852e-01,-2.203590504618342938e-01,1.839883105609320849e+07,-6.993254533362919092e+07
1.204795334532747620e+04,-8.775289368974859006e-01,-2.229971871256520299e-01,1.863237318172504753e+07,-6.987352399263896048e+07
1.205359905917252217e+04,-8.768227839565252424e-01,-2.256330754151214812e-01,1.886562229539931566e+07,-6.981383709378349781e+07
1.205924477301756815e+04,-8.761076209838983830e-01,-2.282666892058659025e-01,1.909857431758266687e+07,-6.975348574955452979e+07
1.206489048686261231e+04,-8.753834521059840057e-01,-2.308980023887075295e-01,1.933122515330634266e+07,-6.969247107883429527e+07
1.207053620070765828e+04,-8.746502815029025824e-01,-2.335269888696722418e-01,1.956357069216649234e+07,-6.963079420689553022e+07
1.207618191455270426e+04,-8.739081134085168179e-01,-2.361536225699841784e-01,1.979560680832371861e+07,-6.956845626540151238e+07
1.208182762839775023e+04,-8.731569521104315390e-01,-2.387778774260689296e-01,2.002732936050339788e+07,-6.950545839240604639e+07
1.208747334224279621e+04,-8.723968185430506228e-01,-2.413997278463282936e-01,2.025874643205747753e+07,-6.944180201235161722e+07
1.209311905608784218e+04,-8.716278664308731994e-01,-2.440191517546477784e-01,2.048996420735063776e+07,-6.937748995715139806e+07
1.209876476993288634e+04,-8.708501380895840027e-01,-2.466361237339061152e-01,2.072100701043093204e+07,-6.931252163493558764e+07
1.210441048377793231e+04,-8.700636408974510294e-01,-2.492506173854155682e-01,2.095187337949788943e+07,-6.924689573001757264e+07
1.211005619762297829e+04,-8.692683822942330885e-01,-2.518626063194599474e-01,2.118256184857966006e+07,-6.918061094260424376e+07
1.211570191146802426e+04,-8.684643697811802454e-01,-2.544720641552979945e-01,2.141307094753329456e+07,-6.911366598879586160e+07
1.212134762531307024e+04,-8.676516109210330452e-01,-2.570789645211624674e-01,2.164339920204467326e+07,-6.904605960058610141e+07
1.212699333915811621e+04,-8.668301133380229562e-01,-2.596832810542603620e-01,2.187354513362850249e+07,-6.897779052586202323e+07
1.213263905300316037e+04,-8.659998847178724812e-01,-2.622849874007716631e-01,2.210350725962825119e+07,-6.890885752840414643e+07
1.213828476684820635e+04,-8.651609328077941585e-01,-2.648840572158531192e-01,2.233328409321644157e+07,-6.883925938788628578e+07
1.214393048069325232e+04,-8.643132654164921158e-01,-2.674804641636328584e-01,2.256287414339419082e+07,-6.876899489987577498e+07
1.214957619453829830e+04,-8.634568904141611823e-01,-2.700741819172142177e-01,2.279227591499153525e+07,-6.869806287583330274e+07
1.215522190838334427e+04,-8.625918157324868885e-01,-2.726651841586743008e-01,2.302148790866733715e+07,-6.862646214311297238e+07
1.216086762222839025e+04,-8.617180493646455774e-01,-2.752534445790643658e-01,2.325050862090928480e+07,-6.855419154496227205e+07
1.216651333607343440e+04,-8.608355993653047378e-01,-2.778389368784090485e-01,2.347933654403382540e+07,-6.848124994052214921e+07
1.217215904991848038e+04,-8.599444738506218933e-01,-2.804216347657094710e-01,2.370797016618646309e+07,-6.840763620482686162e+07
1.217780476376352635e+04,-8.590446809982461573e-01,-2.830015119589381345e-01,2.393640797134129703e+07,-6.833334922880415618e+07
1.218345047760857233e+04,-8.581362290473172338e-01,-2.855785421850427497e-01,2.416464843930134550e+07,-6.825838791927514970e+07
1.218909619145361830e+04,-8.572191262984655280e-01,-2.881526991799449045e-01,2.439269004569844529e+07,-6.818275119895438850e+07
1.219474190529866428e+04,-8.562933811138124796e-01,-2.907239566885403415e-01,2.462053126199327409e+07,-6.810643800644978881e+07
1.220038761914371025e+04,-8.553590019169702297e-01,-2.932922884646989026e-01,2.484817055547533184e+07,-6.802944729626269639e+07
1.220603333298875441e+04,-8.544159971930419539e-01,-2.958576682712634742e-01,2.507560638926286995e+07,-6.795177803878787160e+07
1.221167904683380038e+04,-8.534643754886209743e-01,-2.984200698800537066e-01,2.530283722230321169e+07,-6.787342922031342983e+07
1.221732476067884636e+04,-8.525041454117920914e-01,-3.009794670718607956e-01,2.552986150937226415e+07,-6.779439984302093089e+07
1.222297047452389234e+04,-8.515353156321309180e-01,-3.035358336364508691e-01,2.575667770107485354e+07,-6.771468892498536408e+07
1.222861618836893831e+04,-8.505578948807035466e-01,-3.060891433725638766e-01,2.598328424384463578e+07,-6.763429550017505884e+07
1.223426190221398429e+04,-8.495718919500672150e-01,-3.086393700879141999e-01,2.620967957994408906e+07,-6.755321861845180392e+07
1.223990761605902844e+04,-8.485773156942699735e-01,-3.111864875991891544e-01,2.643586214746446162e+07,-6.747145734557078779e+07
1.224555332990407442e+04,-8.475741750288502407e-01,-3.137304697320528746e-01,2.666183038032603264e+07,-6.738901076318053901e+07
1.225119904374912039e+04,-8.465624789308376918e-01,-3.162712903211408744e-01,2.688758270827770978e+07,-6.730587796882309020e+07
1.225684475759416637e+04,-8.455422364387527034e-01,-3.188089232100635995e-01,2.711311755689729005e+07,-6.722205807593379915e+07
1.226249047143921234e+04,-8.445134566526064646e-01,-3.213433422514057058e-01,2.733843334759141505e+07,-6.713755021384148300e+07
1.226813618528425832e+04,-8.434761487339011987e-01,-3.238745213067257822e-01,2.756352849759554118e+07,-6.705235352776832134e+07
1.227378189912930247e+04,-8.424303219056298309e-01,-3.264024342465557393e-01,2.778840141997389495e+07,-6.696646717882995307e+07
1.227942761297434845e+04,-8.413759854522756543e-01,-3.289270549504038632e-01,2.801305052361974493e+07,-6.687989034403534234e+07
1.228507332681939442e+04,-8.403131487198134408e-01,-3.314483573067503186e-01,2.823747421325497329e+07,-6.679262221628692001e+07
1.229071904066444040e+04,-8.392418211157084418e-01,-3.339663152130500356e-01,2.846167088943036273e+07,-6.670466200438050181e+07
1.229636475450948637e+04,-8.381620121089169428e-01,-3.364809025757318217e-01,2.868563894852552935e+07,-6.661600893300532550e+07
1.230201046835453235e+04,-8.370737312298857091e-01,-3.389920933101988609e-01,2.890937678274891526e+07,-6.652666224274400622e+07
1.230765618219957651e+04,-8.359769880705532064e-01,-3.414998613408274375e-01,2.913288278013772517e+07,-6.643662119007261097e+07
1.231330189604462248e+04,-8.348717922843471584e-01,-3.440041806009703773e-01,2.935615532455821335e+07,-6.634588504736052454e+07
1.231894760988966846e+04,-8.337581535861873228e-01,-3.465050250329521075e-01,2.957919279570523649e+07,-6.625445310287062079e+07
1.232459332373471443e+04,-8.326360817524841584e-01,-3.490023685880719317e-01,2.980199356910255551e+07,-6.616232466075914353e+07
1.233023903757976041e+04,-8.315055866211387148e-01,-3.514961852266033082e-01,3.002455601610277966e+07,-6.606949904107574373e+07
1.233588475142480638e+04,-8.303666780915428536e-01,-3.539864489177936835e-01,3.024687850388732553e+07,-6.597597557976348698e+07
1.234153046526985054e+04,-8.292193661245798042e-01,-3.564731336398638262e-01,3.046895939546637610e+07,-6.588175362865886837e+07
1.234717617911489651e+04,-8.280636607426222762e-01,-3.589562133800108801e-01,3.069079704967916757e+07,-6.578683255549169332e+07
1.235282189295994249e+04,-8.268995720295352347e-01,-3.614356621344039233e-01,3.091238982119353861e+07,-6.569121174388526380e+07
1.235846760680498846e+04,-8.257271101306735694e-01,-3.639114539081864108e-01,3.113373606050623581e+07,-6.559489059335626662e+07
1.236411332065003444e+04,-8.245462852528837594e-01,-3.663835627154764518e-01,3.135483411394283921e+07,-6.549786851931477338e+07
1.236975903449508041e+04,-8.233571076645023190e-01,-3.688519625793656997e-01,3.157568232365775108e+07,-6.540014495306429267e+07
1.237540474834012457e+04,-8.221595876953575743e-01,-3.713166275319195186e-01,3.179627902763414383e+07,-6.530171934180172533e+07
1.238105046218517055e+04,-8.209537357367671095e-01,-3.737775316141794257e-01,3.201662255968422070e+07,-6.520259114861732721e+07
1.238669617603021652e+04,-8.197395622415406535e-01,-3.762346488761587615e-01,3.223671124944880605e+07,-6.510275985249482095e+07
1.239234188987526250e+04,-8.185170777239786366e-01,-3.786879533768457429e-01,3.245654342239763588e+07,-6.500222494831132144e+07
1.239798760372030847e+04,-8.172862927598717464e-01,-3.811374191842025749e-01,3.267611739982925728e+07,-6.490098594683734328e+07
1.240363331756535445e+04,-8.160472179865020381e-01,-3.835830203751655620e-01,3.289543149887106568e+07,-6.479904237473680824e+07
1.240927903141039860e+04,-8.147998641026422684e-01,-3.860247310356443307e-01,3.311448403247920796e+07,-6.469639377456706017e+07
1.241492474525544458e+04,-8.135442418685554511e-01,-3.884625252605248824e-01,3.333327330943886191e+07,-6.459303970477877557e+07
1.242057045910049055e+04,-8.122803621059959678e-01,-3.908963771536650422e-01,3.355179763436384872e+07,-6.448897973971612006e+07
1.242621617294553653e+04,-8.110082356982090124e-01,-3.933262608278973449e-01,3.377005530769687146e+07,-6.438421346961662918e+07
1.243186188679058250e+04,-8.097278735899307023e-01,-3.957521504050283689e-01,3.398804462570947409e+07,-6.427874050061124563e+07
1.243750760063562848e+04,-8.084392867873876343e-01,-3.981740200158390142e-01,3.420576388050200045e+07,-6.417256045472431928e+07
1.244315331448067263e+04,-8.071424863582977727e-01,-4.005918438000832804e-01,3.442321136000362039e+07,-6.406567296987364441e+07
1.244879902832571861e+04,-8.058374834318688951e-01,-4.030055959064914872e-01,3.464038534797246754e+07,-6.395807769987030327e+07
1.245444474217076458e+04,-8.045242891988005907e-01,-4.054152504927659439e-01,3.485728412399534881e+07,-6.384977431441889703e+07
1.246009045601581056e+04,-8.032029149112828170e-01,-4.078207817255836143e-01,3.507390596348793805e+07,-6.374076249911739677e+07
1.246573616986085653e+04,-8.018733718829964552e-01,-4.102221637805956167e-01,3.529024913769477606e+07,-6.363104195545717329e+07
1.247138188370590251e+04,-8.005356714891133096e-01,-4.126193708424270579e-01,3.550631191368919611e+07,-6.352061240082300454e+07
1.247702759755094849e+04,-7.991898251662957753e-01,-4.150123771046771437e-01,3.572209255437337607e+07,-6.340947356849308312e+07
1.248267331139599264e+04,-7.978358444126978366e-01,-4.174011567699186243e-01,3.593758931847827137e+07,-6.329762520763902366e+07
1.248831902524103862e+04,-7.964737407879626252e-01,-4.197856840497000697e-01,3.615280046056385338e+07,-6.318506708332575113e+07
1.249396473908608459e+04,-7.951035259132257504e-01,-4.221659331645424285e-01,3.636772423101870716e+07,-6.307179897651170194e+07
1.249961045293113057e+04,-7.937252114711128570e-01,-4.245418783439410815e-01,3.658235887606035918e+07,-6.295782068404868990e+07
1.250525616677617654e+04,-7.923388092057408461e-01,-4.269134938263656753e-01,3.679670263773512095e+07,-6.284313201868190616e+07
1.251090188062122252e+04,-7.909443309227168761e-01,-4.292807538592598449e-01,3.701075375391815603e+07,-6.272773280904997140e+07
1.251654759446626667e+04,-7.895417884891399174e-01,-4.316436326990406025e-01,3.722451045831340551e+07,-6.261162289968495071e+07
1.252219330831131265e+04,-7.881311938335981981e-01,-4.340021046111011693e-01,3.743797098045379668e+07,-6.249480215101217479e+07
1.252783902215635862e+04,-7.867125589461719803e-01,-4.363561438698066453e-01,3.765113354570092261e+07,-6.237727043935053051e+07
1.253348473600140460e+04,-7.852858958784321164e-01,-4.387057247584970621e-01,3.786399637524528056e+07,-6.225902765691224486e+07
1.253913044984645057e+04,-7.838512167434401601e-01,-4.410508215694863288e-01,3.807655768610616028e+07,-6.214007371180295199e+07
1.254477616369149655e+04,-7.824085337157486997e-01,-4.433914086040625091e-01,3.828881569113171846e+07,-6.202040852802170068e+07
1.255042187753654071e+04,-7.809578590314012470e-01,-4.457274601724872665e-01,3.850076859899885207e+07,-6.190003204546096921e+07
1.255606759138158668e+04,-7.794992049879310159e-01,-4.480589505939979178e-01,3.871241461421349645e+07,-6.177894421990655363e+07
1.256171330522663266e+04,-7.780325839443633651e-01,-4.503858541968042695e-01,3.892375193711021543e+07,-6.165714502303773165e+07
1.256735901907167863e+04,-7.765580083212139106e-01,-4.527081453180905601e-01,3.913477876385247707e+07,-6.153463444242718071e+07
1.257300473291672461e+04,-7.750754906004894140e-01,-4.550257983040152943e-01,3.934549328643257171e+07,-6.141141248154096305e+07
1.257865044676177058e+04,-7.735850433256871161e-01,-4.573387875097109090e-01,3.955589369267161936e+07,-6.128747915973855555e+07
1.258429616060681474e+04,-7.720866791017956254e-01,-4.596470872992832746e-01,3.976597816621950269e+07,-6.116283451227287203e+07
1.258994187445186071e+04,-7.705804105952932526e-01,-4.619506720458144700e-01,3.997574488655513525e+07,-6.103747859029012918e+07
1.259558758829690669e+04,-7.690662505341497868e-01,-4.642495161313585084e-01,4.018519202898608148e+07,-6.091141146083004028e+07
1.260123330214195266e+04,-7.675442117078264959e-01,-4.665435939469441684e-01,4.039431776464876533e+07,-6.078463320682570338e+07
1.260687901598699864e+04,-7.660143069672745719e-01,-4.688328798925742724e-01,4.060312026050847769e+07,-6.065714392710363120e+07
1.261252472983204461e+04,-7.644765492249362415e-01,-4.711173483772257420e-01,4.081159767935929447e+07,-6.052894373638371378e+07
1.261817044367708877e+04,-7.629309514547453208e-01,-4.733969738188487653e-01,4.101974817982409894e+07,-6.040003276527930796e+07
1.262381615752213474e+04,-7.613775266921247731e-01,-4.756717306443700721e-01,4.122756991635479033e+07,-6.027041116029703617e+07
1.262946187136718072e+04,-7.598162880339897063e-01,-4.779415932896878272e-01,4.143506103923189640e+07,-6.014007908383707702e+07
1.263510758521222670e+04,-7.582472486387458188e-01,-4.802065361996753490e-01,4.164221969456483424e+07,-6.000903671419293433e+07
1.264075329905727267e+04,-7.566704217262896215e-01,-4.824665338281798888e-01,4.184904402429185808e+07,-5.987728424555154890e+07
1.264639901290231865e+04,-7.550858205780082155e-01,-4.847215606380227970e-01,4.205553216618005931e+07,-5.974482188799324632e+07
1.265204472674736280e+04,-7.534934585367802917e-01,-4.869715911009989684e-01,4.226168225382527709e+07,-5.961164986749181896e+07
1.265769044059240878e+04,-7.518933490069736880e-01,-4.892165996978788400e-01,4.246749241665239632e+07,-5.947776842591432482e+07
1.266333615443745475e+04,-7.502855054544487201e-01,-4.914565609184057271e-01,4.267296077991492301e+07,-5.934317782102134079e+07
1.266898186828250073e+04,-7.486699414065559610e-01,-4.936914492612969330e-01,4.287808546469525248e+07,-5.920787832646684349e+07
1.267462758212754670e+04,-7.470466704521365742e-01,-4.959212392342441933e-01,4.308286458790463209e+07,-5.907187023179817200e+07
1.268027329597259268e+04,-7.454157062415229795e-01,-4.981459053539135096e-01,4.328729626228311658e+07,-5.893515384245609492e+07
1.268591900981763683e+04,-7.437770624865386315e-01,-5.003654221459438167e-01,4.349137859639955312e+07,-5.879772947977483273e+07
1.269156472366268281e+04,-7.421307529604962427e-01,-5.025797641449504249e-01,4.369510969465178251e+07,-5.865959748098187149e+07
1.269721043750772878e+04,-7.404767914982013366e-01,-5.047889058945206342e-01,4.389848765726628900e+07,-5.852075819919823110e+07
1.270285615135277476e+04,-7.388151919959489167e-01,-5.069928219472165098e-01,4.410151058029846847e+07,-5.838121200343829393e+07
1.270850186519782073e+04,-7.371459684115257982e-01,-5.091914868645742720e-01,4.430417655563253164e+07,-5.824095927860984206e+07
1.271414757904286671e+04,-7.354691347642087207e-01,-5.113848752171038514e-01,4.450648367098154128e+07,-5.810000042551408708e+07
1.271979329288791087e+04,-7.337847051347665683e-01,-5.135729615842891116e-01,4.470843000988729298e+07,-5.795833586084565520e+07
1.272543900673295684e+04,-7.320926936654565953e-01,-5.157557205545895140e-01,4.491001365172061324e+07,-5.781596601719248295e+07
1.273108472057800282e+04,-7.303931145600293107e-01,-5.179331267254367877e-01,4.511123267168100178e+07,-5.767289134303599596e+07
1.273673043442304879e+04,-7.286859820837251478e-01,-5.201051547032375932e-01,4.531208514079680294e+07,-5.752911230275103450e+07
1.274237614826809477e+04,-7.269713105632751304e-01,-5.222717791033721912e-01,4.551256912592521310e+07,-5.738462937660580128e+07
1.274802186211314074e+04,-7.252491143869016499e-01,-5.244329745501954410e-01,4.571268268975226581e+07,-5.723944306076192856e+07
1.275366757595818490e+04,-7.235194080043179099e-01,-5.265887156770353572e-01,4.591242389079276472e+07,-5.709355386727448553e+07
1.275931328980323087e+04,-7.217822059267265944e-01,-5.287389771261957749e-01,4.611179078339050710e+07,-5.694696232409182191e+07
1.276495900364827685e+04,-7.200375227268229761e-01,-5.308837335489530185e-01,4.631078141771794856e+07,-5.679966897505581379e+07
1.277060471749332282e+04,-7.182853730387923630e-01,-5.330229596055580110e-01,4.650939383977644891e+07,-5.665167437990170717e+07
1.277625043133836880e+04,-7.165257715583109865e-01,-5.351566299652357195e-01,4.670762609139616787e+07,-5.650297911425815523e+07
1.278189614518341477e+04,-7.147587330425457797e-01,-5.372847193061849325e-01,4.690547621023613214e+07,-5.635358376964721084e+07
1.278754185902846075e+04,-7.129842723101545987e-01,-5.394072023155789264e-01,4.710294222978416085e+07,-5.620348895348434150e+07
1.279318757287350491e+04,-7.112024042412866676e-01,-5.415240536895643553e-01,4.730002217935688049e+07,-5.605269528907844424e+07
1.279883328671855088e+04,-7.094131437775806903e-01,-5.436352481332635822e-01,4.749671408409990370e+07,-5.590120341563169658e+07
1.280447900056359686e+04,-7.076165059221670717e-01,-5.457407603607712376e-01,4.769301596498748660e+07,-5.574901398823982477e+07
1.281012471440864283e+04,-7.058125057396673618e-01,-5.478405650951568839e-01,4.788892583882279694e+07,-5.559612767789191008e+07
1.281577042825368881e+04,-7.040011583561932573e-01,-5.499346370684637941e-01,4.808444171823782474e+07,-5.544254517147042602e+07
1.282141614209873478e+04,-7.021824789593478222e-01,-5.520229510217097291e-01,4.827956161169339716e+07,-5.528826717175126821e+07
1.282706185594377894e+04,-7.003564827982250440e-01,-5.541054817048852721e-01,4.847428352347907424e+07,-5.513329439740379155e+07
1.283270756978882491e+04,-6.985231851834081684e-01,-5.561822038769577148e-01,4.866860545371349156e+07,-5.497762758299057186e+07
1.283835328363387089e+04,-6.966826014869734740e-01,-5.582530923058659500e-01,4.886252539834387600e+07,-5.482126747896778584e+07
1.284399899747891686e+04,-6.948347471424866084e-01,-5.603181217685238025e-01,4.905604134914637357e+07,-5.466421485168492794e+07
1.284964471132396284e+04,-6.929796376450045869e-01,-5.623772670508193627e-01,4.924915129372594506e+07,-5.450647048338491470e+07
1.285529042516900881e+04,-6.911172885510752373e-01,-5.644305029476140989e-01,4.944185321551639587e+07,-5.434803517220407724e+07
1.286093613901405297e+04,-6.892477154787377547e-01,-5.664778042627440779e-01,4.963414509378030896e+07,-5.418890973217217624e+07
1.286658185285909894e+04,-6.873709341075203705e-01,-5.685191458090199657e-01,4.982602490360923856e+07,-5.402909499321224540e+07
1.287222756670414492e+04,-6.854869601784435718e-01,-5.705545024082256944e-01,5.001749061592344195e+07,-5.386859180114085972e+07
1.287787328054919089e+04,-6.835958094940189911e-01,-5.725838488911195734e-01,5.020854019747202098e+07,-5.370740101766797900e+07
1.288351899439423687e+04,-6.816974979182478522e-01,-5.746071600974332894e-01,5.039917161083292216e+07,-5.354552352039693296e+07
1.288916470823928285e+04,-6.797920413766233017e-01,-5.766244108758739051e-01,5.058938281441295147e+07,-5.338296020282447338e+07
1.289481042208432700e+04,-6.778794558561292982e-01,-5.786355760841208618e-01,5.077917176244764030e+07,-5.321971197434081137e+07
1.290045613592937298e+04,-6.759597574052388369e-01,-5.806406305888300867e-01,5.096853640500155091e+07,-5.305577976022938639e+07
1.290610184977441895e+04,-6.740329621339179456e-01,-5.826395492656294417e-01,5.115747468796789646e+07,-5.289116450166723132e+07
1.291174756361946493e+04,-6.720990862136225763e-01,-5.846323069991214982e-01,5.134598455306877196e+07,-5.272586715572471172e+07
1.291739327746451090e+04,-6.701581458772992717e-01,-5.866188786828832047e-01,5.153406393785512447e+07,-5.255988869536559284e+07
1.292303899130955688e+04,-6.682101574193860527e-01,-5.885992392194649980e-01,5.172171077570669353e+07,-5.239323010944707692e+07
1.292868470515460103e+04,-6.662551371958116420e-01,-5.905733635203915810e-01,5.190892299583204091e+07,-5.222589240271976590e+07
1.293433041899964701e+04,-6.642931016239943531e-01,-5.925412265061626993e-01,5.209569852326868474e+07,-5.205787659582757950e+07
1.293997613284469298e+04,-6.623240671828448667e-01,-5.945028031062510321e-01,5.228203527888281643e+07,-5.188918372530794144e+07
1.294562184668973896e+04,-6.603480504127638984e-01,-5.964580682591035243e-01,5.246793117936952412e+07,-5.171981484359164536e+07
1.295126756053478493e+04,-6.583650679156434204e-01,-5.984069969121412758e-01,5.265338413725272566e+07,-5.154977101900292188e+07
1.295691327437983091e+04,-6.563751363548658846e-01,-6.003495640217594298e-01,5.283839206088516116e+07,-5.137905333575935662e+07
1.296255898822487507e+04,-6.543782724553055541e-01,-6.022857445533269516e-01,5.302295285444833338e+07,-5.120766289397203177e+07
1.296820470206992104e+04,-6.523744930033250622e-01,-6.042155134811880712e-01,5.320706441795277596e+07,-5.103560080964525789e+07
1.297385041591496702e+04,-6.503638148467802971e-01,-6.061388457886598413e-01,5.339072464723766595e+07,-5.086286821467690170e+07
1.297949612976001299e+04,-6.483462548950171822e-01,-6.080557164680336912e-01,5.357393143397104740e+07,-5.068946625685819983e+07
1.298514184360505897e+04,-6.463218301188723425e-01,-6.099661005205752051e-01,5.375668266564983875e+07,-5.051539609987378865e+07
1.299078755745010494e+04,-6.442905575506732152e-01,-6.118699729565237888e-01,5.393897622559974343e+07,-5.034065892330171168e+07
1.299643327129514910e+04,-6.422524542842389383e-01,-6.137673087950927808e-01,5.412080999297524989e+07,-5.016525592261345685e+07
1.300207898514019507e+04,-6.402075374748772418e-01,-6.156580830644712288e-01,5.430218184275988489e+07,-4.998918830917376280e+07
1.300772469898524105e+04,-6.381558243393891106e-01,-6.175422708018203366e-01,5.448308964576578885e+07,-4.981245731024095416e+07
1.301337041283028702e+04,-6.360973321560648985e-01,-6.194198470532756851e-01,5.466353126863401383e+07,-4.963506416896666586e+07
1.301901612667533300e+04,-6.340320782646864384e-01,-6.212907868739475648e-01,5.484350457383441925e+07,-4.945701014439599216e+07
1.302466184052037897e+04,-6.319600800665264861e-01,-6.231550653279201990e-01,5.502300741966570914e+07,-4.927829651146737486e+07
1.303030755436542313e+04,-6.298813550243484993e-01,-6.250126574882506336e-01,5.520203766025537997e+07,-4.909892456101275980e+07
1.303595326821046910e+04,-6.277959206624056376e-01,-6.268635384369725116e-01,5.538059314555989206e+07,-4.891889559975731373e+07
1.304159898205551508e+04,-6.257037945664432055e-01,-6.287076832650916325e-01,5.555867172136440873e+07,-4.873821095031976700e+07
1.304724469590056106e+04,-6.236049943836974307e-01,-6.305450670725880613e-01,5.573627122928292304e+07,-4.855687195121221989e+07
1.305289040974560703e+04,-6.214995378228944656e-01,-6.323756649684165732e-01,5.591338950675830990e+07,-4.837487995684015751e+07
1.305853612359065301e+04,-6.193874426542518297e-01,-6.341994520705052096e-01,5.609002438706223667e+07,-4.819223633750249445e+07
1.306418183743569716e+04,-6.172687267094785213e-01,-6.360164035057562781e-01,5.626617369929517806e+07,-4.800894247939157486e+07
1.306982755128074314e+04,-6.151434078817722417e-01,-6.378264944100473510e-01,5.644183526838660240e+07,-4.782499978459299356e+07
1.307547326512578911e+04,-6.130115041258236142e-01,-6.396296999282286011e-01,5.661700691509459913e+07,-4.764040967108593881e+07
1.308111897897083509e+04,-6.108730334578130750e-01,-6.414259952141249110e-01,5.679168645600619167e+07,-4.745517357274291664e+07
1.308676469281588106e+04,-6.087280139554123171e-01,-6.432153554305348742e-01,5.696587170353721827e+07,-4.726929293932984769e+07
1.309241040666092704e+04,-6.065764637577839569e-01,-6.449977557492316826e-01,5.713956046593233943e+07,-4.708276923650608957e+07
1.309805612050597301e+04,-6.044184010655807571e-01,-6.467731713509620173e-01,5.731275054726505280e+07,-4.689560394582432508e+07
1.310370183435101717e+04,-6.022538441409477361e-01,-6.485415774254463805e-01,5.748543974743764102e+07,-4.670779856473080814e+07
1.310934754819606314e+04,-6.000828113075180603e-01,-6.503029491713812060e-01,5.765762586218133569e+07,-4.651935460656492412e+07
1.311499326204110912e+04,-5.979053209504183730e-01,-6.520572617964349726e-01,5.782930668305611610e+07,-4.633027360055970401e+07
1.312063897588615509e+04,-5.957213915162647977e-01,-6.538044905172508692e-01,5.800047999745076150e+07,-4.614055709184149653e+07
1.312628468973120107e+04,-5.935310415131650474e-01,-6.555446105594465722e-01,5.817114358858294040e+07,-4.595020664143005013e+07
1.313193040357624704e+04,-5.913342895107170927e-01,-6.572775971576131360e-01,5.834129523549912125e+07,-4.575922382623854280e+07
1.313757611742129120e+04,-5.891311541400104934e-01,-6.590034255553153253e-01,5.851093271307455003e+07,-4.556761023907360435e+07
1.314322183126633718e+04,-5.869216540936235127e-01,-6.607220710050943913e-01,5.868005379201348871e+07,-4.537536748863507807e+07
1.314886754511138315e+04,-5.847058081256277795e-01,-6.624335087684625201e-01,5.884865623884883523e+07,-4.518249719951640815e+07
1.315451325895642913e+04,-5.824836350515844030e-01,-6.641377141159082731e-01,5.901673781594240665e+07,-4.498900101220437884e+07
1.316015897280147510e+04,-5.802551537485459709e-01,-6.658346623268929232e-01,5.918429628148480505e+07,-4.479488058307918161e+07
1.316580468664652108e+04,-5.780203831550552174e-01,-6.675243286898522310e-01,5.935132938949550688e+07,-4.460013758441441506e+07
1.317145040049156523e+04,-5.757793422711469100e-01,-6.692066885021955569e-01,5.951783488982275873e+07,-4.440477370437712967e+07
1.317709611433661121e+04,-5.735320501583444086e-01,-6.708817170703080812e-01,5.968381052814374864e+07,-4.420879064702761173e+07
1.318274182818165718e+04,-5.712785259396637727e-01,-6.725493897095473628e-01,5.984925404596440494e+07,-4.401219013231972605e+07
1.318838754202670316e+04,-5.690187887996115412e-01,-6.742096817442451151e-01,6.001416318061948568e+07,-4.381497389610069990e+07
1.319403325587174913e+04,-5.667528579841849545e-01,-6.758625685077079837e-01,6.017853566527261585e+07,-4.361714369011115283e+07
1.319967896971679511e+04,-5.644807528008718434e-01,-6.775080253422158805e-01,6.034236922891622037e+07,-4.341870128198508918e+07
1.320532468356183927e+04,-5.622024926186517391e-01,-6.791460275990227613e-01,6.050566159637153894e+07,-4.321964845525001734e+07
1.321097039740688524e+04,-5.599180968679930981e-01,-6.807765506383579579e-01,6.066841048828873783e+07,-4.301998700932663679e+07
1.321661611125193122e+04,-5.576275850408570767e-01,-6.823995698294234025e-01,6.083061362114672363e+07,-4.281971875952926278e+07
1.322226182509697719e+04,-5.553309766906948663e-01,-6.840150605503954040e-01,6.099226870725325495e+07,-4.261884553706553578e+07
1.322790753894202317e+04,-5.530282914324485821e-01,-6.856229981884250924e-01,6.115337345474490523e+07,-4.241736918903650343e+07
1.323355325278706914e+04,-5.507195489425513735e-01,-6.872233581396366420e-01,6.131392556758710742e+07,-4.221529157843660563e+07
1.323919896663211330e+04,-5.484047689589275354e-01,-6.888161158091282710e-01,6.147392274557404965e+07,-4.201261458415378630e+07
1.324484468047715927e+04,-5.460839712809902879e-01,-6.904012466109742396e-01,6.163336268432893604e+07,-4.180934010096916556e+07
1.325049039432220525e+04,-5.437571757696459951e-01,-6.919787259682202984e-01,6.179224307530359924e+07,-4.160547003955750167e+07
1.325613610816725122e+04,-5.414244023472906120e-01,-6.935485293128879070e-01,6.195056160577879101e+07,-4.140100632648684084e+07
1.326178182201229720e+04,-5.390856709978114614e-01,-6.951106320859719023e-01,6.210831595886408538e+07,-4.119595090421867371e+07
1.326742753585734317e+04,-5.367410017665863453e-01,-6.966650097374412764e-01,6.226550381349788606e+07,-4.099030573110788316e+07
1.327307324970238733e+04,-5.343904147604847665e-01,-6.982116377262387319e-01,6.242212284444736689e+07,-4.078407278140282631e+07
1.327871896354743330e+04,-5.320339301478647087e-01,-6.997504915202825693e-01,6.257817072230868042e+07,-4.057725404524507374e+07
1.328436467739247928e+04,-5.296715681585772995e-01,-7.012815465964634676e-01,6.273364511350668967e+07,-4.036985152866977453e+07
1.329001039123752525e+04,-5.273033490839639237e-01,-7.028047784406467047e-01,6.288854368029510230e+07,-4.016186725360544026e+07
1.329565610508257123e+04,-5.249292932768562236e-01,-7.043201625476720462e-01,6.304286408075646311e+07,-3.995330325787397474e+07
1.330130181892761721e+04,-5.225494211515775422e-01,-7.058276744213526355e-01,6.319660396880216897e+07,-3.974416159519071877e+07
1.330694753277266136e+04,-5.201637531839419237e-01,-7.073272895744757705e-01,6.334976099417238683e+07,-3.953444433516442776e+07
1.331259324661770734e+04,-5.177723099112525595e-01,-7.088189835288040141e-01,6.350233280243622512e+07,-3.932415356329709291e+07
1.331823896046275331e+04,-5.153751119323055629e-01,-7.103027318150725300e-01,6.365431703499154001e+07,-3.911329138098433614e+07
1.332388467430779929e+04,-5.129721799073868604e-01,-7.117785099729911913e-01,6.380571132906502485e+07,-3.890185990551505983e+07
1.332953038815284526e+04,-5.105635345582736351e-01,-7.132462935512436930e-01,6.395651331771221012e+07,-3.868986127007162571e+07
1.333517610199789124e+04,-5.081491966682336603e-01,-7.147060581074882180e-01,6.410672062981744856e+07,-3.847729762372978032e+07
1.334082181584293539e+04,-5.057291870820258550e-01,-7.161577792083559935e-01,6.425633089009390771e+07,-3.826417113145872951e+07
1.334646752968798137e+04,-5.033035267058989515e-01,-7.176014324294544000e-01,6.440534171908368170e+07,-3.805048397412090003e+07
1.335211324353302734e+04,-5.008722365075934935e-01,-7.190369933553627524e-01,6.455375073315757513e+07,-3.783623834847229719e+07
1.335775895737807332e+04,-4.984353375163405597e-01,-7.204644375796352973e-01,6.470155554451529682e+07,-3.762143646716232598e+07
1.336340467122311929e+04,-4.959928508228621524e-01,-7.218837407048004362e-01,6.484875376118534803e+07,-3.740608055873370916e+07
1.336905038506816527e+04,-4.935447975793709752e-01,-7.232948783423606143e-01,6.499534298702507466e+07,-3.719017286762264371e+07
1.337469609891320943e+04,-4.910911989995713767e-01,-7.246978261127914323e-01,6.514132082172058523e+07,-3.697371565415879339e+07
1.338034181275825540e+04,-4.886320763586563531e-01,-7.260925596455447550e-01,6.528668486078700423e+07,-3.675671119456499815e+07
1.338598752660330138e+04,-4.861674509933115451e-01,-7.274790545790442708e-01,6.543143269556810707e+07,-3.653916178095768392e+07
1.339163324044834735e+04,-4.836973443017135721e-01,-7.288572865606887108e-01,6.557556191323655099e+07,-3.632106972134667635e+07
1.339727895429339333e+04,-4.812217777435284227e-01,-7.302272312468510718e-01,6.571907009679383039e+07,-3.610243733963517845e+07
1.340292466813843930e+04,-4.787407728399146190e-01,-7.315888643028776173e-01,6.586195482507027686e+07,-3.588326697561977804e+07
1.340857038198348528e+04,-4.762543511735201074e-01,-7.329421614030897647e-01,6.600421367272505909e+07,-3.566356098499048501e+07
1.341421609582852943e+04,-4.737625343884852569e-01,-7.342870982307814209e-01,6.614584421024609357e+07,-3.544332173933079094e+07
1.341986180967357541e+04,-4.712653441904388063e-01,-7.356236504782227570e-01,6.628684400395028293e+07,-3.522255162611737847e+07
1.342550752351862138e+04,-4.687628023465020832e-01,-7.369517938466563223e-01,6.642721061598325521e+07,-3.500125304872052372e+07
1.343115323736366736e+04,-4.662549306852873388e-01,-7.382715040462992651e-01,6.656694160431944579e+07,-3.477942842640388757e+07
1.343679895120871333e+04,-4.637417510968970258e-01,-7.395827567963426663e-01,6.670603452276219428e+07,-3.455708019432447106e+07
1.344244466505375931e+04,-4.612232855329244097e-01,-7.408855278249519838e-01,6.684448692094362527e+07,-3.433421080353274196e+07
1.344809037889880346e+04,-4.586995560064549005e-01,-7.421797928692659418e-01,6.698229634432466328e+07,-3.411082272097259760e+07
1.345373609274384944e+04,-4.561705845920617786e-01,-7.434655276753988629e-01,6.711946033419519663e+07,-3.388691842948114127e+07
1.345938180658889542e+04,-4.536363934258117458e-01,-7.447427079984377807e-01,6.725597642767377198e+07,-3.366250042778911442e+07
1.346502752043394139e+04,-4.510970047052615950e-01,-7.460113096024442170e-01,6.739184215770789981e+07,-3.343757123052056134e+07
1.347067323427898737e+04,-4.485524406894590421e-01,-7.472713082604538481e-01,6.752705505307382345e+07,-3.321213336819297075e+07
1.347631894812403334e+04,-4.460027236989423383e-01,-7.485226797544763944e-01,6.766161263837666810e+07,-3.298618938721718639e+07
1.348196466196907750e+04,-4.434478761157416016e-01,-7.497653998754949534e-01,6.779551243405033648e+07,-3.275974184989757091e+07
1.348761037581412347e+04,-4.408879203833750982e-01,-7.509994444234683320e-01,6.792875195635771751e+07,-3.253279333443164080e+07
1.349325608965916945e+04,-4.383228790068546821e-01,-7.522247892073281594e-01,6.806132871739037335e+07,-3.230534643491057307e+07
1.349890180350421542e+04,-4.357527745526820206e-01,-7.534414100449803309e-01,6.819324022506870329e+07,-3.207740376131884009e+07
1.350454751734926140e+04,-4.331776296488495936e-01,-7.546492827633045630e-01,6.832448398314198852e+07,-3.184896793953435123e+07
1.351019323119430737e+04,-4.305974669848405822e-01,-7.558483831981551715e-01,6.845505749118834734e+07,-3.162004161132840067e+07
1.351583894503935153e+04,-4.280123093116303123e-01,-7.570386871943601825e-01,6.858495824461466074e+07,-3.139062743436577171e+07
1.352148465888439750e+04,-4.254221794416819247e-01,-7.582201706057223323e-01,6.871418373465673625e+07,-3.116072808220440894e+07
1.352713037272944348e+04,-4.228271002489519814e-01,-7.593928092950174014e-01,6.884273144837914407e+07,-3.093034624429591745e+07
1.353277608657448945e+04,-4.202270946688873021e-01,-7.605565791339963244e-01,6.897059886867532134e+07,-3.069948462598521262e+07
1.353842180041953543e+04,-4.176221856984252967e-01,-7.617114560033831916e-01,6.909778347426748276e+07,-3.046814594851060957e+07
1.354406751426458140e+04,-4.150123963959941875e-01,-7.628574157928763588e-01,6.922428273970672488e+07,-3.023633294900385290e+07
1.354971322810962556e+04,-4.123977498815139531e-01,-7.639944344011484478e-01,6.935009413537290692e+07,-3.000404838049014658e+07
1.355535894195467154e+04,-4.097782693363928308e-01,-7.651224877358466792e-01,6.947521512747487426e+07,-2.977129501188786328e+07
1.356100465579971751e+04,-4.071540193227823345e-01,-7.662416028167032822e-01,6.959966516415305436e+07,-2.953804594776430726e+07
1.356665036964476349e+04,-4.045250986319726128e-01,-7.673518494861191197e-01,6.972348047939847410e+07,-2.930424901168547571e+07
1.357229608348980946e+04,-4.018915336567474017e-01,-7.684532084037161148e-01,6.984665767340469360e+07,-2.906990354320213199e+07
1.357794179733485544e+04,-3.992533493803833156e-01,-7.695456584224242835e-01,6.996919253912499547e+07,-2.883500999207988009e+07
1.358358751117989959e+04,-3.966105709010332436e-01,-7.706291784695356029e-01,7.009108088409736753e+07,-2.859956882921544835e+07
1.358923322502494557e+04,-3.939632234317222981e-01,-7.717037475467046770e-01,7.021231853044469655e+07,-2.836358054663640261e+07
1.359487893886999154e+04,-3.913113323003536426e-01,-7.727693447299472940e-01,7.033290131487444043e+07,-2.812704565750160068e+07
1.360052465271503752e+04,-3.886549229497043845e-01,-7.738259491696415360e-01,7.045282508867888153e+07,-2.788996469610089064e+07
1.360617036656008349e+04,-3.859940209374270736e-01,-7.748735400905276682e-01,7.057208571773505211e+07,-2.765233821785517409e+07
1.361181608040512947e+04,-3.833286519360491473e-01,-7.759120967917073619e-01,7.069067908250470459e+07,-2.741416679931642488e+07
1.361746179425017363e+04,-3.806588417329742069e-01,-7.769415986466443602e-01,7.080860107803431153e+07,-2.717545103816775233e+07
1.362310750809521960e+04,-3.779846162304784651e-01,-7.779620251031653666e-01,7.092584761395518482e+07,-2.693619155322308838e+07
1.362875322194026558e+04,-3.753060014457155202e-01,-7.789733556834578243e-01,7.104241461448331177e+07,-2.669638898442767933e+07
1.363439893578531155e+04,-3.726230235107138022e-01,-7.799755699840716927e-01,7.115829801841942966e+07,-2.645604399285773560e+07
1.364004464963035753e+04,-3.699357086723762400e-01,-7.809686476759187812e-01,7.127349377914902568e+07,-2.621515726072054356e+07
1.364569036347540350e+04,-3.672440832924815379e-01,-7.819525685042729712e-01,7.138799786464233696e+07,-2.597372949135444313e+07
1.365133607732044766e+04,-3.645481738476838984e-01,-7.829273122887696612e-01,7.150180625745429099e+07,-2.573176140922892466e+07
1.365698179116549363e+04,-3.618480069295103019e-01,-7.838928589234073208e-01,7.161491495472469926e+07,-2.548925375994430110e+07
1.366262750501053961e+04,-3.591436092443655026e-01,-7.848491883765452704e-01,7.172731996817800403e+07,-2.524620731023218110e+07
1.366827321885558558e+04,-3.564350076135283651e-01,-7.857962806909054576e-01,7.183901732412341237e+07,-2.500262284795515984e+07
1.367391893270063156e+04,-3.537222289731530300e-01,-7.867341159835711251e-01,7.195000306345488131e+07,-2.475850118210688978e+07
1.367956464654567753e+04,-3.510053003742687472e-01,-7.876626744459882534e-01,7.206027324165113270e+07,-2.451384314281210303e+07
1.368521036039072169e+04,-3.482842489827807086e-01,-7.885819363439640073e-01,7.216982392877556384e+07,-2.426864958132664859e+07
1.369085607423576766e+04,-3.455591020794668289e-01,-7.894918820176686225e-01,7.227865120947645605e+07,-2.402292137003721669e+07
1.369650178808081364e+04,-3.428298870599824633e-01,-7.903924918816334078e-01,7.238675118298670650e+07,-2.377665940246179700e+07
1.370214750192585961e+04,-3.400966314348575770e-01,-7.912837464247517438e-01,7.249411996312400699e+07,-2.352986459324935824e+07
1.370779321577090559e+04,-3.373593628294969671e-01,-7.921656262102791946e-01,7.260075367829078436e+07,-2.328253787817993015e+07
1.371343892961595157e+04,-3.346181089841808176e-01,-7.930381118758331738e-01,7.270664847147423029e+07,-2.303468021416460723e+07
1.371908464346099754e+04,-3.318728977540643110e-01,-7.939011841333931674e-01,7.281180050024625659e+07,-2.278629257924555242e+07
1.372473035730604170e+04,-3.291237571091786829e-01,-7.947548237693001782e-01,7.291620593676351011e+07,-2.253737597259606421e+07
1.373037607115108767e+04,-3.263707151344276136e-01,-7.955990116442583915e-01,7.301986096776746213e+07,-2.228793141452026367e+07
1.373602178499613365e+04,-3.236138000295927797e-01,-7.964337286933326210e-01,7.312276179458422959e+07,-2.203795994645357132e+07
1.374166749884117962e+04,-3.208530401093298567e-01,-7.972589559259500858e-01,7.322490463312473893e+07,-2.178746263096240163e+07
1.374731321268622560e+04,-3.180884638031697409e-01,-7.980746744259005210e-01,7.332628571388462186e+07,-2.153644055174422637e+07
1.375295892653127157e+04,-3.153200996555185487e-01,-7.988808653513346236e-01,7.342690128194428980e+07,-2.128489481362757087e+07
1.375860464037631573e+04,-3.125479763256583943e-01,-7.996775099347658289e-01,7.352674759696882963e+07,-2.103282654257211834e+07
1.376425035422136170e+04,-3.097721225877437812e-01,-8.004645894830694219e-01,7.362582093320821226e+07,-2.078023688566835970e+07
1.376989606806640768e+04,-3.069925673308071534e-01,-8.012420853774826490e-01,7.372411757949702442e+07,-2.052712701113809645e+07
1.377554178191145365e+04,-3.042093395587550653e-01,-8.020099790736044953e-01,7.382163383925463259e+07,-2.027349810833411291e+07
1.378118749575649963e+04,-3.014224683903692914e-01,-8.027682521013959072e-01,7.391836603048518300e+07,-2.001935138774025813e+07
1.378683320960154560e+04,-2.986319830593067159e-01,-8.035168860651801248e-01,7.401431048577752709e+07,-1.976468808097143471e+07
1.379247892344658976e+04,-2.958379129141004427e-01,-8.042558626436420166e-01,7.410946355230523646e+07,-1.950950944077369571e+07
1.379812463729163574e+04,-2.930402874181556871e-01,-8.049851635898289670e-01,7.420382159182675183e+07,-1.925381674102391303e+07
1.380377035113668171e+04,-2.902391361497556610e-01,-8.057047707311496554e-01,7.429738098068512976e+07,-1.899761127673026547e+07
1.380941606498172769e+04,-2.874344888020579081e-01,-8.064146659693750552e-01,7.439013810980823636e+07,-1.874089436403190345e+07
1.381506177882677366e+04,-2.846263751830950817e-01,-8.071148312806382119e-01,7.448208938470864296e+07,-1.848366734019905329e+07
1.382070749267181964e+04,-2.818148252157748335e-01,-8.078052487154337991e-01,7.457323122548368573e+07,-1.822593156363300234e+07
1.382635320651686379e+04,-2.789998689378809793e-01,-8.084859003986186732e-01,7.466356006681543589e+07,-1.796768841386617348e+07
1.383199892036190977e+04,-2.761815365020697799e-01,-8.091567685294118739e-01,7.475307235797077417e+07,-1.770893929156180471e+07
1.383764463420695574e+04,-2.733598581758752144e-01,-8.098178353813942909e-01,7.484176456280124187e+07,-1.744968561851446331e+07
1.384329034805200172e+04,-2.705348643417057608e-01,-8.104690833025082197e-01,7.492963315974316001e+07,-1.718992883764966577e+07
1.384893606189704769e+04,-2.677065854968446179e-01,-8.111104947150588051e-01,7.501667464181759953e+07,-1.692967041302402318e+07
1.385458177574209367e+04,-2.648750522534505936e-01,-8.117420521157125979e-01,7.510288551663036644e+07,-1.666891182982518338e+07
1.386022748958713782e+04,-2.620402953385582712e-01,-8.123637380754982207e-01,7.518826230637198687e+07,-1.640765459437195957e+07
1.386587320343218380e+04,-2.592023455940746235e-01,-8.129755352398063684e-01,7.527280154781781137e+07,-1.614590023411396146e+07
1.387151891727722978e+04,-2.563612339767846748e-01,-8.135774263283898078e-01,7.535649979232786596e+07,-1.588365029763211869e+07
1.387716463112227575e+04,-2.535169915583475042e-01,-8.141693941353629338e-01,7.543935360584694147e+07,-1.562090635463834181e+07
1.388281034496732173e+04,-2.506696495252973556e-01,-8.147514215292024353e-01,7.552135956890456378e+07,-1.535766999597560242e+07
1.388845605881236770e+04,-2.478192391790437488e-01,-8.153234914527465182e-01,7.560251427661502361e+07,-1.509394283361793496e+07
1.389410177265741186e+04,-2.449657919358721736e-01,-8.158855869231959046e-01,7.568281433867733181e+07,-1.482972650067051873e+07
1.389974748650245783e+04,-2.421093393269404259e-01,-8.164376910321132774e-01,7.576225637937529385e+07,-1.456502265136934072e+07
1.390539320034750381e+04,-2.392499129982844364e-01,-8.169797869454227257e-01,7.584083703757740557e+07,-1.429983296108171344e+07
1.391103891419254978e+04,-2.363875447108140238e-01,-8.175118579034109656e-01,7.591855296673692763e+07,-1.403415912630591542e+07
1.391668462803759576e+04,-2.335222663403143939e-01,-8.180338872207261192e-01,7.599540083489188552e+07,-1.376800286467129178e+07
1.392233034188264173e+04,-2.306541098774458065e-01,-8.185458582863784915e-01,7.607137732466500998e+07,-1.350136591493825428e+07
1.392797605572768589e+04,-2.277831074277445744e-01,-8.190477545637404599e-01,7.614647913326378167e+07,-1.323425003699836135e+07
1.393362176957273186e+04,-2.249092912116194276e-01,-8.195395595905464736e-01,7.622070297248049080e+07,-1.296665701187397353e+07
1.393926748341777784e+04,-2.220326935643570365e-01,-8.200212569788927208e-01,7.629404556869211793e+07,-1.269858864171877131e+07
1.394491319726282381e+04,-2.191533469361180986e-01,-8.204928304152372398e-01,7.636650366286037862e+07,-1.243004674981741235e+07
1.395055891110786979e+04,-2.162712838919388092e-01,-8.209542636604003629e-01,7.643807401053176820e+07,-1.216103318058562651e+07
1.395620462495291576e+04,-2.133865371117300569e-01,-8.214055405495642725e-01,7.650875338183748722e+07,-1.189154979957019165e+07
1.396185033879795992e+04,-2.104991393902791164e-01,-8.218466449922728900e-01,7.657853856149351597e+07,-1.162159849344904348e+07
1.396749605264300590e+04,-2.076091236372455684e-01,-8.222775609724327639e-01,7.664742634880058467e+07,-1.135118117003091797e+07
1.397314176648805187e+04,-2.047165228771667400e-01,-8.226982725483115155e-01,7.671541355764414370e+07,-1.108029975825586170e+07
1.397878748033309785e+04,-2.018213702494545125e-01,-8.231087638525395045e-01,7.678249701649440825e+07,-1.080895620819493011e+07
1.398443319417814382e+04,-1.989236990083954881e-01,-8.235090190921084963e-01,7.684867356840631366e+07,-1.053715249105019867e+07
1.399007890802318980e+04,-1.960235425231518225e-01,-8.238990225483725505e-01,7.691394007101957500e+07,-1.026489059915484488e+07
1.399572462186823395e+04,-1.931209342777613913e-01,-8.242787585770475767e-01,7.697829339655858278e+07,-9.992172545973163098e+06
1.400137033571327993e+04,-1.902159078711346263e-01,-8.246482116082115565e-01,7.704173043183259666e+07,-9.719000366100277752e+06
1.400701604955832590e+04,-1.873084970170597885e-01,-8.250073661463045438e-01,7.710424807823552191e+07,-9.445376115262612700e+06
1.401266176340337188e+04,-1.843987355441994713e-01,-8.253562067701282201e-01,7.716584325174601376e+07,-9.171301870317574590e+06
1.401830747724841785e+04,-1.814866573960912943e-01,-8.256947181328463392e-01,7.722651288292752206e+07,-8.896779729253642261e+06
1.402395319109346383e+04,-1.785722966311480697e-01,-8.260228849619849489e-01,7.728625391692818701e+07,-8.621811811190355569e+06
1.402959890493850980e+04,-1.756556874226577747e-01,-8.263406920594315030e-01,7.734506331348094344e+07,-8.346400256378296763e+06
1.403524461878355396e+04,-1.727368640587843007e-01,-8.266481243014358604e-01,7.740293804690343142e+07,-8.070547226199220866e+06
1.404089033262859994e+04,-1.698158609425641230e-01,-8.269451666386099520e-01,7.745987510609810054e+07,-7.794254903165679425e+06
1.404653604647364591e+04,-1.668927125919114629e-01,-8.272318040959271146e-01,7.751587149455204606e+07,-7.517525490921534598e+06
1.405218176031869189e+04,-1.639674536396148463e-01,-8.275080217727233123e-01,7.757092423033718765e+07,-7.240361214241638780e+06
1.405782747416373786e+04,-1.610401188333378808e-01,-8.277738048426958040e-01,7.762503034611016512e+07,-6.962764319031909108e+06
1.406347318800878384e+04,-1.581107430356193388e-01,-8.280291385539045868e-01,7.767818688911235332e+07,-6.684737072329297662e+06
1.406911890185382799e+04,-1.551793612238742126e-01,-8.282740082287708416e-01,7.773039092116987705e+07,-6.406281762301947922e+06
1.407476461569887397e+04,-1.522460084903895505e-01,-8.285083992640783768e-01,7.778163951869364083e+07,-6.127400698248773813e+06
1.408041032954391994e+04,-1.493107200423305359e-01,-8.287322971309726283e-01,7.783192977267923951e+07,-5.848096210600014776e+06
1.408605604338896592e+04,-1.463735312017365453e-01,-8.289456873749609933e-01,7.788125878870704770e+07,-5.568370650916919112e+06
1.409170175723401189e+04,-1.434344774055219263e-01,-8.291485556159128301e-01,7.792962368694218993e+07,-5.288226391891736537e+06
1.409734747107905787e+04,-1.404935942054764408e-01,-8.293408875480599018e-01,7.797702160213449597e+07,-5.007665827347837389e+06
1.410299318492410202e+04,-1.375509172682657655e-01,-8.295226689399950448e-01,7.802344968361856043e+07,-4.726691372239720076e+06
1.410863889876914800e+04,-1.346064823754279105e-01,-8.296938856346740554e-01,7.806890509531377256e+07,-4.445305462652660906e+06
1.411428461261419397e+04,-1.316603254233788267e-01,-8.298545235494141359e-01,7.811338501572421193e+07,-4.163510555803306401e+06
1.411993032645923995e+04,-1.287124824234086862e-01,-8.300045686758945607e-01,7.815688663793869317e+07,-3.881309130039241165e+06
1.412557604030428593e+04,-1.257629895016829369e-01,-8.301440070801563431e-01,7.819940716963081062e+07,-3.598703684839136899e+06
1.413122175414933190e+04,-1.228118828992418865e-01,-8.302728249026031238e-01,7.824094383305890858e+07,-3.315696740812696517e+06
1.413686746799437606e+04,-1.198591989720022288e-01,-8.303910083579997270e-01,7.828149386506602168e+07,-3.032290839700821787e+06
1.414251318183942203e+04,-1.169049741907526169e-01,-8.304985437354736044e-01,7.832105451708000898e+07,-2.748488544375151396e+06
1.414815889568446801e+04,-1.139492451411601159e-01,-8.305954173985138356e-01,7.835962305511341989e+07,-2.464292438838709146e+06
1.415380460952951398e+04,-1.109920485237656101e-01,-8.306816157849713500e-01,7.839719675976355374e+07,-2.179705128225445747e+06
1.415945032337455996e+04,-1.080334211539852873e-01,-8.307571254070594824e-01,7.843377292621248960e+07,-1.894729238800432533e+06
1.416509603721960593e+04,-1.050733999621104725e-01,-8.308219328513530844e-01,7.846934886422699690e+07,-1.609367417959723622e+06
1.417074175106465009e+04,-1.021120219933085993e-01,-8.308760247787891906e-01,7.850392189815863967e+07,-1.323622334230601788e+06
1.417638746490969606e+04,-9.914932440761933807e-02,-8.309193879246669079e-01,7.853748936694370210e+07,-1.037496677271086723e+06
1.418203317875474204e+04,-9.618534447996027192e-02,-8.309520090986469709e-01,7.857004862410321832e+07,-7.509931578705832362e+05
1.418767889259978801e+04,-9.322011960012323295e-02,-8.309738751847525196e-01,7.860159703774298728e+07,-4.641145079494081438e+05
1.419332460644483399e+04,-9.025368727277546799e-02,-8.309849731413684326e-01,7.863213199055349827e+07,-1.768634805589951575e+05
1.419897032028987996e+04,-8.728608511745897247e-02,-8.309852900012414390e-01,7.866165087981006503e+07,1.107571501181982458e+05
1.420461603413492412e+04,-8.431735086859193373e-02,-8.309748128714805615e-01,7.869015111737266183e+07,3.987445887685455382e+05
1.421026174797997010e+04,-8.134752237546502562e-02,-8.309535289335563402e-01,7.871763012968608737e+07,6.870960189476087689e+05
1.421590746182501607e+04,-7.837663760224664045e-02,-8.309214254433017199e-01,7.874408535777983069e+07,9.758086030796580017e+05
1.422155317567006205e+04,-7.540473462797950277e-02,-8.308784897309114958e-01,7.876951425726816058e+07,1.264879482457969338e+06
1.422719888951510802e+04,-7.243185164658158537e-02,-8.308247092009423129e-01,7.879391429835005105e+07,1.554305777244754136e+06
1.423284460336015400e+04,-6.945802696684572064e-02,-8.307600713323127772e-01,7.881728296580925584e+07,1.844084586471147835e+06
1.423849031720519815e+04,-6.648329901244107165e-02,-8.306845636783036779e-01,7.883961775901424885e+07,2.134212988037172705e+06
1.424413603105024413e+04,-6.350770632190903819e-02,-8.305981738665575431e-01,7.886091619191829860e+07,2.424688038712020963e+06
1.424978174489529010e+04,-6.053128754866890504e-02,-8.305008895990789730e-01,7.888117579305934906e+07,2.715506774133566767e+06
1.425542745874033608e+04,-5.755408146101416433e-02,-8.303926986522346398e-01,7.890039410556015372e+07,3.006666208808723837e+06
1.426107317258538205e+04,-5.457612694211373683e-02,-8.302735888767529548e-01,7.891856868712815642e+07,3.298163336113318801e+06
1.426671888643042803e+04,-5.159746299001117392e-02,-8.301435481977245123e-01,7.893569711005558074e+07,3.589995128292139620e+06
1.427236460027547218e+04,-4.861812871762668381e-02,-8.300025646146017566e-01,7.895177696121940017e+07,3.882158536458790302e+06
1.427801031412051816e+04,-4.563816335275221875e-02,-8.298506262011989820e-01,7.896680584208129346e+07,4.174650490596130490e+06
1.428365602796556414e+04,-4.265760623805821272e-02,-8.296877211056928880e-01,7.898078136868773401e+07,4.467467899555638433e+06
1.428930174181061011e+04,-3.967649683108896014e-02,-8.295138375506215800e-01,7.899370117166991532e+07,4.760607651057839394e+06
1.429494745565565609e+04,-3.669487470426380932e-02,-8.293289638328855684e-01,7.900556289624375105e+07,5.054066611692205071e+06
1.430059316950070206e+04,-3.371277954487759965e-02,-8.291330883237471028e-01,7.901636420220996439e+07,5.347841626917146146e+06
1.430623888334574804e+04,-3.073025115510032851e-02,-8.289261994688305046e-01,7.902610276395396888e+07,5.641929521059982479e+06
1.431188459719079219e+04,-2.774732945197763354e-02,-8.287082857881221676e-01,7.903477627044594288e+07,5.936327097316905856e+06
1.431753031103583817e+04,-2.476405446742776725e-02,-8.284793358759700022e-01,7.904238242524081469e+07,6.231031137753307819e+06
1.432317602488088414e+04,-2.178046634824701636e-02,-8.282393384010845461e-01,7.904891894647823274e+07,6.526038403303265572e+06
1.432882173872593012e+04,-1.879660535610555919e-02,-8.279882821065377430e-01,7.905438356688264012e+07,6.821345633769847453e+06
1.433446745257097609e+04,-1.581251186754915189e-02,-8.277261558097637195e-01,7.905877403376317024e+07,7.116949547825090587e+06
1.434011316641602207e+04,-1.282822637399831482e-02,-8.274529484025587855e-01,7.906208810901373625e+07,7.412846843009948730e+06
1.434575888026106622e+04,-9.843789481749713396e-03,-8.271686488510811008e-01,7.906432356911297143e+07,7.709034195734255016e+06
1.435140459410611220e+04,-6.859241911972627052e-03,-8.268732461958502311e-01,7.906547820512428880e+07,8.005508261276997626e+06
1.435705030795115817e+04,-3.874624500713909261e-03,-8.265667295517487023e-01,7.906554982269582152e+07,8.302265673785887659e+06
1.436269602179620415e+04,-8.899781988947149704e-04,-8.262490881080202243e-01,7.906453624206046760e+07,8.599303046277619898e+06
1.436834173564125012e+04,2.094655927688527080e-03,-8.259203111282708010e-01,7.906243529803583026e+07,8.896616970637865365e+06
1.437398744948629610e+04,5.079236698364063621e-03,-8.255803879504683973e-01,7.905924484002429247e+07,9.194204017621189356e+06
1.437963316333134026e+04,8.063722817584715805e-03,-8.252293079869430503e-01,7.905496273201297224e+07,9.492060736851036549e+06
1.438527887717638623e+04,1.104807287493042751e-02,-8.248670607243863140e-01,7.904958685257375240e+07,9.790183656820058823e+06
1.439092459102143221e+04,1.403224534510337171e-02,-8.244936357238523694e-01,7.904311509486323595e+07,1.008856928488955647e+07
1.439657030486647818e+04,1.701619858793136306e-02,-8.241090226207566927e-01,7.903554536662276089e+07,1.038721410728988051e+07
1.440221601871152416e+04,1.999989084836730283e-02,-8.237132111248772759e-01,7.902687559017844498e+07,1.068611458912028372e+07
1.440786173255657013e+04,2.298328025648887010e-02,-8.233061910203538503e-01,7.901710370244114101e+07,1.098526717434900999e+07
1.441350744640161429e+04,2.596632482749755208e-02,-8.228879521656882190e-01,7.900622765490642190e+07,1.128466828581308573e+07
1.441915316024666026e+04,2.894898246172262352e-02,-8.224584844937438133e-01,7.899424541365464032e+07,1.158431432521879673e+07
1.442479887409170624e+04,3.193121094461568582e-02,-8.220177780117464694e-01,7.898115495935086906e+07,1.188420167314108461e+07
1.443044458793675221e+04,3.491296794675326914e-02,-8.215658228012836517e-01,7.896695428724494576e+07,1.218432668902390450e+07
1.443609030178179819e+04,3.789421102383771361e-02,-8.211026090183052295e-01,7.895164140717142820e+07,1.248468571118016541e+07
1.444173601562684416e+04,4.087489761669592381e-02,-8.206281268931225892e-01,7.893521434354963899e+07,1.278527505679168552e+07
1.444738172947188832e+04,4.385498505127835567e-02,-8.201423667304094112e-01,7.891767113538366556e+07,1.308609102190914750e+07
1.445302744331693430e+04,4.683443053866356148e-02,-8.196453189092011149e-01,7.889900983626228571e+07,1.338712988145248592e+07
1.445867315716198027e+04,4.981319117505206284e-02,-8.191369738828949698e-01,7.887922851435905695e+07,1.368838788921022415e+07
1.446431887100702625e+04,5.279122394176993111e-02,-8.186173221792506505e-01,7.885832525243228674e+07,1.398986127783995122e+07
1.446996458485207222e+04,5.576848570526837107e-02,-8.180863544003896815e-01,7.883629814782501757e+07,1.429154625886820257e+07
1.447561029869711820e+04,5.874493321712351279e-02,-8.175440612227951043e-01,7.881314531246504188e+07,1.459343902269045264e+07
1.448125601254216235e+04,6.172052311403498914e-02,-8.169904333973128097e-01,7.878886487286490202e+07,1.489553573857097328e+07
1.448690172638720833e+04,6.469521191783068892e-02,-8.164254617491495392e-01,7.876345497012186050e+07,1.519783255464331806e+07
1.449254744023225430e+04,6.766895603545990123e-02,-8.158491371778747725e-01,7.873691375991794467e+07,1.550032559790968150e+07
1.449819315407730028e+04,7.064171175899822130e-02,-8.152614506574200615e-01,7.870923941251993179e+07,1.580301097424121946e+07
1.450383886792234625e+04,7.361343526564592676e-02,-8.146623932360783638e-01,7.868043011277934909e+07,1.610588476837813109e+07
1.450948458176739223e+04,7.658408261772797765e-02,-8.140519560365048202e-01,7.865048406013242900e+07,1.640894304392948747e+07
1.451513029561243638e+04,7.955360976269369722e-02,-8.134301302557169766e-01,7.861939946860021353e+07,1.671218184337323904e+07
1.452077600945748236e+04,8.252197253311963077e-02,-8.127969071650936739e-01,7.858717456678843498e+07,1.701559718805650622e+07
1.452642172330252833e+04,8.548912664670464678e-02,-8.121522781103759359e-01,7.855380759788757563e+07,1.731918507819509506e+07
1.453206743714757431e+04,8.845502770627322597e-02,-8.114962345116670805e-01,7.851929681967291236e+07,1.762294149287386239e+07
1.453771315099262029e+04,9.141963119977492003e-02,-8.108287678634320539e-01,7.848364050450439751e+07,1.792686239004658908e+07
1.454335886483766626e+04,9.438289250028385202e-02,-8.101498697344978739e-01,7.844683693932679296e+07,1.823094370653595030e+07
1.454900457868271042e+04,9.734476686599853601e-02,-8.094595317680538527e-01,7.840888442566956580e+07,1.853518135803354532e+07
1.455465029252775639e+04,1.003052094402443750e-01,-8.087577456816504862e-01,7.836978127964694798e+07,1.883957123910011351e+07
1.456029600637280237e+04,1.032641752514698447e-01,-8.080445032672007866e-01,7.832952583195787668e+07,1.914410922316511720e+07
1.456594172021784834e+04,1.062216192132482695e-01,-8.073197963909798380e-01,7.828811642788609862e+07,1.944879116252699494e+07
1.457158743406289432e+04,1.091774961242783920e-01,-8.065836169936245748e-01,7.824555142730006576e+07,1.975361288835313916e+07
1.457723314790794029e+04,1.121317606683838175e-01,-8.058359570901335589e-01,7.820182920465296507e+07,2.005857021067991853e+07
1.458287886175298445e+04,1.150843674145116124e-01,-8.050768087698680908e-01,7.815694814898279309e+07,2.036365891841247678e+07
1.458852457559803042e+04,1.180352708167370923e-01,-8.043061641965502107e-01,7.811090666391219199e+07,2.066887477932526171e+07
1.459417028944307640e+04,1.209844252142570631e-01,-8.035240156082652518e-01,7.806370316764862835e+07,2.097421354006128013e+07
1.459981600328812237e+04,1.239317848313947618e-01,-8.027303553174597317e-01,7.801533609298427403e+07,2.127967092613264918e+07
1.460546171713316835e+04,1.268773037775975943e-01,-8.019251757109422396e-01,7.796580388729606569e+07,2.158524264192037284e+07
1.461110743097821432e+04,1.298209360474383567e-01,-8.011084692498838811e-01,7.791510501254568994e+07,2.189092437067443132e+07
1.461675314482326030e+04,1.327626355206145969e-01,-8.002802284698167234e-01,7.786323794527956843e+07,2.219671177451372147e+07
1.462239885866830446e+04,1.357023559619476294e-01,-7.994404459806360164e-01,7.781020117662885785e+07,2.250260049442594498e+07
1.462804457251335043e+04,1.386400510213865178e-01,-7.985891144665976382e-01,7.775599321230946481e+07,2.280858615026814491e+07
1.463369028635839641e+04,1.415756742340020524e-01,-7.977262266863205387e-01,7.770061257262206078e+07,2.311466434076585621e+07
1.463933600020344238e+04,1.445091790199916348e-01,-7.968517754727849622e-01,7.764405779245203733e+07,2.342083064351379126e+07
1.464498171404848836e+04,1.474405186846768911e-01,-7.959657537333336697e-01,7.758632742126955092e+07,2.372708061497549713e+07
1.465062742789353433e+04,1.503696464185042547e-01,-7.950681544496709385e-01,7.752742002312949300e+07,2.403340979048349708e+07
1.465627314173857849e+04,1.532965152970445499e-01,-7.941589706778636737e-01,7.746733417667150497e+07,2.433981368423920125e+07
1.466191885558362446e+04,1.562210782809957121e-01,-7.932381955483395197e-01,7.740606847511994839e+07,2.464628778931313753e+07
1.466756456942867044e+04,1.591432882161780971e-01,-7.923058222658890815e-01,7.734362152628397942e+07,2.495282757764460146e+07
1.467321028327371641e+04,1.620630978335379502e-01,-7.913618441096648137e-01,7.727999195255744457e+07,2.525942850004181266e+07
1.467885599711876239e+04,1.649804597491461300e-01,-7.904062544331810214e-01,7.721517839091899991e+07,2.556608598618204892e+07
1.468450171096380836e+04,1.678953264641982190e-01,-7.894390466643139703e-01,7.714917949293197691e+07,2.587279544461140037e+07
1.469014742480885252e+04,1.708076503650141076e-01,-7.884602143053021095e-01,7.708199392474453151e+07,2.617955226274488866e+07
1.469579313865389850e+04,1.737173837230409912e-01,-7.874697509327451828e-01,7.701362036708945036e+07,2.648635180686672032e+07
1.470143885249894447e+04,1.766244786948487633e-01,-7.864676501976054501e-01,7.694405751528438926e+07,2.679318942212975025e+07
1.470708456634399045e+04,1.795288873221319859e-01,-7.854539058252073547e-01,7.687330407923166454e+07,2.710006043255589902e+07
1.471273028018903642e+04,1.824305615317113050e-01,-7.844285116152367454e-01,7.680135878341837227e+07,2.740696014103599638e+07
1.471837599403408240e+04,1.853294531355313135e-01,-7.833914614417418765e-01,7.672822036691635847e+07,2.771388382932980359e+07
1.472402170787912655e+04,1.882255138306610509e-01,-7.823427492531331851e-01,7.665388758338223398e+07,2.802082675806593895e+07
1.472966742172417253e+04,1.911186951992971117e-01,-7.812823690721818481e-01,7.657835920105727017e+07,2.832778416674225777e+07
1.473531313556921850e+04,1.940089487087577058e-01,-7.802103149960224471e-01,7.650163400276754797e+07,2.863475127372522652e+07
1.474095884941426448e+04,1.968962257114875436e-01,-7.791265811961505250e-01,7.642371078592389822e+07,2.894172327625039220e+07
1.474660456325931045e+04,1.997804774450558096e-01,-7.780311619184244742e-01,7.634458836252188683e+07,2.924869535042219609e+07
1.475225027710435643e+04,2.026616550321566623e-01,-7.769240514830640931e-01,7.626426555914182961e+07,2.955566265121404827e+07
1.475789599094940058e+04,2.055397094806082625e-01,-7.758052442846515850e-01,7.618274121694877744e+07,2.986262031246818602e+07
1.476354170479444656e+04,2.084145916833557155e-01,-7.746747347921298932e-01,7.610001419169250131e+07,3.016956344689607620e+07
1.476918741863949253e+04,2.112862524184673796e-01,-7.735325175488053651e-01,7.601608335370756686e+07,3.047648714607784152e+07
1.477483313248453851e+04,2.141546423491363649e-01,-7.723785871723458651e-01,7.593094758791327477e+07,3.078338648046260327e+07
1.478047884632958448e+04,2.170197120236815047e-01,-7.712129383547809969e-01,7.584460579381361604e+07,3.109025649936847389e+07
1.478612456017463046e+04,2.198814118755454683e-01,-7.700355658625026578e-01,7.575705688549742103e+07,3.139709223098244518e+07
1.479177027401967462e+04,2.227396922232962317e-01,-7.688464645362647065e-01,7.566829979163821042e+07,3.170388868236043304e+07
1.479741598786472059e+04,2.255945032706279108e-01,-7.676456292911821855e-01,7.557833345549421012e+07,3.201064083942747116e+07
1.480306170170976657e+04,2.284457951063577352e-01,-7.664330551167332084e-01,7.548715683490847051e+07,3.231734366697734594e+07
1.480870741555481254e+04,2.312935177044284918e-01,-7.652087370767570729e-01,7.539476890230873227e+07,3.262399210867280513e+07
1.481435312939985852e+04,2.341376209239074413e-01,-7.639726703094557037e-01,7.530116864470751584e+07,3.293058108704556525e+07
1.481999884324490449e+04,2.369780545089871515e-01,-7.627248500273924314e-01,7.520635506370207667e+07,3.323710550349626690e+07
1.482564455708994865e+04,2.398147680889843592e-01,-7.614652715174933251e-01,7.511032717547442019e+07,3.354356023829440027e+07
1.483129027093499462e+04,2.426477111783422458e-01,-7.601939301410448602e-01,7.501308401079125702e+07,3.384994015057868510e+07
1.483693598478004060e+04,2.454768331766273293e-01,-7.589108213336971387e-01,7.491462461500407755e+07,3.415624007835649699e+07
1.484258169862508657e+04,2.483020991732711458e-01,-7.576160222778949294e-01,7.481494316524316370e+07,3.446250152556344122e+07
1.484822741247013255e+04,2.511234822588740978e-01,-7.563096456968170234e-01,7.471402926276896894e+07,3.476878281733048707e+07
1.485387312631517852e+04,2.539409346397081269e-01,-7.549916928080920853e-01,7.461187765377131104e+07,3.507507621408737451e+07
1.485951884016022268e+04,2.567544083291405932e-01,-7.536621643382727109e-01,7.450848318663533032e+07,3.538137353667178005e+07
1.486516455400526866e+04,2.595638552941380572e-01,-7.523210612937858421e-01,7.440384077122950554e+07,3.568766661439692974e+07
1.487081026785031463e+04,2.623692274552606452e-01,-7.509683849609348760e-01,7.429794537890578806e+07,3.599394728505105525e+07
1.487645598169536061e+04,2.651704766866656016e-01,-7.496041369058979997e-01,7.419079204249955714e+07,3.630020739489775151e+07
1.488210169554040658e+04,2.679675548161066789e-01,-7.482283189747290786e-01,7.408237585632953048e+07,3.660643879867592454e+07
1.488774740938545256e+04,2.707604136249336935e-01,-7.468409332933573230e-01,7.397269197619789839e+07,3.691263335959972441e+07
1.489339312323049671e+04,2.735490048480920811e-01,-7.454419822675872886e-01,7.386173561939023435e+07,3.721878294935851544e+07
1.489903883707554269e+04,2.763332801741262279e-01,-7.440314685830982100e-01,7.374950206467545033e+07,3.752487944811721891e+07
1.490468455092058866e+04,2.791131912451741970e-01,-7.426093952054455549e-01,7.363598665230597556e+07,3.783091474451575428e+07
1.491033026476563464e+04,2.818886896569712253e-01,-7.411757653800598034e-01,7.352118478401757777e+07,3.813688073566941917e+07
1.491597597861068061e+04,2.846597269588487245e-01,-7.397305826322472244e-01,7.340509192302945256e+07,3.844276932716879249e+07
1.492162169245572659e+04,2.874262546537347252e-01,-7.382738507671886552e-01,7.328770359404422343e+07,3.874857243307973444e+07
1.492726740630077256e+04,2.901882241981532662e-01,-7.368055738699409440e-01,7.316901538324786723e+07,3.905428197594338655e+07
1.493291312014581672e+04,2.929455870022240616e-01,-7.353257563054366175e-01,7.304902293830986321e+07,3.935988988677607477e+07
1.493855883399086269e+04,2.956982944296656646e-01,-7.338344027184819929e-01,7.292772196838293970e+07,3.966538810506969690e+07
1.494420454783590867e+04,2.984462977977903608e-01,-7.323315180337603980e-01,7.280510824410338700e+07,3.997076857879115641e+07
1.494985026168095465e+04,3.011895483775076099e-01,-7.308171074558298397e-01,7.268117759759080410e+07,4.027602326438269764e+07
1.495549597552600062e+04,3.039279973933231016e-01,-7.292911764691238918e-01,7.255592592244827747e+07,4.058114412676189840e+07
1.496114168937104660e+04,3.066615960233389782e-01,-7.277537308379512515e-01,7.242934917376223207e+07,4.088612313932157308e+07
1.496678740321609075e+04,3.093902953992527793e-01,-7.262047766064968490e-01,7.230144336810256541e+07,4.119095228392975032e+07
1.497243311706113673e+04,3.121140466063609953e-01,-7.246443200988189615e-01,7.217220458352246881e+07,4.149562355093002319e+07
1.497807883090618270e+04,3.148328006835537929e-01,-7.230723679188530983e-01,7.204162895955865085e+07,4.180012893914096057e+07
1.498372454475122868e+04,3.175465086233185685e-01,-7.214889269504097813e-01,7.190971269723120332e+07,4.210446045585653931e+07
1.498937025859627465e+04,3.202551213717389489e-01,-7.198940043571744329e-01,7.177645205904360116e+07,4.240861011684599519e+07
1.499501597244132063e+04,3.229585898284948464e-01,-7.182876075827082651e-01,7.164184336898273230e+07,4.271256994635384530e+07
1.500066168628636478e+04,3.256568648468619598e-01,-7.166697443504479459e-01,7.150588301251894236e+07,4.301633197709980607e+07
1.500630740013141076e+04,3.283498972337143273e-01,-7.150404226637044891e-01,7.136856743660585582e+07,4.331988825027916580e+07
1.501195311397645673e+04,3.310376377495203859e-01,-7.133996508056652530e-01,7.122989314968064427e+07,4.362323081556218863e+07
1.501759882782150271e+04,3.337200371083451911e-01,-7.117474373393928300e-01,7.108985672166380286e+07,4.392635173109452426e+07
1.502324454166654868e+04,3.363970459778503619e-01,-7.100837911078252684e-01,7.094845478395926952e+07,4.422924306349712610e+07
1.502889025551159466e+04,3.390686149792938586e-01,-7.084087212337756290e-01,7.080568402945438027e+07,4.453189688786618412e+07
1.503453596935663882e+04,3.417346946875290392e-01,-7.067222371199329833e-01,7.066154121251992881e+07,4.483430528777311742e+07
1.504018168320168479e+04,3.443952356310081009e-01,-7.050243484488603052e-01,7.051602314900997281e+07,4.513646035526488721e+07
1.504582739704673077e+04,3.470501882917771397e-01,-7.033150651829972455e-01,7.036912671626210213e+07,4.543835419086346775e+07
1.505147311089177674e+04,3.496995031054792591e-01,-7.015943975646586894e-01,7.022084885309728980e+07,4.573997890356619656e+07
1.505711882473682272e+04,3.523431304613539594e-01,-6.998623561160347561e-01,7.007118655981990695e+07,4.604132661084569991e+07
1.506276453858186869e+04,3.549810207022371378e-01,-6.981189516391906880e-01,6.992013689821773767e+07,4.634238943864988536e+07
1.506841025242691285e+04,3.576131241245600889e-01,-6.963641952160679605e-01,6.976769699156199396e+07,4.664315952140185237e+07
1.507405596627195882e+04,3.602393909783527803e-01,-6.945980982084813959e-01,6.961386402460719645e+07,4.694362900200025737e+07
1.507970168011700480e+04,3.628597714672393559e-01,-6.928206722581231602e-01,6.945863524359136820e+07,4.724379003181874752e+07
1.508534739396205077e+04,3.654742157484407450e-01,-6.910319292865603202e-01,6.930200795623593032e+07,4.754363477070637792e+07
1.509099310780709675e+04,3.680826739327744956e-01,-6.892318814952348438e-01,6.914397953174570203e+07,4.784315538698744774e+07
1.509663882165214272e+04,3.706850960846541643e-01,-6.874205413654644881e-01,6.898454740080887079e+07,4.814234405746157467e+07
1.510228453549718688e+04,3.732814322220890935e-01,-6.855979216584426883e-01,6.882370905559715629e+07,4.844119296740351617e+07
1.510793024934223286e+04,3.758716323166872986e-01,-6.837640354152367816e-01,6.866146204976546764e+07,4.873969431056364626e+07
1.511357596318727883e+04,3.784556462936505272e-01,-6.819188959567908936e-01,6.849780399845229089e+07,4.903784028916730732e+07
1.511922167703232481e+04,3.810334240317779231e-01,-6.800625168839241619e-01,6.833273257827949524e+07,4.933562311391522735e+07
1.512486739087737078e+04,3.836049153634646935e-01,-6.781949120773310691e-01,6.816624552735231817e+07,4.963303500398340821e+07
1.513051310472241676e+04,3.861700700747024984e-01,-6.763160956975813320e-01,6.799834064525942504e+07,4.993006818702314794e+07
1.513615881856746091e+04,3.887288379050785059e-01,-6.744260821851206789e-01,6.782901579307295382e+07,5.022671489916091412e+07
1.514180453241250689e+04,3.912811685477786128e-01,-6.725248862602686284e-01,6.765826889334824681e+07,5.052296738499875367e+07
1.514745024625755286e+04,3.938270116495825035e-01,-6.706125229232214879e-01,6.748609793012426794e+07,5.081881789761371166e+07
1.515309596010259884e+04,3.963663168108672030e-01,-6.686890074540505768e-01,6.731250094892330468e+07,5.111425869855819643e+07
1.515874167394764481e+04,3.988990335856058000e-01,-6.667543554127024485e-01,6.713747605675102770e+07,5.140928205785991997e+07
1.516438738779269079e+04,4.014251114813678911e-01,-6.648085826389992237e-01,6.696102142209656537e+07,5.170388025402185321e+07
1.517003310163773494e+04,4.039444999593187480e-01,-6.628517052526388120e-01,6.678313527493248880e+07,5.199804557402215898e+07
1.517567881548278092e+04,4.064571484342218155e-01,-6.608837396531925812e-01,6.660381590671458095e+07,5.229177031331457943e+07
1.518132452932782689e+04,4.089630062744350480e-01,-6.589047025201095753e-01,6.642306167038224638e+07,5.258504677582785487e+07
1.518697024317287287e+04,4.114620228019130743e-01,-6.569146108127128514e-01,6.624087098035821319e+07,5.287786727396606654e+07
1.519261595701791884e+04,4.139541472922071419e-01,-6.549134817702014777e-01,6.605724231254861504e+07,5.317022412860862911e+07
1.519826167086296482e+04,4.164393289744646176e-01,-6.529013329116496456e-01,6.587217420434300601e+07,5.346210966911021620e+07
1.520390738470800898e+04,4.189175170314284880e-01,-6.508781820360073356e-01,6.568566525461439043e+07,5.375351623330067098e+07
1.520955309855305495e+04,4.213886605994405232e-01,-6.488440472220984301e-01,6.549771412371901423e+07,5.404443616748543084e+07
1.521519881239810093e+04,4.238527087684363370e-01,-6.467989468286235999e-01,6.530831953349671513e+07,5.433486182644491643e+07
1.522084452624314690e+04,4.263096105819484949e-01,-6.447428994941586389e-01,6.511748026727064699e+07,5.462478557343491912e+07
1.522649024008819288e+04,4.287593150371061812e-01,-6.426759241371544640e-01,6.492519516984741390e+07,5.491419978018653393e+07
1.523213595393323885e+04,4.312017710846345886e-01,-6.405980399559375593e-01,6.473146314751698822e+07,5.520309682690610737e+07
1.523778166777828483e+04,4.336369276288556951e-01,-6.385092664287096431e-01,6.453628316805277765e+07,5.549146910227530450e+07
1.524342738162332898e+04,4.360647335276863767e-01,-6.364096233135484448e-01,6.433965426071164757e+07,5.577930900345094502e+07
1.524907309546837496e+04,4.384851375926426820e-01,-6.342991306484052627e-01,6.414157551623367518e+07,5.606660893606542051e+07
1.525471880931342093e+04,4.408980885888345025e-01,-6.321778087511082944e-01,6.394204608684255183e+07,5.635336131422614306e+07
1.526036452315846691e+04,4.433035352349687375e-01,-6.300456782193609717e-01,6.374106518624528497e+07,5.663955856051588058e+07
1.526601023700351288e+04,4.457014262033485719e-01,-6.279027599307417384e-01,6.353863208963232487e+07,5.692519310599268228e+07
1.527165595084855886e+04,4.480917101198736430e-01,-6.257490750427046056e-01,6.333474613367749751e+07,5.721025739018990099e+07
1.527730166469360302e+04,4.504743355640391522e-01,-6.235846449925795953e-01,6.312940671653812379e+07,5.749474386111603677e+07
1.528294737853864899e+04,4.528492510689388073e-01,-6.214094914975697437e-01,6.292261329785472155e+07,5.777864497525519133e+07
1.528859309238369497e+04,4.552164051212603257e-01,-6.192236365547562071e-01,6.271436539875140786e+07,5.806195319756644964e+07
1.529423880622874094e+04,4.575757461612887100e-01,-6.170271024410940441e-01,6.250466260183565319e+07,5.834466100148427486e+07
1.529988452007378692e+04,4.599272225829050265e-01,-6.148199117134141023e-01,6.229350455119834095e+07,5.862676086891841888e+07
1.530553023391883289e+04,4.622707827335867381e-01,-6.126020872084223523e-01,6.208089095241374522e+07,5.890824529025391489e+07
1.531117594776387705e+04,4.646063749144069832e-01,-6.103736520427014423e-01,6.186682157253962755e+07,5.918910676435096562e+07
1.531682166160892302e+04,4.669339473800372398e-01,-6.081346296127063678e-01,6.165129624011693895e+07,5.946933779854534566e+07
1.532246737545396900e+04,4.692534483387434951e-01,-6.058850435947701341e-01,6.143431484517024457e+07,5.974893090864785016e+07
1.532811308929901497e+04,4.715648259523883556e-01,-6.036249179451004254e-01,6.121587733920747042e+07,6.002787861894463003e+07
1.533375880314406095e+04,4.738680283364307133e-01,-6.013542768997802712e-01,6.099598373521992564e+07,6.030617346219711006e+07
1.533940451698910692e+04,4.761630035599263011e-01,-5.990731449747678239e-01,6.077463410768232495e+07,6.058380797964202613e+07
1.534505023083415108e+04,4.784496996455259721e-01,-5.967815469658974692e-01,6.055182859255288541e+07,6.086077472099128366e+07
1.535069594467919705e+04,4.807280645694791965e-01,-5.944795079488770506e-01,6.032756738727298379e+07,6.113706624443234503e+07
1.535634165852424303e+04,4.829980462616297321e-01,-5.921670532792914221e-01,6.010185075076764822e+07,6.141267511662767828e+07
1.536198737236928901e+04,4.852595926054179554e-01,-5.898442085926004497e-01,5.987467900344523042e+07,6.168759391271513700e+07
1.536763308621433498e+04,4.875126514378810838e-01,-5.875109998041394554e-01,5.964605252719748765e+07,6.196181521630784869e+07
1.537327880005938096e+04,4.897571705496523986e-01,-5.851674531091187736e-01,5.941597176539957523e+07,6.223533161949421465e+07
1.537892451390442511e+04,4.919930976849608006e-01,-5.828135949826249718e-01,5.918443722291015834e+07,6.250813572283786535e+07
1.538457022774947109e+04,4.942203805416337525e-01,-5.804494521796179640e-01,5.895144946607105434e+07,6.278022013537791371e+07
1.539021594159451706e+04,4.964389667710926712e-01,-5.780750517349348971e-01,5.871700912270772457e+07,6.305157747462856770e+07
1.539586165543956304e+04,4.986488039783561477e-01,-5.756904209632879299e-01,5.848111688212896883e+07,6.332220036657932401e+07
1.540150736928460901e+04,5.008498397220391141e-01,-5.732955874592643442e-01,5.824377349512699246e+07,6.359208144569502771e+07
1.540715308312965499e+04,5.030420215143528440e-01,-5.708905790973268779e-01,5.800497977397739142e+07,6.386121335491578281e+07
1.541279879697469914e+04,5.052252968211041750e-01,-5.684754240318142804e-01,5.776473659243926406e+07,6.412958874565687776e+07
1.541844451081974512e+04,5.073996130616982292e-01,-5.660501506969384256e-01,5.752304488575487584e+07,6.439720027780914307e+07
1.542409022466479109e+04,5.095649176091345822e-01,-5.636147878067889749e-01,5.727990565065012872e+07,6.466404061973845959e+07
1.542973593850983707e+04,5.117211577900098174e-01,-5.611693643553301580e-01,5.703531994533427805e+07,6.493010244828604162e+07
1.543538165235488304e+04,5.138682808845165262e-01,-5.587139096164012164e-01,5.678928888949994743e+07,6.519537844876839221e+07
1.544102736619992902e+04,5.160062341264440855e-01,-5.562484531437172919e-01,5.654181366432318091e+07,6.545986131497733295e+07
1.544667308004497318e+04,5.181349647031769923e-01,-5.537730247708694264e-01,5.629289551246354729e+07,6.572354374917982519e+07
1.545231879389001915e+04,5.202544197556984162e-01,-5.512876546113215648e-01,5.604253573806372285e+07,6.598641846211840212e+07
1.545796450773506513e+04,5.223645463785860921e-01,-5.487923730584155502e-01,5.579073570675006509e+07,6.624847817301063240e+07
1.546361022158011110e+04,5.244652916200139847e-01,-5.462872107853676829e-01,5.553749684563226253e+07,6.650971560954942554e+07
1.546925593542515708e+04,5.265566024817529556e-01,-5.437721987452698302e-01,5.528282064330339432e+07,6.677012350790297240e+07
1.547490164927020305e+04,5.286384259191702073e-01,-5.412473681710888718e-01,5.502670864983994514e+07,6.702969461271476746e+07
1.548054736311524721e+04,5.307107088412281737e-01,-5.387127505756681423e-01,5.476916247680190951e+07,6.728842167710350454e+07
1.548619307696029318e+04,5.327733981104881833e-01,-5.361683777517238791e-01,5.451018379723241925e+07,6.754629746266338229e+07
1.549183879080533916e+04,5.348264405431051305e-01,-5.336142817718501075e-01,5.424977434565827250e+07,6.780331473946365714e+07
1.549748450465038513e+04,5.368697829088316942e-01,-5.310504949885153092e-01,5.398793591808959842e+07,6.805946628604891896e+07
1.550313021849543111e+04,5.389033719310162285e-01,-5.284770500340634225e-01,5.372467037201991677e+07,6.831474488943910599e+07
1.550877593234047708e+04,5.409271542866040949e-01,-5.258939798207136196e-01,5.345997962642616779e+07,6.856914334512934089e+07
1.551442164618552124e+04,5.429410766061354421e-01,-5.233013175405614170e-01,5.319386566176877171e+07,6.882265445709002018e+07
1.552006736003056722e+04,5.449450854737493133e-01,-5.206990966655753450e-01,5.292633051999130845e+07,6.907527103776706755e+07
1.552571307387561319e+04,5.469391274271788728e-01,-5.180873509476016103e-01,5.265737630452103168e+07,6.932698590808141232e+07
1.553135878772065917e+04,5.489231489577545142e-01,-5.154661144183606547e-01,5.238700518026848137e+07,6.957779189742933214e+07
1.553700450156570514e+04,5.508970965104028616e-01,-5.128354213894487090e-01,5.211521937362764776e+07,6.982768184368242323e+07
1.554265021541075112e+04,5.528609164836464362e-01,-5.101953064523374604e-01,5.184202117247590423e+07,7.007664859318757057e+07
1.554829592925579709e+04,5.548145552296045446e-01,-5.075458044783733857e-01,5.156741292617402971e+07,7.032468500076690316e+07
1.555394164310084125e+04,5.567579590539921686e-01,-5.048869506187798617e-01,5.129139704556630552e+07,7.057178392971777916e+07
1.555958735694588722e+04,5.586910742161222965e-01,-5.022187803046523902e-01,5.101397600298014283e+07,7.081793825181306899e+07
1.556523307079093320e+04,5.606138469289022597e-01,-4.995413292469653155e-01,5.073515233222666383e+07,7.106314084730069339e+07
1.557087878463597917e+04,5.625262233588366190e-01,-4.968546334365663286e-01,5.045492862860025465e+07,7.130738460490393639e+07
1.557652449848102515e+04,5.644281496260264985e-01,-4.941587291441795204e-01,5.017330754887874424e+07,7.155066242182131112e+07
1.558217021232607112e+04,5.663195718041683646e-01,-4.914536529204037163e-01,4.989029181132336706e+07,7.179296720372669399e+07
1.558781592617111528e+04,5.682004359205552468e-01,-4.887394415957141969e-01,4.960588419567883015e+07,7.203429186476913095e+07
1.559346164001616125e+04,5.700706879560782925e-01,-4.860161322804589790e-01,4.932008754317300767e+07,7.227462932757318020e+07
1.559910735386120723e+04,5.719302738452225476e-01,-4.832837623648640335e-01,4.903290475651742518e+07,7.251397252323843539e+07
1.560475306770625320e+04,5.737791394760707320e-01,-4.805423695190301214e-01,4.874433879990695417e+07,7.275231439133986831e+07
1.561039878155129918e+04,5.756172306903012403e-01,-4.777919916929326827e-01,4.845439269901984185e+07,7.298964787992772460e+07
1.561604449539634516e+04,5.774444932831891419e-01,-4.750326671164232240e-01,4.816306954101776332e+07,7.322596594552755356e+07
1.562169020924138931e+04,5.792608730036052922e-01,-4.722644342992290967e-01,4.787037247454588115e+07,7.346126155314004421e+07
1.562733592308643529e+04,5.810663155540183311e-01,-4.694873320309505549e-01,4.757630470973250270e+07,7.369552767624153197e+07
1.563298163693148126e+04,5.828607665904915747e-01,-4.667013993810657513e-01,4.728086951818960905e+07,7.392875729678323865e+07
1.563862735077652724e+04,5.846441717226854573e-01,-4.639066756989272955e-01,4.698407023301248997e+07,7.416094340519183874e+07
1.564427306462157321e+04,5.864164765138565327e-01,-4.611032006137633643e-01,4.668591024877985567e+07,7.439207900036928058e+07
1.564991877846661919e+04,5.881776264808574739e-01,-4.582910140346773686e-01,4.638639302155381441e+07,7.462215708969280124e+07
1.565556449231166334e+04,5.899275670941370731e-01,-4.554701561506488972e-01,4.608552206887998432e+07,7.485117068901480734e+07
1.566121020615670932e+04,5.916662437777421291e-01,-4.526406674305303302e-01,4.578330096978709102e+07,7.507911282266324759e+07
1.566685592000175529e+04,5.933936019093136727e-01,-4.498025886230520576e-01,4.547973336478757858e+07,7.530597652344110608e+07
1.567250163384680127e+04,5.951095868200900751e-01,-4.469559607568190374e-01,4.517482295587715507e+07,7.553175483262674510e+07
1.567814734769184724e+04,5.968141437949057160e-01,-4.441008251403114060e-01,4.486857350653500855e+07,7.575644079997378588e+07
1.568379306153689322e+04,5.985072180721913160e-01,-4.412372233618849227e-01,4.456098884172366560e+07,7.598002748371115327e+07
1.568943877538193738e+04,6.001887548439738262e-01,-4.383651972897712468e-01,4.425207284788919240e+07,7.620250795054292679e+07
1.569508448922698335e+04,6.018586992558774273e-01,-4.354847890720749959e-01,4.394182947296075523e+07,7.642387527564878762e+07
1.570073020307202933e+04,6.035169964071213089e-01,-4.325960411367787972e-01,4.363026272635123134e+07,7.664412254268339276e+07
1.570637591691707530e+04,6.051635913505217790e-01,-4.296989961917397904e-01,4.331737667895680666e+07,7.686324284377679229e+07
1.571202163076212128e+04,6.067984290924909319e-01,-4.267936972246902383e-01,4.300317546315705776e+07,7.708122927953431010e+07
1.571766734460716725e+04,6.084214545930377582e-01,-4.238801875032380817e-01,4.268766327281498909e+07,7.729807495903652906e+07
1.572331305845221141e+04,6.100326127657667019e-01,-4.209585105748674394e-01,4.237084436327710748e+07,7.751377299983930588e+07
1.572895877229725738e+04,6.116318484778799913e-01,-4.180287102669348331e-01,4.205272305137301981e+07,7.772831652797389030e+07
1.573460448614230336e+04,6.132191065501750860e-01,-4.150908306866750719e-01,4.173330371541604400e+07,7.794169867794673145e+07
1.574025019998734933e+04,6.147943317570456756e-01,-4.121449162211975881e-01,4.141259079520278424e+07,7.815391259273952246e+07
1.574589591383239531e+04,6.163574688264822354e-01,-4.091910115374869372e-01,4.109058879201330990e+07,7.836495142380926013e+07
1.575154162767744128e+04,6.179084624400713599e-01,-4.062291615824030200e-01,4.076730226861102134e+07,7.857480833108827472e+07
1.575718734152248544e+04,6.194472572329952076e-01,-4.032594115826822478e-01,4.044273584924289584e+07,7.878347648298406601e+07
1.576283305536753141e+04,6.209737977940344988e-01,-4.002818070449333243e-01,4.011689421963896602e+07,7.899094905637961626e+07
1.576847876921257739e+04,6.224880286655640749e-01,-3.972963937556434622e-01,3.978978212701299042e+07,7.919721923663304746e+07
1.577412448305762337e+04,6.239898943435558953e-01,-3.943032177811739980e-01,3.946140438006204367e+07,7.940228021757772565e+07
1.577977019690266934e+04,6.254793392775779282e-01,-3.913023254677617802e-01,3.913176584896660596e+07,7.960612520152235031e+07
1.578541591074771532e+04,6.269563078707949266e-01,-3.882937634415188910e-01,3.880087146539053321e+07,7.980874739925096929e+07
1.579106162459275947e+04,6.284207444799674303e-01,-3.852775786084340903e-01,3.846872622248124331e+07,8.001014003002274036e+07
1.579670733843780545e+04,6.298725934154530970e-01,-3.822538181543680413e-01,3.813533517486920208e+07,8.021029632157236338e+07
1.580235305228285142e+04,6.313117989412053710e-01,-3.792225295450601386e-01,3.780070343866863102e+07,8.040920951010960340e+07
1.580799876612789740e+04,6.327383052747738157e-01,-3.761837605261241779e-01,3.746483619147703052e+07,8.060687284031955898e+07
1.581364447997294337e+04,6.341520565873045578e-01,-3.731375591230489119e-01,3.712773867237531394e+07,8.080327956536264718e+07
1.581929019381798935e+04,6.355529970035400655e-01,-3.700839736411988823e-01,3.678941618192782253e+07,8.099842294687452912e+07
1.582493590766303532e+04,6.369410706018191481e-01,-3.670230526658136427e-01,3.644987408218225837e+07,8.119229625496618450e+07
1.583058162150807948e+04,6.383162214140764013e-01,-3.639548450620095355e-01,3.610911779666988552e+07,8.138489276822379231e+07
1.583622733535312545e+04,6.396783934258442050e-01,-3.608793999747749170e-01,3.576715281040503085e+07,8.157620577370896935e+07
1.584187304919817143e+04,6.410275305762497267e-01,-3.577967668289765979e-01,3.542398466988575459e+07,8.176622856695850194e+07
1.584751876304321740e+04,6.423635767580169187e-01,-3.547069953293558453e-01,3.507961898309339583e+07,8.195495445198445022e+07
1.585316447688826338e+04,6.436864758174661860e-01,-3.516101354605290497e-01,3.473406141949273646e+07,8.214237674127420783e+07
1.585881019073330935e+04,6.449961715545142749e-01,-3.485062374869885016e-01,3.438731771003194898e+07,8.232848875579038262e+07
1.586445590457835351e+04,6.462926077226736066e-01,-3.453953519531022254e-01,3.403939364714271575e+07,8.251328382497090101e+07
1.587010161842339949e+04,6.475757280290542761e-01,-3.422775296831108705e-01,3.369029508473981172e+07,8.269675528672903776e+07
1.587574733226844546e+04,6.488454761343618316e-01,-3.391528217811335399e-01,3.334002793822173029e+07,8.287889648745331168e+07
1.588139304611349144e+04,6.501017956528978292e-01,-3.360212796311637384e-01,3.298859818447028846e+07,8.305970078200742602e+07
1.588703875995853741e+04,6.513446301525607218e-01,-3.328829548970699825e-01,3.263601186185067147e+07,8.323916153373047709e+07
1.589268447380358339e+04,6.525739231548449704e-01,-3.297378995225965226e-01,3.228227507021149993e+07,8.341727211443680525e+07
1.589833018764862754e+04,6.537896181348412661e-01,-3.265861657313638977e-01,3.192739397088492662e+07,8.359402590441596508e+07
1.590397590149367352e+04,6.549916585212374187e-01,-3.234278060268649946e-01,3.157137478668613732e+07,8.376941629243300855e+07
1.590962161533871949e+04,6.561799876963165801e-01,-3.202628731924708760e-01,3.121422380191407353e+07,8.394343667572803795e+07
1.591526732918376547e+04,6.573545489959586874e-01,-3.170914202914270619e-01,3.085594736235100031e+07,8.411608046001653373e+07
1.592091304302881144e+04,6.585152857096397971e-01,-3.139135006668548056e-01,3.049655187526255101e+07,8.428734105948923528e+07
1.592655875687385742e+04,6.596621410804324181e-01,-3.107291679417502617e-01,3.013604380939778686e+07,8.445721189681220055e+07
1.593220447071890158e+04,6.607950583050051785e-01,-3.075384760189860955e-01,2.977442969498929381e+07,8.462568640312665701e+07
1.593785018456394755e+04,6.619139805336234916e-01,-3.043414790813073756e-01,2.941171612375270575e+07,8.479275801804935932e+07
1.594349589840899353e+04,6.630188508701487793e-01,-3.011382315913375129e-01,2.904790974888741225e+07,8.495842018967208266e+07
1.594914161225403950e+04,6.641096123720388045e-01,-2.979287882915742647e-01,2.868301728507609665e+07,8.512266637456203997e+07
1.595478732609908548e+04,6.651862080503474495e-01,-2.947132042043907330e-01,2.831704550848486274e+07,8.528549003776162863e+07
1.596043303994413145e+04,6.662485808697250489e-01,-2.914915346320356426e-01,2.795000125676320493e+07,8.544688465278857946e+07
1.596607875378917561e+04,6.672966737484183897e-01,-2.882638351566336188e-01,2.758189142904414982e+07,8.560684370163588226e+07
1.597172446763422158e+04,6.683305693349934629e-01,-2.850301584605225980e-01,2.721266311714293063e+07,8.576538282765157521e+07
1.597737018147926756e+04,6.693503993553834297e-01,-2.817905582177825941e-01,2.684224651303683221e+07,8.592251813930036128e+07
1.598301589532431353e+04,6.703561212587922924e-01,-2.785450934535008138e-01,2.647064907474258915e+07,8.607823375979146361e+07
1.598866160916935951e+04,6.713476921565637578e-01,-2.752938234855040189e-01,2.609787861187552661e+07,8.623251382971848547e+07
1.599430732301440548e+04,6.723250695238233154e-01,-2.720368079062296385e-01,2.572394298034327477e+07,8.638534262698073685e+07
1.599995303685944964e+04,6.732882111994776819e-01,-2.687741065827260467e-01,2.534885008234591410e+07,8.653670456678307056e+07
1.600559875070449561e+04,6.742370753862162447e-01,-2.655057796566492878e-01,2.497260786637546867e+07,8.668658420163618028e+07
1.601124446454954159e+04,6.751716206505085083e-01,-2.622318875442686270e-01,2.459522432721664757e+07,8.683496622135624290e+07
1.601689017839458756e+04,6.760918059226062038e-01,-2.589524909364626093e-01,2.421670750594635308e+07,8.698183545306517184e+07
1.602253589223963354e+04,6.769975904965421787e-01,-2.556676507987203917e-01,2.383706548993381113e+07,8.712717686119046807e+07
1.602818160608467952e+04,6.778889340301312849e-01,-2.523774283711410771e-01,2.345630641284056008e+07,8.727097554746535420e+07
1.603382731992972367e+04,6.787657965449692687e-01,-2.490818851684356017e-01,2.307443845462056994e+07,8.741321675092862546e+07
1.603947303377476965e+04,6.796281384264343250e-01,-2.457810829799217667e-01,2.269146984151977301e+07,8.755388584792487323e+07
1.604511874761981562e+04,6.804759204236852099e-01,-2.424750838695310384e-01,2.230740884607678279e+07,8.769296835210418701e+07
1.605076446146486160e+04,6.813091036496627950e-01,-2.391639501758041353e-01,2.192226378712239861e+07,8.783044991442237794e+07
1.605641017530990757e+04,6.821276495810890683e-01,-2.358477445118920823e-01,2.153604302977975085e+07,8.796631632314091921e+07
1.606205588915495355e+04,6.829315200584678003e-01,-2.325265297655564056e-01,2.114875498546427116e+07,8.810055350382690132e+07
1.606770160299999770e+04,6.837206772860839887e-01,-2.292003690991698539e-01,2.076040811188384518e+07,8.823314751935304701e+07
1.607334731684504368e+04,6.844950838320048581e-01,-2.258693259497124295e-01,2.037101091303829849e+07,8.836408456989787519e+07
1.607899303069008965e+04,6.852547026280784159e-01,-2.225334640287777166e-01,1.998057193922014534e+07,8.849335099294537306e+07
1.608463874453513563e+04,6.859994969699344525e-01,-2.191928473225684681e-01,1.958909978701408952e+07,8.862093326328529418e+07
1.609028445838018160e+04,6.867294305169840962e-01,-2.158475400918978826e-01,1.919660309929715469e+07,8.874681799301300943e+07
1.609593017222522758e+04,6.874444672924201472e-01,-2.124976068721894651e-01,1.880309056523868442e+07,8.887099193152952194e+07
1.610157588607027174e+04,6.881445716832169657e-01,-2.091431124734782210e-01,1.840857092030046880e+07,8.899344196554149687e+07
1.610722159991531771e+04,6.888297084401304726e-01,-2.057841219804061317e-01,1.801305294623622298e+07,8.911415511906132102e+07
1.611286731376036369e+04,6.894998426776980383e-01,-2.024207007522288437e-01,1.761654547109236196e+07,8.923311855340695381e+07
1.611851302760540966e+04,6.901549398742383712e-01,-1.990529144228113390e-01,1.721905736920750514e+07,8.935031956720203161e+07
1.612415874145045564e+04,6.907949658718519625e-01,-1.956808289006288226e-01,1.682059756121256948e+07,8.946574559637583792e+07
1.612980445529550161e+04,6.914198868764206418e-01,-1.923045103687669455e-01,1.642117501403080113e+07,8.957938421416331828e+07
1.613545016914054759e+04,6.920296694576077989e-01,-1.889240252849215818e-01,1.602079874087775685e+07,8.969122313110506535e+07
1.614109588298559174e+04,6.926242805488582732e-01,-1.855394403814002169e-01,1.561947780126144737e+07,8.980125019504730403e+07
1.614674159683063772e+04,6.932036874473986865e-01,-1.821508226651173401e-01,1.521722130098180473e+07,8.990945339114198089e+07
1.615238731067568369e+04,6.937678578142368879e-01,-1.787582394176010225e-01,1.481403839213146828e+07,9.001582084184662998e+07
1.615803302452072967e+04,6.943167596741623981e-01,-1.753617581949885595e-01,1.440993827309526317e+07,9.012034080692444742e+07
1.616367873836577564e+04,6.948503614157462982e-01,-1.719614468280277475e-01,1.400493018855034187e+07,9.022300168344430625e+07
1.616932445221082162e+04,6.953686317913408965e-01,-1.685573734220766062e-01,1.359902342946615629e+07,9.032379200578071177e+07
1.617497016605586577e+04,6.958715399170800620e-01,-1.651496063571046558e-01,1.319222733310461789e+07,9.042270044561378658e+07
1.618061587990091175e+04,6.963590552728798899e-01,-1.617382142876884477e-01,1.278455128301956132e+07,9.051971581192943454e+07
1.618626159374595773e+04,6.968311477024370371e-01,-1.583232661430181432e-01,1.237600470905752853e+07,9.061482705101905763e+07
1.619190730759100370e+04,6.972877874132301645e-01,-1.549048311268932665e-01,1.196659708735724725e+07,9.070802324647980928e+07
1.619755302143604968e+04,6.977289449765191609e-01,-1.514829787177235931e-01,1.155633794034976512e+07,9.079929361921444535e+07
1.620319873528109565e+04,6.981545913273459192e-01,-1.480577786685292330e-01,1.114523683675844967e+07,9.088862752743139863e+07
1.620884444912613981e+04,6.985646977645333378e-01,-1.446293010069418239e-01,1.073330339159909636e+07,9.097601446664473414e+07
1.621449016297118578e+04,6.989592359506862085e-01,-1.411976160352000076e-01,1.032054726617945358e+07,9.106144406967420876e+07
1.622013587681623176e+04,6.993381779121906616e-01,-1.377627943301560631e-01,9.906978168099954724e+06,9.114490610664522648e+07
1.622578159066127773e+04,6.997014960392142768e-01,-1.343249067432716048e-01,9.492605851253248751e+06,9.122639048498877883e+07
1.623142730450632371e+04,7.000491630857064163e-01,-1.308840244006184428e-01,9.077440115824263543e+06,9.130588724944159389e+07
1.623707301835136968e+04,7.003811521693974473e-01,-1.274402187028788880e-01,8.661490808290272951e+06,9.138338658204598725e+07
1.624271873219641384e+04,7.006974367717997421e-01,-1.239935613253466268e-01,8.244767821420982480e+06,9.145887880214995146e+07
1.624836444604145981e+04,7.009979907382071218e-01,-1.205441242179223216e-01,7.827281094278037548e+06,9.153235436640717089e+07
1.625401015988650579e+04,7.012827882776947463e-01,-1.170919796051205358e-01,7.409040612215775996e+06,9.160380386877693236e+07
1.625965587373155176e+04,7.015518039631194469e-01,-1.136371999860646964e-01,6.990056406880728900e+06,9.167321804052418470e+07
1.626530158757659774e+04,7.018050127311195041e-01,-1.101798581344889533e-01,6.570338556211747229e+06,9.174058775021955371e+07
1.627094730142164372e+04,7.020423898821146480e-01,-1.067200270987376104e-01,6.149897184440001845e+06,9.180590400373926759e+07
1.627659301526668787e+04,7.022639110803061691e-01,-1.032577802017664581e-01,5.728742462089102715e+06,9.186915794426523149e+07
1.628223872911173385e+04,7.024695523536769182e-01,-9.979319104113831829e-02,5.306884605974588543e+06,9.193034085228505731e+07
1.628788444295677982e+04,7.026592900939911956e-01,-9.632633348902967796e-02,4.884333879204697907e+06,9.198944414559195936e+07
1.629353015680182580e+04,7.028331010567949733e-01,-9.285728169222620676e-02,4.461100591179873794e+06,9.204645937928476930e+07
1.629917587064687177e+04,7.029909623614156722e-01,-8.938611007212417248e-02,4.037195097592867911e+06,9.210137824576804042e+07
1.630482158449191775e+04,7.031328514909618299e-01,-8.591289332472984430e-02,3.612627800428740680e+06,9.215419257475192845e+07
1.631046729833696190e+04,7.032587462923243216e-01,-8.243770642066124144e-02,3.187409147965017706e+06,9.220489433325228095e+07
1.631611301218200788e+04,7.033686249761746945e-01,-7.896062460514317871e-02,2.761549634771123528e+06,9.225347562559057772e+07
1.632175872602705385e+04,7.034624661169665005e-01,-7.548172339801431652e-02,2.335059801709212363e+06,9.229992869339394569e+07
1.632740443987209983e+04,7.035402486529349630e-01,-7.200107859372241459e-02,1.907950235933624208e+06,9.234424591559517384e+07
1.633305015371714580e+04,7.036019518860960886e-01,-6.851876626132569204e-02,1.480231570891000330e+06,9.238641980843271315e+07
1.633869586756219178e+04,7.036475554822482215e-01,-6.503486274449267468e-02,1.051914486320316792e+06,9.242644302545064688e+07
1.634434158140723594e+04,7.036770394709707110e-01,-6.154944466150347876e-02,6.230097082530073822e+05,9.246430835749870539e+07
1.634998729525228191e+04,7.036903842456246894e-01,-5.806258890524487043e-02,1.935280090123787522e+05,9.250000873273231089e+07
1.635563300909732789e+04,7.036875705633524047e-01,-5.457437264321771120e-02,-2.365197927854955196e+05,9.253353721661250293e+07
1.636127872294237386e+04,7.036685795450783321e-01,-5.108487331753189947e-02,-6.671228322323895991e+05,9.256488701190599799e+07
1.636692443678741984e+04,7.036333926755077295e-01,-4.759416864490764038e-02,-1.098270198127757758e+06,9.259405145868514478e+07
1.637257015063246581e+04,7.035819918031278597e-01,-4.410233661667564004e-02,-1.529950932978700846e+06,9.262102403432793915e+07
1.637821586447750997e+04,7.035143591402071017e-01,-4.060945549877793825e-02,-1.962154032999921590e+06,9.264579835351805389e+07
1.638386157832255594e+04,7.034304772627958391e-01,-3.711560383176364802e-02,-2.394868448114179075e+06,9.266836816824482381e+07
1.638950729216760374e+04,7.033303291107254607e-01,-3.362086043079452746e-02,-2.828083081951651722e+06,9.268872736780318618e+07
1.639515300601264607e+04,7.032138979876092488e-01,-3.012530438564693311e-02,-3.261786791849650443e+06,9.270686997879375517e+07
1.640079871985769205e+04,7.030811675608419353e-01,-2.662901506069764723e-02,-3.695968388854414225e+06,9.272279016512283683e+07
1.640644443370273802e+04,7.029321218615995903e-01,-2.313207209494177671e-02,-4.130616637718901038e+06,9.273648222800232470e+07
1.641209014754778400e+04,7.027667452848398444e-01,-1.963455540198224061e-02,-4.565720256904013455e+06,9.274794060594981909e+07
1.641773586139282997e+04,7.025850225893021106e-01,-1.613654517003258390e-02,-5.001267918578337878e+06,9.275715987478855252e+07
1.642338157523787595e+04,7.023869388975070294e-01,-1.263812186191640499e-02,-5.437248248618166894e+06,9.276413474764738977e+07
1.642902728908292193e+04,7.021724796957566905e-01,-9.139366215067980248e-03,-5.873649826607443392e+06,9.276886007496088743e+07
1.643467300292796790e+04,7.019416308341350774e-01,-5.640359241531698459e-03,-6.310461185837842524e+06,9.277133084446921945e+07
1.644031871677301388e+04,7.016943785265072897e-01,-2.141182227962361382e-03,-6.747670813308656216e+06,9.277154218121822178e+07
1.644596443061805985e+04,7.014307093505202095e-01,1.358083264374809534e-03,-7.185267149726919830e+06,9.276948934755940735e+07
1.645161014446310583e+04,7.011506102476022795e-01,4.857355399604327759e-03,-7.623238589507304132e+06,9.276516774314990640e+07
1.645725585830815180e+04,7.008540685229631695e-01,8.356552067240343232e-03,-8.061573480772204697e+06,9.275857290495254099e+07
1.646290157215319778e+04,7.005410718455942209e-01,1.185559088218663543e-02,-8.500260125351682305e+06,9.274970050723573565e+07
1.646854728599824011e+04,7.002116082482684467e-01,1.535438918473442695e-02,-8.939286778783179820e+06,9.273854636157363653e+07
1.647419299984328609e+04,6.998656661275400870e-01,1.885286404057125512e-02,-9.378641650312699378e+06,9.272510641684594750e+07
1.647983871368833206e+04,6.995032342437448314e-01,2.235093224076750359e-02,-9.818312902893044055e+06,9.270937675923812389e+07
1.648548442753337804e+04,6.991243017210003741e-01,2.584851030178575079e-02,-1.025828865318503231e+07,9.269135361224120855e+07
1.649113014137842401e+04,6.987288580472055255e-01,2.934551446547798911e-02,-1.069855697155713290e+07,9.267103333665192127e+07
1.649677585522346999e+04,6.983168930740408786e-01,3.284186069908585914e-02,-1.113910588208550215e+07,9.264841243057262897e+07
1.650242156906851596e+04,6.978883970169681428e-01,3.633746469524082312e-02,-1.157992336255397648e+07,9.262348752941136062e+07
1.650806728291356194e+04,6.974433604552310317e-01,3.983224187196374860e-02,-1.202099734445407987e+07,9.259625540588177741e+07
1.651371299675860791e+04,6.969817743318543757e-01,4.332610737266525541e-02,-1.246231571298500150e+07,9.256671297000321746e+07
1.651935871060365389e+04,6.965036299536445652e-01,4.681897606614576768e-02,-1.290386630705367029e+07,9.253485726910066605e+07
1.652500442444869987e+04,6.960089189911899954e-01,5.031076254659515301e-02,-1.334563691927463561e+07,9.250068548780474067e+07
1.653065013829374584e+04,6.954976334788597336e-01,5.380138113359308333e-02,-1.378761529597014934e+07,9.246419494805173576e+07
1.653629585213878818e+04,6.949697658148056290e-01,5.729074587210650216e-02,-1.422978913716989011e+07,9.242538310908362269e+07
1.654194156598383415e+04,6.944253087609594255e-01,6.077877053249869377e-02,-1.467214609661202133e+07,9.238424756744791567e+07
1.654758727982888013e+04,6.938642554430353160e-01,6.426536861051621030e-02,-1.511467378174157441e+07,9.234078605699791014e+07
1.655323299367392610e+04,6.932865993505291646e-01,6.775045332729706660e-02,-1.555735975371152908e+07,9.229499644889248908e+07
1.655887870751897208e+04,6.926923343367178409e-01,7.123393762936913731e-02,-1.600019152738258988e+07,9.224687675159621239e+07
1.656452442136401805e+04,6.920814546186602190e-01,7.471573418865000427e-02,-1.644315657132305950e+07,9.219642511087925732e+07
1.657017013520906403e+04,6.914539547771964001e-01,7.819575540244667888e-02,-1.688624230780902505e+07,9.214363980981750786e+07
1.657581584905411000e+04,6.908098297569479351e-01,8.167391339345610179e-02,-1.732943611282417178e+07,9.208851926879245043e+07
1.658146156289915598e+04,6.901490748663181574e-01,8.515012000976471263e-02,-1.777272531605992466e+07,9.203106204549124837e+07
1.658710727674420195e+04,6.894716857774915164e-01,8.862428682484865816e-02,-1.821609720091535896e+07,9.197126683490672708e+07
1.659275299058924793e+04,6.887776585264344664e-01,9.209632513757348704e-02,-1.865953900449723750e+07,9.190913246933732927e+07
1.659839870443429390e+04,6.880669895128946889e-01,9.556614597219482976e-02,-1.910303791762004793e+07,9.184465791838718951e+07
1.660404441827933624e+04,6.873396755004018699e-01,9.903366007835530394e-02,-1.954658108480558544e+07,9.177784228896611929e+07
1.660969013212438222e+04,6.865957136162659236e-01,1.024987779310944508e-01,-1.999015560428429395e+07,9.170868482528945804e+07
1.661533584596942819e+04,6.858351013515793237e-01,1.059614097308340386e-01,-2.043374852799335867e+07,9.163718490887832642e+07
1.662098155981447417e+04,6.850578365612162157e-01,1.094214654033881240e-01,-2.087734686157798022e+07,9.156334205855944753e+07
1.662662727365952014e+04,6.842639174638315280e-01,1.128788545999604986e-01,-2.132093756439100951e+07,9.148715593046519160e+07
1.663227298750456612e+04,6.834533426418625268e-01,1.163334866971443837e-01,-2.176450754949301481e+07,9.140862631803360581e+07
1.663791870134961209e+04,6.826261110415271505e-01,1.197852707969228464e-01,-2.220804368365222216e+07,9.132775315200838447e+07
1.664356441519465807e+04,6.817822219728255639e-01,1.232341157266684112e-01,-2.265153278734455258e+07,9.124453650043885410e+07
1.664921012903970404e+04,6.809216751095390485e-01,1.266799300391433236e-01,-2.309496163475361466e+07,9.115897656868001819e+07
1.665485584288475002e+04,6.800444704892303349e-01,1.301226220124996336e-01,-2.353831695377066731e+07,9.107107369939251244e+07
1.666050155672979599e+04,6.791506085132439363e-01,1.335620996502787927e-01,-2.398158542599470168e+07,9.098082837254263461e+07
1.666614727057484197e+04,6.782400899467059263e-01,1.369982706814119877e-01,-2.442475368673235178e+07,9.088824120540234447e+07
1.667179298441988431e+04,6.773129159185241610e-01,1.404310425602179613e-01,-2.486780832499768585e+07,9.079331295254929364e+07
1.667743869826493028e+04,6.763690879213863916e-01,1.438603224664116442e-01,-2.531073588351325691e+07,9.069604450586663187e+07
1.668308441210997626e+04,6.754086078117638170e-01,1.472860173050909993e-01,-2.575352285870852321e+07,9.059643689454331994e+07
1.668873012595502223e+04,6.744314778099081975e-01,1.507080337067458198e-01,-2.619615570072081685e+07,9.049449128507390618e+07
1.669437583980006821e+04,6.734377004998532978e-01,1.541262780272554811e-01,-2.663862081339524686e+07,9.039020898125863075e+07
1.670002155364511418e+04,6.724272788294141101e-01,1.575406563478894129e-01,-2.708090455428453535e+07,9.028359142420335114e+07
1.670566726749016016e+04,6.714002161101869648e-01,1.609510744753059885e-01,-2.752299323464913666e+07,9.017464019231957197e+07
1.671131298133520613e+04,6.703565160175500859e-01,1.643574379415540243e-01,-2.796487311945714056e+07,9.006335700132447481e+07
1.671695869518025211e+04,6.692961825906630358e-01,1.677596520040712524e-01,-2.840653042738435417e+07,8.994974370424090326e+07
1.672260440902529808e+04,6.682192202324668262e-01,1.711576216456855981e-01,-2.884795133081424981e+07,8.983380229139730334e+07
1.672825012287034406e+04,6.671256337096840294e-01,1.745512515746144300e-01,-2.928912195583800226e+07,8.971553489042782784e+07
1.673389583671539003e+04,6.660154281528188891e-01,1.779404462244645879e-01,-2.973002838225445896e+07,8.959494376627224684e+07
1.673954155056043601e+04,6.648886090561569873e-01,1.813251097542331325e-01,-3.017065664357015491e+07,8.947203132117602229e+07
1.674518726440547834e+04,6.637451822777661326e-01,1.847051460483037921e-01,-3.061099272699900717e+07,8.934680009469027817e+07
1.675083297825052432e+04,6.625851540394935846e-01,1.880804587164572883e-01,-3.105102257346346974e+07,8.921925276367163658e+07
1.675647869209557030e+04,6.614085309269702728e-01,1.914509510938566805e-01,-3.149073207759287953e+07,8.908939214228256047e+07
1.676212440594061627e+04,6.602153198896079100e-01,1.948165262410574972e-01,-3.193010708772444725e+07,8.895722118199108541e+07
1.676777011978566225e+04,6.590055282405996584e-01,1.981770869440048211e-01,-3.236913340590316057e+07,8.882274297157090902e+07
1.677341583363070822e+04,6.577791636569202405e-01,2.015325357140327900e-01,-3.280779678788162023e+07,8.868596073710140586e+07
1.677906154747575420e+04,6.565362341793259393e-01,2.048827747878660122e-01,-3.324608294312014431e+07,8.854687784196756780e+07
1.678470726132080017e+04,6.552767482123544873e-01,2.082277061276181784e-01,-3.368397753478670865e+07,8.840549778686004877e+07
1.679035297516584615e+04,6.540007145243251774e-01,2.115672314207930615e-01,-3.412146617975705117e+07,8.826182420977514982e+07
1.679599868901089212e+04,6.527081422473388628e-01,2.149012520802834336e-01,-3.455853444861446321e+07,8.811586088601486385e+07
1.680164440285593810e+04,6.513990408772777352e-01,2.182296692443727315e-01,-3.499516786565004289e+07,8.796761172818678617e+07
1.680729011670098407e+04,6.500734202738056577e-01,2.215523837767326698e-01,-3.543135190886247158e+07,8.781708078620418906e+07
1.681293583054602641e+04,6.487312906603689422e-01,2.248692962664240180e-01,-3.586707200995792449e+07,8.766427224728608131e+07
1.681858154439107238e+04,6.473726626241925741e-01,2.281803070279023460e-01,-3.630231355435102433e+07,8.750919043595686555e+07
1.682422725823611836e+04,6.459975471162858751e-01,2.314853161010074212e-01,-3.673706188116324693e+07,8.735183981404684484e+07
1.682987297208116433e+04,6.446059554514387280e-01,2.347842232509695648e-01,-3.717130228322409838e+07,8.719222498069190979e+07
1.683551868592621031e+04,6.431978993082224649e-01,2.380769279684104567e-01,-3.760502000707069039e+07,8.703035067233358324e+07
1.684116439977125629e+04,6.417733907289902007e-01,2.413633294693396103e-01,-3.803820025294785202e+07,8.686622176271907985e+07
1.684681011361630226e+04,6.403324421198761662e-01,2.446433266951576202e-01,-3.847082817480812967e+07,8.669984326290118694e+07
1.685245582746134824e+04,6.388750662507963751e-01,2.479168183126541358e-01,-3.890288888031167537e+07,8.653122032123842835e+07
1.685810154130639421e+04,6.374012762554482903e-01,2.511837027140084722e-01,-3.933436743082635850e+07,8.636035822339494526e+07
1.686374725515144019e+04,6.359110856313109350e-01,2.544438780167893599e-01,-3.976524884142775089e+07,8.618726239234052598e+07
1.686939296899648616e+04,6.344045082396448931e-01,2.576972420639557226e-01,-4.019551808089908212e+07,8.601193838835062087e+07
1.687503868284153214e+04,6.328815583054920868e-01,2.609436924238557887e-01,-4.062516007173130661e+07,8.583439190900632739e+07
1.688068439668657447e+04,6.313422504176769978e-01,2.641831263902255089e-01,-4.105415969012273103e+07,8.565462878919452429e+07
1.688633011053162045e+04,6.297865995288027818e-01,2.674154409821964951e-01,-4.148250176598019153e+07,8.547265500110737979e+07
1.689197582437666642e+04,6.282146209552570415e-01,2.706405329442840291e-01,-4.191017108291739970e+07,8.528847665424306691e+07
1.689762153822171240e+04,6.266263303772077187e-01,2.738582987463948903e-01,-4.233715237825598568e+07,8.510209999540531635e+07
1.690326725206675837e+04,6.250217438386044266e-01,2.770686345838259124e-01,-4.276343034302533418e+07,8.491353140870346129e+07
1.690891296591180435e+04,6.234008777471783391e-01,2.802714363772629835e-01,-4.318898962196243554e+07,8.472277741555255651e+07
1.691455867975685032e+04,6.217637488744421903e-01,2.834665997727820463e-01,-4.361381481351200491e+07,8.452984467467322946e+07
1.692020439360189630e+04,6.201103743556898307e-01,2.866540201418487088e-01,-4.403789046982643753e+07,8.433473998209184408e+07
1.692585010744694227e+04,6.184407716899973373e-01,2.898335925813179115e-01,-4.446120109676577896e+07,8.413747027114036679e+07
1.693149582129198825e+04,6.167549613345897352e-01,2.930052196545273047e-01,-4.488373681090289354e+07,8.393804110945431888e+07
1.693714153513703423e+04,6.150530381791534662e-01,2.961690159630966934e-01,-4.530563704887362570e+07,8.373641512160372734e+07
1.694278724898208020e+04,6.133350695891124360e-01,2.993249899231038569e-01,-4.572694854453125596e+07,8.353257082318954170e+07
1.694843296282712254e+04,6.116010924018477901e-01,3.024730542149732804e-01,-4.614764568971114606e+07,8.332650479443937540e+07
1.695407867667216851e+04,6.098511439064129291e-01,3.056131217958144020e-01,-4.656770305868463963e+07,8.311821380761496723e+07
1.695972439051721449e+04,6.080852618435385049e-01,3.087451058994094555e-01,-4.698709540815740079e+07,8.290769482701291144e+07
1.696537010436226046e+04,6.063034844056294226e-01,3.118689200362218528e-01,-4.740579767727052420e+07,8.269494500896418095e+07
1.697101581820730644e+04,6.045058502367652853e-01,3.149844779933938521e-01,-4.782378498760023713e+07,8.247996170183418691e+07
1.697666153205235241e+04,6.026923984327000605e-01,3.180916938347466694e-01,-4.824103264315794408e+07,8.226274244602282345e+07
1.698230724589739839e+04,6.008631685408628575e-01,3.211904819007804224e-01,-4.865751613039016724e+07,8.204328497396451235e+07
1.698795295974244436e+04,5.990182005603573723e-01,3.242807568086742420e-01,-4.907321111817859858e+07,8.182158721012809873e+07
1.699359867358749034e+04,5.971575349419621093e-01,3.273624334522863277e-01,-4.948809345784007013e+07,8.159764727101692557e+07
1.699924438743253631e+04,5.952812125881302707e-01,3.304354270021536144e-01,-4.990213918312656134e+07,8.137146346516884863e+07
1.700489010127758229e+04,5.933892748529899785e-01,3.334996529054921610e-01,-5.031532451022521406e+07,8.114303429315614700e+07
1.701053581512262826e+04,5.914817635423439413e-01,3.365550268861968730e-01,-5.072762583775831014e+07,8.091235844758561254e+07
1.701618152896767060e+04,5.895587209136707862e-01,3.396014649448396705e-01,-5.113901974678300321e+07,8.067943481309866905e+07
1.702182724281271658e+04,5.876201896761206189e-01,3.426388833586774818e-01,-5.154948300079240650e+07,8.044426246637076139e+07
1.702747295665776255e+04,5.856662129905213510e-01,3.456671986816400310e-01,-5.195899254571398348e+07,8.020684067611226439e+07
1.703311867050280853e+04,5.836968344693749255e-01,3.486863277443381648e-01,-5.236752550991062075e+07,7.996716890306787193e+07
1.703876438434785450e+04,5.817120981768578725e-01,3.516961876540615206e-01,-5.277505920418033004e+07,7.972524680001679063e+07
1.704441009819290048e+04,5.797120486288214192e-01,3.546966957947788601e-01,-5.318157112175629288e+07,7.948107421177266538e+07
1.705005581203794645e+04,5.776967307927919348e-01,3.576877698271377914e-01,-5.358703893830683082e+07,7.923465117518363893e+07
1.705570152588299243e+04,5.756661900879698202e-01,3.606693276884649912e-01,-5.399144051193542033e+07,7.898597791913235188e+07
1.706134723972803840e+04,5.736204723852307286e-01,3.636412875927658717e-01,-5.439475388318067789e+07,7.873505486453589797e+07
1.706699295357308438e+04,5.715596240071252332e-01,3.666035680307250244e-01,-5.479695727501638234e+07,7.848188262434585392e+07
1.707263866741813035e+04,5.694836917278781607e-01,3.695560877697058877e-01,-5.519802909285144508e+07,7.822646200354829431e+07
1.707828438126317633e+04,5.673927227733894796e-01,3.724987658537508572e-01,-5.559794792452993989e+07,7.796879399916374683e+07
1.708393009510822230e+04,5.652867648212337448e-01,3.754315216035813418e-01,-5.599669254033107311e+07,7.770887980024725199e+07
1.708957580895326464e+04,5.631658660006615413e-01,3.783542746165958204e-01,-5.639424189296897501e+07,7.744672078788846731e+07
1.709522152279831062e+04,5.610300748925944880e-01,3.812669447668772249e-01,-5.679057511759365350e+07,7.718231853521104157e+07
1.710086723664335659e+04,5.588794405296325651e-01,3.841694522051820604e-01,-5.718567153178953379e+07,7.691567480737359822e+07
1.710651295048840257e+04,5.567140123960496734e-01,3.870617173589473436e-01,-5.757951063557641953e+07,7.664679156156907976e+07
1.711215866433344854e+04,5.545338404277938560e-01,3.899436609322893821e-01,-5.797207211140926927e+07,7.637567094702491164e+07
1.711780437817849452e+04,5.523389750124884090e-01,3.928152039060031631e-01,-5.836333582417820394e+07,7.610231530500298738e+07
1.712345009202354049e+04,5.501294669894313261e-01,3.956762675375628535e-01,-5.875328182120847702e+07,7.582672716879969835e+07
1.712909580586858647e+04,5.479053676495950764e-01,3.985267733611213559e-01,-5.914189033226049691e+07,7.554890926374587417e+07
1.713474151971363244e+04,5.456667287356271601e-01,4.013666431875106966e-01,-5.952914176952982694e+07,7.526886450720688701e+07
1.714038723355867842e+04,5.434136024418496635e-01,4.041957991042417486e-01,-5.991501672764717042e+07,7.498659600858253241e+07
1.714603294740372439e+04,5.411460414142594821e-01,4.070141634755045090e-01,-6.029949598367838562e+07,7.470210706930711865e+07
1.715167866124877037e+04,5.388640987505283197e-01,4.098216589421677103e-01,-6.068256049712447077e+07,7.441540118284942210e+07
1.715732437509381271e+04,5.365678280000041322e-01,4.126182084217773771e-01,-6.106419140992134809e+07,7.412648203471288085e+07
1.716297008893885868e+04,5.342572831637050212e-01,4.154037351085638208e-01,-6.144437004644080251e+07,7.383535350243486464e+07
1.716861580278390466e+04,5.319325186943284489e-01,4.181781624734310365e-01,-6.182307791348903626e+07,7.354201965558777750e+07
1.717426151662895063e+04,5.295935894962452428e-01,4.209414142639635315e-01,-6.220029670030765235e+07,7.324648475577831268e+07
1.717990723047399661e+04,5.272405509255005951e-01,4.236934145044250477e-01,-6.257600827857340872e+07,7.294875325664764643e+07
1.718555294431904258e+04,5.248734587898150616e-01,4.264340874957580629e-01,-6.295019470239819586e+07,7.264882980387142301e+07
1.719119865816408856e+04,5.224923693485832299e-01,4.291633578155841788e-01,-6.332283820832905918e+07,7.234671923515979946e+07
1.719684437200913453e+04,5.200973393128750510e-01,4.318811503182037881e-01,-6.369392121534820646e+07,7.204242658025737107e+07
1.720249008585418051e+04,5.176884258454348409e-01,4.345873901345964074e-01,-6.406342632487297058e+07,7.173595706094324589e+07
1.720813579969922648e+04,5.152656865606819458e-01,4.372820026724203446e-01,-6.443133632075584680e+07,7.142731609103098512e+07
1.721378151354427246e+04,5.128291795247102991e-01,4.399649136160129204e-01,-6.479763416928448528e+07,7.111650927636864781e+07
1.721942722738931843e+04,5.103789632552887534e-01,4.426360489263905795e-01,-6.516230301918167621e+07,7.080354241483876109e+07
1.722507294123436077e+04,5.079150967218621915e-01,4.452953348412467816e-01,-6.552532620160512626e+07,7.048842149635855854e+07
1.723071865507940674e+04,5.054376393455459748e-01,4.479426978749591060e-01,-6.588668723014839739e+07,7.017115270287911594e+07
1.723636436892445272e+04,5.029466509991343814e-01,4.505780648185790382e-01,-6.624636980083948374e+07,6.985174240838660300e+07
1.724201008276949869e+04,5.004421920070952767e-01,4.532013627398387423e-01,-6.660435779214178771e+07,6.953019717890146375e+07
1.724765579661454467e+04,4.979243231455713903e-01,4.558125189831492841e-01,-6.696063526495383680e+07,6.920652377247866988e+07
1.725330151045959065e+04,4.953931056423798163e-01,4.584114611696005759e-01,-6.731518646260932088e+07,6.888072913920758665e+07
1.725894722430463662e+04,4.928486011770126241e-01,4.609981171969617653e-01,-6.766799581087706983e+07,6.855282042121212184e+07
1.726459293814968260e+04,4.902908718806365806e-01,4.635724152396806796e-01,-6.801904791796107590e+07,6.822280495265063643e+07
1.727023865199472857e+04,4.877199803360932062e-01,4.661342837488843815e-01,-6.836832757450047135e+07,6.789069025971600413e+07
1.727588436583977455e+04,4.851359895778989406e-01,4.686836514523783359e-01,-6.871581975356951356e+07,6.755648406063553691e+07
1.728153007968482052e+04,4.825389630922446993e-01,4.712204473546477979e-01,-6.906150961067765951e+07,6.722019426567104459e+07
1.728717579352986650e+04,4.799289648169964284e-01,4.737446007368563139e-01,-6.940538248376949131e+07,6.688182897711880505e+07
1.729282150737490883e+04,4.773060591416963816e-01,4.762560411568450003e-01,-6.974742389322450757e+07,6.654139648930983245e+07
1.729846722121995481e+04,4.746703109075562366e-01,4.787546984491388158e-01,-7.008761954185801744e+07,6.619890528860892355e+07
1.730411293506500078e+04,4.720217854074681973e-01,4.812405027249365697e-01,-7.042595531491984427e+07,6.585436405341601372e+07
1.730975864891004676e+04,4.693605483859967786e-01,4.837133843721181936e-01,-7.076241728009516001e+07,6.550778165416533500e+07
1.731540436275509273e+04,4.666866660393818034e-01,4.861732740552418552e-01,-7.109699168750429153e+07,6.515916715332555771e+07
1.732105007660013871e+04,4.640002050155374591e-01,4.886201027155452903e-01,-7.142966496970267594e+07,6.480852980539985001e+07
1.732669579044518468e+04,4.613012324140528531e-01,4.910538015709449700e-01,-7.176042374168099463e+07,6.445587905692584813e+07
1.733234150429023066e+04,4.585898157861919566e-01,4.934743021160360454e-01,-7.208925480086497962e+07,6.410122454647570103e+07
1.733798721813527663e+04,4.558660231348934389e-01,4.958815361220931806e-01,-7.241614512711556256e+07,6.374457610465599597e+07
1.734363293198032261e+04,4.531299229147704999e-01,4.982754356370694415e-01,-7.274108188272880018e+07,6.338594375410782546e+07
1.734927864582536859e+04,4.503815840321113706e-01,5.006559329855971852e-01,-7.306405241243593395e+07,6.302533770950675011e+07
1.735492435967041456e+04,4.476210758448789240e-01,5.030229607689876703e-01,-7.338504424340331554e+07,6.266276837756282091e+07
1.736057007351546054e+04,4.448484681627108972e-01,5.053764518652310578e-01,-7.370404508523246646e+07,6.229824635702055693e+07
1.736621578736050287e+04,4.420638312469213904e-01,5.077163394289950782e-01,-7.402104282995983958e+07,6.193178243865919113e+07
1.737186150120554885e+04,4.392672358104940389e-01,5.100425568916306940e-01,-7.433602555205765367e+07,6.156338760529175401e+07
1.737750721505059482e+04,4.364587530180925046e-01,5.123550379611634398e-01,-7.464898150843268633e+07,6.119307303176642954e+07
1.738315292889564080e+04,4.336384544860534818e-01,5.146537166222993065e-01,-7.495989913842704892e+07,6.082085008496566117e+07
1.738879864274068677e+04,4.308064122823883624e-01,5.169385271364232981e-01,-7.526876706381797791e+07,6.044673032380637527e+07
1.739444435658573275e+04,4.279626989267834580e-01,5.192094040415993206e-01,-7.557557408881790936e+07,6.007072549923998117e+07
1.740009007043077872e+04,4.251073873905995559e-01,5.214662821525704040e-01,-7.588030920007437468e+07,5.969284755425234139e+07
1.740573578427582470e+04,4.222405510968724185e-01,5.237090965607580362e-01,-7.618296156667010486e+07,5.931310862386381626e+07
1.741138149812087067e+04,4.193622639203125613e-01,5.259377826342632734e-01,-7.648352054012295604e+07,5.893152103512927890e+07
1.741702721196591665e+04,4.164726001873050309e-01,5.281522760178657405e-01,-7.678197565438590944e+07,5.854809730713801086e+07
1.742267292581096262e+04,4.135716346759099604e-01,5.303525126330241868e-01,-7.707831662584714592e+07,5.816285015101383626e+07
1.742831863965600860e+04,4.106594426158620692e-01,5.325384286778760412e-01,-7.737253335332994163e+07,5.777579246991503239e+07
1.743396435350105094e+04,4.077360996885726063e-01,5.347099606272367467e-01,-7.766461591809259355e+07,5.738693735903459787e+07
1.743961006734609691e+04,4.048016820271221894e-01,5.368670452326045339e-01,-7.795455458382906020e+07,5.699629810559928417e+07
1.744525578119114289e+04,4.018562662162715737e-01,5.390096195221526498e-01,-7.824233979666790366e+07,5.660388818887104839e+07
1.745090149503618886e+04,3.988999292924544360e-01,5.411376208007343536e-01,-7.852796218517303467e+07,5.620972128014609218e+07
1.745654720888123484e+04,3.959327487437794280e-01,5.432509866498821394e-01,-7.881141256034350395e+07,5.581381124275510013e+07
1.746219292272628081e+04,3.929548025100299546e-01,5.453496549278074035e-01,-7.909268191561347246e+07,5.541617213206322491e+07
1.746783863657132679e+04,3.899661689826636191e-01,5.474335637694004442e-01,-7.937176142685231566e+07,5.501681819547010213e+07
1.747348435041637276e+04,3.869669270048136100e-01,5.495026515862307948e-01,-7.964864245236453414e+07,5.461576387240984291e+07
1.747913006426141874e+04,3.839571558712872035e-01,5.515568570665463355e-01,-7.992331653288975358e+07,5.421302379435105622e+07
1.748477577810646471e+04,3.809369353285667059e-01,5.535961191752745147e-01,-8.019577539160278440e+07,5.380861278479681909e+07
1.749042149195151069e+04,3.779063455748093436e-01,5.556203771540212388e-01,-8.046601093411354721e+07,5.340254585928468406e+07
1.749606720579655666e+04,3.748654672598467075e-01,5.576295705210717601e-01,-8.073401524846714735e+07,5.299483822538666427e+07
1.750171291964159900e+04,3.718143814851873064e-01,5.596236390713889008e-01,-8.099978060514365137e+07,5.258550528270956874e+07
1.750735863348664498e+04,3.687531698040087402e-01,5.616025228766182709e-01,-8.126329945705878735e+07,5.217456262289385498e+07
1.751300434733169095e+04,3.656819142211689133e-01,5.635661622850803854e-01,-8.152456443956293166e+07,5.176202602961523831e+07
1.751865006117673693e+04,3.626006971931987066e-01,5.655144979217762158e-01,-8.178356837044174969e+07,5.134791147858373076e+07
1.752429577502178290e+04,3.595096016283035323e-01,5.674474706883857467e-01,-8.204030424991610646e+07,5.093223513754371554e+07
1.752994148886682888e+04,3.564087108863638886e-01,5.693650217632679755e-01,-8.229476526064194739e+07,5.051501336627410352e+07
1.753558720271187485e+04,3.532981087789348051e-01,5.712670926014601358e-01,-8.254694476771044731e+07,5.009626271658830345e+07
1.754123291655692083e+04,3.501778795692462309e-01,5.731536249346795842e-01,-8.279683631864786148e+07,4.967599993233419955e+07
1.754687863040196680e+04,3.470481079722026463e-01,5.750245607713215801e-01,-8.304443364341562986e+07,4.925424194939412922e+07
1.755252434424701278e+04,3.439088791543834511e-01,5.768798423964609512e-01,-8.328973065441033244e+07,4.883100589568492025e+07
1.755817005809205875e+04,3.407602787340427430e-01,5.787194123718514271e-01,-8.353272144646370411e+07,4.840630909115790576e+07
1.756381577193710473e+04,3.376023927811094838e-01,5.805432135359255286e-01,-8.377340029684260488e+07,4.798016904779884219e+07
1.756946148578214707e+04,3.344353078171891647e-01,5.823511890037934569e-01,-8.401176166524893045e+07,4.755260346962830424e+07
1.757510719962719304e+04,3.312591108155563124e-01,5.841432821672482012e-01,-8.424780019382014871e+07,4.712363025270047784e+07
1.758075291347223902e+04,3.280738892011660357e-01,5.859194366947578780e-01,-8.448151070712843537e+07,4.669326748510487378e+07
1.758639862731728499e+04,3.248797308506461978e-01,5.876795965314710601e-01,-8.471288821218127012e+07,4.626153344696520269e+07
1.759204434116233097e+04,3.216767240922994708e-01,5.894237058992147782e-01,-8.494192789842125773e+07,4.582844661043964326e+07
1.759769005500737694e+04,3.184649577061032244e-01,5.911517092964957421e-01,-8.516862513772621751e+07,4.539402563972087950e+07
1.760333576885242292e+04,3.152445209237096924e-01,5.928635514984990085e-01,-8.539297548440900445e+07,4.495828939103604108e+07
1.760898148269746889e+04,3.120155034284458062e-01,5.945591775570886472e-01,-8.561497467521771789e+07,4.452125691264678538e+07
1.761462719654251487e+04,3.087779953553131396e-01,5.962385328008081853e-01,-8.583461862933558226e+07,4.408294744484919310e+07
1.762027291038756084e+04,3.055320872909882968e-01,5.979015628348793854e-01,-8.605190344838097692e+07,4.364338041997385025e+07
1.762591862423260682e+04,3.022778702738224132e-01,5.995482135412034674e-01,-8.626682541640737653e+07,4.320257546238584816e+07
1.763156433807765279e+04,2.990154357938412111e-01,6.011784310783604424e-01,-8.647938099990348518e+07,4.276055238848470896e+07
1.763721005192269513e+04,2.957448757927478855e-01,6.027921618816084459e-01,-8.668956684779296815e+07,4.231733120670476556e+07
1.764285576576774110e+04,2.924662826639133906e-01,6.043893526628871804e-01,-8.689737979143506289e+07,4.187293211751393974e+07
1.764850147961278708e+04,2.891797492523902613e-01,6.059699504108126966e-01,-8.710281684462374449e+07,4.142737551341550052e+07
1.765414719345783305e+04,2.858853688549032879e-01,6.075339023906807245e-01,-8.730587520358827710e+07,4.098068197894691676e+07
1.765979290730287903e+04,2.825832352198522912e-01,6.090811561444663402e-01,-8.750655224699306488e+07,4.053287229068013281e+07
1.766543862114792501e+04,2.792734425473117899e-01,6.106116594908229667e-01,-8.770484553593766689e+07,4.008396741722159088e+07
1.767108433499297098e+04,2.759560854890310555e-01,6.121253605250834839e-01,-8.790075281395679712e+07,3.963398851921215653e+07
1.767673004883801696e+04,2.726312591484338355e-01,6.136222076192596742e-01,-8.809427200702029467e+07,3.918295694932724535e+07
1.768237576268306293e+04,2.692990590806191853e-01,6.151021494220421104e-01,-8.828540122353319824e+07,3.873089425227670372e+07
1.768802147652810891e+04,2.659595812923605807e-01,6.165651348588001568e-01,-8.847413875433564186e+07,3.827782216480489075e+07
1.769366719037315488e+04,2.626129222421060838e-01,6.180111131315826345e-01,-8.866048307270291448e+07,3.782376261569061130e+07
1.769931290421820086e+04,2.592591788399790098e-01,6.194400337191168227e-01,-8.884443283434551954e+07,3.736873772574719042e+07
1.770495861806324683e+04,2.558984484477769272e-01,6.208518463768093465e-01,-8.902598687740901113e+07,3.691276980782239139e+07
1.771060433190828917e+04,2.525308288789744893e-01,6.222465011367447341e-01,-8.920514422247403860e+07,3.645588136679876596e+07
1.771625004575333514e+04,2.491564183987148295e-01,6.236239483076888579e-01,-8.938190407255673409e+07,3.599809509959248453e+07
1.772189575959838112e+04,2.457753157238221353e-01,6.249841384750846052e-01,-8.955626581310802698e+07,3.553943389515504986e+07
1.772754147344342709e+04,2.423876200227932376e-01,6.263270225010537651e-01,-8.972822901201412082e+07,3.507992083447217196e+07
1.773318718728847307e+04,2.389934309157995262e-01,6.276525515243978059e-01,-8.989779341959635913e+07,3.461957919056402147e+07
1.773883290113351904e+04,2.355928484746874774e-01,6.289606769605967651e-01,-9.006495896861124039e+07,3.415843242848524451e+07
1.774447861497856502e+04,2.321859732229781537e-01,6.302513505018101370e-01,-9.022972577425041795e+07,3.369650420532501489e+07
1.775012432882361099e+04,2.287729061358673710e-01,6.315245241168756518e-01,-9.039209413414064050e+07,3.323381837020692229e+07
1.775577004266865697e+04,2.253537486402256707e-01,6.327801500513104971e-01,-9.055206452834391594e+07,3.277039896428909153e+07
1.776141575651370295e+04,2.219286026145983470e-01,6.340181808273105402e-01,-9.070963761935728788e+07,3.230627022076407820e+07
1.776706147035874892e+04,2.184975703892056975e-01,6.352385692437511056e-01,-9.086481425211301446e+07,3.184145656485895813e+07
1.777270718420379490e+04,2.150607547459424396e-01,6.364412683761855316e-01,-9.101759545397850871e+07,3.137598261383524537e+07
1.777835289804883723e+04,2.116182589183804863e-01,6.376262315768466138e-01,-9.116798243475614488e+07,3.090987317698927224e+07
1.778399861189388321e+04,2.081701865917597594e-01,6.387934124746471598e-01,-9.131597658668386936e+07,3.044315325565094501e+07
1.778964432573892918e+04,2.047166419030014561e-01,6.399427649751773250e-01,-9.146157948443438113e+07,2.997584804318553209e+07
1.779529003958397516e+04,2.012577294406993900e-01,6.410742432607069441e-01,-9.160479288511569798e+07,2.950798292499247938e+07
1.780093575342902113e+04,1.977935542451225714e-01,6.421878017901846425e-01,-9.174561872827091813e+07,2.903958347850572318e+07
1.780658146727406711e+04,1.943242218082141815e-01,6.432833952992380588e-01,-9.188405913587835431e+07,2.857067547319369018e+07
1.781222718111911308e+04,1.908498380735923761e-01,6.443609788001738448e-01,-9.202011641235142946e+07,2.810128487055927515e+07
1.781787289496415906e+04,1.873705094365500923e-01,6.454205075819776649e-01,-9.215379304453872144e+07,2.763143782413985580e+07
1.782351860880920503e+04,1.838863427440549370e-01,6.464619372103137529e-01,-9.228509170172396302e+07,2.716116067950727791e+07
1.782916432265425101e+04,1.803974452947493534e-01,6.474852235275255774e-01,-9.241401523562601209e+07,2.669047997426786274e+07
1.783481003649929698e+04,1.769039248389505103e-01,6.484903226526358422e-01,-9.254056668039892614e+07,2.621942243806243688e+07
1.784045575034434296e+04,1.734058895786504684e-01,6.494771909813457089e-01,-9.266474925263187289e+07,2.574801499256630987e+07
1.784610146418938530e+04,1.699034481675180674e-01,6.504457851860350193e-01,-9.278656635134910047e+07,2.527628475148954242e+07
1.785174717803443127e+04,1.663967097108902116e-01,6.513960622157642932e-01,-9.290602155801022053e+07,2.480425902057577670e+07
1.785739289187947725e+04,1.628857837657851915e-01,6.523279792962710655e-01,-9.302311863650980592e+07,2.433196529760404676e+07
1.786303860572452322e+04,1.593707803408943025e-01,6.532414939299725498e-01,-9.313786153317761421e+07,2.385943127238756418e+07
1.786868431956956920e+04,1.558518098965831489e-01,6.541365638959649731e-01,-9.325025437677857280e+07,2.338668482677404583e+07
1.787433003341461517e+04,1.523289833448921160e-01,6.550131472500232421e-01,-9.336030147851274908e+07,2.291375403464563191e+07
1.787997574725966115e+04,1.488024120495365643e-01,6.558712023246018319e-01,-9.346800733201535046e+07,2.244066716191899776e+07
1.788562146110470712e+04,1.452722078259062188e-01,6.567106877288332312e-01,-9.357337661335676908e+07,2.196745266654524207e+07
1.789126717494975310e+04,1.417384829410661129e-01,6.575315623485299410e-01,-9.367641418104249239e+07,2.149413919850999862e+07
1.789691288879479907e+04,1.382012895425135390e-01,6.583338603777499909e-01,-9.377711344232051075e+07,2.102070758254336566e+07
1.790255860263984505e+04,1.346603811175655085e-01,6.591179939502262997e-01,-9.387540592722073197e+07,2.054689982294435054e+07
1.790820431648489102e+04,1.311158018063293407e-01,6.598840266692664880e-01,-9.397127206509888172e+07,2.007268540108695254e+07
1.791385003032993336e+04,1.275676529848012719e-01,6.606319522508391495e-01,-9.406470301369148493e+07,1.959807907388902828e+07
1.791949574417497934e+04,1.240160358727842999e-01,6.613617648349197076e-01,-9.415569013566783071e+07,1.912309558656644821e+07
1.792514145802002531e+04,1.204610515339016585e-01,6.620734589854876395e-01,-9.424422499862967432e+07,1.864774967263493314e+07
1.793078717186507129e+04,1.169028008755877701e-01,6.627670296905289193e-01,-9.433029937511141598e+07,1.817205605390882492e+07
1.793643288571011726e+04,1.133413846490905069e-01,6.634424723620347963e-01,-9.441390524258004129e+07,1.769602944050141424e+07
1.794207859955516324e+04,1.097769034494712470e-01,6.640997828360020172e-01,-9.449503478343518078e+07,1.721968453082491085e+07
1.794772431340020921e+04,1.062094577156047492e-01,6.647389573724331591e-01,-9.457368038500905037e+07,1.674303601159046404e+07
1.795337002724525519e+04,1.026391477301792643e-01,6.653599926553364075e-01,-9.464983463956649601e+07,1.626609855780816264e+07
1.795901574109030116e+04,9.906607361969652081e-02,6.659628857927252232e-01,-9.472349034430493414e+07,1.578888683278701827e+07
1.796466145493534714e+04,9.549033535447169763e-02,6.665476343166188977e-01,-9.479464050135439634e+07,1.531141548813498393e+07
1.797030716878039311e+04,9.191203274863339601e-02,6.671142361830424417e-01,-9.486327831777757406e+07,1.483369916375894472e+07
1.797595288262543909e+04,8.833126546012373681e-02,6.676626897720260301e-01,-9.492939720556968451e+07,1.435575248786471784e+07
1.798159859647048506e+04,8.474813299069823558e-02,6.681929938876058905e-01,-9.499299078165858984e+07,1.387759007695705444e+07
1.798724431031552740e+04,8.116273468592821727e-02,6.687051477578231928e-01,-9.505405286790475249e+07,1.339922653583994508e+07
1.799289002416057338e+04,7.757516973519153203e-02,6.691991510347257144e-01,-9.511257749110129476e+07,1.292067645761539973e+07
1.799853573800561935e+04,7.398553717168641908e-02,6.696750037943660638e-01,-9.516855888297387958e+07,1.244195442368527688e+07
1.800418145185066533e+04,7.039393587242223638e-02,6.701327065368024583e-01,-9.522199148018078506e+07,1.196307500375005975e+07
1.800982716569571130e+04,6.680046455822180596e-02,6.705722601860989451e-01,-9.527286992431291938e+07,1.148405275580917299e+07
1.801547287954075728e+04,6.320522179372142779e-02,6.709936660903251804e-01,-9.532118906189377606e+07,1.100490222616096586e+07
1.802111859338580325e+04,5.960830598737090757e-02,6.713969260215559842e-01,-9.536694394437946379e+07,1.052563794940273277e+07
1.802676430723084923e+04,5.600981539143336935e-02,6.717820421758722294e-01,-9.541012982815870643e+07,1.004627444843068533e+07
1.803241002107589520e+04,5.240984810198551919e-02,6.721490171733601748e-01,-9.545074217455282807e+07,9.566826234439987689e+06
1.803805573492094118e+04,4.880850205891749255e-02,6.724978540581120212e-01,-9.548877664981575310e+07,9.087307806924730539e+06
1.804370144876598715e+04,4.520587504593285427e-02,6.728285562982248003e-01,-9.552422912513403594e+07,8.607733653677923605e+06
1.804934716261103313e+04,4.160206469054867490e-02,6.731411277858019293e-01,-9.555709567662678659e+07,8.128118250791536644e+06
1.805499287645607546e+04,3.799716846409774418e-02,6.734355728369515459e-01,-9.558737258534577489e+07,7.648476062656762078e+06
1.806063859030112144e+04,3.439128368171940481e-02,6.737118961917886173e-01,-9.561505633727537096e+07,7.168821541962806135e+06
1.806628430414616741e+04,3.078450750237333652e-02,6.739701030144327198e-01,-9.564014362333253026e+07,6.689169129698734730e+06
1.807193001799121339e+04,2.717693692883051820e-02,6.742101988930091494e-01,-9.566263133936682343e+07,6.209533255152244121e+06
1.807757573183625937e+04,2.356866880767516381e-02,6.744321898396489212e-01,-9.568251658616043627e+07,5.729928335909949616e+06
1.808322144568130534e+04,1.995979982930512486e-02,6.746360822904886589e-01,-9.569979666942813993e+07,5.250368777857417241e+06
1.808886715952635132e+04,1.635042652793165102e-02,6.748218831056705946e-01,-9.571446909981733561e+07,4.770868975179137662e+06
1.809451287337139729e+04,1.274064528157943001e-02,6.749895995693425688e-01,-9.572653159290800989e+07,4.291443310358535498e+06
1.810015858721644327e+04,9.130552312086636160e-03,6.751392393896578081e-01,-9.573598206921279430e+07,3.812106154177978635e+06
1.810580430106148924e+04,5.520243685104885348e-03,6.752708106987754810e-01,-9.574281865417686105e+07,3.332871865718744695e+06
1.811145001490653522e+04,1.909815310099239726e-03,6.753843220528598090e-01,-9.574703967817807198e+07,2.853754792361069471e+06
1.811709572875158119e+04,-1.700637059651721565e-03,6.754797824320811772e-01,-9.574864367652682960e+07,2.374769269784115255e+06
1.812274144259662353e+04,-5.311017827053707979e-03,6.755572012406151350e-01,-9.574762938946616650e+07,1.895929621966283768e+06
1.812838715644166950e+04,-8.921231551205921137e-03,6.756165883066431732e-01,-9.574399576217171550e+07,1.417250161183990538e+06
1.813403287028671548e+04,-1.253118294738713411e-02,6.756579538823520581e-01,-9.573774194475175440e+07,9.387451880134902894e+05
1.813967858413176145e+04,-1.614077688706487199e-02,6.756813086439343863e-01,-9.572886729224710166e+07,4.604289913296997547e+05
1.814532429797680743e+04,-1.974991839789344561e-02,6.756866636915880298e-01,-9.571737136463123560e+07,-1.768415169356763363e+04
1.815097001182185340e+04,-2.335851266371354734e-02,6.756740305495168020e-01,-9.570325392681021988e+07,-4.955799755835421383e+05
1.815661572566689938e+04,-2.696646502455234476e-02,6.756434211659300137e-01,-9.568651494862271845e+07,-9.732442265685275197e+05
1.816226143951194535e+04,-3.057368097662369749e-02,6.755948479130423623e-01,-9.566715460484002531e+07,-1.450662662577893585e+06
1.816790715335699133e+04,-3.418006617232796640e-02,6.755283235870743752e-01,-9.564517327516601980e+07,-1.927821053242072463e+06
1.817355286720203731e+04,-3.778552642025197889e-02,6.754438614082519665e-01,-9.562057154423719645e+07,-2.404705179892577231e+06
1.817919858104708328e+04,-4.138996768516917807e-02,6.753414750208068806e-01,-9.559335020162266493e+07,-2.881300835561960936e+06
1.818484429489212926e+04,-4.499329608803960545e-02,6.752211784929760263e-01,-9.556351024182412028e+07,-3.357593824983876199e+06
1.819049000873717159e+04,-4.859541790600733352e-02,6.750829863170025869e-01,-9.553105286427590251e+07,-3.833569964592698961e+06
1.819613572258221757e+04,-5.219623957241009693e-02,6.749269134091345768e-01,-9.549597947334490716e+07,-4.309215082524821162e+06
1.820178143642726354e+04,-5.579566767676519268e-02,6.747529751096261741e-01,-9.545829167833064497e+07,-4.784515018616769463e+06
1.820742715027230952e+04,-5.939360896477872964e-02,6.745611871827367212e-01,-9.541799129346528649e+07,-5.259455624406442046e+06
1.821307286411735549e+04,-6.298997033834337345e-02,6.743515658167316129e-01,-9.537508033791355789e+07,-5.734022763132799417e+06
1.821871857796240147e+04,-6.658465885553839503e-02,6.741241276238812974e-01,-9.532956103577281535e+07,-6.208202309735883027e+06
1.822436429180744744e+04,-7.017758173062946248e-02,6.738788896404622752e-01,-9.528143581607300043e+07,-6.681980150856789201e+06
1.823001000565249342e+04,-7.376864633406901572e-02,6.736158693267563224e-01,-9.523070731277668476e+07,-7.155342184837680310e+06
1.823565571949753939e+04,-7.735776019249573920e-02,6.733350845670510454e-01,-9.517737836477902532e+07,-7.628274321721784770e+06
1.824130143334258537e+04,-8.094483098873515858e-02,6.730365536696394368e-01,-9.512145201590782404e+07,-8.100762483253404498e+06
1.824694714718763134e+04,-8.452976656179912729e-02,6.727202953668200980e-01,-9.506293151492343843e+07,-8.572792602877903730e+06
1.825259286103267732e+04,-8.811247490688609019e-02,6.723863288148973494e-01,-9.500182031551887095e+07,-9.044350625741705298e+06
1.825823857487772329e+04,-9.169286417538118072e-02,6.720346735941811200e-01,-9.493812207631972432e+07,-9.515422508692331612e+06
1.826388428872276563e+04,-9.527084267485343150e-02,6.716653497089870584e-01,-9.487184066088421643e+07,-9.985994220278006047e+06
1.826953000256781161e+04,-9.884631886906578013e-02,6.712783775876355330e-01,-9.480298013770309091e+07,-1.045605174074897915e+07
1.827517571641285758e+04,-1.024192013779604005e-01,6.708737780824535202e-01,-9.473154478019981086e+07,-1.092558106205564737e+07
1.828082143025790356e+04,-1.059893989776685835e-01,6.704515724697731605e-01,-9.465753906673039496e+07,-1.139456818784977496e+07
1.828646714410294953e+04,-1.095568206005079620e-01,6.700117824499322028e-01,-9.458096768058347702e+07,-1.186299913348419219e+07
1.829211285794799551e+04,-1.131213753349828433e-01,6.695544301472741155e-01,-9.450183550998027623e+07,-1.233085992601276934e+07
1.829775857179304148e+04,-1.166829724257840428e-01,6.690795381101477535e-01,-9.442014764807465672e+07,-1.279813660419049859e+07
1.830340428563808746e+04,-1.202415212737888706e-01,6.685871293109078017e-01,-9.433590939295305312e+07,-1.326481521847337484e+07
1.830904999948313343e+04,-1.237969314360612000e-01,6.680772271459142209e-01,-9.424912624763453007e+07,-1.373088183101851493e+07
1.831469571332817941e+04,-1.273491126258516071e-01,6.675498554355329128e-01,-9.415980392007076740e+07,-1.419632251568407565e+07
1.832034142717322538e+04,-1.308979747125969262e-01,6.670050384241349439e-01,-9.406794832314601541e+07,-1.466112335802928358e+07
1.832598714101827136e+04,-1.344434277219206664e-01,6.664428007800974330e-01,-9.397356557467713952e+07,-1.512527045531441271e+07
1.833163285486331370e+04,-1.379853818356306938e-01,6.658631675958031071e-01,-9.387666199741372466e+07,-1.558874991650053114e+07
1.833727856870835967e+04,-1.415237473917281275e-01,6.652661643876394137e-01,-9.377724411903771758e+07,-1.605154786225067824e+07
1.834292428255340565e+04,-1.450584348843937665e-01,6.646518170960002969e-01,-9.367531867216387391e+07,-1.651365042492802441e+07
1.834856999639845162e+04,-1.485893549639973610e-01,6.640201520852850869e-01,-9.357089259433950484e+07,-1.697504374859713763e+07
1.835421571024349760e+04,-1.521164184370952244e-01,6.633711961438985005e-01,-9.346397302804450691e+07,-1.743571398902364075e+07
1.835986142408854357e+04,-1.556395362664298732e-01,6.627049764842510848e-01,-9.335456732069143653e+07,-1.789564731367421895e+07
1.836550713793358955e+04,-1.591586195709308593e-01,6.620215207427586623e-01,-9.324268302462537587e+07,-1.835482990171662718e+07
1.837115285177863552e+04,-1.626735796257139377e-01,6.613208569798432190e-01,-9.312832789712408185e+07,-1.881324794401969761e+07
1.837679856562368150e+04,-1.661843278620815378e-01,6.606030136799315722e-01,-9.301150990039789677e+07,-1.927088764315330982e+07
1.838244427946872747e+04,-1.696907758675224864e-01,6.598680197514565915e-01,-9.289223720158974826e+07,-1.972773521338842064e+07
1.838808999331377345e+04,-1.731928353857123959e-01,6.591159045268567551e-01,-9.277051817277519405e+07,-2.018377688069706410e+07
1.839373570715881942e+04,-1.766904183165131648e-01,6.583466977625759275e-01,-9.264636139096240699e+07,-2.063899888275229186e+07
1.839938142100386176e+04,-1.801834367159712291e-01,6.575604296390642478e-01,-9.251977563809221983e+07,-2.109338746892800182e+07
1.840502713484890774e+04,-1.836718027963261946e-01,6.567571307607756870e-01,-9.239076990103785694e+07,-2.154692890029998869e+07
1.841067284869395371e+04,-1.871554289259973747e-01,6.559368321561716009e-01,-9.225935337160536647e+07,-2.199960944964424521e+07
1.841631856253899969e+04,-1.906342276295928673e-01,6.550995652777183986e-01,-9.212553544653333724e+07,-2.245141540143810958e+07
1.842196427638404566e+04,-1.941081115879076113e-01,6.542453620018877647e-01,-9.198932572749297321e+07,-2.290233305186002702e+07
1.842760999022909164e+04,-1.975769936379228042e-01,6.533742546291572140e-01,-9.185073402108806372e+07,-2.335234870878946781e+07
1.843325570407413761e+04,-2.010407867728061515e-01,6.524862758840098698e-01,-9.170977033885501325e+07,-2.380144869180697203e+07
1.843890141791918359e+04,-2.044994041419122000e-01,6.515814589149344638e-01,-9.156644489726285636e+07,-2.424961933219418675e+07
1.844454713176422956e+04,-2.079527590507816437e-01,6.506598372944251141e-01,-9.142076811771318316e+07,-2.469684697293376923e+07
1.845019284560927554e+04,-2.114007649611420459e-01,6.497214450189817692e-01,-9.127275062654024363e+07,-2.514311796870948374e+07
1.845583855945432151e+04,-2.148433354909073112e-01,6.487663165091098749e-01,-9.112240325501085818e+07,-2.558841868590614200e+07
1.846148427329936749e+04,-2.182803844141781024e-01,6.477944866093201526e-01,-9.096973703932449222e+07,-2.603273550260964036e+07
1.846712998714440982e+04,-2.217118256612391758e-01,6.468059905881303751e-01,-9.081476322061325610e+07,-2.647605480860661715e+07
1.847277570098945580e+04,-2.251375733185684569e-01,6.458008641380611481e-01,-9.065749324494163692e+07,-2.691836300538566709e+07
1.847842141483450177e+04,-2.285575416288241346e-01,6.447791433756406843e-01,-9.049793876330699027e+07,-2.735964650613559783e+07
1.848406712867954775e+04,-2.319716449908527378e-01,6.437408648414026935e-01,-9.033611163163916767e+07,-2.779989173574655503e+07
1.848971284252459373e+04,-2.353797979596874423e-01,6.426860654998860500e-01,-9.017202391080066562e+07,-2.823908513080975413e+07
1.849535855636963970e+04,-2.387819152465482098e-01,6.416147827396353476e-01,-9.000568786658653617e+07,-2.867721313961745799e+07
1.850100427021468568e+04,-2.421779117188411212e-01,6.405270543732004551e-01,-8.983711596972450614e+07,-2.911426222216303647e+07
1.850664998405973165e+04,-2.455677024001592101e-01,6.394229186371375162e-01,-8.966632089587484300e+07,-2.955021885014088452e+07
1.851229569790477763e+04,-2.489512024702819348e-01,6.383024141920073946e-01,-8.949331552563045919e+07,-2.998506950694650412e+07
1.851794141174982360e+04,-2.523283272651750675e-01,6.371655801223773397e-01,-8.931811294451686740e+07,-3.041880068767641485e+07
1.852358712559486958e+04,-2.556989922769911661e-01,6.360124559368195429e-01,-8.914072644299218059e+07,-3.085139889912824333e+07
1.852923283943991555e+04,-2.590631131540692134e-01,6.348430815679123596e-01,-8.896116951644712687e+07,-3.128285065980067104e+07
1.853487855328495789e+04,-2.624206057009326742e-01,6.336574973722401971e-01,-8.877945586520513892e+07,-3.171314249989315122e+07
1.854052426713000386e+04,-2.657713858782980720e-01,6.324557441303906291e-01,-8.859559939452192187e+07,-3.214226096130706370e+07
1.854616998097504984e+04,-2.691153698030617214e-01,6.312378630469591689e-01,-8.840961421458613873e+07,-3.257019259764400870e+07
1.855181569482009581e+04,-2.724524737483088876e-01,6.300038957505464943e-01,-8.822151464051896334e+07,-3.299692397420692444e+07
1.855746140866514179e+04,-2.757826141433112332e-01,6.287538842937584471e-01,-8.803131519237411022e+07,-3.342244166799981147e+07
1.856310712251018776e+04,-2.791057075735272619e-01,6.274878711532068110e-01,-8.783903059513796866e+07,-3.384673226772776991e+07
1.856875283635523374e+04,-2.824216707806015969e-01,6.262058992295086446e-01,-8.764467577872949839e+07,-3.426978237379691750e+07
1.857439855020027971e+04,-2.857304206623656473e-01,6.249080118472867262e-01,-8.744826587800028920e+07,-3.469157859831445664e+07
1.858004426404532569e+04,-2.890318742728373302e-01,6.235942527551694425e-01,-8.724981623273453116e+07,-3.511210756508870423e+07
1.858568997789037167e+04,-2.923259488222210156e-01,6.222646661257907885e-01,-8.704934238764898479e+07,-3.553135590962897241e+07
1.859133569173541764e+04,-2.956125616769078035e-01,6.209192965557903676e-01,-8.684686009239307046e+07,-3.594931027914566547e+07
1.859698140558046362e+04,-2.988916303594751911e-01,6.195581890658131696e-01,-8.664238530154879391e+07,-3.636595733255027235e+07
1.860262711942550959e+04,-3.021630725486872948e-01,6.181813891005100148e-01,-8.643593417463074625e+07,-3.678128374045532197e+07
1.860827283327055193e+04,-3.054268060794924633e-01,6.167889425285379978e-01,-8.622752307608629763e+07,-3.719527618517415226e+07
1.861391854711559790e+04,-3.086827489430323257e-01,6.153808956425573795e-01,-8.601716857529500127e+07,-3.760792136072198302e+07
1.861956426096064388e+04,-3.119308192866281360e-01,6.139572951592365824e-01,-8.580488744656942785e+07,-3.801920597281428427e+07
1.862520997480568985e+04,-3.151709354137904873e-01,6.125181882192484162e-01,-8.559069666915461421e+07,-3.842911673886784166e+07
1.863085568865073583e+04,-3.184030157842159259e-01,6.110636223872718542e-01,-8.537461342722819746e+07,-3.883764038800054044e+07
1.863650140249578180e+04,-3.216269790137878393e-01,6.095936456519908120e-01,-8.515665510990042984e+07,-3.924476366103132069e+07
1.864214711634082778e+04,-3.248427438745760676e-01,6.081083064260954796e-01,-8.493683931121417880e+07,-3.965047331048018485e+07
1.864779283018587375e+04,-3.280502292948370702e-01,6.066076535462811004e-01,-8.471518383014491200e+07,-4.005475610056821257e+07
1.865343854403091973e+04,-3.312493543590138700e-01,6.050917362732486371e-01,-8.449170667060068250e+07,-4.045759880721753091e+07
1.865908425787596570e+04,-3.344400383077358319e-01,6.035606042917048830e-01,-8.426642604142218828e+07,-4.085898821805133671e+07
1.866472997172101168e+04,-3.376222005378190505e-01,6.020143077103619067e-01,-8.403936035638271272e+07,-4.125891113239389658e+07
1.867037568556605765e+04,-3.407957606022661290e-01,6.004528970619374961e-01,-8.381052823418813944e+07,-4.165735436127057672e+07
1.867602139941109999e+04,-3.439606382102640136e-01,5.988764233031560469e-01,-8.357994849847713113e+07,-4.205430472740750015e+07
1.868166711325614597e+04,-3.471167532271923761e-01,5.972849378147445654e-01,-8.334764017782048881e+07,-4.244974906523263454e+07
1.868731282710119194e+04,-3.502640256746117897e-01,5.956784924014385529e-01,-8.311362250572207570e+07,-4.284367422087427974e+07
1.869295854094623792e+04,-3.534023757302706681e-01,5.940571392919781202e-01,-8.287791492061820626e+07,-4.323606705216203630e+07
1.869860425479128389e+04,-3.565317237281043772e-01,5.924209311391088750e-01,-8.264053706587782502e+07,-4.362691442862658203e+07
1.870424996863632987e+04,-3.596519901582346801e-01,5.907699210195824779e-01,-8.240150878980244696e+07,-4.401620323149958253e+07
1.870989568248137584e+04,-3.627630956669701257e-01,5.891041624341554206e-01,-8.216085014562621713e+07,-4.440392035371393710e+07
1.871554139632642182e+04,-3.658649610568054933e-01,5.874237093075905802e-01,-8.191858139151588082e+07,-4.479005269990344346e+07
1.872118711017146779e+04,-3.689575072864221261e-01,5.857286159886556653e-01,-8.167472299057081342e+07,-4.517458718640305102e+07
1.872683282401651377e+04,-3.720406554706883751e-01,5.840189372501246590e-01,-8.142929561082294583e+07,-4.555751074124877155e+07
1.873247853786155974e+04,-3.751143268806583775e-01,5.822947282887767084e-01,-8.118232012523686886e+07,-4.593881030417764932e+07
1.873812425170660572e+04,-3.781784429435733896e-01,5.805560447253964584e-01,-8.093381761170974374e+07,-4.631847282662782818e+07
1.874376996555164806e+04,-3.812329252428590110e-01,5.788029426047758275e-01,-8.068380935307152569e+07,-4.669648527173825353e+07
1.874941567939669403e+04,-3.842776955181335108e-01,5.770354783957082345e-01,-8.043231683708424866e+07,-4.707283461434970051e+07
1.875506139324174001e+04,-3.873126756651956715e-01,5.752537089909967039e-01,-8.017936175644311309e+07,-4.744750784100323170e+07
1.876070710708678598e+04,-3.903377877360322268e-01,5.734576917074482028e-01,-7.992496600877569616e+07,-4.782049194994125515e+07
1.876635282093183196e+04,-3.933529539388176954e-01,5.716474842858756400e-01,-7.966915169664220512e+07,-4.819177395110721141e+07
1.877199853477687793e+04,-3.963580966379118831e-01,5.698231448910973107e-01,-7.941194112753546238e+07,-4.856134086614566296e+07
1.877764424862192391e+04,-3.993531383538617696e-01,5.679847321119372294e-01,-7.915335681388089061e+07,-4.892917972840217501e+07
1.878328996246696988e+04,-4.023380017634007322e-01,5.661323049612249081e-01,-7.889342147303651273e+07,-4.929527758292340487e+07
1.878893567631201586e+04,-4.053126096994489891e-01,5.642659228757955781e-01,-7.863215802729298174e+07,-4.965962148645711690e+07
1.879458139015706183e+04,-4.082768851511128227e-01,5.623856457164898570e-01,-7.836958960387352109e+07,-5.002219850745209306e+07
1.880022710400210781e+04,-4.112307512636853013e-01,5.604915337681541931e-01,-7.810573953493398428e+07,-5.038299572605820745e+07
1.880587281784715378e+04,-4.141741313386461121e-01,5.585836477396403099e-01,-7.784063135756283998e+07,-5.074200023412630707e+07
1.881151853169219612e+04,-4.171069502397705131e-01,5.566620489668313576e-01,-7.757428796572767198e+07,-5.109919980771277845e+07
1.881716424553724210e+04,-4.200293957322288052e-01,5.547268379603822464e-01,-7.730657297043539584e+07,-5.145470714954393357e+07
1.882280995938228807e+04,-4.229416025761904008e-01,5.527781106102697128e-01,-7.703737873944529891e+07,-5.180860697230380774e+07
1.882845567322733405e+04,-4.258435160544978282e-01,5.508159360365820767e-01,-7.676671144263383746e+07,-5.216089273240651190e+07
1.883410138707238002e+04,-4.287350817876134923e-01,5.488403833717545588e-01,-7.649457731344361603e+07,-5.251155795769141614e+07
1.883974710091742600e+04,-4.316162457336200631e-01,5.468515217605702805e-01,-7.622098264888331294e+07,-5.286059624742309749e+07
1.884539281476247197e+04,-4.344869541882203090e-01,5.448494203601595975e-01,-7.594593380952772498e+07,-5.320800127229139954e+07
1.885103852860751795e+04,-4.373471537847368751e-01,5.428341483400005441e-01,-7.566943721951781213e+07,-5.355376677441139519e+07
1.885668424245256392e+04,-4.401967914941128379e-01,5.408057748819181665e-01,-7.539149936656057835e+07,-5.389788656732338667e+07
1.886232995629760990e+04,-4.430358146249110951e-01,5.387643691800854118e-01,-7.511212680192919075e+07,-5.424035453599292040e+07
1.886797567014265587e+04,-4.458641708233148093e-01,5.367100004410223502e-01,-7.483132614046290517e+07,-5.458116463681079447e+07
1.887362138398770185e+04,-4.486818080731270753e-01,5.346427378835968414e-01,-7.454910406056711078e+07,-5.492031089759302139e+07
1.887926709783274782e+04,-4.514886746957713082e-01,5.325626507390238684e-01,-7.426546730421328545e+07,-5.525778741758086532e+07
1.888491281167779016e+04,-4.542847193502890790e-01,5.304698082508674251e-01,-7.398042267693923414e+07,-5.559358836744061112e+07
1.889055852552283613e+04,-4.570698910333474418e-01,5.283642796750348536e-01,-7.369397704784829915e+07,-5.592770798926442862e+07
1.889620423936788211e+04,-4.598441390792282757e-01,5.262461342797848385e-01,-7.340613734961050749e+07,-5.626014059656907618e+07
1.890184995321292809e+04,-4.626074131598352235e-01,5.241154413457224104e-01,-7.311691057846181095e+07,-5.659088057429677248e+07
1.890749566705797406e+04,-4.653596632846920267e-01,5.219722701657999453e-01,-7.282630379420426488e+07,-5.691992237881496549e+07
1.891314138090302004e+04,-4.681008398009425808e-01,5.198166900453170536e-01,-7.253432412020604312e+07,-5.724726053791635484e+07
1.891878709474806601e+04,-4.708308933933509910e-01,5.176487703019213571e-01,-7.224097874340143800e+07,-5.757288965081885457e+07
1.892443280859311199e+04,-4.735497750843012388e-01,5.154685802656074900e-01,-7.194627491429084539e+07,-5.789680438816565275e+07
1.893007852243815796e+04,-4.762574362337975153e-01,5.132761892787173208e-01,-7.165021994694079459e+07,-5.821899949202512950e+07
1.893572423628320394e+04,-4.789538285394642214e-01,5.110716666959408405e-01,-7.135282121898391843e+07,-5.853946977589094639e+07
1.894136995012824991e+04,-4.816389040365455787e-01,5.088550818843150525e-01,-7.105408617161896825e+07,-5.885821012468198687e+07
1.894701566397329589e+04,-4.843126150979061295e-01,5.066265042232244165e-01,-7.075402230961078405e+07,-5.917521549474235624e+07
1.895266137781833822e+04,-4.869749144340286828e-01,5.043860031044022918e-01,-7.045263720129054785e+07,-5.949048091384121776e+07
1.895830709166338420e+04,-4.896257550930214753e-01,5.021336479319252755e-01,-7.014993847855494916e+07,-5.980400148117357492e+07
1.896395280550843017e+04,-4.922650904606074573e-01,4.998695081222216952e-01,-6.984593383686739206e+07,-6.011577236735906452e+07
1.896959851935347615e+04,-4.948928742601315101e-01,4.975936531040660027e-01,-6.954063103525719047e+07,-6.042578881444273889e+07
1.897524423319852212e+04,-4.975090605525586684e-01,4.953061523185797177e-01,-6.923403789631979167e+07,-6.073404613589493185e+07
1.898088994704356810e+04,-5.001136037364739551e-01,4.930070752192323713e-01,-6.892616230621670187e+07,-6.104053971661118418e+07
1.898653566088861407e+04,-5.027064585480826020e-01,4.906964912718404515e-01,-6.861701221467560530e+07,-6.134526501291227341e+07
1.899218137473366005e+04,-5.052875800612097734e-01,4.883744699545680690e-01,-6.830659563499024510e+07,-6.164821755254423618e+07
1.899782708857870603e+04,-5.078569236873008430e-01,4.860410807579270132e-01,-6.799492064402054250e+07,-6.194939293467833102e+07
1.900347280242375200e+04,-5.104144451754214495e-01,4.836963931847759746e-01,-6.768199538219249249e+07,-6.224878682991106063e+07
1.900911851626879798e+04,-5.129601006122568307e-01,4.813404767503218218e-01,-6.736782805349816382e+07,-6.254639498026416451e+07
1.901476423011384395e+04,-5.154938464221129335e-01,4.789734009821182692e-01,-6.705242692549584061e+07,-6.284221319918461889e+07
1.902040994395888629e+04,-5.180156393669137493e-01,4.765952354200683194e-01,-6.673580032931003720e+07,-6.313623737154445797e+07
1.902605565780393226e+04,-5.205254365462085309e-01,4.742060496164177130e-01,-6.641795665963079780e+07,-6.342846345364150405e+07
1.903170137164897824e+04,-5.230231953971613557e-01,4.718059131357641989e-01,-6.609890437471491098e+07,-6.371888747319826484e+07
1.903734708549402421e+04,-5.255088736945584538e-01,4.693948955550517055e-01,-6.577865199638504535e+07,-6.400750552936267108e+07
1.904299279933907019e+04,-5.279824295508059873e-01,4.669730664635712292e-01,-6.545720811003000289e+07,-6.429431379270789027e+07
1.904863851318411616e+04,-5.304438214159301612e-01,4.645404954629614447e-01,-6.513458136460469663e+07,-6.457930850523234159e+07
1.905428422702916214e+04,-5.328930080775774458e-01,4.620972521672085387e-01,-6.481078047263014317e+07,-6.486248598035964370e+07
1.905992994087420811e+04,-5.353299486610139102e-01,4.596434062026459322e-01,-6.448581421019348502e+07,-6.514384260293870419e+07
1.906557565471925409e+04,-5.377546026291265546e-01,4.571790272079547801e-01,-6.415969141694798321e+07,-6.542337482924363017e+07
1.907122136856430006e+04,-5.401669297824217564e-01,4.547041848341633608e-01,-6.383242099611298740e+07,-6.570107918697379529e+07
1.907686708240934604e+04,-5.425668902590263798e-01,4.522189487446476863e-01,-6.350401191447399557e+07,-6.597695227525378019e+07
1.908251279625439201e+04,-5.449544445346872212e-01,4.497233886151310589e-01,-6.317447320238257945e+07,-6.625099076463343203e+07
1.908815851009943435e+04,-5.473295534227696768e-01,4.472175741336858468e-01,-6.284381395375667512e+07,-6.652319139708764851e+07
1.909380422394448033e+04,-5.496921780742637376e-01,4.447015750007272117e-01,-6.251204332607968152e+07,-6.679355098601707816e+07
1.909944993778952630e+04,-5.520422799777752187e-01,4.421754609290222127e-01,-6.217917054040174186e+07,-6.706206641624712199e+07
1.910509565163457228e+04,-5.543798209595311999e-01,4.396393016436841994e-01,-6.184520488133890182e+07,-6.732873464402854443e+07
1.911074136547961825e+04,-5.567047631833791366e-01,4.370931668821737559e-01,-6.151015569707332551e+07,-6.759355269703739882e+07
1.911638707932466423e+04,-5.590170691507864165e-01,4.345371263942988671e-01,-6.117403239935329556e+07,-6.785651767437492311e+07
1.912203279316971020e+04,-5.613167017008404702e-01,4.319712499422150853e-01,-6.083684446349319816e+07,-6.811762674656763673e+07
1.912767850701475618e+04,-5.636036240102489936e-01,4.293956073004253637e-01,-6.049860142837354541e+07,-6.837687715556727350e+07
1.913332422085980215e+04,-5.658777995933397253e-01,4.268102682557799454e-01,-6.015931289644094557e+07,-6.863426621475081146e+07
1.913896993470484813e+04,-5.681391923020604473e-01,4.242153026074769739e-01,-5.981898853370814025e+07,-6.888979130892047286e+07
1.914461564854989410e+04,-5.703877663259790953e-01,4.216107801670614941e-01,-5.947763806975397468e+07,-6.914344989430370927e+07
1.915026136239494008e+04,-5.726234861922837593e-01,4.189967707584263956e-01,-5.913527129772341251e+07,-6.939523949855321646e+07
1.915590707623998242e+04,-5.748463167657810180e-01,4.163733442178135791e-01,-5.879189807432775199e+07,-6.964515772074677050e+07
1.916155279008502839e+04,-5.770562232489020449e-01,4.137405703938072388e-01,-5.844752831984372437e+07,-6.989320223138785362e+07
1.916719850393007437e+04,-5.792531711816936157e-01,4.110985191473441880e-01,-5.810217201811486483e+07,-7.013937077240473032e+07
1.917284421777512034e+04,-5.814371264418244367e-01,4.084472603517069755e-01,-5.775583921655060351e+07,-7.038366115715102851e+07
1.917848993162016632e+04,-5.836080552445824798e-01,4.057868638925257176e-01,-5.740854002612644434e+07,-7.062607127040565014e+07
1.918413564546521229e+04,-5.857659241428768704e-01,4.031173996677777094e-01,-5.706028462138404697e+07,-7.086659906837269664e+07
1.918978135931025827e+04,-5.879107000272361105e-01,4.004389375877880908e-01,-5.671108324043116719e+07,-7.110524257868154347e+07
1.919542707315530424e+04,-5.900423501258089676e-01,3.977515475752290142e-01,-5.636094618494166434e+07,-7.134199990038679540e+07
1.920107278700035022e+04,-5.921608420043643628e-01,3.950552995651202548e-01,-5.600988382015554607e+07,-7.157686920396827161e+07
1.920671850084539619e+04,-5.942661435662913716e-01,3.923502635048292664e-01,-5.565790657487891614e+07,-7.180984873133105040e+07
1.921236421469044217e+04,-5.963582230525991124e-01,3.896365093540706814e-01,-5.530502494148395956e+07,-7.204093679580546916e+07
1.921800992853548814e+04,-5.984370490419165245e-01,3.869141070849065889e-01,-5.495124947590903193e+07,-7.227013178214706481e+07
1.922365564238053412e+04,-6.005025904504932566e-01,3.841831266817466450e-01,-5.459659079765855521e+07,-7.249743214653660357e+07
1.922930135622557646e+04,-6.025548165321972238e-01,3.814436381413498500e-01,-5.424105958980333805e+07,-7.272283641658002138e+07
1.923494707007062243e+04,-6.045936968785206034e-01,3.786957114728168872e-01,-5.388466659897956252e+07,-7.294634319130882621e+07
1.924059278391566841e+04,-6.066192014185716186e-01,3.759394166976016693e-01,-5.352742263539026678e+07,-7.316795114117939770e+07
1.924623849776071438e+04,-6.086313004190799791e-01,3.731748238495036230e-01,-5.316933857280433178e+07,-7.338765900807347894e+07
1.925188421160576036e+04,-6.106299644843955488e-01,3.704020029746695197e-01,-5.281042534855677187e+07,-7.360546560529805720e+07
1.925752992545080633e+04,-6.126151645564880122e-01,3.676210241315938099e-01,-5.245069396354871988e+07,-7.382136981758531928e+07
1.926317563929585231e+04,-6.145868719149475412e-01,3.648319573911180669e-01,-5.209015548224741220e+07,-7.403537060109277070e+07
1.926882135314089828e+04,-6.165450581769841287e-01,3.620348728364317648e-01,-5.172882103268620372e+07,-7.424746698340307176e+07
1.927446706698594426e+04,-6.184896952974280326e-01,3.592298405630713343e-01,-5.136670180646455288e+07,-7.445765806352417171e+07
1.928011278083099023e+04,-6.204207555687296649e-01,3.564169306789210512e-01,-5.100380905874805897e+07,-7.466594301188923419e+07
1.928575849467603621e+04,-6.223382116209590365e-01,3.535962133042124256e-01,-5.064015410826840252e+07,-7.487232107035666704e+07
1.929140420852108218e+04,-6.242420364218069784e-01,3.507677585715244239e-01,-5.027574833732338250e+07,-7.507679155221013725e+07
1.929704992236612452e+04,-6.261322032765825885e-01,3.479316366257855231e-01,-4.991060319177718461e+07,-7.527935384215837717e+07
1.930269563621117049e+04,-6.280086858282191153e-01,3.450879176242658275e-01,-4.954473018105936050e+07,-7.548000739633578062e+07
1.930834135005621647e+04,-6.298714580572660759e-01,3.422366717365886157e-01,-4.917814087816628814e+07,-7.567875174230158329e+07
1.931398706390126245e+04,-6.317204942818944735e-01,3.393779691447226798e-01,-4.881084691966024041e+07,-7.587558647904038429e+07
1.931963277774630842e+04,-6.335557691578950212e-01,3.365118800429842683e-01,-4.844286000566959381e+07,-7.607051127696202695e+07
1.932527849159135440e+04,-6.353772576786791415e-01,3.336384746380371968e-01,-4.807419189988885820e+07,-7.626352587790158391e+07
1.933092420543640037e+04,-6.371849351752777446e-01,3.307578231488925713e-01,-4.770485442957860976e+07,-7.645463009511935711e+07
1.933656991928144635e+04,-6.389787773163418949e-01,3.278699958069090648e-01,-4.733485948556558788e+07,-7.664382381330093741e+07
1.934221563312649232e+04,-6.407587601081433659e-01,3.249750628557926957e-01,-4.696421902224262804e+07,-7.683110698855707049e+07
1.934786134697153830e+04,-6.425248598945736411e-01,3.220730945515971055e-01,-4.659294505756866932e+07,-7.701647964842382073e+07
1.935350706081658427e+04,-6.442770533571439140e-01,3.191641611627231701e-01,-4.622104967306877673e+07,-7.719994189186242223e+07
1.935915277466163025e+04,-6.460153175149859761e-01,3.162483329699193324e-01,-4.584854501383411884e+07,-7.738149388925942779e+07
1.936479848850667258e+04,-6.477396297248505519e-01,3.133256802662833795e-01,-4.547544328852225095e+07,-7.756113588242642581e+07
1.937044420235171856e+04,-6.494499676811118505e-01,3.103962733572548371e-01,-4.510175676935607195e+07,-7.773886818460065126e+07
1.937608991619676453e+04,-6.511463094157603493e-01,3.074601825606265160e-01,-4.472749779212535173e+07,-7.791469118044419587e+07
1.938173563004181051e+04,-6.528286332984084561e-01,3.045174782065364627e-01,-4.435267875618571788e+07,-7.808860532604452968e+07
1.938738134388685648e+04,-6.544969180362880667e-01,3.015682306374705135e-01,-4.397731212445890903e+07,-7.826061114891433716e+07
1.939302705773190246e+04,-6.561511426742516750e-01,2.986125102082616833e-01,-4.360141042343280464e+07,-7.843070924799156189e+07
1.939867277157694843e+04,-6.577912865947714849e-01,2.956503872860906657e-01,-4.322498624316135049e+07,-7.859890029363939166e+07
1.940431848542199441e+04,-6.594173295179398542e-01,2.926819322504853882e-01,-4.284805223726466298e+07,-7.876518502764619887e+07
1.940996419926704039e+04,-6.610292515014695169e-01,2.897072154933214572e-01,-4.247062112292892486e+07,-7.892956426322567463e+07
1.941560991311208636e+04,-6.626270329406929172e-01,2.867263074188216021e-01,-4.209270568090645224e+07,-7.909203888501667976e+07
1.942125562695713234e+04,-6.642106545685629859e-01,2.837392784435565085e-01,-4.171431875551568717e+07,-7.925260984908336401e+07
1.942690134080217831e+04,-6.657800974556523643e-01,2.807461989964438187e-01,-4.133547325464116782e+07,-7.941127818291506171e+07
1.943254705464722065e+04,-6.673353430101531814e-01,2.777471395187507408e-01,-4.095618214973377436e+07,-7.956804498542629182e+07
1.943819276849226662e+04,-6.688763729778803846e-01,2.747421704640863882e-01,-4.057645847580982000e+07,-7.972291142695708573e+07
1.944383848233731260e+04,-6.704031694422660781e-01,2.717313622984126043e-01,-4.019631533145242184e+07,-7.987587874927243590e+07
1.944948419618235857e+04,-6.719157148243636302e-01,2.687147855000371344e-01,-3.981576587881056964e+07,-8.002694826556266844e+07
1.945512991002740455e+04,-6.734139918828462301e-01,2.656925105596151249e-01,-3.943482334359937906e+07,-8.017612136044330895e+07
1.946077562387245052e+04,-6.748979837140074434e-01,2.626646079801490674e-01,-3.905350101510010660e+07,-8.032339948995515704e+07
1.946642133771749650e+04,-6.763676737517604343e-01,2.596311482769890211e-01,-3.867181224616003782e+07,-8.046878418156427145e+07
1.947206705156254247e+04,-6.778230457676392984e-01,2.565922019778322793e-01,-3.828977045319268107e+07,-8.061227703416189551e+07
1.947771276540758845e+04,-6.792640838707976192e-01,2.535478396227238140e-01,-3.790738911617756635e+07,-8.075387971806454659e+07
1.948335847925263442e+04,-6.806907725080090232e-01,2.504981317640560534e-01,-3.752468177866040170e+07,-8.089359397501394153e+07
1.948900419309768040e+04,-6.821030964636677352e-01,2.474431489665687156e-01,-3.714166204775295407e+07,-8.103142161817711592e+07
1.949464990694272637e+04,-6.835010408597874676e-01,2.443829618073491416e-01,-3.675834359413316846e+07,-8.116736453214626014e+07
1.950029562078777235e+04,-6.848845911560024202e-01,2.413176408758319069e-01,-3.637474015204505622e+07,-8.130142467293882370e+07
1.950594133463281469e+04,-6.862537331495660586e-01,2.382472567738011804e-01,-3.599086551929899305e+07,-8.143360406799745560e+07
1.951158704847786066e+04,-6.876084529753544450e-01,2.351718801153826477e-01,-3.560673355727073550e+07,-8.156390481619022787e+07
1.951723276232290664e+04,-6.889487371058610199e-01,2.320915815270553906e-01,-3.522235819090290368e+07,-8.169232908781026304e+07
1.952287847616795261e+04,-6.902745723512002662e-01,2.290064316476437822e-01,-3.483775340870398283e+07,-8.181887912457594275e+07
1.952852419001299859e+04,-6.915859458591069320e-01,2.259165011283197633e-01,-3.445293326274856925e+07,-8.194355723963093758e+07
1.953416990385804456e+04,-6.928828451149355860e-01,2.228218606326027862e-01,-3.406791186867734790e+07,-8.206636581754413247e+07
1.953981561770309054e+04,-6.941652579416611735e-01,2.197225808363598432e-01,-3.368270340569715202e+07,-8.218730731430965662e+07
1.954546133154813651e+04,-6.954331724998785713e-01,2.166187324278050219e-01,-3.329732211658092588e+07,-8.230638425734686852e+07
1.955110704539318249e+04,-6.966865772878025886e-01,2.135103861075001996e-01,-3.291178230766772479e+07,-8.242359924550037086e+07
1.955675275923822846e+04,-6.979254611412685216e-01,2.103976125883545989e-01,-3.252609834886268526e+07,-8.253895494904002547e+07
1.956239847308327444e+04,-6.991498132337314875e-01,2.072804825956248709e-01,-3.214028467363709956e+07,-8.265245410966087878e+07
1.956804418692832041e+04,-7.003596230762668684e-01,2.041590668669150399e-01,-3.175435577902837098e+07,-8.276409954048328102e+07
1.957368990077336275e+04,-7.015548805175692015e-01,2.010334361521786684e-01,-3.136832622564022988e+07,-8.287389412605270743e+07
1.957933561461840873e+04,-7.027355757439555095e-01,1.979036612137108631e-01,-3.098221063764181733e+07,-8.298184082234008610e+07
1.958498132846345470e+04,-7.039016992793608596e-01,1.947698128261600714e-01,-3.059602370276910812e+07,-8.308794265674139559e+07
1.959062704230850068e+04,-7.050532419853405841e-01,1.916319617765202266e-01,-3.020978017232394218e+07,-8.319220272807787359e+07
1.959627275615354665e+04,-7.061901950610706136e-01,1.884901788641324405e-01,-2.982349486117427796e+07,-8.329462420659607649e+07
1.960191846999859263e+04,-7.073125500433470325e-01,1.853445349006858922e-01,-2.943718264775421470e+07,-8.339521033396771550e+07
1.960756418384363860e+04,-7.084202988065854134e-01,1.821951007102166065e-01,-2.905085847406391799e+07,-8.349396442328979075e+07
1.961320989768868458e+04,-7.095134335628221489e-01,1.790419471291083697e-01,-2.866453734566969424e+07,-8.359088985908451676e+07
1.961885561153373055e+04,-7.105919468617134527e-01,1.758851450060923971e-01,-2.827823433170395344e+07,-8.368599009729936719e+07
1.962450132537877653e+04,-7.116558315905353593e-01,1.727247652022473046e-01,-2.789196456486525387e+07,-8.377926866530704498e+07
1.963014703922382250e+04,-7.127050809741845017e-01,1.695608785909990257e-01,-2.750574324141821265e+07,-8.387072916190546751e+07
1.963579275306886848e+04,-7.137396885751772224e-01,1.663935560581211448e-01,-2.711958562119359523e+07,-8.396037525731782615e+07
1.964143846691391082e+04,-7.147596482936495743e-01,1.632228685017366454e-01,-2.673350702758852392e+07,-8.404821069319248199e+07
1.964708418075895679e+04,-7.157649543673593184e-01,1.600488868323099168e-01,-2.634752284756548703e+07,-8.413423928260317445e+07
1.965272989460400277e+04,-7.167556013716825936e-01,1.568716819726590495e-01,-2.596164853165383637e+07,-8.421846491004878283e+07
1.965837560844904874e+04,-7.177315842196165807e-01,1.536913248579469538e-01,-2.557589959394877404e+07,-8.430089153145340085e+07
1.966402132229409472e+04,-7.186928981617779488e-01,1.505078864356846347e-01,-2.519029161211164296e+07,-8.438152317416641116e+07
1.966966703613914069e+04,-7.196395387864038540e-01,1.473214376657304425e-01,-2.480484022736988217e+07,-8.446036393696242571e+07
1.967531274998418667e+04,-7.205715020193513842e-01,1.441320495202898233e-01,-2.441956114451704174e+07,-8.453741799004124105e+07
1.968095846382923264e+04,-7.214887841240981148e-01,1.409397929839160124e-01,-2.403447013191279024e+07,-8.461268957502801716e+07
1.968660417767427862e+04,-7.223913817017408867e-01,1.377447390535095628e-01,-2.364958302148291469e+07,-8.468618300497300923e+07
1.969224989151932459e+04,-7.232792916909976944e-01,1.345469587383184007e-01,-2.326491570871932060e+07,-8.475790266435179114e+07
1.969789560536437057e+04,-7.241525113682056869e-01,1.313465230599382971e-01,-2.288048415267999470e+07,-8.482785300906518102e+07
1.970354131920941654e+04,-7.250110383473228337e-01,1.281435030523116192e-01,-2.249630437598908693e+07,-8.489603856643918157e+07
1.970918703305445888e+04,-7.258548705799260370e-01,1.249379697617314100e-01,-2.211239246483707428e+07,-8.496246393522505462e+07
1.971483274689950485e+04,-7.266840063552144624e-01,1.217299942468311746e-01,-2.172876456897982955e+07,-8.502713378559938073e+07
1.972047846074455083e+04,-7.274984443000055423e-01,1.185196475785980641e-01,-2.134543690174003690e+07,-8.509005285916385055e+07
1.972612417458959681e+04,-7.282981833787370851e-01,1.153070008403650620e-01,-2.096242574000629783e+07,-8.515122596894547343e+07
1.973176988843464278e+04,-7.290832228934676085e-01,1.120921251278122477e-01,-2.057974742423330247e+07,-8.521065799939645827e+07
1.973741560227968876e+04,-7.298535624838751179e-01,1.088750915489672122e-01,-2.019741835844188929e+07,-8.526835390639428794e+07
1.974306131612473473e+04,-7.306092021272579951e-01,1.056559712242050031e-01,-1.981545501021891087e+07,-8.532431871724164486e+07
1.974870702996978071e+04,-7.313501421385345536e-01,1.024348352862481520e-01,-1.943387391071746498e+07,-8.537855753066647053e+07
1.975435274381482668e+04,-7.320763996669445994e-01,9.921174624423866051e-02,-1.905267189833704010e+07,-8.543107740064276755e+07
1.975999845765987266e+04,-7.327881196110717088e-01,9.598670026420284829e-02,-1.867169309083326906e+07,-8.548189836110210419e+07
1.976564417150491863e+04,-7.334853444662623456e-01,9.275974779297334327e-02,-1.829090420874594152e+07,-8.553102579853673279e+07
1.977128988534996461e+04,-7.341680853150153174e-01,8.953095568846555774e-02,-1.791030973859272525e+07,-8.557846125930997729e+07
1.977693559919500694e+04,-7.348363533777494405e-01,8.630039063681814449e-02,-1.752991417277730629e+07,-8.562420632939350605e+07
1.978258131304005292e+04,-7.354901600128037620e-01,8.306811915238468402e-02,-1.714972200958839059e+07,-8.566826263436748087e+07
1.978822702688509889e+04,-7.361295167164365605e-01,7.983420757774613297e-02,-1.676973775320118293e+07,-8.571063183942036331e+07
1.979387274073014487e+04,-7.367544351228257904e-01,7.659872208370249735e-02,-1.638996591367639974e+07,-8.575131564934900403e+07
1.979951845457519084e+04,-7.373649270040694148e-01,7.336172866927498371e-02,-1.601041100696052983e+07,-8.579031580855868757e+07
1.980516416842023682e+04,-7.379610042701849615e-01,7.012329316170591575e-02,-1.563107755488581397e+07,-8.582763410106305778e+07
1.981080988226528279e+04,-7.385426789691098559e-01,6.688348121645876221e-02,-1.525197008517025597e+07,-8.586327235048416257e+07
1.981645559611032877e+04,-7.391099632867011993e-01,6.364235831721817838e-02,-1.487309313141762465e+07,-8.589723242005243897e+07
1.982210130995537475e+04,-7.396628695467359904e-01,6.039998977588993678e-02,-1.449445123311745375e+07,-8.592951621260672808e+07
1.982774702380042072e+04,-7.402014102109107929e-01,5.715644073260094105e-02,-1.411604893564502895e+07,-8.596012567059423029e+07
1.983339273764546670e+04,-7.407255978788419570e-01,5.391177615569930914e-02,-1.373789079026140273e+07,-8.598906277607055008e+07
1.983903845149051267e+04,-7.412354452880656197e-01,5.066606084175426239e-02,-1.335998135411339253e+07,-8.601632955069969594e+07
1.984468416533555865e+04,-7.417309653140377046e-01,4.741935941555618095e-02,-1.298232519023357145e+07,-8.604192805575405061e+07
1.985032987918060098e+04,-7.422121709701335890e-01,4.417173633011869244e-02,-1.260492686754052155e+07,-8.606586039211437106e+07
1.985597559302564696e+04,-7.426790754076491030e-01,4.092325586667030363e-02,-1.222779096083785966e+07,-8.608812870026987791e+07
1.986162130687069293e+04,-7.431316919157991974e-01,3.767398213466691126e-02,-1.185092205081567913e+07,-8.610873516031810641e+07
1.986726702071573891e+04,-7.435700339217188315e-01,3.442397907178354477e-02,-1.147432472404961661e+07,-8.612768199196499586e+07
1.987291273456078488e+04,-7.439941149904624185e-01,3.117331044391628142e-02,-1.109800357300104573e+07,-8.614497145452490449e+07
1.987855844840583086e+04,-7.444039488250046022e-01,2.792203984518247528e-02,-1.072196319601712190e+07,-8.616060584692054987e+07
1.988420416225087683e+04,-7.447995492662393691e-01,2.467023069792051437e-02,-1.034620819733074307e+07,-8.617458750768305361e+07
1.988984987609592281e+04,-7.451809302929808254e-01,2.141794625269002536e-02,-9.970743187060587108e+06,-8.618691881495194137e+07
1.989549558994096878e+04,-7.455481060219623091e-01,1.816524958827169314e-02,-9.595572781211081892e+06,-8.619760218647509813e+07
1.990114130378601476e+04,-7.459010907078373886e-01,1.491220361166744994e-02,-9.220701601672422141e+06,-8.620664007960884273e+07
1.990678701763106073e+04,-7.462398987431790864e-01,1.165887105810030182e-02,-8.846134276220563799e+06,-8.621403499131782353e+07
1.991243273147610671e+04,-7.465645446584805445e-01,8.405314491014467468e-03,-8.471875438517218456e+06,-8.621978945817513764e+07
1.991807844532114905e+04,-7.468750431221540254e-01,5.151596302077374873e-03,-8.097929728110108525e+06,-8.622390605636224151e+07
1.992372415916619502e+04,-7.471714089405324666e-01,1.897778711171277605e-03,-7.724301790431989357e+06,-8.622638740166899562e+07
1.992936987301124100e+04,-7.474536570578677042e-01,-1.356076233593996906e-03,-7.350996276802107692e+06,-8.622723614949364960e+07
1.993501558685628697e+04,-7.477218025563316939e-01,-4.609906655889743111e-03,-6.978017844425223768e+06,-8.622645499484282732e+07
1.994066130070133295e+04,-7.479758606560159562e-01,-7.863650851166005540e-03,-6.605371156391864643e+06,-8.622404667233155668e+07
1.994630701454637892e+04,-7.482158467149321313e-01,-1.111724728665166965e-02,-6.233060881678316742e+06,-8.622001395618326962e+07
1.995195272839142490e+04,-7.484417762290112019e-01,-1.437063460135447161e-02,-5.861091695146625862e+06,-8.621435966022975743e+07
1.995759844223647087e+04,-7.486536648321042708e-01,-1.762375160606109020e-02,-5.489468277544606477e+06,-8.620708663791121542e+07
1.996324415608151685e+04,-7.488515282959817831e-01,-2.087653728333692393e-02,-5.118195315505824983e+06,-8.619819778227622807e+07
1.996888986992656282e+04,-7.490353825303341928e-01,-2.412893078752632522e-02,-4.747277501549620181e+06,-8.618769602598179877e+07
1.997453558377160880e+04,-7.492052435827717405e-01,-2.738087144475238183e-02,-4.376719534081084654e+06,-8.617558434129327536e+07
1.998018129761665477e+04,-7.493611276388242315e-01,-3.063229875291714754e-02,-4.006526117391075939e+06,-8.616186574008442461e+07
1.998582701146169711e+04,-7.495030510219414799e-01,-3.388315238169940097e-02,-3.636701961656451225e+06,-8.614654327383740246e+07
1.999147272530674309e+04,-7.496310301934928644e-01,-3.713337217256301032e-02,-3.267251782939111814e+06,-8.612962003364273906e+07
1.999711843915178906e+04,-7.497450817527676614e-01,-4.038289813874441220e-02,-2.898180303187444806e+06,-8.611109915019935369e+07
2.000276415299683504e+04,-7.498452224369744901e-01,-4.363167046526105625e-02,-2.529492250235345215e+06,-8.609098379381459951e+07
2.000840986684188101e+04,-7.499314691212422002e-01,-4.687962950890918468e-02,-2.161192357802480459e+06,-8.606927717440415919e+07
2.001405558068692699e+04,-7.500038388186192062e-01,-5.012671579826388085e-02,-1.793285365494281054e+06,-8.604598254149213433e+07
2.001970129453197296e+04,-7.500623486800735984e-01,-5.337287003367913868e-02,-1.425776018801946193e+06,-8.602110318421104550e+07
2.002534700837701894e+04,-7.501070159944934757e-01,-5.661803308728771689e-02,-1.058669069102402776e+06,-8.599464243130175769e+07
2.003099272222206491e+04,-7.501378581886863905e-01,-5.986214600300123617e-02,-6.919692736583799124e+05,-8.596660365111353993e+07
2.003663843606711089e+04,-7.501548928273797934e-01,-6.310514999651031798e-02,-3.256813956183493137e+05,-8.593699025160406530e+07
2.004228414991215686e+04,-7.501581376132209211e-01,-6.634698645528418204e-02,4.018979598345980048e+04,-8.590580568033938110e+07
2.004792986375720284e+04,-7.501476103867765755e-01,-6.958759693857111128e-02,4.056395262270420790e+05,-8.587305342449393868e+07
2.005357557760224518e+04,-7.501233291265335668e-01,-7.282692317739607180e-02,7.706630143064074218e+05,-8.583873701085059345e+07
2.005922129144729115e+04,-7.500853119488982701e-01,-7.606490707456907419e-02,1.135255473530504853e+06,-8.580286000580051541e+07
2.006486700529233713e+04,-7.500335771081968472e-01,-7.930149070467280847e-02,1.499412111321810633e+06,-8.576542601534336805e+07
2.007051271913738310e+04,-7.499681429966752466e-01,-8.253661631407090138e-02,1.863128129217293113e+06,-8.572643868508712947e+07
2.007615843298242908e+04,-7.498890281444990924e-01,-8.577022632090580689e-02,2.226398722868140787e+06,-8.568590170024822652e+07
2.008180414682747505e+04,-7.497962512197540175e-01,-8.900226331509880628e-02,2.589219082039780915e+06,-8.564381878565141559e+07
2.008744986067252103e+04,-7.496898310284449973e-01,-9.223267005834992482e-02,2.951584390611883253e+06,-8.560019370572990179e+07
2.009309557451756700e+04,-7.495697865144970162e-01,-9.546138948413838976e-02,3.313489826578363776e+06,-8.555503026452523470e+07
2.009874128836261298e+04,-7.494361367597549561e-01,-9.868836469772188091e-02,3.674930562047369778e+06,-8.550833230568738282e+07
2.010438700220765895e+04,-7.492889009839830416e-01,-1.019135389761371413e-01,4.035901763241283596e+06,-8.546010371247468889e+07
2.011003271605270493e+04,-7.491280985448655061e-01,-1.051368557681997551e-01,4.396398590496730059e+06,-8.541034840775389969e+07
2.011567842989775090e+04,-7.489537489380063695e-01,-1.083582586945040782e-01,4.756416198264569044e+06,-8.535907035400015116e+07
2.012132414374279688e+04,-7.487658717969291056e-01,-1.115776915474233771e-01,5.115949735109902918e+06,-8.530627355329693854e+07
2.012696985758783921e+04,-7.485644868930776408e-01,-1.147950982911076223e-01,5.474994343711826950e+06,-8.525196204733623564e+07
2.013261557143288519e+04,-7.483496141358148002e-01,-1.180104230614919675e-01,5.833545160864409059e+06,-8.519613991741827130e+07
2.013826128527793117e+04,-7.481212735724235285e-01,-1.212236101662840793e-01,6.191597317475210875e+06,-8.513881128445175290e+07
2.014390699912297714e+04,-7.478794853881065574e-01,-1.244346040849726720e-01,6.549145938566289842e+06,-8.507998030895377696e+07
2.014955271296802312e+04,-7.476242699059864050e-01,-1.276433494688251624e-01,6.906186143273942173e+06,-8.501965119104979932e+07
2.015519842681306909e+04,-7.473556475871052651e-01,-1.308497911408878778e-01,7.262713044848691672e+06,-8.495782817047372460e+07
2.016084414065811507e+04,-7.470736390304250074e-01,-1.340538740959860975e-01,7.618721750655315816e+06,-8.489451552656775713e+07
2.016648985450316104e+04,-7.467782649728273991e-01,-1.372555435007238589e-01,7.974207362172804773e+06,-8.482971757828257978e+07
2.017213556834820702e+04,-7.464695462891139943e-01,-1.404547446934839294e-01,8.329164974994421005e+06,-8.476343868417720497e+07
2.017778128219325299e+04,-7.461475039920059116e-01,-1.436514231844281397e-01,8.683589678827639669e+06,-8.469568324241906404e+07
2.018342699603829897e+04,-7.458121592321440563e-01,-1.468455246554971338e-01,9.037476557494193316e+06,-8.462645569078397751e+07
2.018907270988334494e+04,-7.454635332980892315e-01,-1.500369949604102859e-01,9.390820688930023462e+06,-8.455576050665614009e+07
2.019471842372838728e+04,-7.451016476163220270e-01,-1.532257801246637852e-01,9.743617145185116678e+06,-8.448360220702821016e+07
2.020036413757343325e+04,-7.447265237512423752e-01,-1.564118263455389901e-01,1.009586099242435023e+07,-8.440998534850107133e+07
2.020600985141847923e+04,-7.443381834051702173e-01,-1.595950799920897167e-01,1.044754729092617705e+07,-8.433491452728414536e+07
2.021165556526352520e+04,-7.439366484183455031e-01,-1.627754876051508981e-01,1.079867109508351237e+07,-8.425839437919521332e+07
2.021730127910857118e+04,-7.435219407689275251e-01,-1.659529958973361419e-01,1.114922745340351760e+07,-8.418042957966043055e+07
2.022294699295361715e+04,-7.430940825729956956e-01,-1.691275517530381189e-01,1.149921140850756317e+07,-8.410102484371432662e+07
2.022859270679866313e+04,-7.426530960845487694e-01,-1.722991022284280360e-01,1.184861799713128805e+07,-8.402018492599986494e+07
2.023423842064370911e+04,-7.421990036955055103e-01,-1.754675945514562185e-01,1.219744225012455508e+07,-8.393791462076835334e+07
2.023988413448875508e+04,-7.417318279357044686e-01,-1.786329761218518331e-01,1.254567919245147705e+07,-8.385421876187953353e+07
2.024552984833380106e+04,-7.412515914729039812e-01,-1.817951945111225820e-01,1.289332384319038317e+07,-8.376910222280150652e+07
2.025117556217884703e+04,-7.407583171127817279e-01,-1.849541974625554808e-01,1.324037121553385630e+07,-8.368256991661076248e+07
2.025682127602389301e+04,-7.402520277989357300e-01,-1.881099328912161361e-01,1.358681631678872555e+07,-8.359462679599221051e+07
2.026246698986893534e+04,-7.397327466128834628e-01,-1.912623488839468588e-01,1.393265414837582782e+07,-8.350527785323919356e+07
2.026811270371398132e+04,-7.392004967740617438e-01,-1.944113936993751846e-01,1.427787970583088696e+07,-8.341452812025325000e+07
2.027375841755902729e+04,-7.386553016398278437e-01,-1.975570157679012173e-01,1.462248797880323976e+07,-8.332238266854450107e+07
2.027940413140407327e+04,-7.380971847054585977e-01,-2.006991636917059285e-01,1.496647395105662197e+07,-8.322884660923142731e+07
2.028504984524911924e+04,-7.375261696041501835e-01,-2.038377862447492972e-01,1.530983260046909004e+07,-8.313392509304083884e+07
2.029069555909416522e+04,-7.369422801070191209e-01,-2.069728323727699493e-01,1.565255889903285354e+07,-8.303762331030799448e+07
2.029634127293921119e+04,-7.363455401231011610e-01,-2.101042511932856571e-01,1.599464781285442412e+07,-8.293994649097649753e+07
2.030198698678425717e+04,-7.357359736993522858e-01,-2.132319919955926180e-01,1.633609430215451866e+07,-8.284089990459838510e+07
2.030763270062930314e+04,-7.351136050206477091e-01,-2.163560042407663142e-01,1.667689332126809657e+07,-8.274048886033405364e+07
2.031327841447434912e+04,-7.344784584097829860e-01,-2.194762375616606531e-01,1.701703981864438206e+07,-8.263871870695228875e+07
2.031892412831939509e+04,-7.338305583274727928e-01,-2.225926417629088550e-01,1.735652873684678972e+07,-8.253559483283029497e+07
2.032456984216444107e+04,-7.331699293723520361e-01,-2.257051668209225370e-01,1.769535501255299151e+07,-8.243112266595365107e+07
2.033021555600948341e+04,-7.324965962809756315e-01,-2.288137628838905757e-01,1.803351357655473053e+07,-8.232530767391636968e+07
2.033586126985452938e+04,-7.318105839278170599e-01,-2.319183802717862120e-01,1.837099935375855118e+07,-8.221815536392068863e+07
2.034150698369957536e+04,-7.311119173252704773e-01,-2.350189694763561987e-01,1.870780726318465918e+07,-8.210967128277741373e+07
2.034715269754462133e+04,-7.304006216236498261e-01,-2.381154811611275457e-01,1.904393221796767414e+07,-8.199986101690569520e+07
2.035279841138966731e+04,-7.296767221111885027e-01,-2.412078661614062702e-01,1.937936912535647303e+07,-8.188873019233305752e+07
2.035844412523471328e+04,-7.289402442140398009e-01,-2.442960754842774529e-01,1.971411288671416044e+07,-8.177628447469542921e+07
2.036408983907975926e+04,-7.281912134962766903e-01,-2.473800603086048211e-01,2.004815839751808345e+07,-8.166252956923711300e+07
2.036973555292480523e+04,-7.274296556598920382e-01,-2.504597719850308879e-01,2.038150054735982418e+07,-8.154747122081080079e+07
2.037538126676985121e+04,-7.266555965447982768e-01,-2.535351620359773683e-01,2.071413421994520724e+07,-8.143111521387758851e+07
2.038102698061489718e+04,-7.258690621288276246e-01,-2.566061821556442912e-01,2.104605429309430718e+07,-8.131346737250697613e+07
2.038667269445994316e+04,-7.250700785277320870e-01,-2.596727842100109984e-01,2.137725563874138892e+07,-8.119453356037680805e+07
2.039231840830498913e+04,-7.242586719951834562e-01,-2.627349202368355341e-01,2.170773312293504179e+07,-8.107431968077336252e+07
2.039796412215003511e+04,-7.234348689227731999e-01,-2.657925424456547558e-01,2.203748160583800077e+07,-8.095283167659129202e+07
2.040360983599507745e+04,-7.225986958400130167e-01,-2.688456032177822808e-01,2.236649594172710180e+07,-8.083007553033371270e+07
2.040925554984012342e+04,-7.217501794143330596e-01,-2.718940551063168121e-01,2.269477097899398953e+07,-8.070605726411190629e+07
2.041490126368516940e+04,-7.208893464510846005e-01,-2.749378508361296491e-01,2.302230156014396995e+07,-8.058078293964576721e+07
2.042054697753021537e+04,-7.200162238935380321e-01,-2.779769433038732362e-01,2.334908252179676294e+07,-8.045425865826353431e+07
2.042619269137526135e+04,-7.191308388228835335e-01,-2.810112855779784979e-01,2.367510869468631595e+07,-8.032649056090177596e+07
2.043183840522030732e+04,-7.182332184582314039e-01,-2.840408308986555608e-01,2.400037490366088599e+07,-8.019748482810550928e+07
2.043748411906535330e+04,-7.173233901566110626e-01,-2.870655326778932537e-01,2.432487596768286824e+07,-8.006724768002812564e+07
2.044312983291039927e+04,-7.164013814129723823e-01,-2.900853444994589414e-01,2.464860669982896000e+07,-7.993578537643139064e+07
2.044877554675544525e+04,-7.154672198601843558e-01,-2.931002201188995238e-01,2.497156190729009360e+07,-7.980310421668547392e+07
2.045442126060049122e+04,-7.145209332690359849e-01,-2.961101134635402699e-01,2.529373639137142897e+07,-7.966921053976893425e+07
2.046006697444553720e+04,-7.135625495482361691e-01,-2.991149786324852067e-01,2.561512494749234617e+07,-7.953411072426871955e+07
2.046571268829058317e+04,-7.125920967444135945e-01,-3.021147698966176742e-01,2.593572236518650502e+07,-7.939781118838018179e+07
2.047135840213562551e+04,-7.116096030421169560e-01,-3.051094416985974944e-01,2.625552342810155451e+07,-7.926031838990710676e+07
2.047700411598067149e+04,-7.106150967638128479e-01,-3.080989486528692423e-01,2.657452291400003433e+07,-7.912163882626146078e+07
2.048264982982571746e+04,-7.096086063698899826e-01,-3.110832455456508105e-01,2.689271559475807101e+07,-7.898177903446382284e+07
2.048829554367076344e+04,-7.085901604586558600e-01,-3.140622873349405153e-01,2.721009623636626452e+07,-7.884074559114311635e+07
2.049394125751580941e+04,-7.075597877663375446e-01,-3.170360291505155970e-01,2.752665959892945737e+07,-7.869854511253662407e+07
2.049958697136085539e+04,-7.065175171670822207e-01,-3.200044262939323869e-01,2.784240043666670471e+07,-7.855518425449001789e+07
2.050523268520590136e+04,-7.054633776729566375e-01,-3.229674342385258634e-01,2.815731349791128933e+07,-7.841066971245737374e+07
2.051087839905094734e+04,-7.043973984339473304e-01,-3.259250086294098736e-01,2.847139352511078864e+07,-7.826500822150115669e+07
2.051652411289599331e+04,-7.033196087379605110e-01,-3.288771052834770225e-01,2.878463525482695550e+07,-7.811820655629222095e+07
2.052216982674103929e+04,-7.022300380108222884e-01,-3.318236801893991172e-01,2.909703341773582250e+07,-7.797027153110979497e+07
2.052781554058608526e+04,-7.011287158162785582e-01,-3.347646895076262785e-01,2.940858273862764984e+07,-7.782120999984154105e+07
2.053346125443113124e+04,-7.000156718559946700e-01,-3.377000895703879957e-01,2.971927793640693277e+07,-7.767102885598345101e+07
2.053910696827617357e+04,-6.988909359695566481e-01,-3.406298368816904065e-01,3.002911372409220040e+07,-7.751973503264005482e+07
2.054475268212121955e+04,-6.977545381344680830e-01,-3.435538881173242354e-01,3.033808480881681293e+07,-7.736733550252395868e+07
2.055039839596626553e+04,-6.966065084661545725e-01,-3.464722001248534133e-01,3.064618589182780683e+07,-7.721383727795645595e+07
2.055604410981131150e+04,-6.954468772179606129e-01,-3.493847299236226833e-01,3.095341166848661751e+07,-7.705924741086713970e+07
2.056168982365635748e+04,-6.942756747811504869e-01,-3.522914347047553241e-01,3.125975682826893032e+07,-7.690357299279397726e+07
2.056733553750140345e+04,-6.930929316849083754e-01,-3.551922718311539273e-01,3.156521605476467311e+07,-7.674682115488332510e+07
2.057298125134644943e+04,-6.918986785963378017e-01,-3.580871988374997317e-01,3.186978402567802370e+07,-7.658899906788994372e+07
2.057862696519149540e+04,-6.906929463204624087e-01,-3.609761734302525116e-01,3.217345541282735020e+07,-7.643011394217699766e+07
2.058427267903654138e+04,-6.894757658002256262e-01,-3.638591534876514655e-01,3.247622488214532286e+07,-7.627017302771601081e+07
2.058991839288158735e+04,-6.882471681164904487e-01,-3.667360970597142167e-01,3.277808709367882460e+07,-7.610918361408692598e+07
2.059556410672663333e+04,-6.870071844880396572e-01,-3.696069623682374239e-01,3.307903670158893615e+07,-7.594715303047803044e+07
2.060120982057167930e+04,-6.857558462715757086e-01,-3.724717078067964482e-01,3.337906835415105522e+07,-7.578408864568606019e+07
2.060685553441672164e+04,-6.844931849617218456e-01,-3.753302919407440208e-01,3.367817669375456125e+07,-7.561999786811622977e+07
2.061250124826176761e+04,-6.832192321910184329e-01,-3.781826735072166268e-01,3.397635635690365732e+07,-7.545488814578178525e+07
2.061814696210681359e+04,-6.819340197299280648e-01,-3.810288114151245131e-01,3.427360197421624511e+07,-7.528876696630473435e+07
2.062379267595185956e+04,-6.806375794868323448e-01,-3.838686647451586831e-01,3.456990817042461783e+07,-7.512164185691535473e+07
2.062943838979690554e+04,-6.793299435080326631e-01,-3.867021927497887868e-01,3.486526956437534094e+07,-7.495352038445228338e+07
2.063508410364195151e+04,-6.780111439777497528e-01,-3.895293548532633432e-01,3.515968076902918518e+07,-7.478441015536259115e+07
2.064072981748699749e+04,-6.766812132181247996e-01,-3.923501106516097958e-01,3.545313639146118611e+07,-7.461431881570172310e+07
2.064637553133204347e+04,-6.753401836892182208e-01,-3.951644199126342905e-01,3.574563103286059201e+07,-7.444325405113348365e+07
2.065202124517708944e+04,-6.739880879890103316e-01,-3.979722425759220084e-01,3.603715928853090107e+07,-7.427122358693014085e+07
2.065766695902213542e+04,-6.726249588534011226e-01,-4.007735387528369997e-01,3.632771574788986146e+07,-7.409823518797226250e+07
2.066331267286718139e+04,-6.712508291562104823e-01,-4.035682687265219060e-01,3.661729499446944892e+07,-7.392429665874889493e+07
2.066895838671222737e+04,-6.698657319091779749e-01,-4.063563929518984597e-01,3.690589160591586679e+07,-7.374941584335739911e+07
2.067460410055726970e+04,-6.684697002619638395e-01,-4.091378720556654303e-01,3.719350015398941189e+07,-7.357360062550368905e+07
2.068024981440231568e+04,-6.670627675021452152e-01,-4.119126668363055632e-01,3.748011520456510037e+07,-7.339685892850171030e+07
2.068589552824736165e+04,-6.656449670552220255e-01,-4.146807382640754214e-01,3.776573131763170660e+07,-7.321919871527414024e+07
2.069154124209240763e+04,-6.642163324846125372e-01,-4.174420474810119353e-01,3.805034304729239643e+07,-7.304062798835194111e+07
2.069718695593745360e+04,-6.627768974916553590e-01,-4.201965558009311263e-01,3.833394494176457822e+07,-7.286115478987446427e+07
2.070283266978249958e+04,-6.613266959156085534e-01,-4.229442247094278295e-01,3.861653154337989539e+07,-7.268078720158943534e+07
2.070847838362754555e+04,-6.598657617336497472e-01,-4.256850158638753601e-01,3.889809738858422637e+07,-7.249953334485298395e+07
2.071412409747259153e+04,-6.583941290608765762e-01,-4.284188910934264016e-01,3.917863700793768466e+07,-7.231740138062962890e+07
2.071976981131763750e+04,-6.569118321503064628e-01,-4.311458123990120628e-01,3.945814492611465603e+07,-7.213439950949227810e+07
2.072541552516268348e+04,-6.554189053928765052e-01,-4.338657419533427095e-01,3.973661566190370172e+07,-7.195053597162225842e+07
2.073106123900772945e+04,-6.539153833174433661e-01,-4.365786421009071328e-01,4.001404372820769250e+07,-7.176581904680921137e+07
2.073670695285277543e+04,-6.524013005907838281e-01,-4.392844753579731587e-01,4.029042363204366714e+07,-7.158025705445124209e+07
2.074235266669782141e+04,-6.508766920175940163e-01,-4.419832044125878712e-01,4.056574987454297394e+07,-7.139385835355482996e+07
2.074799838054286374e+04,-6.493415925404911748e-01,-4.446747921245746693e-01,4.084001695095097274e+07,-7.120663134273493290e+07
2.075364409438790972e+04,-6.477960372400090039e-01,-4.473592015255415388e-01,4.111321935062779486e+07,-7.101858446021458507e+07
2.075928980823295569e+04,-6.462400613346042100e-01,-4.500363958188700053e-01,4.138535155704731494e+07,-7.082972618382553756e+07
2.076493552207800167e+04,-6.446737001806520651e-01,-4.527063383797220730e-01,4.165640804779777676e+07,-7.064006503100782633e+07
2.077058123592304764e+04,-6.430969892724476278e-01,-4.553689927550390593e-01,4.192638329458170384e+07,-7.044960955880986154e+07
2.077622694976809362e+04,-6.415099642422057435e-01,-4.580243226635402065e-01,4.219527176321581006e+07,-7.025836836388847232e+07
2.078187266361313959e+04,-6.399126608600611554e-01,-4.606722919957245699e-01,4.246306791363110393e+07,-7.006635008250884712e+07
2.078751837745818557e+04,-6.383051267451904653e-01,-4.633128800803215097e-01,4.272978732165484875e+07,-6.987355141265390813e+07
2.079316409130323154e+04,-6.366874577348564657e-01,-4.659461289002949647e-01,4.299553170541682094e+07,-6.967991865183098614e+07
2.079880980514827752e+04,-6.350597010223266725e-01,-4.685720168205153024e-01,4.326031413066601008e+07,-6.948544614627726376e+07
2.080445551899332349e+04,-6.334218958818998990e-01,-4.711905119990532631e-01,4.352413333484925330e+07,-6.929013625648856163e+07
2.081010123283836947e+04,-6.317740815881399685e-01,-4.738015827296772065e-01,4.378698806310505420e+07,-6.909399136327853799e+07
2.081574694668341181e+04,-6.301162974158762697e-01,-4.764051974418507807e-01,4.404887706826338172e+07,-6.889701386777870357e+07
2.082139266052845778e+04,-6.284485826401996489e-01,-4.790013247007398611e-01,4.430979911084638536e+07,-6.869920619143803418e+07
2.082703837437350376e+04,-6.267709765364690710e-01,-4.815899332072026695e-01,4.456975295906738937e+07,-6.850057077602367103e+07
2.083268408821854973e+04,-6.250835183803069572e-01,-4.841709917977961575e-01,4.482873738883151114e+07,-6.830111008362041414e+07
2.083832980206359571e+04,-6.233862474476006277e-01,-4.867444694447746745e-01,4.508675118373554945e+07,-6.810082659663084149e+07
2.084397551590864168e+04,-6.216792030145019687e-01,-4.893103352560895791e-01,4.534379313506796211e+07,-6.789972281777536869e+07
2.084962122975368766e+04,-6.199624243574276550e-01,-4.918685584753896278e-01,4.559986204180886596e+07,-6.769780127009217441e+07
2.085526694359873363e+04,-6.182359507530589271e-01,-4.944191084820204751e-01,4.585495671063002944e+07,-6.749506449693721533e+07
2.086091265744377961e+04,-6.164998214783419250e-01,-4.969619547910254509e-01,4.610907595589489490e+07,-6.729151506198428571e+07
2.086655837128882558e+04,-6.147540758104874659e-01,-4.994970670531446166e-01,4.636221859965856373e+07,-6.708715554922495037e+07
2.087220408513387156e+04,-6.129987530269710438e-01,-5.020244150548156536e-01,4.661438347166778892e+07,-6.688198856296856701e+07
2.087784979897891753e+04,-6.112338924055327194e-01,-5.045439687181731969e-01,4.686556940936098248e+07,-6.667601672784227878e+07
2.088349551282395987e+04,-6.094595332241786734e-01,-5.070556981010475583e-01,4.711577525786806643e+07,-6.646924268879117817e+07
2.088914122666900585e+04,-6.076757147611763221e-01,-5.095595733969712215e-01,4.736499987001110613e+07,-6.626166911107774079e+07
2.089478694051405182e+04,-6.058824762950609788e-01,-5.120555649351686833e-01,4.761324210630333424e+07,-6.605329868028263003e+07
2.090043265435909780e+04,-6.040798571046317456e-01,-5.145436431805636701e-01,4.786050083494981378e+07,-6.584413410230418295e+07
2.090607836820414377e+04,-6.022678964689524017e-01,-5.170237787337768065e-01,4.810677493184726685e+07,-6.563417810335851461e+07
2.091172408204918975e+04,-6.004466336673515148e-01,-5.194959423311262814e-01,4.835206328058406711e+07,-6.542343342997954786e+07
2.091736979589423572e+04,-5.986161079794222184e-01,-5.219601048446272928e-01,4.859636477244025469e+07,-6.521190284901899099e+07
2.092301550973928170e+04,-5.967763586850223234e-01,-5.244162372819919371e-01,4.883967830638754368e+07,-6.499958914764636010e+07
2.092866122358432767e+04,-5.949274250642745399e-01,-5.268643107866300968e-01,4.908200278908927739e+07,-6.478649513334894180e+07
2.093430693742937365e+04,-5.930693463975661439e-01,-5.293042966376487746e-01,4.932333713490048796e+07,-6.457262363393183798e+07
2.093995265127441962e+04,-5.912021619655493110e-01,-5.317361662498515384e-01,4.956368026586786658e+07,-6.435797749751793593e+07
2.094559836511946560e+04,-5.893259110491405606e-01,-5.341598911737399646e-01,4.980303111172974110e+07,-6.414255959254790843e+07
2.095124407896450793e+04,-5.874406329295227547e-01,-5.365754430955107512e-01,5.004138860991597176e+07,-6.392637280778038502e+07
2.095688979280955391e+04,-5.855463668881396577e-01,-5.389827938370628235e-01,5.027875170554852486e+07,-6.370942005229134858e+07
2.096253550665459989e+04,-5.836431522067032640e-01,-5.413819153559876751e-01,5.051511935144057125e+07,-6.349170425547499955e+07
2.096818122049964586e+04,-5.817310281671892458e-01,-5.437727797455751411e-01,5.075049050809709728e+07,-6.327322836704319715e+07
2.097382693434469184e+04,-5.798100340518378415e-01,-5.461553592348125097e-01,5.098486414371474832e+07,-6.305399535702559352e+07
2.097947264818973781e+04,-5.778802091431540777e-01,-5.485296261883845226e-01,5.121823923418183625e+07,-6.283400821576964110e+07
2.098511836203478379e+04,-5.759415927239078803e-01,-5.508955531066727085e-01,5.145061476307831705e+07,-6.261326995394057035e+07
2.099076407587982976e+04,-5.739942240771334081e-01,-5.532531126257560494e-01,5.168198972167581320e+07,-6.239178360252141953e+07
2.099640978972487574e+04,-5.720381424861300523e-01,-5.556022775174109807e-01,5.191236310893762857e+07,-6.216955221281301230e+07
2.100205550356992171e+04,-5.700733872344615483e-01,-5.579430206891105026e-01,5.214173393151870370e+07,-6.194657885643397272e+07
2.100770121741496769e+04,-5.680999976059566414e-01,-5.602753151840252910e-01,5.237010120376563817e+07,-6.172286662532071769e+07
2.101334693126001366e+04,-5.661180128847085324e-01,-5.625991341810231416e-01,5.259746394771670550e+07,-6.149841863172744960e+07
2.101899264510505964e+04,-5.641274723550753212e-01,-5.649144509946691928e-01,5.282382119310183823e+07,-6.127323800822617859e+07
2.102463835895010197e+04,-5.621284153016808949e-01,-5.672212390752239264e-01,5.304917197734248638e+07,-6.104732790770684183e+07
2.103028407279514795e+04,-5.601208810094101542e-01,-5.695194720086499407e-01,5.327351534555217624e+07,-6.082069150337675214e+07
2.103592978664019392e+04,-5.581049087634165629e-01,-5.718091235166022912e-01,5.349685035053567588e+07,-6.059333198876142502e+07
2.104157550048523990e+04,-5.560805378491169293e-01,-5.740901674564350410e-01,5.371917605278955400e+07,-6.036525257770404965e+07
2.104722121433028587e+04,-5.540478075521928503e-01,-5.763625778211988182e-01,5.394049152050206065e+07,-6.013645650436559319e+07
2.105286692817533185e+04,-5.520067571585907107e-01,-5.786263287396422594e-01,5.416079582955306023e+07,-5.990694702322483063e+07
2.105851264202037783e+04,-5.499574259545213506e-01,-5.808813944762107884e-01,5.438008806351412088e+07,-5.967672740907830745e+07
2.106415835586542380e+04,-5.478998532264607313e-01,-5.831277494310468379e-01,5.459836731364844739e+07,-5.944580095704039931e+07
2.106980406971046978e+04,-5.458340782611490472e-01,-5.853653681399907382e-01,5.481563267891092598e+07,-5.921417098254323751e+07
2.107544978355551575e+04,-5.437601403455913918e-01,-5.875942252745791627e-01,5.503188326594807208e+07,-5.898184082133677602e+07
2.108109549740056173e+04,-5.416780787670578690e-01,-5.898142956420467931e-01,5.524711818909808993e+07,-5.874881382948874682e+07
2.108674121124560770e+04,-5.395879328130828156e-01,-5.920255541853249870e-01,5.546133657039082050e+07,-5.851509338338468224e+07
2.109238692509065004e+04,-5.374897417714670222e-01,-5.942279759830411123e-01,5.567453753954766691e+07,-5.828068287972806394e+07
2.109803263893569601e+04,-5.353835449302717375e-01,-5.964215362495239869e-01,5.588672023398205638e+07,-5.804558573553970456e+07
2.110367835278074199e+04,-5.332693815778267732e-01,-5.986062103347952190e-01,5.609788379879869521e+07,-5.780980538815865666e+07
2.110932406662578796e+04,-5.311472910027259520e-01,-6.007819737245755354e-01,5.630802738679407537e+07,-5.757334529524164647e+07
2.111496978047083394e+04,-5.290173124938271076e-01,-6.029488020402821169e-01,5.651715015845634788e+07,-5.733620893476316333e+07
2.112061549431587991e+04,-5.268794853402531952e-01,-6.051066710390301528e-01,5.672525128196534514e+07,-5.709839980501550436e+07
2.112626120816092589e+04,-5.247338488313915139e-01,-6.072555566136313976e-01,5.693232993319253623e+07,-5.685992142460875958e+07
2.113190692200597186e+04,-5.225804422568947061e-01,-6.093954347925951698e-01,5.713838529570105672e+07,-5.662077733247080445e+07
2.113755263585101784e+04,-5.204193049066795362e-01,-6.115262817401280193e-01,5.734341656074570864e+07,-5.638097108784733713e+07
2.114319834969606381e+04,-5.182504760709277791e-01,-6.136480737561333942e-01,5.754742292727295309e+07,-5.614050627030180395e+07
2.114884406354110979e+04,-5.160739950400857756e-01,-6.157607872762123069e-01,5.775040360192089528e+07,-5.589938647971547395e+07
2.115448977738615577e+04,-5.138899011048646548e-01,-6.178643988716627788e-01,5.795235779901932925e+07,-5.565761533628741652e+07
2.116013549123119810e+04,-5.116982335562415551e-01,-6.199588852494787306e-01,5.815328474058955163e+07,-5.541519648053463548e+07
2.116578120507624408e+04,-5.094990316854542955e-01,-6.220442232523554216e-01,5.835318365634493530e+07,-5.517213357329146564e+07
2.117142691892129005e+04,-5.072923347840095909e-01,-6.241203898586811238e-01,5.855205378369010240e+07,-5.492843029571050406e+07
2.117707263276633603e+04,-5.050781821436772789e-01,-6.261873621825428948e-01,5.874989436772148311e+07,-5.468409034926198423e+07
2.118271834661138200e+04,-5.028566130564920966e-01,-6.282451174737248012e-01,5.894670466122714430e+07,-5.443911745573392510e+07
2.118836406045642798e+04,-5.006276668147534581e-01,-6.302936331177081408e-01,5.914248392468684167e+07,-5.419351535723216832e+07
2.119400977430147395e+04,-4.983913827110253991e-01,-6.323328866356715539e-01,5.933723142627197504e+07,-5.394728781618031859e+07
2.119965548814651993e+04,-4.961478000381366882e-01,-6.343628556844906896e-01,5.953094644184559584e+07,-5.370043861531978846e+07
2.120530120199156590e+04,-4.938969580891809374e-01,-6.363835180567386507e-01,5.972362825496244431e+07,-5.345297155770977587e+07
2.121094691583661188e+04,-4.916388961575163252e-01,-6.383948516806855489e-01,5.991527615686888993e+07,-5.320489046672729403e+07
2.121659262968165785e+04,-4.893736535367657625e-01,-6.403968346202988382e-01,6.010588944650298357e+07,-5.295619918606711924e+07
2.122223834352670383e+04,-4.871012695208172261e-01,-6.423894450752432039e-01,6.029546743049442768e+07,-5.270690157974185050e+07
2.122788405737174617e+04,-4.848217834038240914e-01,-6.443726613808790082e-01,6.048400942316447198e+07,-5.245700153208202869e+07
2.123352977121679214e+04,-4.825352344802008031e-01,-6.463464620082679524e-01,6.067151474652637541e+07,-5.220650294773549587e+07
2.123917548506183812e+04,-4.802416620446305351e-01,-6.483108255641650830e-01,6.085798273028470576e+07,-5.195540975166838616e+07
2.124482119890688409e+04,-4.779411053920596952e-01,-6.502657307910237883e-01,6.104341271183581650e+07,-5.170372588916446269e+07
2.125046691275193007e+04,-4.756336038176997572e-01,-6.522111565669945765e-01,6.122780403626769781e+07,-5.145145532582528889e+07
2.125611262659697604e+04,-4.733191966170264275e-01,-6.541470819059256314e-01,6.141115605636003613e+07,-5.119860204757019877e+07
2.126175834044202202e+04,-4.709979230857804233e-01,-6.560734859573619238e-01,6.159346813258414716e+07,-5.094517006063635647e+07
2.126740405428706799e+04,-4.686698225199671941e-01,-6.579903480065456556e-01,6.177473963310302794e+07,-5.069116339157867432e+07
2.127304976813211397e+04,-4.663349342158567556e-01,-6.598976474744164822e-01,6.195496993377131224e+07,-5.043658608726990968e+07
2.127869548197715994e+04,-4.639932974699838564e-01,-6.617953639176110681e-01,6.213415841813531518e+07,-5.018144221490058303e+07
2.128434119582220592e+04,-4.616449515791478664e-01,-6.636834770284633089e-01,6.231230447743301839e+07,-4.992573586197899282e+07
2.128998690966725189e+04,-4.592899358404132770e-01,-6.655619666350045538e-01,6.248940751059402525e+07,-4.966947113633128256e+07
2.129563262351229423e+04,-4.569282895511103115e-01,-6.674308127009617175e-01,6.266546692423954606e+07,-4.941265216610150784e+07
2.130127833735734021e+04,-4.545600520088297625e-01,-6.692899953257630541e-01,6.284048213268274069e+07,-4.915528309975104779e+07
2.130692405120238618e+04,-4.521852625114312629e-01,-6.711394947445298298e-01,6.301445255792810023e+07,-4.889736810605955869e+07
2.131256976504743216e+04,-4.498039603570379574e-01,-6.729792913280823186e-01,6.318737762967190146e+07,-4.863891137412433326e+07
2.131821547889247813e+04,-4.474161848440377787e-01,-6.748093655829375814e-01,6.335925678530208766e+07,-4.837991711336044967e+07
2.132386119273752411e+04,-4.450219752710830035e-01,-6.766296981513100217e-01,6.353008946989823878e+07,-4.812038955350080132e+07
2.132950690658257008e+04,-4.426213709370908078e-01,-6.784402698111112739e-01,6.369987513623161614e+07,-4.786033294459605217e+07
2.133515262042761606e+04,-4.402144111412432670e-01,-6.802410614759504259e-01,6.386861324476511776e+07,-4.759975155701465905e+07
2.134079833427266203e+04,-4.378011351829869668e-01,-6.820320541951332416e-01,6.403630326365333050e+07,-4.733864968144288659e+07
2.134644404811770801e+04,-4.353815823620331149e-01,-6.838132291536631602e-01,6.420294466874248534e+07,-4.707703162888479233e+07
2.135208976196275398e+04,-4.329557919783578179e-01,-6.855845676722405191e-01,6.436853694357047975e+07,-4.681490173066222668e+07
2.135773547580779996e+04,-4.305238033322019153e-01,-6.873460512072629980e-01,6.453307957936686277e+07,-4.655226433841480315e+07
2.136338118965284593e+04,-4.280856557240707572e-01,-6.890976613508257298e-01,6.469657207505286485e+07,-4.628912382410000265e+07
2.136902690349788827e+04,-4.256413884547362025e-01,-6.908393798307195244e-01,6.485901393724122643e+07,-4.602548457999320328e+07
2.137467261734293425e+04,-4.231910408252299582e-01,-6.925711885104359755e-01,6.502040468023672700e+07,-4.576135101868708432e+07
2.138031833118798022e+04,-4.207346521368531822e-01,-6.942930693891605776e-01,6.518074382603543997e+07,-4.549672757309263945e+07
2.138596404503302620e+04,-4.182722616911701552e-01,-6.960050046017770553e-01,6.534003090432522446e+07,-4.523161869643847644e+07
2.139160975887807217e+04,-4.158039087900100017e-01,-6.977069764188662537e-01,6.549826545248560607e+07,-4.496602886227100343e+07
2.139725547272311815e+04,-4.133296327354664679e-01,-6.993989672467063601e-01,6.565544701558774710e+07,-4.469996256445441395e+07
2.140290118656816412e+04,-4.108494728298979770e-01,-7.010809596272729038e-01,6.581157514639449865e+07,-4.443342431717070937e+07
2.140854690041321010e+04,-4.083634683759276296e-01,-7.027529362382383127e-01,6.596664940536035597e+07,-4.416641865491968393e+07
2.141419261425825607e+04,-4.058716586764433698e-01,-7.044148798929724675e-01,6.612066936063148081e+07,-4.389895013251889497e+07
2.141983832810330205e+04,-4.033740830345977635e-01,-7.060667735405424805e-01,6.627363458804570138e+07,-4.363102332510372996e+07
2.142548404194834802e+04,-4.008707807538082202e-01,-7.077086002657124730e-01,6.642554467113247514e+07,-4.336264282812736928e+07
2.143112975579339400e+04,-3.983617911377566045e-01,-7.093403432889439086e-01,6.657639920111295581e+07,-4.309381325736077130e+07
2.143677546963843633e+04,-3.958471534903914013e-01,-7.109619859663943719e-01,6.672619777689985931e+07,-4.282453924889285862e+07
2.144242118348348231e+04,-3.933269071159207209e-01,-7.125735117899218984e-01,6.687494000509782881e+07,-4.255482545912984759e+07
2.144806689732852828e+04,-3.908010913188224578e-01,-7.141749043870783131e-01,6.702262550000288337e+07,-4.228467656479624659e+07
2.145371261117357426e+04,-3.882697454038372964e-01,-7.157661475211140045e-01,6.716925388360281289e+07,-4.201409726293420047e+07
2.145935832501862023e+04,-3.857329086759709869e-01,-7.173472250909767034e-01,6.731482478557705879e+07,-4.174309227090363204e+07
2.146500403886366621e+04,-3.831906204404936234e-01,-7.189181211313109277e-01,6.745933784329673648e+07,-4.147166632638227195e+07
2.147064975270871219e+04,-3.806429200029404769e-01,-7.204788198124584264e-01,6.760279270182457566e+07,-4.119982418736565858e+07
2.147629546655375816e+04,-3.780898466691111071e-01,-7.220293054404587352e-01,6.774518901391504705e+07,-4.092757063216708601e+07
2.148194118039880414e+04,-3.755314397450698616e-01,-7.235695624570479545e-01,6.788652644001421332e+07,-4.065491045941767097e+07
2.148758689424385011e+04,-3.729677385371461540e-01,-7.250995754396594162e-01,6.802680464825978875e+07,-4.038184848806633055e+07
2.149323260808889609e+04,-3.703987823519335199e-01,-7.266193291014242384e-01,6.816602331448122859e+07,-4.010838955737972260e+07
2.149887832193394206e+04,-3.678246104962907270e-01,-7.281288082911702153e-01,6.830418212219958007e+07,-3.983453852694237977e+07
2.150452403577898440e+04,-3.652452622773426638e-01,-7.296279979934219284e-01,6.844128076262748241e+07,-3.956030027665674686e+07
2.151016974962403037e+04,-3.626607770024740662e-01,-7.311168833284031887e-01,6.857731893466947973e+07,-3.928567970674256235e+07
2.151581546346907635e+04,-3.600711939793391769e-01,-7.325954495520329290e-01,6.871229634492155910e+07,-3.901068173773784935e+07
2.152146117731412232e+04,-3.574765525158554724e-01,-7.340636820559279796e-01,6.884621270767140388e+07,-3.873531131049829721e+07
2.152710689115916830e+04,-3.548768919202051064e-01,-7.355215663674021798e-01,6.897906774489840865e+07,-3.845957338619734347e+07
2.153275260500421427e+04,-3.522722515008348543e-01,-7.369690881494670442e-01,6.911086118627358973e+07,-3.818347294632627070e+07
2.153839831884926025e+04,-3.496626705664563906e-01,-7.384062332008308749e-01,6.924159276915962994e+07,-3.790701499269411713e+07
2.154404403269430622e+04,-3.470481884260458449e-01,-7.398329874558993158e-01,6.937126223861089349e+07,-3.763020454742772877e+07
2.154968974653935220e+04,-3.444288443888443019e-01,-7.412493369847753533e-01,6.949986934737335145e+07,-3.735304665297172219e+07
2.155533546038439817e+04,-3.418046777643573564e-01,-7.426552679932590939e-01,6.962741385588473082e+07,-3.707554637208855152e+07
2.156098117422944415e+04,-3.391757278623554472e-01,-7.440507668228477645e-01,6.975389553227432072e+07,-3.679770878785842657e+07
2.156662688807449013e+04,-3.365420339928736904e-01,-7.454358199507358229e-01,6.987931415236312151e+07,-3.651953900367937982e+07
2.157227260191953246e+04,-3.339036354662137107e-01,-7.468104139898142924e-01,7.000366949966372550e+07,-3.624104214326740801e+07
2.157791831576457844e+04,-3.312605715929364814e-01,-7.481745356886737586e-01,7.012696136538058519e+07,-3.596222335065573454e+07
2.158356402960962441e+04,-3.286128816838730371e-01,-7.495281719315994851e-01,7.024918954840958118e+07,-3.568308779019595683e+07
2.158920974345467039e+04,-3.259606050501174801e-01,-7.508713097385749657e-01,7.037035385533837974e+07,-3.540364064655725658e+07
2.159485545729971636e+04,-3.233037810030282011e-01,-7.522039362652804817e-01,7.049045410044625401e+07,-3.512388712472663075e+07
2.160050117114476234e+04,-3.206424488542288787e-01,-7.535260388030942114e-01,7.060949010570415854e+07,-3.484383245000887662e+07
2.160614688498980831e+04,-3.179766479156073133e-01,-7.548376047790908983e-01,7.072746170077469945e+07,-3.456348186802653968e+07
2.161179259883485429e+04,-3.153064174993165381e-01,-7.561386217560426282e-01,7.084436872301216424e+07,-3.428284064472001791e+07
2.161743831267990026e+04,-3.126317969177740963e-01,-7.574290774324191622e-01,7.096021101746250689e+07,-3.400191406634745747e+07
2.162308402652494624e+04,-3.099528254836621532e-01,-7.587089596423870486e-01,7.107498843686327338e+07,-3.372070743948483467e+07
2.162872974036999221e+04,-3.072695425099277178e-01,-7.599782563558098447e-01,7.118870084164375067e+07,-3.343922609102588147e+07
2.163437545421503819e+04,-3.045819873097823094e-01,-7.612369556782488944e-01,7.130134809992486238e+07,-3.315747536818215251e+07
2.164002116806008416e+04,-3.018901991967023468e-01,-7.624850458509624396e-01,7.141293008751918375e+07,-3.287546063848299533e+07
2.164566688190512650e+04,-2.991942174844308133e-01,-7.637225152509050652e-01,7.152344668793085217e+07,-3.259318728977572173e+07
2.165131259575017248e+04,-2.964940814869699293e-01,-7.649493523907309189e-01,7.163289779235593975e+07,-3.231066073022488505e+07
2.165695830959521845e+04,-2.937898305185919767e-01,-7.661655459187893813e-01,7.174128329968191683e+07,-3.202788638831341267e+07
2.166260402344026443e+04,-2.910815038938320831e-01,-7.673710846191276191e-01,7.184860311648800969e+07,-3.174486971284178644e+07
2.166824973728531040e+04,-2.883691409274902751e-01,-7.685659574114896975e-01,7.195485715704508126e+07,-3.146161617292836308e+07
2.167389545113035638e+04,-2.856527809346312008e-01,-7.697501533513172456e-01,7.206004534331570566e+07,-3.117813125800920278e+07
2.167954116497540235e+04,-2.829324632305841303e-01,-7.709236616297490130e-01,7.216416760495404899e+07,-3.089442047783822566e+07
2.168518687882044833e+04,-2.802082271309434547e-01,-7.720864715736209805e-01,7.226722387930598855e+07,-3.061048936248713732e+07
2.169083259266549430e+04,-2.774801119515675762e-01,-7.732385726454662489e-01,7.236921411140903831e+07,-3.032634346234539151e+07
2.169647830651054028e+04,-2.747481570085801295e-01,-7.743799544435152615e-01,7.247013825399237871e+07,-3.004198834812027216e+07
2.170212402035558625e+04,-2.720124016183694260e-01,-7.755106067016956928e-01,7.256999626747685671e+07,-2.975742961083688587e+07
2.170776973420063223e+04,-2.692728850975881771e-01,-7.766305192896321152e-01,7.266878811997497082e+07,-2.947267286183805764e+07
2.171341544804567457e+04,-2.665296467631560473e-01,-7.777396822126459996e-01,7.276651378729082644e+07,-2.918772373278468102e+07
2.171906116189072054e+04,-2.637827259322517159e-01,-7.788380856117579354e-01,7.286317325292037427e+07,-2.890258787565480173e+07
2.172470687573576652e+04,-2.610321619223240908e-01,-7.799257197636837446e-01,7.295876650805102289e+07,-2.861727096274487674e+07
2.173035258958081249e+04,-2.582779940510847028e-01,-7.810025750808371470e-01,7.305329355156192183e+07,-2.833177868666893244e+07
2.173599830342585847e+04,-2.555202616365103707e-01,-7.820686421113286491e-01,7.314675439002388716e+07,-2.804611676035882533e+07
2.174164401727090444e+04,-2.527590039968420910e-01,-7.831239115389665439e-01,7.323914903769934177e+07,-2.776029091706418246e+07
2.174728973111595042e+04,-2.499942604505858146e-01,-7.841683741832563559e-01,7.333047751654246449e+07,-2.747430691035243124e+07
2.175293544496099639e+04,-2.472260703165121698e-01,-7.852020209994000632e-01,7.342073985619901121e+07,-2.718817051410877705e+07
2.175858115880604237e+04,-2.444544729136566008e-01,-7.862248430782976527e-01,7.350993609400644898e+07,-2.690188752253624797e+07
2.176422687265108834e+04,-2.416795075613189514e-01,-7.872368316465463423e-01,7.359806627499385178e+07,-2.661546375015564263e+07
2.176987258649613432e+04,-2.389012135790641866e-01,-7.882379780664398039e-01,7.368513045188200474e+07,-2.632890503180556744e+07
2.177551830034118029e+04,-2.361196302867216157e-01,-7.892282738359696070e-01,7.377112868508332968e+07,-2.604221722264243662e+07
2.178116401418622263e+04,-2.333347970043873898e-01,-7.902077105888236641e-01,7.385606104270188510e+07,-2.575540619814059138e+07
2.178680972803126861e+04,-2.305467530524166198e-01,-7.911762800943886731e-01,7.393992760053350031e+07,-2.546847785409165174e+07
2.179245544187631458e+04,-2.277555377514348667e-01,-7.921339742577474530e-01,7.402272844206553698e+07,-2.518143810660560429e+07
2.179810115572136056e+04,-2.249611904223303427e-01,-7.930807851196799430e-01,7.410446365847706795e+07,-2.489429289210999012e+07
2.180374686956640653e+04,-2.221637503862562424e-01,-7.940167048566635355e-01,7.418513334863881767e+07,-2.460704816735021025e+07
2.180939258341145251e+04,-2.193632569646301322e-01,-7.949417257808729653e-01,7.426473761911317706e+07,-2.431970990938938409e+07
2.181503829725649848e+04,-2.165597494791346167e-01,-7.958558403401799763e-01,7.434327658415418863e+07,-2.403228411560849845e+07
2.182068401110154446e+04,-2.137532672517168664e-01,-7.967590411181538768e-01,7.442075036570759118e+07,-2.374477680370628089e+07
2.182632972494659043e+04,-2.109438496045885625e-01,-7.976513208340603178e-01,7.449715909341071546e+07,-2.345719401169928163e+07
2.183197543879163641e+04,-2.081315358602265631e-01,-7.985326723428631812e-01,7.457250290459263325e+07,-2.316954179792183638e+07
2.183762115263668238e+04,-2.053163653413720147e-01,-7.994030886352231358e-01,7.464678194427400827e+07,-2.288182624102606624e+07
2.184326686648172836e+04,-2.024983773710310464e-01,-8.002625628374978595e-01,7.471999636516720057e+07,-2.259405343998190761e+07
2.184891258032677069e+04,-1.996776112724760188e-01,-8.011110882117421506e-01,7.479214632767619193e+07,-2.230622951407724619e+07
2.185455829417181667e+04,-1.968541063692390292e-01,-8.019486581557091487e-01,7.486323199989673495e+07,-2.201836060291723162e+07
2.186020400801686264e+04,-1.940279019851219866e-01,-8.027752662028478925e-01,7.493325355761611462e+07,-2.173045286642537266e+07
2.186584972186190862e+04,-1.911990374441895901e-01,-8.035909060223053180e-01,7.500221118431332707e+07,-2.144251248484273255e+07
2.187149543570695459e+04,-1.883675520707713824e-01,-8.043955714189250372e-01,7.507010507115903497e+07,-2.115454565872822702e+07
2.187714114955200057e+04,-1.855334851894619441e-01,-8.051892563332485597e-01,7.513693541701553762e+07,-2.086655860895854235e+07
2.188278686339704655e+04,-1.826968761251201168e-01,-8.059719548415139601e-01,7.520270242843683064e+07,-2.057855757672815770e+07
2.188843257724209252e+04,-1.798577642028697521e-01,-8.067436611556567660e-01,7.526740631966853142e+07,-2.029054882354933769e+07
2.189407829108713850e+04,-1.770161887480990737e-01,-8.075043696233100698e-01,7.533104731264793873e+07,-2.000253863125216961e+07
2.189972400493218447e+04,-1.741721890864612876e-01,-8.082540747278036397e-01,7.539362563700404763e+07,-1.971453330198451132e+07
2.190536971877723045e+04,-1.713258045438744159e-01,-8.089927710881648082e-01,7.545514153005741537e+07,-1.942653915821201354e+07
2.191101543262227642e+04,-1.684770751200363736e-01,-8.097204647577327385e-01,7.551560985670489073e+07,-1.913854936093385890e+07
2.191666114646732240e+04,-1.656260433227705609e-01,-8.104371970770916089e-01,7.557508810919937491e+07,-1.885051561145485565e+07
2.192230686031236473e+04,-1.627727498825703167e-01,-8.111429712628491773e-01,7.563358073124018312e+07,-1.856243363861048594e+07
2.192795257415741071e+04,-1.599172352541213260e-01,-8.118377860754852904e-01,7.569108615186743438e+07,-1.827430445320139453e+07
2.193359828800245668e+04,-1.570595398620767691e-01,-8.125216403546775545e-01,7.574760282350614667e+07,-1.798612908348695189e+07
2.193924400184750266e+04,-1.541997041010498837e-01,-8.131945330193043331e-01,7.580312922196640074e+07,-1.769790857518450543e+07
2.194488971569254863e+04,-1.513377683356159076e-01,-8.138564630674431921e-01,7.585766384644332528e+07,-1.740964399146956950e+07
2.195053542953759461e+04,-1.484737729003119955e-01,-8.145074295763714556e-01,7.591120521951702237e+07,-1.712133641297582909e+07
2.195618114338264058e+04,-1.456077580996372189e-01,-8.151474317025659833e-01,7.596375188715268672e+07,-1.683298693779511750e+07
2.196182685722768656e+04,-1.427397642080526774e-01,-8.157764686817036148e-01,7.601530241870050132e+07,-1.654459668147745170e+07
2.196747257107273253e+04,-1.398698314699813872e-01,-8.163945398286606148e-01,7.606585540689565241e+07,-1.625616677703100257e+07
2.197311828491777851e+04,-1.369980000998082537e-01,-8.170016445375127834e-01,7.611540946785838902e+07,-1.596769837492210791e+07
2.197876399876282449e+04,-1.341243102818802102e-01,-8.175977822815359009e-01,7.616396324109396338e+07,-1.567919264307527058e+07
2.198440971260787046e+04,-1.312488021705061347e-01,-8.181829526132048391e-01,7.621151538949269056e+07,-1.539065076687315851e+07
2.199005542645291280e+04,-1.283715158899586262e-01,-8.187571551641943390e-01,7.625806459932981431e+07,-1.510207394915679283e+07
2.199570114029795877e+04,-1.254924915344667324e-01,-8.193203896453796764e-01,7.630360958026574552e+07,-1.481346341022479534e+07
2.200134685414300475e+04,-1.226117691682270389e-01,-8.198726558468344416e-01,7.634814906534582376e+07,-1.452482038783451915e+07
2.200699256798805072e+04,-1.197293888253961602e-01,-8.204139536378326492e-01,7.639168181100042164e+07,-1.423614613720129058e+07
2.201263828183309670e+04,-1.168453905100926976e-01,-8.209442829668476271e-01,7.643420659704495966e+07,-1.394744193099860102e+07
2.201828399567814267e+04,-1.139598141963972244e-01,-8.214636438615525726e-01,7.647572222667986155e+07,-1.365870905935810506e+07
2.202392970952318865e+04,-1.110726998283521338e-01,-8.219720364288201075e-01,7.651622752649059892e+07,-1.336994882986962795e+07
2.202957542336823462e+04,-1.081840873199619718e-01,-8.224694608547227226e-01,7.655572134644766152e+07,-1.308116256758115813e+07
2.203522113721328060e+04,-1.052940165551930624e-01,-8.229559174045324443e-01,7.659420255990655720e+07,-1.279235161499884725e+07
2.204086685105832657e+04,-1.024025273879737435e-01,-8.234314064227208352e-01,7.663167006360781193e+07,-1.250351733208700642e+07
2.204651256490337255e+04,-9.950965964219432580e-02,-8.238959283329594374e-01,7.666812277767698467e+07,-1.221466109626812488e+07
2.205215827874841852e+04,-9.661545311170699479e-02,-8.243494836381192181e-01,7.670355964562468231e+07,-1.192578430242284387e+07
2.205780399259346086e+04,-9.371994756032783758e-02,-8.247920729202703471e-01,7.673797963434648514e+07,-1.163688836289016344e+07
2.206344970643850684e+04,-9.082318272182920982e-02,-8.252236968406837514e-01,7.677138173412306607e+07,-1.134797470746668428e+07
2.206909542028355281e+04,-8.792519829995108782e-02,-8.256443561398291164e-01,7.680376495862008631e+07,-1.105904478340773843e+07
2.207474113412859879e+04,-8.502603396839346350e-02,-8.260540516373759967e-01,7.683512834488819540e+07,-1.077010005542663112e+07
2.208038684797364476e+04,-8.212572937081832891e-02,-8.264527842321935935e-01,7.686547095336313546e+07,-1.048114200569482706e+07
2.208603256181869074e+04,-7.922432412084964848e-02,-8.268405549023507550e-01,7.689479186786563694e+07,-1.019217213384196535e+07
2.209167827566373671e+04,-7.632185780207319248e-02,-8.272173647051160872e-01,7.692309019560144842e+07,-9.903191956955850124e+06
2.209732398950878269e+04,-7.341836996803681459e-02,-8.275832147769575098e-01,7.695036506716138124e+07,-9.614203009582443163e+06
2.210296970335382866e+04,-7.051390014225032699e-02,-8.279381063335431445e-01,7.697661563652122021e+07,-9.325206843725880608e+06
2.210861541719887464e+04,-6.760848781818537545e-02,-8.282820406697402049e-01,7.700184108104182780e+07,-9.036205028848445043e+06
2.211426113104392061e+04,-6.470217245927564753e-02,-8.286150191596158843e-01,7.702604060146903992e+07,-8.747199151870606467e+06
2.211990684488896659e+04,-6.179499349891678234e-02,-8.289370432564369118e-01,7.704921342193375528e+07,-8.458190817170986906e+06
2.212555255873400893e+04,-5.888699034046815384e-02,-8.292481144926695524e-01,7.707135878995189071e+07,-8.169181646586563438e+06
2.213119827257905490e+04,-5.597820235724559890e-02,-8.295482344799801622e-01,7.709247597642438114e+07,-7.880173279411915690e+06
2.213684398642410088e+04,-5.306866889253233910e-02,-8.298374049092342997e-01,7.711256427563717961e+07,-7.591167372400352731e+06
2.214248970026914685e+04,-5.015842925957184756e-02,-8.301156275504971704e-01,7.713162300526130199e+07,-7.302165599763154984e+06
2.214813541411419283e+04,-4.724752274156950038e-02,-8.303829042530338489e-01,7.714965150635272264e+07,-7.013169653169779107e+06
2.215378112795923880e+04,-4.433598859169251422e-02,-8.306392369453090563e-01,7.716664914335250854e+07,-6.724181241747830063e+06
2.215942684180428478e+04,-4.142386603307023074e-02,-8.308846276349868276e-01,7.718261530408671498e+07,-6.435202092083089054e+06
2.216507255564933075e+04,-3.851119425879376279e-02,-8.311190784089313999e-01,7.719754939976641536e+07,-6.146233948219507933e+06
2.217071826949437673e+04,-3.559801243191627190e-02,-8.313425914332059907e-01,7.721145086498773098e+07,-5.857278571659181267e+06
2.217636398333942270e+04,-3.268435968545289200e-02,-8.315551689530741308e-01,7.722431915773180127e+07,-5.568337741362396628e+06
2.218200969718446868e+04,-2.977027512238061488e-02,-8.317568132929985536e-01,7.723615375936478376e+07,-5.279413253747582436e+06
2.218765541102951465e+04,-2.685579781563848106e-02,-8.319475268566417503e-01,7.724695417463786900e+07,-4.990506922691345215e+06
2.219330112487455699e+04,-2.394096680812924857e-02,-8.321273121268657480e-01,7.725671993168728054e+07,-4.701620579528639093e+06
2.219894683871960297e+04,-2.102582111271207935e-02,-8.322961716657326647e-01,7.726545058203423023e+07,-4.412756073052024469e+06
2.220459255256464894e+04,-1.811039971221367964e-02,-8.324541081145038213e-01,7.727314570058500767e+07,-4.123915269512793049e+06
2.221023826640969492e+04,-1.519474155942085632e-02,-8.326011241936401852e-01,7.727980488563089073e+07,-3.835100052620194852e+06
2.221588398025474089e+04,-1.227888557708222556e-02,-8.327372227028027041e-01,7.728542775884820521e+07,-3.546312323541665450e+06
2.222152969409978687e+04,-9.362870657908623981e-03,-8.328624065208516392e-01,7.729001396529826522e+07,-3.257554000902794302e+06
2.222717540794483284e+04,-6.446735664572613399e-03,-8.329766786058471206e-01,7.729356317342743278e+07,-2.968827020787339658e+06
2.223282112178987882e+04,-3.530519429708750979e-03,-8.330800419950487035e-01,7.729607507506711781e+07,-2.680133336737222970e+06
2.223846683563492479e+04,-6.142607559135508741e-04,-8.331724998049159225e-01,7.729754938543373346e+07,-2.391474919752530754e+06
2.224411254947997077e+04,2.302001584254484336e-03,-8.332540552311075155e-01,7.729798584312869608e+07,-2.102853758291520178e+06
2.224975826332501674e+04,5.218228848274965130e-03,-8.333247115484823109e-01,7.729738421013848484e+07,-1.814271858270600438e+06
2.225540397717006272e+04,8.134382323665491007e-03,-8.333844721110985621e-01,7.729574427183458209e+07,-1.525731243064355105e+06
2.226104969101510869e+04,1.105042332798180163e-02,-8.334333403522140582e-01,7.729306583697350323e+07,-1.237233953505538404e+06
2.226669540486015103e+04,1.396631320881568106e-02,-8.334713197842865684e-01,7.728934873769679666e+07,-9.487820478852391243e+05
2.227234111870519700e+04,1.688201334380267163e-02,-8.334984139989730645e-01,7.728459282953101397e+07,-6.603776019521616399e+05
2.227798683255024298e+04,1.979748514061081127e-02,-8.335146266671306092e-01,7.727879799138773978e+07,-3.720227089137397707e+05
2.228363254639528895e+04,2.271269003694794536e-02,-8.335199615388155792e-01,7.727196412556360662e+07,-8.371947943536937237e+04
2.228927826024033493e+04,2.562758950055997118e-02,-8.335144224432843307e-01,7.726409115774023533e+07,2.045299583593644202e+05
2.229492397408538091e+04,2.854214502923098362e-02,-8.334980132889925342e-01,7.725517903698429465e+07,4.927234588887393475e+05
2.230056968793042688e+04,3.145631815078299420e-02,-8.334707380635956175e-01,7.724522773574747145e+07,7.808588591128475964e+05
2.230621540177547286e+04,3.437007042307598653e-02,-8.334326008339487668e-01,7.723423724986648560e+07,1.068933978533625603e+06
2.231186111562051883e+04,3.728336343400830144e-02,-8.333836057461065927e-01,7.722220759856306016e+07,1.356946619194846600e+06
2.231750682946556481e+04,4.019615880151600901e-02,-8.333237570253235749e-01,7.720913882444399595e+07,1.644894565682109445e+06
2.232315254331061078e+04,4.310841817357338734e-02,-8.332530589760537287e-01,7.719503099350103736e+07,1.932775585122857243e+06
2.232879825715565676e+04,4.602010322819276300e-02,-8.331715159819509386e-01,7.717988419511103630e+07,2.220587427186362445e+06
2.233444397100069909e+04,4.893117567342263746e-02,-8.330791325058682917e-01,7.716369854203581810e+07,2.508327824083555490e+06
2.234008968484574507e+04,5.184159724735504932e-02,-8.329759130898588548e-01,7.714647417042222619e+07,2.795994490567740053e+06
2.234573539869079104e+04,5.475132971811470795e-02,-8.328618623551752309e-01,7.712821123980218172e+07,3.083585123933523893e+06
2.235138111253583702e+04,5.766033488386615447e-02,-8.327369850022696696e-01,7.710890993309257925e+07,3.371097404017522931e+06
2.235702682638088299e+04,6.056857457281179108e-02,-8.326012858107941783e-01,7.708857045659536123e+07,3.658528993198178709e+06
2.236267254022592897e+04,6.347601064319238762e-02,-8.324547696396004115e-01,7.706719303999750316e+07,3.945877536395784467e+06
2.236831825407097494e+04,6.638260498328657500e-02,-8.322974414267393373e-01,7.704477793637098372e+07,4.233140661072462797e+06
2.237396396791602092e+04,6.928831951141097012e-02,-8.321293061894619036e-01,7.702132542217281461e+07,4.520315977232158184e+06
2.237960968176106689e+04,7.219311617592041874e-02,-8.319503690242188165e-01,7.699683579724504054e+07,4.807401077420670539e+06
2.238525539560611287e+04,7.509695695520783587e-02,-8.317606351066599846e-01,7.697130938481473923e+07,5.094393536725636572e+06
2.239090110945115885e+04,7.799980385770394209e-02,-8.315601096916352963e-01,7.694474653149397671e+07,5.381290912776492536e+06
2.239654682329620482e+04,8.090161892187770765e-02,-8.313487981131941762e-01,7.691714760727988183e+07,5.668090745744545013e+06
2.240219253714124716e+04,8.380236421623428467e-02,-8.311267057845861395e-01,7.688851300555461645e+07,5.954790558342762291e+06
2.240783825098629313e+04,8.670200183932248728e-02,-8.308938381982592380e-01,7.685884314308530092e+07,6.241387855826448649e+06
2.241348396483133911e+04,8.960049391972327304e-02,-8.306502009258622810e-01,7.682813846002413332e+07,6.527880125992242247e+06
2.241912967867638508e+04,9.249780261605808351e-02,-8.303957996182432799e-01,7.679639941990835965e+07,6.814264839178778231e+06
2.242477539252143106e+04,9.539389011698595766e-02,-8.301306400054496715e-01,7.676362650966018438e+07,7.100539448266517371e+06
2.243042110636647703e+04,9.828871864120417023e-02,-8.298547278967290941e-01,7.672982023958690464e+07,7.386701388677772135e+06
2.243606682021152301e+04,1.011822504374479542e-01,-8.295680691805285001e-01,7.669498114338079095e+07,7.672748078376699239e+06
2.244171253405656898e+04,1.040744477844906396e-01,-8.292706698244943775e-01,7.665910977811916173e+07,7.958676917869258672e+06
2.244735824790161496e+04,1.069652729911436534e-01,-8.289625358754729723e-01,7.662220672426435351e+07,8.244485290203258395e+06
2.245300396174666093e+04,1.098546883962564363e-01,-8.286436734595105102e-01,7.658427258566375077e+07,8.530170560968376696e+06
2.245864967559170691e+04,1.127426563687165956e-01,-8.283140887818521980e-01,7.654530798954971135e+07,8.815730078296065331e+06
2.246429538943675288e+04,1.156291393074494606e-01,-8.279737881269434441e-01,7.650531358653968573e+07,9.101161172859657556e+06
2.246994110328179522e+04,1.185140996414169312e-01,-8.276227778584293038e-01,7.646429005063611269e+07,9.386461157874118537e+06
2.247558681712684120e+04,1.213974998296242919e-01,-8.272610644191538132e-01,7.642223807922643423e+07,9.671627329096805304e+06
2.248123253097188717e+04,1.242793023611094283e-01,-8.268886543311614323e-01,7.637915839308314025e+07,9.956656964826364070e+06
2.248687824481693315e+04,1.271594697549501274e-01,-8.265055541956958240e-01,7.633505173636375368e+07,1.024154732590344921e+07
2.249252395866197912e+04,1.300379645602621481e-01,-8.261117706932006310e-01,7.628991887661083043e+07,1.052629565571054444e+07
2.249816967250702510e+04,1.329147493561992632e-01,-8.257073105833189208e-01,7.624376060475191474e+07,1.081089918017198890e+07
2.250381538635207107e+04,1.357897867519534119e-01,-8.252921807048931857e-01,7.619657773509959877e+07,1.109535510775395483e+07
2.250946110019711705e+04,1.386630393867547273e-01,-8.248663879759662310e-01,7.614837110535152256e+07,1.137966062946442142e+07
2.251510681404216302e+04,1.415344699298711206e-01,-8.244299393937797316e-01,7.609914157659031451e+07,1.166381291885323450e+07
2.252075252788720900e+04,1.444040410806086139e-01,-8.239828420347755644e-01,7.604889003328362107e+07,1.194780913201206923e+07
2.252639824173225497e+04,1.472717155683112566e-01,-8.235251030545949202e-01,7.599761738328416646e+07,1.223164640757441893e+07
2.253204395557730095e+04,1.501374561523613482e-01,-8.230567296880790806e-01,7.594532455782964826e+07,1.251532186671562865e+07
2.253768966942234692e+04,1.530012256221791045e-01,-8.225777292492683079e-01,7.589201251154279709e+07,1.279883261315288022e+07
2.254333538326738926e+04,1.558629867972208816e-01,-8.220881091314033995e-01,7.583768222243143618e+07,1.308217573314498737e+07
2.254898109711243524e+04,1.587227025269867531e-01,-8.215878768069236893e-01,7.578233469188828766e+07,1.336534829549316317e+07
2.255462681095748121e+04,1.615803356910090471e-01,-8.210770398274690463e-01,7.572597094469118118e+07,1.364834735153991729e+07
2.256027252480252719e+04,1.644358491988604787e-01,-8.205556058238784312e-01,7.566859202900296450e+07,1.393116993516976014e+07
2.256591823864757316e+04,1.672892059901514294e-01,-8.200235825061910067e-01,7.561019901637153327e+07,1.421381306280903518e+07
2.257156395249261914e+04,1.701403690345303643e-01,-8.194809776636451382e-01,7.555079300172974169e+07,1.449627373342593014e+07
2.257720966633766511e+04,1.729893013316839423e-01,-8.189277991646790600e-01,7.549037510339552164e+07,1.477854892853047699e+07
2.258285538018271109e+04,1.758359659113367390e-01,-8.183640549569305422e-01,7.542894646307180822e+07,1.506063561217451096e+07
2.258850109402775706e+04,1.786803258332514133e-01,-8.177897530672371129e-01,7.536650824584658444e+07,1.534253073095175624e+07
2.259414680787280304e+04,1.815223441872287069e-01,-8.172049016016357248e-01,7.530306164019282162e+07,1.562423121399769187e+07
2.259979252171784901e+04,1.843619840931073339e-01,-8.166095087453631995e-01,7.523860785796855390e+07,1.590573397298972309e+07
2.260543823556289499e+04,1.871992087007644523e-01,-8.160035827628560057e-01,7.517314813441681862e+07,1.618703590214702487e+07
2.261108394940793733e+04,1.900339811901128606e-01,-8.153871319977504806e-01,7.510668372816571593e+07,1.646813387823045999e+07
2.261672966325298330e+04,1.928662647711091860e-01,-8.147601648728813872e-01,7.503921592122825980e+07,1.674902476054323465e+07
2.262237537709802928e+04,1.956960226837425321e-01,-8.141226898902848008e-01,7.497074601900261641e+07,1.702970539092990011e+07
2.262802109094307525e+04,1.985232181980421118e-01,-8.134747156311955552e-01,7.490127535027192533e+07,1.731017259377697110e+07
2.263366680478812123e+04,2.013478146140749714e-01,-8.128162507560481309e-01,7.483080526720434427e+07,1.759042317601282895e+07
2.263931251863316720e+04,2.041697752619461292e-01,-8.121473040044769887e-01,7.475933714535306394e+07,1.787045392710766941e+07
2.264495823247821318e+04,2.069890635017990754e-01,-8.114678841953159028e-01,7.468687238365632296e+07,1.815026161907356232e+07
2.265060394632325915e+04,2.098056427238147170e-01,-8.107780002265986274e-01,7.461341240443734825e+07,1.842984300646435469e+07
2.265624966016830513e+04,2.126194763482126548e-01,-8.100776610755582308e-01,7.453895865340439975e+07,1.870919482637578994e+07
2.266189537401335110e+04,2.154305278252499067e-01,-8.093668757986275386e-01,7.446351259965078533e+07,1.898831379844537377e+07
2.266754108785839708e+04,2.182387606352221565e-01,-8.086456535314392458e-01,7.438707573565481603e+07,1.926719662485252321e+07
2.267318680170344305e+04,2.210441382884628936e-01,-8.079140034888254718e-01,7.430964957727982104e+07,1.954583999031845480e+07
2.267883251554848539e+04,2.238466243253415533e-01,-8.071719349648184272e-01,7.423123566377425194e+07,1.982424056210602820e+07
2.268447822939353136e+04,2.266461823162716216e-01,-8.064194573326485260e-01,7.415183555777136981e+07,2.010239499002050608e+07
2.269012394323857734e+04,2.294427758616987001e-01,-8.056565800447474945e-01,7.407145084528966248e+07,2.038029990640840679e+07
2.269576965708362331e+04,2.322363685921085552e-01,-8.048833126327459286e-01,7.399008313573256135e+07,2.065795192615832388e+07
2.270141537092866929e+04,2.350269241680247312e-01,-8.040996647074745152e-01,7.390773406188853085e+07,2.093534764670062065e+07
2.270706108477371527e+04,2.378144062800092717e-01,-8.033056459589630327e-01,7.382440527993108332e+07,2.121248364800753444e+07
2.271270679861876124e+04,2.405987786486619151e-01,-8.025012661564411287e-01,7.374009846941871941e+07,2.148935649259314686e+07
2.271835251246380722e+04,2.433800050246202884e-01,-8.016865351483384305e-01,7.365481533329498768e+07,2.176596272551333904e+07
2.272399822630885319e+04,2.461580491885607125e-01,-8.008614628622836573e-01,7.356855759788845479e+07,2.204229887436584383e+07
2.272964394015389917e+04,2.489328749511967587e-01,-8.000260593051055080e-01,7.348132701291270554e+07,2.231836144929024577e+07
2.273528965399894514e+04,2.517044461532808586e-01,-7.991803345628322175e-01,7.339312535146638751e+07,2.259414694296794385e+07
2.274093536784399112e+04,2.544727266656027775e-01,-7.983242988006917784e-01,7.330395441003310680e+07,2.286965183062216640e+07
2.274658108168903345e+04,2.572376803889889763e-01,-7.974579622631123854e-01,7.321381600848162174e+07,2.314487257001782209e+07
2.275222679553407943e+04,2.599992712543093276e-01,-7.965813352737199926e-01,7.312271199006547034e+07,2.341980560146217793e+07
2.275787250937912540e+04,2.627574632224660700e-01,-7.956944282353421993e-01,7.303064422142347693e+07,2.369444734780377895e+07
2.276351822322417138e+04,2.655122202844016344e-01,-7.947972516300053636e-01,7.293761459257934988e+07,2.396879421443323791e+07
2.276916393706921735e+04,2.682635064610962572e-01,-7.938898160189356012e-01,7.284362501694189012e+07,2.424284258928295970e+07
2.277480965091426333e+04,2.710112858035684247e-01,-7.929721320425588971e-01,7.274867743130484223e+07,2.451658884282719344e+07
2.278045536475930930e+04,2.737555223928745951e-01,-7.920442104205006606e-01,7.265277379584707320e+07,2.479002932808200270e+07
2.278610107860435528e+04,2.764961803401090878e-01,-7.911060619515857262e-01,7.255591609413240850e+07,2.506316038060534745e+07
2.279174679244940125e+04,2.792332237864046940e-01,-7.901576975138392411e-01,7.245810633310970664e+07,2.533597831849695742e+07
2.279739250629444723e+04,2.819666169029317881e-01,-7.891991280644853335e-01,7.235934654311287403e+07,2.560847944239842147e+07
2.280303822013949321e+04,2.846963238908991611e-01,-7.882303646399481112e-01,7.225963877786083519e+07,2.588066003549317271e+07
2.280868393398453918e+04,2.874223089815534649e-01,-7.872514183558514400e-01,7.215898511445751786e+07,2.615251636350648850e+07
2.281432964782958152e+04,2.901445364361776025e-01,-7.862623004070190547e-01,7.205738765339195728e+07,2.642404467470527440e+07
2.281997536167462749e+04,2.928629705460982779e-01,-7.852630220674725603e-01,7.195484851853802800e+07,2.669524119989880174e+07
2.282562107551967347e+04,2.955775756326740611e-01,-7.842535946904355404e-01,7.185136985715481639e+07,2.696610215243767947e+07
2.283126678936471944e+04,2.982883160473041029e-01,-7.832340297083302261e-01,7.174695383988636732e+07,2.723662372821451724e+07
2.283691250320976542e+04,3.009951561714255819e-01,-7.822043386327783843e-01,7.164160266076172888e+07,2.750680210566373169e+07
2.284255821705481139e+04,3.036980604165131492e-01,-7.811645330546016508e-01,7.153531853719501197e+07,2.777663344576160610e+07
2.284820393089985737e+04,3.063969932240800387e-01,-7.801146246438211973e-01,7.142810370998534560e+07,2.804611389202623069e+07
2.285384964474490334e+04,3.090919190656772897e-01,-7.790546251496579533e-01,7.131996044331684709e+07,2.831523957051757723e+07
2.285949535858994932e+04,3.117828024428940803e-01,-7.779845464005324951e-01,7.121089102475871146e+07,2.858400658983740211e+07
2.286514107243499529e+04,3.144696078873578382e-01,-7.769044003040647128e-01,7.110089776526512206e+07,2.885241104112931341e+07
2.287078678628004127e+04,3.171522999607335191e-01,-7.758141988470746986e-01,7.098998299917531013e+07,2.912044899807877094e+07
2.287643250012508724e+04,3.198308432547247171e-01,-7.747139540955817472e-01,7.087814908421349525e+07,2.938811651691307873e+07
2.288207821397013322e+04,3.225052023910724430e-01,-7.736036781948051333e-01,7.076539840148897469e+07,2.965540963640130311e+07
2.288772392781517556e+04,3.251753420215549584e-01,-7.724833833691642226e-01,7.065173335549609363e+07,2.992232437785427272e+07
2.289336964166022153e+04,3.278412268279926045e-01,-7.713530819222758073e-01,7.053715637411403656e+07,3.018885674512508512e+07
2.289901535550526751e+04,3.305028215222395316e-01,-7.702127862369588795e-01,7.042166990860722959e+07,3.045500272460822016e+07
2.290466106935031348e+04,3.331600908461893051e-01,-7.690625087752310796e-01,7.030527643362502754e+07,3.072075828524013609e+07
2.291030678319535946e+04,3.358129995717734073e-01,-7.679022620783095832e-01,7.018797844720183313e+07,3.098611937849909067e+07
2.291595249704040543e+04,3.384615125009615144e-01,-7.667320587666115461e-01,7.006977847075706720e+07,3.125108193840525299e+07
2.292159821088545141e+04,3.411055944657616634e-01,-7.655519115397535490e-01,6.995067904909516871e+07,3.151564188152057678e+07
2.292724392473049738e+04,3.437452103282191973e-01,-7.643618331765518192e-01,6.983068275040562451e+07,3.177979510694883019e+07
2.293288963857554336e+04,3.463803249804184858e-01,-7.631618365350224531e-01,6.970979216626290977e+07,3.204353749633569270e+07
2.293853535242058933e+04,3.490109033444808717e-01,-7.619519345523808607e-01,6.958800991162654757e+07,3.230686491386859864e+07
2.294418106626563531e+04,3.516369103725666689e-01,-7.607321402450422099e-01,6.946533862484109402e+07,3.256977320627687871e+07
2.294982678011068128e+04,3.542583110468736085e-01,-7.595024667086214265e-01,6.934178096763612330e+07,3.283225820283167064e+07
2.295547249395572362e+04,3.568750703796364498e-01,-7.582629271179339714e-01,6.921733962512628734e+07,3.309431571534574777e+07
2.296111820780076960e+04,3.594871534131321433e-01,-7.570135347269921766e-01,6.909201730581106246e+07,3.335594153817429394e+07
2.296676392164581557e+04,3.620945252196715036e-01,-7.557543028690109077e-01,6.896581674157518148e+07,3.361713144821377844e+07
2.297240963549086155e+04,3.646971509016047053e-01,-7.544852449564032337e-01,6.883874068768830597e+07,3.387788120490267873e+07
2.297805534933590752e+04,3.672949955913198949e-01,-7.532063744807825367e-01,6.871079192280513048e+07,3.413818655022130162e+07
2.298370106318095350e+04,3.698880244512435800e-01,-7.519177050129616235e-01,6.858197324896536767e+07,3.439804320869179815e+07
2.298934677702599947e+04,3.724762026738396292e-01,-7.506192502029527258e-01,6.845228749159379303e+07,3.465744688737815619e+07
2.299499249087104545e+04,3.750594954816110493e-01,-7.493110237799679441e-01,6.832173749950014055e+07,3.491639327588621527e+07
2.300063820471609142e+04,3.776378681270978754e-01,-7.479930395524188036e-01,6.819032614487923682e+07,3.517487804636359215e+07
2.300628391856113740e+04,3.802112858928788364e-01,-7.466653114079169207e-01,6.805805632331088185e+07,3.543289685349982232e+07
2.301192963240618337e+04,3.827797140915704666e-01,-7.453278533132731143e-01,6.792493095375993848e+07,3.569044533452620357e+07
2.301757534625122935e+04,3.853431180658272170e-01,-7.439806793144980723e-01,6.779095297857625782e+07,3.594751910921589285e+07
2.302322106009627169e+04,3.879014631883405118e-01,-7.426238035368029067e-01,6.765612536349484324e+07,3.620411377988375723e+07
2.302886677394131766e+04,3.904547148618439101e-01,-7.412572401845957115e-01,6.752045109763541818e+07,3.646022493138692528e+07
2.303451248778636364e+04,3.930028385191047247e-01,-7.398810035414871145e-01,6.738393319350305200e+07,3.671584813112389296e+07
2.304015820163140961e+04,3.955457996229298501e-01,-7.384951079702861687e-01,6.724657468698768318e+07,3.697097892903518677e+07
2.304580391547645559e+04,3.980835636661638754e-01,-7.370995679130020184e-01,6.710837863736432046e+07,3.722561285760314763e+07
2.305144962932150156e+04,4.006160961716901947e-01,-7.356943978908426773e-01,6.696934812729298323e+07,3.747974543185191602e+07
2.305709534316654754e+04,4.031433626924293412e-01,-7.342796125042168054e-01,6.682948626281872392e+07,3.773337214934750646e+07
2.306274105701159351e+04,4.056653288113406530e-01,-7.328552264327318211e-01,6.668879617337160558e+07,3.798648849019780010e+07
2.306838677085663949e+04,4.081819601414209409e-01,-7.314212544351955669e-01,6.654728101176673919e+07,3.823908991705242544e+07
2.307403248470168546e+04,4.106932223257055425e-01,-7.299777113496147551e-01,6.640494395420422405e+07,3.849117187510292977e+07
2.307967819854673144e+04,4.131990810372676015e-01,-7.285246120931964109e-01,6.626178820026922226e+07,3.874272979208263755e+07
2.308532391239177741e+04,4.156995019792183443e-01,-7.270619716623467621e-01,6.611781697293190658e+07,3.899375907826673239e+07
2.309096962623681975e+04,4.181944508847055264e-01,-7.255898051326727938e-01,6.597303351854756474e+07,3.924425512647210062e+07
2.309661534008186572e+04,4.206838935169193716e-01,-7.241081276589784732e-01,6.582744110685622692e+07,3.949421331205787510e+07
2.310226105392691170e+04,4.231677956690841347e-01,-7.226169544752699681e-01,6.568104303098323196e+07,3.974362899292462319e+07
2.310790676777195767e+04,4.256461231644628196e-01,-7.211163008947523156e-01,6.553384260743886977e+07,3.999249750951483846e+07
2.311355248161700365e+04,4.281188418563574571e-01,-7.196061823098299781e-01,6.538584317611841857e+07,4.024081418481289595e+07
2.311919819546204963e+04,4.305859176281071066e-01,-7.180866141921075085e-01,6.523704810030220449e+07,4.048857432434497029e+07
2.312484390930709560e+04,4.330473163930892988e-01,-7.165576120923884407e-01,6.508746076665557921e+07,4.073577321617911756e+07
2.313048962315214158e+04,4.355030040947200920e-01,-7.150191916406768433e-01,6.493708458522891253e+07,4.098240613092519343e+07
2.313613533699718755e+04,4.379529467064531278e-01,-7.134713685461755439e-01,6.478592298945760727e+07,4.122846832173487544e+07
2.314178105084223353e+04,4.403971102317797981e-01,-7.119141585972874609e-01,6.463397943616207689e+07,4.147395502430173010e+07
2.314742676468727950e+04,4.428354607042304658e-01,-7.103475776616152704e-01,6.448125740554777533e+07,4.171886145686109364e+07
2.315307247853232548e+04,4.452679641873723559e-01,-7.087716416859609625e-01,6.432776040120516717e+07,4.196318282019019127e+07
2.315871819237737145e+04,4.476945867748118868e-01,-7.071863666963265072e-01,6.417349195010975748e+07,4.220691429760807008e+07
2.316436390622241379e+04,4.501152945901911728e-01,-7.055917687979141872e-01,6.401845560262216628e+07,4.245005105497543514e+07
2.317000962006745976e+04,4.525300537871953521e-01,-7.039878641751232680e-01,6.386265493248774111e+07,4.269258824069531262e+07
2.317565533391250574e+04,4.549388305495430385e-01,-7.023746690915553259e-01,6.370609353683716059e+07,4.293452098571207374e+07
2.318130104775755171e+04,4.573415910909925941e-01,-7.007521998900108073e-01,6.354877503618601710e+07,4.317584440351214260e+07
2.318694676160259769e+04,4.597383016553396318e-01,-6.991204729924899164e-01,6.339070307443493605e+07,4.341655359012367576e+07
2.319259247544764366e+04,4.621289285164188465e-01,-6.974795049001921710e-01,6.323188131886955351e+07,4.365664362411677092e+07
2.319823818929268964e+04,4.645134379781020173e-01,-6.958293121935169578e-01,6.307231346016055346e+07,4.389610956660328805e+07
2.320388390313773562e+04,4.668917963742999500e-01,-6.941699115320631996e-01,6.291200321236363798e+07,4.413494646123698354e+07
2.320952961698278159e+04,4.692639700689608673e-01,-6.925013196546295768e-01,6.275095431291952729e+07,4.437314933421335369e+07
2.321517533082782757e+04,4.716299254560712417e-01,-6.908235533792143057e-01,6.258917052265395969e+07,4.461071319426984340e+07
2.322082104467287354e+04,4.739896289596553514e-01,-6.891366296030154714e-01,6.242665562577772141e+07,4.484763303268563747e+07
2.322646675851791952e+04,4.763430470337758349e-01,-6.874405653024304730e-01,6.226341342988660932e+07,4.508390382328182459e+07
2.323211247236296185e+04,4.786901461625318599e-01,-6.857353775330576884e-01,6.209944776596154273e+07,4.531952052242115885e+07
2.323775818620800783e+04,4.810308928600650069e-01,-6.840210834296919229e-01,6.193476248836815357e+07,4.555447806900865585e+07
2.324340390005305380e+04,4.833652536705502767e-01,-6.822977002063305152e-01,6.176936147485744953e+07,4.578877138449070603e+07
2.324904961389809978e+04,4.856932169392252363e-01,-6.805652820947840631e-01,6.160323891657794267e+07,4.602243167517091334e+07
2.325469532774314575e+04,4.880148283290955957e-01,-6.788239803472937428e-01,6.143636149334305525e+07,4.625558423101668060e+07
2.326034104158819173e+04,4.903300640467382898e-01,-6.770738280837103051e-01,6.126872456094164401e+07,4.648823677070330083e+07
2.326598675543323770e+04,4.926388934697659150e-01,-6.753148468375855806e-01,6.110032648104686290e+07,4.672038548710191250e+07
2.327163246927828368e+04,4.949412860238604495e-01,-6.735470582366813730e-01,6.093116565034675598e+07,4.695202658340751380e+07
2.327727818312332965e+04,4.972372111827731977e-01,-6.717704840029690150e-01,6.076124050054423511e+07,4.718315627313902229e+07
2.328292389696837563e+04,4.995266384683249017e-01,-6.699851459526291464e-01,6.059054949835708737e+07,4.741377078013924509e+07
2.328856961081342160e+04,5.018095374504053519e-01,-6.681910659960527132e-01,6.041909114551797509e+07,4.764386633857490867e+07
2.329421532465846758e+04,5.040858777469737761e-01,-6.663882661378399686e-01,6.024686397877443582e+07,4.787343919293660671e+07
2.329986103850350992e+04,5.063556290240572855e-01,-6.645767684768018047e-01,6.007386656988897920e+07,4.810248559803871810e+07
2.330550675234855589e+04,5.086187609957563138e-01,-6.627565952059557564e-01,5.990009752563866973e+07,4.833100181901993603e+07
2.331115246619360187e+04,5.108752434242368468e-01,-6.609277686125322182e-01,5.972555548781578243e+07,4.855898413134241849e+07
2.331679818003864784e+04,5.131250461197350843e-01,-6.590903110779701146e-01,5.955023913322733343e+07,4.878642882079238445e+07
2.332244389388369382e+04,5.153681389405568858e-01,-6.572442450779181211e-01,5.937414717369524390e+07,4.901333218347994238e+07
2.332808960772873979e+04,5.176044917930768818e-01,-6.553895931822345533e-01,5.919727835605628043e+07,4.923969052583908290e+07
2.333373532157378577e+04,5.198340746317396954e-01,-6.535263780549873669e-01,5.901963146216209978e+07,4.946550016462773085e+07
2.333938103541883174e+04,5.220568574590589428e-01,-6.516546224544542687e-01,5.884120530887922645e+07,4.969075742692767829e+07
2.334502674926387772e+04,5.242728103256171224e-01,-6.497743492331223836e-01,5.866199874808906019e+07,4.991545865014463663e+07
2.335067246310892369e+04,5.264819033300667250e-01,-6.478855813376890316e-01,5.848201066668787599e+07,5.013960018200819939e+07
2.335631817695396967e+04,5.286841066191292349e-01,-6.459883418090605067e-01,5.830123998658682406e+07,5.036317838057188690e+07
2.336196389079901564e+04,5.308793903875951292e-01,-6.440826537823531872e-01,5.811968566471192241e+07,5.058618961421307921e+07
2.336760960464405798e+04,5.330677248783234345e-01,-6.421685404868945346e-01,5.793734669300419092e+07,5.080863026163295656e+07
2.337325531848910396e+04,5.352490803822461674e-01,-6.402460252462175427e-01,5.775422209841915965e+07,5.103049671185699105e+07
2.337890103233414993e+04,5.374234272383604516e-01,-6.383151314780688423e-01,5.757031094292758405e+07,5.125178536423414201e+07
2.338454674617919591e+04,5.395907358337344029e-01,-6.363758826944032609e-01,5.738561232351499051e+07,5.147249262843741477e+07
2.339019246002424188e+04,5.417509766035053520e-01,-6.344283025013857102e-01,5.720012537218176574e+07,5.169261492446370423e+07
2.339583817386928786e+04,5.439041200308797341e-01,-6.324724145993905200e-01,5.701384925594317913e+07,5.191214868263380229e+07
2.340148388771433383e+04,5.460501366471334217e-01,-6.305082427830013270e-01,5.682678317682936788e+07,5.213109034359241277e+07
2.340712960155937981e+04,5.481889970316117244e-01,-6.285358109410121852e-01,5.663892637188535184e+07,5.234943635830812901e+07
2.341277531540442578e+04,5.503206718117287233e-01,-6.265551430564263446e-01,5.645027811317100376e+07,5.256718318807344884e+07
2.341842102924947176e+04,5.524451316629684916e-01,-6.245662632064565845e-01,5.626083770776110142e+07,5.278432730450476706e+07
2.342406674309451773e+04,5.545623473088839850e-01,-6.225691955625258789e-01,5.607060449774526805e+07,5.300086518954237550e+07
2.342971245693956371e+04,5.566722895210974853e-01,-6.205639643902663982e-01,5.587957786022801697e+07,5.321679333545046300e+07
2.343535817078460968e+04,5.587749291193007117e-01,-6.185505940495202859e-01,5.568775720732872933e+07,5.343210824481713027e+07
2.344100388462965202e+04,5.608702369712532665e-01,-6.165291089943403247e-01,5.549514198618179560e+07,5.364680643055422604e+07
2.344664959847469800e+04,5.629581839927880749e-01,-6.144995337729854956e-01,5.530173167893608660e+07,5.386088441589792073e+07
2.345229531231974397e+04,5.650387411478031696e-01,-6.124618930279279727e-01,5.510752580275573581e+07,5.407433873440786451e+07
2.345794102616478995e+04,5.671118794482675751e-01,-6.104162114958484597e-01,5.491252390981961787e+07,5.428716592996775359e+07
2.346358674000983592e+04,5.691775699542193090e-01,-6.083625140076373006e-01,5.471672558732149750e+07,5.449936255678516626e+07
2.346923245385488190e+04,5.712357837737657151e-01,-6.063008254883945902e-01,5.452013045746999234e+07,5.471092517939159274e+07
2.347487816769992787e+04,5.732864920630839078e-01,-6.042311709574298417e-01,5.432273817748860270e+07,5.492185037264242023e+07
2.348052388154497385e+04,5.753296660264194395e-01,-6.021535755282626523e-01,5.412454843961571157e+07,5.513213472171694040e+07
2.348616959539001982e+04,5.773652769160878551e-01,-6.000680644086219262e-01,5.392556097110455483e+07,5.534177482211833447e+07
2.349181530923506580e+04,5.793932960324738035e-01,-5.979746629004464298e-01,5.372577553422325850e+07,5.555076727967368811e+07
2.349746102308011177e+04,5.814136947240310382e-01,-5.958733963998844585e-01,5.352519192625482380e+07,5.575910871053398401e+07
2.350310673692515775e+04,5.834264443872829720e-01,-5.937642903972940589e-01,5.332380997949712723e+07,5.596679574117411673e+07
2.350875245077020008e+04,5.854315164668206783e-01,-5.916473704772443609e-01,5.312162956126302481e+07,5.617382500839272141e+07
2.351439816461524606e+04,5.874288824553084432e-01,-5.895226623185099157e-01,5.291865057387989014e+07,5.638019315931275487e+07
2.352004387846029204e+04,5.894185138934764367e-01,-5.873901916940793555e-01,5.271487295469033718e+07,5.658589685138066113e+07
2.352568959230533801e+04,5.914003823701247109e-01,-5.852499844711490651e-01,5.251029667605173588e+07,5.679093275236692280e+07
2.353133530615038399e+04,5.933744595221231988e-01,-5.831020666111256245e-01,5.230492174533633143e+07,5.699529754036591947e+07
2.353698101999542996e+04,5.953407170344107158e-01,-5.809464641696250320e-01,5.209874820493122190e+07,5.719898790379592776e+07
2.354262673384047594e+04,5.972991266399956256e-01,-5.787832032964730367e-01,5.189177613223841041e+07,5.740200054139913619e+07
2.354827244768552191e+04,5.992496601199557293e-01,-5.766123102357049168e-01,5.168400563967475295e+07,5.760433216224160790e+07
2.355391816153056789e+04,6.011922893034374882e-01,-5.744338113255659239e-01,5.147543687467198074e+07,5.780597948571332544e+07
2.355956387537561386e+04,6.031269860676574668e-01,-5.722477329985106165e-01,5.126607001967671514e+07,5.800693924152817577e+07
2.356520958922065984e+04,6.050537223379008900e-01,-5.700541017812035260e-01,5.105590529215043783e+07,5.820720816972391307e+07
2.357085530306570581e+04,6.069724700875227530e-01,-5.678529442945186023e-01,5.084494294456949085e+07,5.840678302066223323e+07
2.357650101691074815e+04,6.088832013379457120e-01,-5.656442872535409894e-01,5.063318326442525536e+07,5.860566055502857268e+07
2.358214673075579412e+04,6.107858881586658573e-01,-5.634281574675612525e-01,5.042062657422356308e+07,5.880383754383265227e+07
2.358779244460084010e+04,6.126805026672443866e-01,-5.612045818400840380e-01,5.020727323148552328e+07,5.900131076840773225e+07
2.359343815844588607e+04,6.145670170293133783e-01,-5.589735873688218559e-01,4.999312362874700129e+07,5.919807702041108161e+07
2.359908387229093205e+04,6.164454034585740150e-01,-5.567352011456971894e-01,4.977817819355871528e+07,5.939413310182385892e+07
2.360472958613597802e+04,6.183156342167970276e-01,-5.544894503568422728e-01,4.956243738848626614e+07,5.958947582495114207e+07
2.361037529998102400e+04,6.201776816138222514e-01,-5.522363622825985363e-01,4.934590171111013740e+07,5.978410201242190599e+07
2.361602101382606998e+04,6.220315180075587369e-01,-5.499759642975177165e-01,4.912857169402566552e+07,5.997800849718900770e+07
2.362166672767111595e+04,6.238771158039849718e-01,-5.477082838703606349e-01,4.891044790484308451e+07,6.017119212252922356e+07
2.362731244151616193e+04,6.257144474571487702e-01,-5.454333485640983081e-01,4.869153094618748128e+07,6.036364974204321951e+07
2.363295815536120790e+04,6.275434854691671616e-01,-5.431511860359108379e-01,4.847182145569883287e+07,6.055537821965555847e+07
2.363860386920625388e+04,6.293642023902266125e-01,-5.408618240371885211e-01,4.825132010603199154e+07,6.074637442961471528e+07
2.364424958305129621e+04,6.311765708185812507e-01,-5.385652904135326269e-01,4.803002760485680401e+07,6.093663525649292767e+07
2.364989529689634219e+04,6.329805634005588599e-01,-5.362616131047495127e-01,4.780794469485758245e+07,6.112615759518669546e+07
2.365554101074138816e+04,6.347761528305522205e-01,-5.339508201448597280e-01,4.758507215373394638e+07,6.131493835091607273e+07
2.366118672458643414e+04,6.365633118510248822e-01,-5.316329396620921299e-01,4.736141079420022666e+07,6.150297443922512233e+07
2.366683243843148011e+04,6.383420132525096102e-01,-5.293079998788849938e-01,4.713696146398563683e+07,6.169026278598179668e+07
2.367247815227652609e+04,6.401122298736088290e-01,-5.269760291118866791e-01,4.691172504583425820e+07,6.187680032737796009e+07
2.367812386612157206e+04,6.418739346009937341e-01,-5.246370557719547412e-01,4.668570245750507712e+07,6.206258400992938131e+07
2.368376957996661804e+04,6.436271003694051807e-01,-5.222911083641565977e-01,4.645889465177191049e+07,6.224761079047571123e+07
2.368941529381166401e+04,6.453717001616531279e-01,-5.199382154877696394e-01,4.623130261642347276e+07,6.243187763618051261e+07
2.369506100765670999e+04,6.471077070086168614e-01,-5.175784058362802309e-01,4.600292737426334620e+07,6.261538152453124523e+07
2.370070672150175596e+04,6.488350939892452152e-01,-5.152117081973851542e-01,4.577376998310999572e+07,6.279811944333925843e+07
2.370635243534680194e+04,6.505538342305559052e-01,-5.128381514529903873e-01,4.554383153579674661e+07,6.298008839073981345e+07
2.371199814919184428e+04,6.522639009076350858e-01,-5.104577645792132135e-01,4.531311316017195582e+07,6.316128537519196421e+07
2.371764386303689025e+04,6.539652672436416792e-01,-5.080705766463760042e-01,4.508161601909840107e+07,6.334170741547898203e+07
2.372328957688193623e+04,6.556579065098000481e-01,-5.056766168190155453e-01,4.484934131045420468e+07,6.352135154070770741e+07
2.372893529072698220e+04,6.573417920254055469e-01,-5.032759143558764858e-01,4.461629026713216305e+07,6.370021479030899704e+07
2.373458100457202818e+04,6.590168971578226342e-01,-5.008684986099133374e-01,4.438246415704001486e+07,6.387829421403759718e+07
2.374022671841707415e+04,6.606831953224848730e-01,-4.984543990282901404e-01,4.414786428310029209e+07,6.405558687197218090e+07
2.374587243226212013e+04,6.623406599828953745e-01,-4.960336451523808532e-01,4.391249198325048387e+07,6.423208983451527357e+07
2.375151814610716610e+04,6.639892646506263540e-01,-4.936062666177688518e-01,4.367634863044288754e+07,6.440780018239334971e+07
2.375716385995221208e+04,6.656289828853194646e-01,-4.911722931542473192e-01,4.343943563264471292e+07,6.458271500665673614e+07
2.376280957379725805e+04,6.672597882946856851e-01,-4.887317545858188561e-01,4.320175443283803761e+07,6.475683140867970884e+07
2.376845528764230403e+04,6.688816545345050990e-01,-4.862846808306961477e-01,4.296330650901979208e+07,6.493014650016039610e+07
2.377410100148735000e+04,6.704945553086271159e-01,-4.838311019013012970e-01,4.272409337420180440e+07,6.510265740312084556e+07
2.377974671533239598e+04,6.720984643689709159e-01,-4.813710479042659918e-01,4.248411657641077042e+07,6.527436124990701675e+07
2.378539242917743832e+04,6.736933555155231179e-01,-4.789045490404335026e-01,4.224337769868839532e+07,6.544525518318863958e+07
2.379103814302248429e+04,6.752792025963433309e-01,-4.764316356048515777e-01,4.200187835909083486e+07,6.561533635595968366e+07
2.379668385686753027e+04,6.768559795075572705e-01,-4.739523379867827124e-01,4.175962021068953723e+07,6.578460193153767288e+07
2.380232957071257624e+04,6.784236601933608668e-01,-4.714666866696973768e-01,4.151660494157069921e+07,6.595304908356416970e+07
2.380797528455762222e+04,6.799822186460194873e-01,-4.689747122312756811e-01,4.127283427483539283e+07,6.612067499600460380e+07
2.381362099840266819e+04,6.815316289058674926e-01,-4.664764453434075975e-01,4.102830996859954298e+07,6.628747686314831674e+07
2.381926671224771417e+04,6.830718650613091247e-01,-4.639719167721924609e-01,4.078303381599396467e+07,6.645345188960856944e+07
2.382491242609276014e+04,6.846029012488171750e-01,-4.614611573779394682e-01,4.053700764516434073e+07,6.661859729032248259e+07
2.383055813993780612e+04,6.861247116529342049e-01,-4.589441981151674010e-01,4.029023331927123666e+07,6.678291029055109620e+07
2.383620385378285209e+04,6.876372705062722135e-01,-4.564210700326048475e-01,4.004271273649007082e+07,6.694638812587936223e+07
2.384184956762789807e+04,6.891405520895120818e-01,-4.538918042731899249e-01,3.979444783001116663e+07,6.710902804221612215e+07
2.384749528147294404e+04,6.906345307314043502e-01,-4.513564320740704461e-01,3.954544056803970039e+07,6.727082729579409957e+07
2.385314099531798638e+04,6.921191808087674424e-01,-4.488149847666054737e-01,3.929569295379588008e+07,6.743178315316985548e+07
2.385878670916303236e+04,6.935944767464923277e-01,-4.462674937763591032e-01,3.904520702551430464e+07,6.759189289122408628e+07
2.386443242300807833e+04,6.950603930175363043e-01,-4.437139906231096775e-01,3.879398485644496977e+07,6.775115379716117680e+07
2.387007813685312431e+04,6.965169041429272179e-01,-4.411545069208437364e-01,3.854202855485251546e+07,6.790956316850942373e+07
2.387572385069817028e+04,6.979639846917614632e-01,-4.385890743777574041e-01,3.828934026401650906e+07,6.806711831312108040e+07
2.388136956454321626e+04,6.994016092812054275e-01,-4.360177247962565561e-01,3.803592216223137826e+07,6.822381654917229712e+07
2.388701527838826223e+04,7.008297525764947133e-01,-4.334404900729567078e-01,3.778177646280640364e+07,6.837965520516306162e+07
2.389266099223330821e+04,7.022483892909338055e-01,-4.308574021986830149e-01,3.752690541406579316e+07,6.853463161991734803e+07
2.389830670607835418e+04,7.036574941858967369e-01,-4.282684932584704396e-01,3.727131129934854805e+07,6.868874314258295298e+07
2.390395241992340016e+04,7.050570420708269781e-01,-4.256737954315633066e-01,3.701499643700860441e+07,6.884198713263165951e+07
2.390959813376844613e+04,7.064470078032372147e-01,-4.230733409914160248e-01,3.675796318041477352e+07,6.899436095985902846e+07
2.391524384761349211e+04,7.078273662887092366e-01,-4.204671623056921992e-01,3.650021391795070469e+07,6.914586200438465178e+07
2.392088956145853444e+04,7.091980924808936049e-01,-4.178552918362672397e-01,3.624175107301510870e+07,6.929648765665182471e+07
2.392653527530358042e+04,7.105591613815123164e-01,-4.152377621392208673e-01,3.598257710402106494e+07,6.944623531742808223e+07
2.393218098914862640e+04,7.119105480403544739e-01,-4.126146058648477166e-01,3.572269450439703465e+07,6.959510239780455828e+07
2.393782670299367237e+04,7.132522275552793944e-01,-4.099858557576502305e-01,3.546210580258619785e+07,6.974308631919635832e+07
2.394347241683871835e+04,7.145841750722150554e-01,-4.073515446563406583e-01,3.520081356204657257e+07,6.989018451334252954e+07
2.394911813068376432e+04,7.159063657851596485e-01,-4.047117054938407787e-01,3.493882038125105947e+07,7.003639442230598629e+07
2.395476384452881030e+04,7.172187749361799147e-01,-4.020663712972822879e-01,3.467612889368746430e+07,7.018171349847356975e+07
2.396040955837385627e+04,7.185213778154122544e-01,-3.994155751880062999e-01,3.441274176785843819e+07,7.032613920455598831e+07
2.396605527221890225e+04,7.198141497610622830e-01,-3.967593503815637912e-01,3.414866170728151500e+07,7.046966901358786225e+07
2.397170098606394822e+04,7.210970661594047204e-01,-3.940977301877151007e-01,3.388389145048910379e+07,7.061230040892772377e+07
2.397734669990899420e+04,7.223701024447841679e-01,-3.914307480104304848e-01,3.361843377102848887e+07,7.075403088425798714e+07
2.398299241375404017e+04,7.236332340996137757e-01,-3.887584373478900068e-01,3.335229147746181488e+07,7.089485794358496368e+07
2.398863812759908251e+04,7.248864366543757987e-01,-3.860808317924847577e-01,3.308546741336628050e+07,7.103477910123881698e+07
2.399428384144412848e+04,7.261296856876238159e-01,-3.833979650308105835e-01,3.281796445733346790e+07,7.117379188187380135e+07
2.399992955528917446e+04,7.273629568259784017e-01,-3.807098708436781331e-01,3.254978552297029644e+07,7.131189382046788931e+07
2.400557526913422043e+04,7.285862257441303447e-01,-3.780165831061058079e-01,3.228093355889843032e+07,7.144908246232295036e+07
2.401122098297926641e+04,7.297994681648395376e-01,-3.753181357873220381e-01,3.201141154875440523e+07,7.158535536306485534e+07
2.401686669682431238e+04,7.310026598589353108e-01,-3.726145629507645052e-01,3.174122251118959859e+07,7.172071008864328265e+07
2.402251241066935836e+04,7.321957766453162098e-01,-3.699058987540810861e-01,3.147036949987030402e+07,7.185514421533185244e+07
2.402815812451440434e+04,7.333787943909504392e-01,-3.671921774491285761e-01,3.119885560347764194e+07,7.198865532972809672e+07
2.403380383835945031e+04,7.345516890108747532e-01,-3.644734333819742433e-01,3.092668394570766389e+07,7.212124102875341475e+07
2.403944955220449629e+04,7.357144364681957871e-01,-3.617497009928946072e-01,3.065385768527123705e+07,7.225289891965310276e+07
2.404509526604954226e+04,7.368670127740895026e-01,-3.590210148163755499e-01,3.038038001589413732e+07,7.238362661999641359e+07
2.405074097989458824e+04,7.380093939878006326e-01,-3.562874094811134817e-01,3.010625416631701589e+07,7.251342175767643750e+07
2.405638669373963421e+04,7.391415562166437914e-01,-3.535489197100136760e-01,2.983148340029538050e+07,7.264228197091019154e+07
2.406203240758467655e+04,7.402634756160020313e-01,-3.508055803201931555e-01,2.955607101659980044e+07,7.277020490823848546e+07
2.406767812142972252e+04,7.413751283893295074e-01,-3.480574262229733651e-01,2.928002034901518747e+07,7.289718822852629423e+07
2.407332383527476850e+04,7.424764907881479248e-01,-3.453044924238906077e-01,2.900333476634185389e+07,7.302322960096228123e+07
2.407896954911981447e+04,7.435675391120488698e-01,-3.425468140226892722e-01,2.872601767239481583e+07,7.314832670505902171e+07
2.408461526296486045e+04,7.446482497086930330e-01,-3.397844262133231097e-01,2.844807250600395352e+07,7.327247723065303266e+07
2.409026097680990642e+04,7.457185989738106535e-01,-3.370173642839558448e-01,2.816950274101402983e+07,7.339567887790471315e+07
2.409590669065495240e+04,7.467785633512012966e-01,-3.342456636169604534e-01,2.789031188628467172e+07,7.351792935729838908e+07
2.410155240449999837e+04,7.478281193327336318e-01,-3.314693596889202731e-01,2.761050348569040000e+07,7.363922638964223862e+07
2.410719811834504435e+04,7.488672434583457660e-01,-3.286884880706275602e-01,2.733008111812059581e+07,7.375956770606838167e+07
2.411284383219009032e+04,7.498959123160449103e-01,-3.259030844270847660e-01,2.704904839747948200e+07,7.387895104803282022e+07
2.411848954603513630e+04,7.509141025419079352e-01,-3.231131845175037043e-01,2.676740897268623859e+07,7.399737416731545329e+07
2.412413525988018228e+04,7.519217908200805933e-01,-3.203188241953060511e-01,2.648516652767482400e+07,7.411483482602009177e+07
2.412978097372522461e+04,7.529189538827776307e-01,-3.175200394081248434e-01,2.620232478139433265e+07,7.423133079657433927e+07
2.413542668757027059e+04,7.539055685102847848e-01,-3.147168661977973736e-01,2.591888748780813068e+07,7.434685986172996461e+07
2.414107240141531656e+04,7.548816115309553432e-01,-3.119093407003762364e-01,2.563485843589502573e+07,7.446141981456241012e+07
2.414671811526036254e+04,7.558470598212122527e-01,-3.090974991461215016e-01,2.535024144964854419e+07,7.457500845847104490e+07
2.415236382910540851e+04,7.568018903055481195e-01,-3.062813778595030456e-01,2.506504038807700574e+07,7.468762360717917979e+07
2.415800954295045449e+04,7.577460799565246541e-01,-3.034610132592007736e-01,2.477925914520370960e+07,7.479926308473400772e+07
2.416365525679550046e+04,7.586796057947730043e-01,-3.006364418581037867e-01,2.449290165006674826e+07,7.490992472550663352e+07
2.416930097064054644e+04,7.596024448889932001e-01,-2.978077002633109371e-01,2.420597186671912670e+07,7.501960637419204414e+07
2.417494668448559241e+04,7.605145743559550420e-01,-2.949748251761311058e-01,2.391847379422870278e+07,7.512830588580912352e+07
2.418059239833063839e+04,7.614159713604975455e-01,-2.921378533920824250e-01,2.363041146667823195e+07,7.523602112570071220e+07
2.418623811217568436e+04,7.623066131155286085e-01,-2.892968218008927783e-01,2.334178895316533744e+07,7.534274996953344345e+07
2.419188382602073034e+04,7.631864768820261213e-01,-2.864517673864999669e-01,2.305261035780248046e+07,7.544849030329796672e+07
2.419752953986577268e+04,7.640555399690361904e-01,-2.836027272270528754e-01,2.276287981971723586e+07,7.555324002330866456e+07
2.420317525371081865e+04,7.649137797336760247e-01,-2.807497384949050878e-01,2.247260151305147260e+07,7.565699703620409966e+07
2.420882096755586463e+04,7.657611735811304943e-01,-2.778928384566248799e-01,2.218177964696247131e+07,7.575975925894644856e+07
2.421446668140091060e+04,7.665976989646542394e-01,-2.750320644729886688e-01,2.189041846562223136e+07,7.586152461882194877e+07
2.422011239524595658e+04,7.674233333855714490e-01,-2.721674539989821784e-01,2.159852224821759760e+07,7.596229105344067514e+07
2.422575810909100255e+04,7.682380543932753048e-01,-2.692990445838013835e-01,2.130609530895033479e+07,7.606205651073658466e+07
2.423140382293604853e+04,7.690418395852284261e-01,-2.664268738708513995e-01,2.101314199703702331e+07,7.616081894896760583e+07
2.423704953678109450e+04,7.698346666069626476e-01,-2.635509795977470926e-01,2.071966669670914859e+07,7.625857633671551943e+07
2.424269525062614048e+04,7.706165131520792411e-01,-2.606713995963133579e-01,2.042567382721307129e+07,7.635532665288600326e+07
2.424834096447118645e+04,7.713873569622486936e-01,-2.577881717925842864e-01,2.013116784281002730e+07,7.645106788670863211e+07
2.425398667831623243e+04,7.721471758272107078e-01,-2.549013342068041088e-01,1.983615323277611285e+07,7.654579803773690760e+07
2.425963239216127840e+04,7.728959475847746452e-01,-2.520109249534263074e-01,1.954063452140230685e+07,7.663951511584822834e+07
2.426527810600632074e+04,7.736336501208180838e-01,-2.491169822411160861e-01,1.924461626799465716e+07,7.673221714124378562e+07
2.427092381985136672e+04,7.743602613692898151e-01,-2.462195443727427102e-01,1.894810306687350571e+07,7.682390214444889128e+07
2.427656953369641269e+04,7.750757593122064026e-01,-2.433186497453905806e-01,1.865109954737463593e+07,7.691456816631257534e+07
2.428221524754145867e+04,7.757801219796539582e-01,-2.404143368503522116e-01,1.835361037384852022e+07,7.700421325800782442e+07
2.428786096138650464e+04,7.764733274497881421e-01,-2.375066442731294802e-01,1.805564024566051364e+07,7.709283548103149235e+07
2.429350667523155062e+04,7.771553538488340518e-01,-2.345956106934341812e-01,1.775719389719084650e+07,7.718043290720438957e+07
2.429915238907659659e+04,7.778261793510855560e-01,-2.316812748851874160e-01,1.745827609783459455e+07,7.726700361867117882e+07
2.430479810292164257e+04,7.784857821789062937e-01,-2.287636757165204537e-01,1.715889165200173110e+07,7.735254570790044963e+07
2.431044381676668854e+04,7.791341406027286753e-01,-2.258428521497736763e-01,1.685904539911711961e+07,7.743705727768467367e+07
2.431608953061173452e+04,7.797712329410554366e-01,-2.229188432414977439e-01,1.655874221362044662e+07,7.752053644114020467e+07
2.432173524445678049e+04,7.803970375604573073e-01,-2.199916881424523463e-01,1.625798700496633351e+07,7.760298132170736790e+07
2.432738095830182647e+04,7.810115328755753428e-01,-2.170614260976073406e-01,1.595678471762422472e+07,7.768439005315029621e+07
2.433302667214686880e+04,7.816146973491189254e-01,-2.141280964461439729e-01,1.565514033107865602e+07,7.776476077955703437e+07
2.433867238599191478e+04,7.822065094918680961e-01,-2.111917386214473558e-01,1.535305885982844979e+07,7.784409165533964336e+07
2.434431809983696076e+04,7.827869478626712230e-01,-2.082523921511180987e-01,1.505054535338789225e+07,7.792238084523397684e+07
2.434996381368200673e+04,7.833559910684457783e-01,-2.053100966569647579e-01,1.474760489628595114e+07,7.799962652429977059e+07
2.435560952752705271e+04,7.839136177641792269e-01,-2.023648918550050579e-01,1.444424260806646943e+07,7.807582687792070210e+07
2.436125524137209868e+04,7.844598066529279157e-01,-1.994168175554669187e-01,1.414046364328811318e+07,7.815098010180436075e+07
2.436690095521714466e+04,7.849945364858176289e-01,-1.964659136627873448e-01,1.383627319152451307e+07,7.822508440198220313e+07
2.437254666906219063e+04,7.855177860620434771e-01,-1.935122201756137583e-01,1.353167647736408561e+07,7.829813799480961263e+07
2.437819238290723661e+04,7.860295342288694531e-01,-1.905557771868026384e-01,1.322667876041019708e+07,7.837013910696583986e+07
2.438383809675228258e+04,7.865297598816295421e-01,-1.875966248834204098e-01,1.292128533528102189e+07,7.844108597545406222e+07
2.438948381059732856e+04,7.870184419637266116e-01,-1.846348035467431370e-01,1.261550153160966188e+07,7.851097684760135412e+07
2.439512952444237453e+04,7.874955594666328551e-01,-1.816703535522563862e-01,1.230933271404405683e+07,7.857980998105865717e+07
2.440077523828742051e+04,7.879610914298896818e-01,-1.787033153696556964e-01,1.200278428224704415e+07,7.864758364380085468e+07
2.440642095213246284e+04,7.884150169411079379e-01,-1.757337295628479401e-01,1.169586167089650035e+07,7.871429611412668228e+07
2.441206666597750882e+04,7.888573151359680180e-01,-1.727616367899438843e-01,1.138857034968461841e+07,7.877994568065886199e+07
2.441771237982255479e+04,7.892879651982190881e-01,-1.697870778032700700e-01,1.108091582331904769e+07,7.884453064234393835e+07
2.442335809366760077e+04,7.897069463596801953e-01,-1.668100934493604581e-01,1.077290363152209669e+07,7.890804930845235288e+07
2.442900380751264674e+04,7.901142379002388250e-01,-1.638307246689584273e-01,1.046453934903097153e+07,7.897049999857848883e+07
2.443464952135769272e+04,7.905098191478527880e-01,-1.608490124970178015e-01,1.015582858559773862e+07,7.903188104264059663e+07
2.444029523520273870e+04,7.908936694785486665e-01,-1.578649980627014060e-01,9.846776985989354551e+06,7.909219078088083863e+07
2.444594094904778467e+04,7.912657683164218136e-01,-1.548787225893820396e-01,9.537390229987613857e+06,7.915142756386527419e+07
2.445158666289283065e+04,7.916260951336380192e-01,-1.518902273946420300e-01,9.227674032389223576e+06,7.920958975248384476e+07
2.445723237673787662e+04,7.919746294504316220e-01,-1.488995538902734561e-01,8.917634143005743623e+06,7.926667571795043349e+07
2.446287809058292260e+04,7.923113508351063983e-01,-1.459067435822780645e-01,8.607276346663631499e+06,7.932268384180280566e+07
2.446852380442796857e+04,7.926362389040354506e-01,-1.429118380708672975e-01,8.296606463204160333e+06,7.937761251590259373e+07
2.447416951827301091e+04,7.929492733216608746e-01,-1.399148790504640139e-01,7.985630347483754158e+06,7.943146014243531227e+07
2.447981523211805688e+04,7.932504338004949807e-01,-1.369159083096951890e-01,7.674353889373064041e+06,7.948422513391053677e+07
2.448546094596310286e+04,7.935397001011184059e-01,-1.339149677314031006e-01,7.362783013758204877e+06,7.953590591316153109e+07
2.449110665980814883e+04,7.938170520321815582e-01,-1.309120992926377236e-01,7.050923680540025234e+06,7.958650091334556043e+07
2.449675237365319481e+04,7.940824694504039494e-01,-1.279073450646591170e-01,6.738781884634166956e+06,7.963600857794380188e+07
2.450239808749824078e+04,7.943359322605743067e-01,-1.249007472129364804e-01,6.426363655971236527e+06,7.968442736076129973e+07
2.450804380134328676e+04,7.945774204155512388e-01,-1.218923479971485840e-01,6.113675059496611357e+06,7.973175572592699528e+07
2.451368951518833273e+04,7.948069139162616814e-01,-1.188821897711847680e-01,5.800722195170626044e+06,7.977799214789372683e+07
2.451933522903337871e+04,7.950243928117028958e-01,-1.158703149831430135e-01,5.487511197968468070e+06,7.982313511143828928e+07
2.452498094287842468e+04,7.952298371989406922e-01,-1.128567661753316909e-01,5.174048237880155444e+06,7.986718311166128516e+07
2.453062665672347066e+04,7.954232272231106515e-01,-1.098415859842681863e-01,4.860339519910641015e+06,7.991013465398730338e+07
2.453627237056851664e+04,7.956045430774170146e-01,-1.068248171406802061e-01,4.546391284079715610e+06,7.995198825416474044e+07
2.454191808441355897e+04,7.957737650031341259e-01,-1.038065024695065952e-01,4.232209805422268808e+06,7.999274243826597929e+07
2.454756379825860495e+04,7.959308732896054339e-01,-1.007866848898904960e-01,3.917801393987447023e+06,8.003239574268725514e+07
2.455320951210365092e+04,7.960758482742430475e-01,-9.776540741518999211e-02,3.603172394839853048e+06,8.007094671414875984e+07
2.455885522594869690e+04,7.962086703425291789e-01,-9.474271315297141949e-02,3.288329188058786094e+06,8.010839390969446301e+07
2.456450093979374287e+04,7.963293199280148116e-01,-9.171864530501033785e-02,2.973278188738435507e+06,8.014473589669236541e+07
2.457014665363878885e+04,7.964377775123203662e-01,-8.869324716729209968e-02,2.658025846987821162e+06,8.017997125283429027e+07
2.457579236748383482e+04,7.965340236251357009e-01,-8.566656213001209996e-02,2.342578647930897772e+06,8.021409856613597274e+07
2.458143808132888080e+04,7.966180388442197779e-01,-8.263863367757501299e-02,2.026943111706413329e+06,8.024711643493705988e+07
2.458708379517392677e+04,7.966898037954009970e-01,-7.960950538859525027e-02,1.711125793468065560e+06,8.027902346790111065e+07
2.459272950901897275e+04,7.967492991525770840e-01,-7.657922093589680790e-02,1.395133283384397626e+06,8.030981828401553631e+07
2.459837522286401872e+04,7.967965056377149802e-01,-7.354782408651351633e-02,1.078972206638805568e+06,8.033949951259171963e+07
2.460402093670906470e+04,7.968314059913486069e-01,-7.051535884027314294e-02,7.626479834877590183e+05,8.036806602451269329e+07
2.460966665055410704e+04,7.968541687123926742e-01,-6.748188210519223684e-02,4.460495162411284400e+05,8.039553725526897609e+07
2.461531236439915301e+04,7.968649027529509654e-01,-6.444744589883441566e-02,1.291042499329240527e+05,8.042192168602232635e+07
2.462095807824419899e+04,7.968635958618657256e-01,-6.141209364739638743e-02,-1.881837785006788326e+05,8.044721281380856037e+07
2.462660379208924496e+04,7.968502359739189078e-01,-5.837586888001390639e-02,-5.058105146677736193e+05,8.047140418731763959e+07
2.463224950593429094e+04,7.968248112098328395e-01,-5.533881522876374359e-02,-8.237718867205192801e+05,8.049448940689355135e+07
2.463789521977933691e+04,7.967873098762692230e-01,-5.230097642866363833e-02,-1.142063805355138378e+06,8.051646212453432381e+07
2.464354093362438289e+04,7.967377204658295797e-01,-4.926239631767236060e-02,-1.460682163811920211e+06,8.053731604389210045e+07
2.464918664746942886e+04,7.966760316570556943e-01,-4.622311883668964866e-02,-1.779622837875217665e+06,8.055704492027305067e+07
2.465483236131447484e+04,7.966022323144288375e-01,-4.318318802955625063e-02,-2.098881685873450711e+06,8.057564256063742936e+07
2.466047807515952081e+04,7.965163114883702100e-01,-4.014264804305391066e-02,-2.418454548679100815e+06,8.059310282359950244e+07
2.466612378900456679e+04,7.964182584152408317e-01,-3.710154312690537581e-02,-2.738337249708717223e+06,8.060941961942768097e+07
2.467176950284961276e+04,7.963080625173416527e-01,-3.405991763377439613e-02,-3.058525594922912773e+06,8.062458691004435718e+07
2.467741521669465874e+04,7.961857134029135530e-01,-3.101781601926569681e-02,-3.379015372826367151e+06,8.063859870902602375e+07
2.468306093053970108e+04,7.960512008661370098e-01,-2.797528284192699055e-02,-3.699802354467617348e+06,8.065144908160324395e+07
2.468870664438474705e+04,7.959045148871324304e-01,-2.493236276324109491e-02,-4.020882293439883739e+06,8.066313214466063678e+07
2.469435235822979303e+04,7.957456456319600413e-01,-2.188910054763767640e-02,-4.342250925879834220e+06,8.067364206673687696e+07
2.469999807207483900e+04,7.955745834526199989e-01,-1.884554106248551020e-02,-4.663903970468406565e+06,8.068297306802468002e+07
2.470564378591988498e+04,7.953913188870523898e-01,-1.580172927809428418e-02,-4.985837128430605866e+06,8.069111942037087679e+07
2.471128949976493095e+04,7.951958426591367868e-01,-1.275771026771476552e-02,-5.308046083535497077e+06,8.069807544727630913e+07
2.471693521360997693e+04,7.949881456786931366e-01,-9.713529207538641047e-03,-5.630526502096218057e+06,8.070383552389590442e+07
2.472258092745502290e+04,7.947682190414807613e-01,-6.669231376698667342e-03,-5.953274032969962806e+06,8.070839407703866065e+07
2.472822664130006888e+04,7.945360540291990237e-01,-3.624862157268562285e-03,-6.276284307557999156e+06,8.071174558516761661e+07
2.473387235514511485e+04,7.942916421094871060e-01,-5.804670342630243677e-04,-6.599552939805652946e+06,8.071388457839988172e+07
2.473951806899016083e+04,7.940349749359241205e-01,2.463908404362214616e-03,-6.923075526202319190e+06,8.071480563850665092e+07
2.474516378283520680e+04,7.937660443480287764e-01,5.508218467710438576e-03,-7.246847645781452768e+06,8.071450339891313016e+07
2.475080949668024914e+04,7.934848423712599352e-01,8.552417361941962171e-03,-7.570864860120371915e+06,8.071297254469862580e+07
2.475645521052529512e+04,7.931913612170161665e-01,1.159645919028197934e-02,-7.895122713341083378e+06,8.071020781259651482e+07
2.476210092437034109e+04,7.928855932826356367e-01,1.464029795300887844e-02,-8.219616732109028846e+06,8.070620399099420011e+07
2.476774663821538707e+04,7.925675311513967758e-01,1.768388754746191144e-02,-8.544342425633925945e+06,8.070095591993317008e+07
2.477339235206043304e+04,7.922371675925176104e-01,2.072718176803938286e-02,-8.869295285669561476e+06,8.069445849110896885e+07
2.477903806590547902e+04,7.918944955611560976e-01,2.377013430619858217e-02,-9.194470786513786763e+06,8.068670664787122607e+07
2.478468377975052499e+04,7.915395081984101244e-01,2.681269875045578718e-02,-9.519864385008506477e+06,8.067769538522358239e+07
2.479032949359557097e+04,7.911721988313170639e-01,2.985482858638632137e-02,-9.845471520539700985e+06,8.066741974982379377e+07
2.479597520744061694e+04,7.907925609728545524e-01,3.289647719662448094e-02,-1.017128761503742263e+07,8.065587483998364210e+07
2.480162092128566292e+04,7.904005883219398232e-01,3.593759786086359043e-02,-1.049730807297577336e+07,8.064305580566899478e+07
2.480726663513070889e+04,7.899962747634301508e-01,3.897814375585594016e-02,-1.082352828137292154e+07,8.062895784849976003e+07
2.481291234897575487e+04,7.895796143681224066e-01,4.201806795541282447e-02,-1.114994360979111493e+07,8.061357622174993157e+07
2.481855806282079720e+04,7.891506013927537255e-01,4.505732343040259880e-02,-1.147654941033643857e+07,8.059690623034757376e+07
2.482420377666584318e+04,7.887092302800001731e-01,4.809586304875850676e-02,-1.180334101765969209e+07,8.057894323087473214e+07
2.482984949051088915e+04,7.882554956584787442e-01,5.113363957546690486e-02,-1.213031374895508401e+07,8.055968263156762719e+07
2.483549520435593513e+04,7.877893923427454759e-01,5.417060567257508952e-02,-1.245746290396112762e+07,8.053911989231646061e+07
2.484114091820098110e+04,7.873109153332970012e-01,5.720671389918936811e-02,-1.278478376496037282e+07,8.051725052466554940e+07
2.484678663204602708e+04,7.868200598165691062e-01,6.024191671147509364e-02,-1.311227159677946009e+07,8.049407009181322157e+07
2.485243234589107306e+04,7.863168211649376182e-01,6.327616646265657452e-02,-1.343992164678907581e+07,8.046957420861192048e+07
2.485807805973611903e+04,7.858011949367184057e-01,6.630941540301715786e-02,-1.376772914490398206e+07,8.044375854156811535e+07
2.486372377358116501e+04,7.852731768761671560e-01,6.934161567989913233e-02,-1.409568930358299986e+07,8.041661880884234607e+07
2.486936948742621098e+04,7.847327629134791538e-01,7.237271933770375587e-02,-1.442379731782901287e+07,8.038815078024920821e+07
2.487501520127125696e+04,7.841799491647896136e-01,7.540267831789157493e-02,-1.475204836518898234e+07,8.035835027725738287e+07
2.488066091511630293e+04,7.836147319321737914e-01,7.843144445898173056e-02,-1.508043760575392470e+07,8.032721317298959196e+07
2.488630662896134527e+04,7.830371077036467620e-01,8.145896949655066777e-02,-1.540896018215871230e+07,8.029473539222264290e+07
2.489195234280639124e+04,7.824470731531629752e-01,8.448520506323962953e-02,-1.573761121958291158e+07,8.026091291138735414e+07
2.489759805665143722e+04,7.818446251406172554e-01,8.751010268874295783e-02,-1.606638582574952766e+07,8.022574175856865942e+07
2.490324377049648319e+04,7.812297607118440235e-01,9.053361379981604562e-02,-1.639527909092584252e+07,8.018921801350553334e+07
2.490888948434152917e+04,7.806024770986176309e-01,9.355568972027322738e-02,-1.672428608792319521e+07,8.015133780759100616e+07
2.491453519818657514e+04,7.799627717186523590e-01,9.657628167098784855e-02,-1.705340187209699675e+07,8.011209732387219369e+07
2.492018091203162112e+04,7.793106421756021973e-01,9.959534076989216833e-02,-1.738262148134671524e+07,8.007149279705025256e+07
2.492582662587666709e+04,7.786460862590609544e-01,1.026128180319776928e-01,-1.771193993611589819e+07,8.002952051348040998e+07
2.493147233972171307e+04,7.779691019445623690e-01,1.056286643692946337e-01,-1.804135223939213902e+07,7.998617681117194891e+07
2.493711805356675904e+04,7.772796873935798878e-01,1.086428305909523939e-01,-1.837085337670711055e+07,7.994145807978822291e+07
2.494276376741180502e+04,7.765778409535269988e-01,1.116552674031193598e-01,-1.870043831613655016e+07,7.989536076064664125e+07
2.494840948125685100e+04,7.758635611577570090e-01,1.146659254090228869e-01,-1.903010200830024481e+07,7.984788134671868384e+07
2.495405519510189697e+04,7.751368467255629335e-01,1.176747551089492583e-01,-1.935983938636207581e+07,7.979901638262988627e+07
2.495970090894693931e+04,7.743976965621780506e-01,1.206817069002419501e-01,-1.968964536602973938e+07,7.974876246465988457e+07
2.496534662279198528e+04,7.736461097587743474e-01,1.236867310773092365e-01,-2.001951484555567056e+07,7.969711624074226618e+07
2.497099233663703126e+04,7.728820855924649624e-01,1.266897778316123935e-01,-2.034944270573570579e+07,7.964407441046477854e+07
2.497663805048207723e+04,7.721056235263020762e-01,1.296907972516739560e-01,-2.067942380990996957e+07,7.958963372506922483e+07
2.498228376432712321e+04,7.713167232092781322e-01,1.326897393230752620e-01,-2.100945300396265090e+07,7.953379098745144904e+07
2.498792947817216918e+04,7.705153844763252824e-01,1.356865539284566047e-01,-2.133952511632200330e+07,7.947654305216135085e+07
2.499357519201721516e+04,7.697016073483156084e-01,1.386811908475173993e-01,-2.166963495796034113e+07,7.941788682540291548e+07
2.499922090586226113e+04,7.688753920320609003e-01,1.416735997570160444e-01,-2.199977732239406183e+07,7.935781926503415406e+07
2.500486661970730711e+04,7.680367389203125450e-01,1.446637302307698381e-01,-2.232994698568359762e+07,7.929633738056719303e+07
2.501051233355235308e+04,7.671856485917625257e-01,1.476515317396552285e-01,-2.266013870643346384e+07,7.923343823316815495e+07
2.501615804739739906e+04,7.663221218110417565e-01,1.506369536516075913e-01,-2.299034722579225153e+07,7.916911893565730751e+07
2.502180376124244503e+04,7.654461595287217479e-01,1.536199452316213410e-01,-2.332056726745259017e+07,7.910337665250888467e+07
2.502744947508748737e+04,7.645577628813140514e-01,1.566004556417477933e-01,-2.365079353765098006e+07,7.903620859985131025e+07
2.503309518893253335e+04,7.636569331912683722e-01,1.595784339411033259e-01,-2.398102072516862303e+07,7.896761204546688497e+07
2.503874090277757932e+04,7.627436719669759002e-01,1.625538290858573320e-01,-2.431124350133014098e+07,7.889758430879212916e+07
2.504438661662262530e+04,7.618179809027674221e-01,1.655265899292402698e-01,-2.464145652000444010e+07,7.882612276091757417e+07
2.505003233046767127e+04,7.608798618789132107e-01,1.684966652215414418e-01,-2.497165441760448366e+07,7.875322482458782196e+07
2.505567804431271725e+04,7.599293169616235799e-01,1.714640036101093279e-01,-2.530183181308731437e+07,7.867888797420150042e+07
2.506132375815776322e+04,7.589663484030486629e-01,1.744285536393512248e-01,-2.563198330795401707e+07,7.860310973581135273e+07
2.506696947200280920e+04,7.579909586412785227e-01,1.773902637507336622e-01,-2.596210348624977469e+07,7.852588768712416291e+07
2.507261518584785517e+04,7.570031503003425977e-01,1.803490822827819584e-01,-2.629218691456378624e+07,7.844721945750075579e+07
2.507826089969290115e+04,7.560029261902108111e-01,1.833049574710804708e-01,-2.662222814202936739e+07,7.836710272795604169e+07
2.508390661353794712e+04,7.549902893067925724e-01,1.862578374482726506e-01,-2.695222170032387599e+07,7.828553523115898669e+07
2.508955232738299310e+04,7.539652428319373323e-01,1.892076702440609604e-01,-2.728216210366873443e+07,7.820251475143262744e+07
2.509519804122803544e+04,7.529277901334346934e-01,1.921544037852048747e-01,-2.761204384882920980e+07,7.811803912475410104e+07
2.510084375507308141e+04,7.518779347650125233e-01,1.950979858955284862e-01,-2.794186141511528939e+07,7.803210623875445127e+07
2.510648946891812739e+04,7.508156804663400630e-01,1.980383642959094026e-01,-2.827160926438036934e+07,7.794471403271895647e+07
2.511213518276317336e+04,7.497410311630264834e-01,2.009754866042860744e-01,-2.860128184102214128e+07,7.785586049758689106e+07
2.511778089660821934e+04,7.486539909666198866e-01,2.039093003356560740e-01,-2.893087357198234648e+07,7.776554367595158517e+07
2.512342661045326531e+04,7.475545641746088599e-01,2.068397529020754022e-01,-2.926037886674680561e+07,7.767376166206045449e+07
2.512907232429831129e+04,7.464427552704216984e-01,2.097667916126597920e-01,-2.958979211734539643e+07,7.758051260181495547e+07
2.513471803814335726e+04,7.453185689234261835e-01,2.126903636735835157e-01,-2.991910769835206121e+07,7.748579469277061522e+07
2.514036375198840324e+04,7.441820099889305817e-01,2.156104161880801617e-01,-3.024831996688480303e+07,7.738960618413703144e+07
2.514600946583344921e+04,7.430330835081823126e-01,2.185268961564419410e-01,-3.057742326260569692e+07,7.729194537677784264e+07
2.515165517967849519e+04,7.418717947083693920e-01,2.214397504760204083e-01,-3.090641190772088990e+07,7.719281062321077287e+07
2.515730089352354116e+04,7.406981490026188775e-01,2.243489259412260739e-01,-3.123528020698056743e+07,7.709220032760758698e+07
2.516294660736858350e+04,7.395121519899990892e-01,2.272543692435263496e-01,-3.156402244767880440e+07,7.699011294579419494e+07
2.516859232121362948e+04,7.383138094555153907e-01,2.301560269714534590e-01,-3.189263289965435490e+07,7.688654698525035381e+07
2.517423803505867545e+04,7.371031273701156294e-01,2.330538456105930023e-01,-3.222110581528939307e+07,7.678150100511009991e+07
2.517988374890372143e+04,7.358801118906868055e-01,2.359477715435913392e-01,-3.254943542951039225e+07,7.667497361616146564e+07
2.518552946274876740e+04,7.346447693600554052e-01,2.388377510501539791e-01,-3.287761595978788286e+07,7.656696348084652424e+07
2.519117517659381338e+04,7.333971063069879559e-01,2.417237303070453314e-01,-3.320564160613645613e+07,7.645746931326143444e+07
2.519682089043885935e+04,7.321371294461906931e-01,2.446056553880888995e-01,-3.353350655111475289e+07,7.634648987915638089e+07
2.520246660428390533e+04,7.308648456783101155e-01,2.474834722641670592e-01,-3.386120495982552320e+07,7.623402399593567848e+07
2.520811231812895130e+04,7.295802620899319857e-01,2.503571268032212527e-01,-3.418873097991554439e+07,7.612007053265762329e+07
2.521375803197399728e+04,7.282833859535822185e-01,2.532265647702519606e-01,-3.451607874157565832e+07,7.600462841003462672e+07
2.521940374581904325e+04,7.269742247277266589e-01,2.560917318273187582e-01,-3.484324235754080862e+07,7.588769660043315589e+07
2.522504945966408923e+04,7.256527860567707489e-01,2.589525735335398426e-01,-3.517021592308995873e+07,7.576927412787373364e+07
2.523069517350913156e+04,7.243190777710609707e-01,2.618090353450909791e-01,-3.549699351604594290e+07,7.564936006803101301e+07
2.523634088735417754e+04,7.229731078868806282e-01,2.646610626152123835e-01,-3.582356919677630812e+07,7.552795354823347926e+07
2.524198660119922351e+04,7.216148846064558420e-01,2.675086005941975098e-01,-3.614993700819202513e+07,7.540505374746391177e+07
2.524763231504426949e+04,7.202444163179514414e-01,2.703515944294009321e-01,-3.647609097574832290e+07,7.528065989635910094e+07
2.525327802888931546e+04,7.188617115954721859e-01,2.731899891652360135e-01,-3.680202510744452477e+07,7.515477127720987797e+07
2.525892374273436144e+04,7.174667791990627652e-01,2.760237297431752390e-01,-3.712773339382399619e+07,7.502738722396112978e+07
2.526456945657940742e+04,7.160596280747076881e-01,2.788527610017502156e-01,-3.745320980797415972e+07,7.489850712221179903e+07
2.527021517042445339e+04,7.146402673543312822e-01,2.816770276765512837e-01,-3.777844830552654713e+07,7.476813040921492875e+07
2.527586088426949937e+04,7.132087063557976947e-01,2.844964744002279056e-01,-3.810344282465670258e+07,7.463625657387760282e+07
2.528150659811454534e+04,7.117649545829108915e-01,2.873110457024886655e-01,-3.842818728608428687e+07,7.450288515676093102e+07
2.528715231195959132e+04,7.103090217254146577e-01,2.901206860101008811e-01,-3.875267559307296574e+07,7.436801575008015335e+07
2.529279802580463729e+04,7.088409176589929306e-01,2.929253396468912696e-01,-3.907690163143052161e+07,7.423164799770450592e+07
2.529844373964968327e+04,7.073606524452689115e-01,2.957249508337450594e-01,-3.940085926950879395e+07,7.409378159515735507e+07
2.530408945349472560e+04,7.058682363318070641e-01,2.985194636886049913e-01,-3.972454235820343345e+07,7.395441628961616755e+07
2.530973516733977158e+04,7.043636797521087844e-01,3.013088222264783123e-01,-4.004794473095484823e+07,7.381355187991219759e+07
2.531538088118481755e+04,7.028469933256180635e-01,3.040929703594255629e-01,-4.037106020374684036e+07,7.367118821653106809e+07
2.532102659502986353e+04,7.013181878577178230e-01,3.068718518965681819e-01,-4.069388257510749251e+07,7.352732520161236823e+07
2.532667230887490950e+04,6.997772743397306927e-01,3.096454105440866744e-01,-4.101640562610896677e+07,7.338196278894972801e+07
2.533231802271995548e+04,6.982242639489194547e-01,3.124135899052207788e-01,-4.133862312036747485e+07,7.323510098399084806e+07
2.533796373656500145e+04,6.966591680484863769e-01,3.151763334802686889e-01,-4.166052880404330045e+07,7.308673984383749962e+07
2.534360945041004743e+04,6.950819981875737685e-01,3.179335846665879983e-01,-4.198211640584079921e+07,7.293687947724549472e+07
2.534925516425509340e+04,6.934927661012638689e-01,3.206852867585952560e-01,-4.230337963700836152e+07,7.278552004462474585e+07
2.535490087810013938e+04,6.918914837105785143e-01,3.234313829477660218e-01,-4.262431219133850187e+07,7.263266175803917646e+07
2.536054659194518536e+04,6.902781631224796932e-01,3.261718163226345890e-01,-4.294490774516773969e+07,7.247830488120684028e+07
2.536619230579023133e+04,6.886528166298687692e-01,3.289065298687945393e-01,-4.326515995737668872e+07,7.232244972949977219e+07
2.537183801963527367e+04,6.870154567115885902e-01,3.316354664688968001e-01,-4.358506246938981116e+07,7.216509666994424164e+07
2.537748373348031964e+04,6.853660960324182705e-01,3.343585689026561392e-01,-4.390460890517628193e+07,7.200624612122023106e+07
2.538312944732536562e+04,6.837047474430800742e-01,3.370757798468414501e-01,-4.422379287124865502e+07,7.184589855366210639e+07
2.538877516117041159e+04,6.820314239802350853e-01,3.397870418752821919e-01,-4.454260795666383207e+07,7.168405448925819993e+07
2.539442087501545757e+04,6.803461388664838738e-01,3.424922974588669455e-01,-4.486104773302272707e+07,7.152071450165088475e+07
2.540006658886050354e+04,6.786489055103674950e-01,3.451914889655431917e-01,-4.517910575447034091e+07,7.135587921613661945e+07
2.540571230270554952e+04,6.769397375063664901e-01,3.478845586603173667e-01,-4.549677555769576132e+07,7.118954930966591835e+07
2.541135801655059549e+04,6.752186486349012196e-01,3.505714487052550843e-01,-4.581405066193208843e+07,7.102172551084333658e+07
2.541700373039564147e+04,6.734856528623317518e-01,3.532521011594809690e-01,-4.613092456895653903e+07,7.085240859992754459e+07
2.542264944424068744e+04,6.717407643409584184e-01,3.559264579791782124e-01,-4.644739076309032738e+07,7.068159940883120894e+07
2.542829515808573342e+04,6.699839974090210371e-01,3.585944610175896829e-01,-4.676344271119882911e+07,7.050929882112109661e+07
2.543394087193077939e+04,6.682153665906993556e-01,3.612560520250167606e-01,-4.707907386269140244e+07,7.033550777201804519e+07
2.543958658577582173e+04,6.664348865961141621e-01,3.639111726488183374e-01,-4.739427764952131361e+07,7.016022724839702249e+07
2.544523229962086771e+04,6.646425723213227332e-01,3.665597644334172567e-01,-4.770904748618647456e+07,6.998345828878678381e+07
2.545087801346591368e+04,6.628384388483256062e-01,3.692017688202902659e-01,-4.802337676972825080e+07,6.980520198337042332e+07
2.545652372731095966e+04,6.610225014450615832e-01,3.718371271479752327e-01,-4.833725887973232567e+07,6.962545947398503125e+07
2.546216944115600563e+04,6.591947755654097296e-01,3.744657806520683696e-01,-4.865068717832838744e+07,6.944423195412173867e+07
2.546781515500105161e+04,6.573552768491892628e-01,3.770876704652254552e-01,-4.896365501019023359e+07,6.926152066892571747e+07
2.547346086884609758e+04,6.555040211221585533e-01,3.797027376171607793e-01,-4.927615570253569633e+07,6.907732691519623995e+07
2.547910658269114356e+04,6.536410243960161237e-01,3.823109230346481424e-01,-4.958818256512667239e+07,6.889165204138664901e+07
2.548475229653618953e+04,6.517663028684004267e-01,3.849121675415198562e-01,-4.989972889026914537e+07,6.870449744760429859e+07
2.549039801038123551e+04,6.498798729228898452e-01,3.875064118586677431e-01,-5.021078795281317085e+07,6.851586458561062813e+07
2.549604372422628148e+04,6.479817511290020260e-01,3.900935966040420255e-01,-5.052135301015281677e+07,6.832575495882116258e+07
2.550168943807132746e+04,6.460719542421951012e-01,3.926736622926525477e-01,-5.083141730222627521e+07,6.813417012230546772e+07
2.550733515191636980e+04,6.441504992038682431e-01,3.952465493365659999e-01,-5.114097405151557177e+07,6.794111168278729916e+07
2.551298086576141577e+04,6.422174031413562245e-01,3.978121980449134121e-01,-5.145001646304741502e+07,6.774658129864409566e+07
2.551862657960646175e+04,6.402726833679377449e-01,4.003705486238796074e-01,-5.175853772439194471e+07,6.755058067990772426e+07
2.552427229345150772e+04,6.383163573828303239e-01,4.029215411767099742e-01,-5.206653100566361099e+07,6.735311158826401830e+07
2.552991800729655370e+04,6.363484428711910779e-01,4.054651157037094666e-01,-5.237398945952089876e+07,6.715417583705286682e+07
2.553556372114159967e+04,6.343689577041167205e-01,4.080012121022413285e-01,-5.268090622116637975e+07,6.695377529126819223e+07
2.554120943498664565e+04,6.323779199386441174e-01,4.105297701667282029e-01,-5.298727440834665298e+07,6.675191186755800992e+07
2.554685514883169162e+04,6.303753478177499536e-01,4.130507295886516883e-01,-5.329308712135241926e+07,6.654858753422437608e+07
2.555250086267673760e+04,6.283612597703509550e-01,4.155640299565523388e-01,-5.359833744301843643e+07,6.634380431122342497e+07
2.555814657652178357e+04,6.263356744113031116e-01,4.180696107560298302e-01,-5.390301843872349709e+07,6.613756427016534656e+07
2.556379229036682955e+04,6.242986105414026765e-01,4.205674113697426275e-01,-5.420712315639052540e+07,6.592986953431438655e+07
2.556943800421187552e+04,6.222500871473859441e-01,4.230573710774080953e-01,-5.451064462648642808e+07,6.572072227858887613e+07
2.557508371805692150e+04,6.201901234019283615e-01,4.255394290558031645e-01,-5.481357586202225834e+07,6.551012472956117988e+07
2.558072943190196384e+04,6.181187386636471937e-01,4.280135243787619448e-01,-5.511590985855287313e+07,6.529807916545786709e+07
2.558637514574700981e+04,6.160359524770954165e-01,4.304795960171816649e-01,-5.541763959417780489e+07,6.508458791615917534e+07
2.559202085959205579e+04,6.139417845727695999e-01,4.329375828390147896e-01,-5.571875802954008430e+07,6.486965336319980770e+07
2.559766657343710176e+04,6.118362548671051337e-01,4.353874236092735717e-01,-5.601925810782696307e+07,6.465327793976839632e+07
2.560331228728214774e+04,6.097193834624770048e-01,4.378290569900298301e-01,-5.631913275476979464e+07,6.443546413070760667e+07
2.560895800112719371e+04,6.075911906472001300e-01,4.402624215404140062e-01,-5.661837487864397466e+07,6.421621447251419723e+07
2.561460371497223969e+04,6.054516968955292455e-01,4.426874557166159962e-01,-5.691697737026896328e+07,6.399553155333898962e+07
2.562024942881728566e+04,6.033009228676591285e-01,4.451040978718837082e-01,-5.721493310300832987e+07,6.377341801298685372e+07
2.562589514266233164e+04,6.011388894097240421e-01,4.475122862565256709e-01,-5.751223493276963383e+07,6.354987654291671515e+07
2.563154085650737761e+04,5.989656175537984018e-01,4.499119590179075923e-01,-5.780887569800455123e+07,6.332490988624159247e+07
2.563718657035242359e+04,5.967811285178962200e-01,4.523030542004556898e-01,-5.810484821970881522e+07,6.309852083772853017e+07
2.564283228419746956e+04,5.945854437059717723e-01,4.546855097456543593e-01,-5.840014530142220855e+07,6.287071224379865080e+07
2.564847799804251190e+04,5.923785847079200417e-01,4.570592634920455644e-01,-5.869475972922841460e+07,6.264148700252730399e+07
2.565412371188755787e+04,5.901605732995719444e-01,4.594242531752351644e-01,-5.898868427175571769e+07,6.241084806364343315e+07
2.565976942573260385e+04,5.879314314427025456e-01,4.617804164278829782e-01,-5.928191168017592281e+07,6.217879842853049189e+07
2.566541513957764982e+04,5.856911812850250643e-01,4.641276907797102225e-01,-5.957443468820509315e+07,6.194534115022585541e+07
2.567106085342269580e+04,5.834398451601926494e-01,4.664660136574958482e-01,-5.986624601210332662e+07,6.171047933342094719e+07
2.567670656726774178e+04,5.811774455877984913e-01,4.687953223850785944e-01,-6.015733835067481548e+07,6.147421613446128368e+07
2.568235228111278775e+04,5.789040052733754882e-01,4.711155541833561555e-01,-6.044770438526782393e+07,6.123655476134641469e+07
2.568799799495783373e+04,5.766195471083962465e-01,4.734266461702852924e-01,-6.073733677977465093e+07,6.099749847372995317e+07
2.569364370880287970e+04,5.743240941702733027e-01,4.757285353608813883e-01,-6.102622818063167483e+07,6.075705058291958272e+07
2.569928942264792568e+04,5.720176697223593454e-01,4.780211586672193369e-01,-6.131437121681933850e+07,6.051521445187705755e+07
2.570493513649297165e+04,5.697002972139464383e-01,4.803044528984324879e-01,-6.160175849986213446e+07,6.027199349521818757e+07
2.571058085033801763e+04,5.673720002802667972e-01,4.825783547607137569e-01,-6.188838262382867187e+07,6.002739117921282351e+07
2.571622656418305996e+04,5.650328027424937893e-01,4.848428008573129055e-01,-6.217423616533137113e+07,5.978141102178507298e+07
2.572187227802810594e+04,5.626827286077362711e-01,4.870977276885438689e-01,-6.245931168352734298e+07,5.953405659251260757e+07
2.572751799187315191e+04,5.603218020690473589e-01,4.893430716517745416e-01,-6.274360172011712939e+07,5.928533151262764633e+07
2.573316370571819789e+04,5.579500475054186559e-01,4.915787690414337718e-01,-6.302709879934557527e+07,5.903523945501628518e+07
2.573880941956324386e+04,5.555674894817812515e-01,4.938047560490093080e-01,-6.330979542800158262e+07,5.878378414421874285e+07
2.574445513340828984e+04,5.531741527490064980e-01,4.960209687630472986e-01,-6.359168409541811794e+07,5.853096935642922670e+07
2.575010084725333581e+04,5.507700622439053451e-01,4.982273431691536802e-01,-6.387275727347220480e+07,5.827679891949605942e+07
2.575574656109838179e+04,5.483552430892285612e-01,5.004238151499932341e-01,-6.415300741658494622e+07,5.802127671292159706e+07
2.576139227494342776e+04,5.459297205936670672e-01,5.026103204852894191e-01,-6.443242696172147989e+07,5.776440666786228120e+07
2.576703798878847374e+04,5.434935202518511588e-01,5.047867948518249825e-01,-6.471100832839104533e+07,5.750619276712858677e+07
2.577268370263351972e+04,5.410466677443515060e-01,5.069531738234415164e-01,-6.498874391864692420e+07,5.724663904518508166e+07
2.577832941647856569e+04,5.385891889376782649e-01,5.091093928710396233e-01,-6.526562611708647013e+07,5.698574958815038204e+07
2.578397513032360803e+04,5.361211098842828537e-01,5.112553873625776957e-01,-6.554164729085092992e+07,5.672352853379732370e+07
2.578962084416865400e+04,5.336424782682683832e-01,5.133911268295529018e-01,-6.581681418111787736e+07,5.645996463441123813e+07
2.579526655801369998e+04,5.311534524458949580e-01,5.155167571228828072e-01,-6.609120391730733961e+07,5.619496686062377691e+07
2.580091227185874595e+04,5.286540865229787389e-01,5.176322569339083524e-01,-6.636481767545093596e+07,5.592851901626662910e+07
2.580655798570379193e+04,5.261444133956384439e-01,5.197375706405529261e-01,-6.663764180829816312e+07,5.566062047157970071e+07
2.581220369954883790e+04,5.236244663108908792e-01,5.218326427700534786e-01,-6.690966273320852965e+07,5.539127068054855615e+07
2.581784941339388388e+04,5.210942788666518277e-01,5.239174179989599667e-01,-6.718086693215157092e+07,5.512046918090436608e+07
2.582349512723892985e+04,5.185538850117351606e-01,5.259918411531360194e-01,-6.745124095170682669e+07,5.484821559412395954e+07
2.582914084108397583e+04,5.160033190458535035e-01,5.280558572077583834e-01,-6.772077140306387842e+07,5.457450962542977184e+07
2.583478655492902180e+04,5.134426156196176816e-01,5.301094112873172559e-01,-6.798944496202231944e+07,5.429935106378990412e+07
2.584043226877406778e+04,5.108718097345371634e-01,5.321524486656158404e-01,-6.825724836899174750e+07,5.402273978191805631e+07
2.584607798261911375e+04,5.082909367430197278e-01,5.341849147657710128e-01,-6.852416842899180949e+07,5.374467573627358675e+07
2.585172369646415609e+04,5.057000323483734627e-01,5.362067551602116566e-01,-6.879019201165194809e+07,5.346515896706166118e+07
2.585736941030920207e+04,5.030991326047996592e-01,5.382179155706836582e-01,-6.905530605121220648e+07,5.318418959823253006e+07
2.586301512415424804e+04,5.004882739174033590e-01,5.402183418682423577e-01,-6.931949754652206600e+07,5.290176783748261631e+07
2.586866083799929402e+04,4.978674930421864153e-01,5.422079800732578780e-01,-6.958275356104126573e+07,5.261789397625381500e+07
2.587430655184433999e+04,4.952368270860488253e-01,5.441867763554135706e-01,-6.984506122283950448e+07,5.233256838973363489e+07
2.587995226568938597e+04,4.925963135067891741e-01,5.461546770337061263e-01,-7.010640772459653020e+07,5.204579153685521334e+07
2.588559797953443194e+04,4.899459901131047457e-01,5.481116285764454643e-01,-7.036678032360211015e+07,5.175756396029735357e+07
2.589124369337947792e+04,4.872858950645910792e-01,5.500575776012549545e-01,-7.062616634175601602e+07,5.146788628648445010e+07
2.589688940722452389e+04,4.846160668717421904e-01,5.519924708750711950e-01,-7.088455316556805372e+07,5.117675922558656335e+07
2.590253512106956987e+04,4.819365443959506279e-01,5.539162553141441236e-01,-7.114192824615806341e+07,5.088418357151936740e+07
2.590818083491461584e+04,4.792473668495071948e-01,5.558288779840370175e-01,-7.139827909925584495e+07,5.059016020194417238e+07
2.591382654875966182e+04,4.765485737956015599e-01,5.577302860996264933e-01,-7.165359330520127714e+07,5.029469007826793194e+07
2.591947226260470779e+04,4.738402051483214250e-01,5.596204270251025070e-01,-7.190785850894422829e+07,4.999777424564322829e+07
2.592511797644975013e+04,4.711223011726550780e-01,5.614992482739670221e-01,-7.216106242004445195e+07,4.969941383296845853e+07
2.593076369029479611e+04,4.683949024844836773e-01,5.633666975090390050e-01,-7.241319281267216802e+07,4.939961005288709700e+07
2.593640940413984208e+04,4.656580500505922426e-01,5.652227225424472090e-01,-7.266423752560715377e+07,4.909836420178879797e+07
2.594205511798488806e+04,4.629117851886626611e-01,5.670672713356347261e-01,-7.291418446223936975e+07,4.879567765980868042e+07
2.594770083182993403e+04,4.601561495672752411e-01,5.689002919993580987e-01,-7.316302159056878090e+07,4.849155189082749933e+07
2.595334654567498001e+04,4.573911852059083794e-01,5.707217327936872087e-01,-7.341073694320537150e+07,4.818598844247162342e+07
2.595899225952002598e+04,4.546169344749393382e-01,5.725315421280050554e-01,-7.365731861736917496e+07,4.787898894611306489e+07
2.596463797336507196e+04,4.518334400956438013e-01,5.743296685610084218e-01,-7.390275477489019930e+07,4.757055511686946452e+07
2.597028368721011793e+04,4.490407451401957628e-01,5.761160608007067641e-01,-7.414703364220851660e+07,4.726068875360411406e+07
2.597592940105516391e+04,4.462388930316678048e-01,5.778906677044234330e-01,-7.439014351037415862e+07,4.694939173892591149e+07
2.598157511490020988e+04,4.434279275440308754e-01,5.796534382787946749e-01,-7.463207273504725099e+07,4.663666603918941319e+07
2.598722082874525586e+04,4.406078928021545105e-01,5.814043216797704083e-01,-7.487280973649789393e+07,4.632251370449478179e+07
2.599286654259029820e+04,4.377788332818084438e-01,5.831432672126125594e-01,-7.511234299960604310e+07,4.600693686868803948e+07
2.599851225643534417e+04,4.349407938096553350e-01,5.848702243318996130e-01,-7.535066107386215031e+07,4.568993774936021864e+07
2.600415797028039015e+04,4.320938195632619272e-01,5.865851426415203962e-01,-7.558775257336625457e+07,4.537151864784860611e+07
2.600980368412543612e+04,4.292379560710916087e-01,5.882879718946778524e-01,-7.582360617682850361e+07,4.505168194923590869e+07
2.601544939797048210e+04,4.263732492125060225e-01,5.899786619938881538e-01,-7.605821062756912410e+07,4.473043012235046923e+07
2.602109511181552807e+04,4.234997452177655664e-01,5.916571629909813668e-01,-7.629155473351833224e+07,4.440776571976625919e+07
2.602674082566057405e+04,4.206174906680288372e-01,5.933234250871001203e-01,-7.652362736721636355e+07,4.408369137780289352e+07
2.603238653950562002e+04,4.177265324953530201e-01,5.949773986327010489e-01,-7.675441746581348777e+07,4.375820981652560830e+07
2.603803225335066600e+04,4.148269179826938324e-01,5.966190341275534603e-01,-7.698391403106997907e+07,4.343132383974529058e+07
2.604367796719571197e+04,4.119186947639053020e-01,5.982482822207404460e-01,-7.721210612935613096e+07,4.310303633501843363e+07
2.604932368104075795e+04,4.090019108237401002e-01,5.998650937106584369e-01,-7.743898289165225625e+07,4.277335027364718914e+07
2.605496939488580392e+04,4.060766144978491532e-01,6.014694195450168701e-01,-7.766453351354871690e+07,4.244226871067932248e+07
2.606061510873084626e+04,4.031428544727838625e-01,6.030612108208376343e-01,-7.788874725524570048e+07,4.210979478490846604e+07
2.606626082257589223e+04,4.002006797859883891e-01,6.046404187844591771e-01,-7.811161344155387580e+07,4.177593171887322515e+07
2.607190653642093821e+04,3.972501398258111993e-01,6.062069948315298440e-01,-7.833312146189349890e+07,4.144068281885848939e+07
2.607755225026598418e+04,3.942912843314970162e-01,6.077608905070125411e-01,-7.855326077029499412e+07,4.110405147489457577e+07
2.608319796411103016e+04,3.913241633931892061e-01,6.093020575051836252e-01,-7.877202088539876044e+07,4.076604116075740755e+07
2.608884367795607614e+04,3.883488274519296679e-01,6.108304476696324592e-01,-7.898939139045527577e+07,4.042665543396856636e+07
2.609448939180112211e+04,3.853653272996586665e-01,6.123460129932618567e-01,-7.920536193332500756e+07,4.008589793579526246e+07
2.610013510564616809e+04,3.823737140792148881e-01,6.138487056182881929e-01,-7.941992222647844255e+07,3.974377239125032723e+07
2.610578081949121406e+04,3.793740392843355513e-01,6.153384778362406271e-01,-7.963306204699608684e+07,3.940028260909223557e+07
2.611142653333626004e+04,3.763663547596564074e-01,6.168152820879623244e-01,-7.984477123656846583e+07,3.905543248182509840e+07
2.611707224718130601e+04,3.733507127007115733e-01,6.182790709636091231e-01,-8.005503970149613917e+07,3.870922598569864780e+07
2.612271796102635199e+04,3.703271656539335877e-01,6.197297972026505342e-01,-8.026385741268967092e+07,3.836166718070825934e+07
2.612836367487139432e+04,3.672957665166555197e-01,6.211674136938684088e-01,-8.047121440566951036e+07,3.801276021059516072e+07
2.613400938871644030e+04,3.642565685371029760e-01,6.225918734753608241e-01,-8.067710078056652844e+07,3.766250930284555256e+07
2.613965510256148627e+04,3.612096253144058133e-01,6.240031297345360883e-01,-8.088150670212121308e+07,3.731091876869191229e+07
2.614530081640653225e+04,3.581549907985906445e-01,6.254011358081169591e-01,-8.108442239968422055e+07,3.695799300311215222e+07
2.615094653025157822e+04,3.550927192905822816e-01,6.267858451821395338e-01,-8.128583816721619666e+07,3.660373648482981324e+07
2.615659224409662420e+04,3.520228654422041803e-01,6.281572114919531380e-01,-8.148574436328783631e+07,3.624815377631404996e+07
2.616223795794167017e+04,3.489454842561782177e-01,6.295151885222203259e-01,-8.168413141107982397e+07,3.589124952377969027e+07
2.616788367178671615e+04,3.458606310861245814e-01,6.308597302069172130e-01,-8.188098979838289320e+07,3.553302845718716085e+07
2.617352938563176212e+04,3.427683616365621022e-01,6.321907906293332546e-01,-8.207631007759779692e+07,3.517349539024252445e+07
2.617917509947680810e+04,3.396687319629080881e-01,6.335083240220708012e-01,-8.227008286573526263e+07,3.481265522039749473e+07
2.618482081332185408e+04,3.365617984714781019e-01,6.348122847670460978e-01,-8.246229884441608191e+07,3.445051292884939909e+07
2.619046652716690005e+04,3.334476179194864609e-01,6.361026273954882848e-01,-8.265294875987105072e+07,3.408707358054121584e+07
2.619611224101194603e+04,3.303262474150457928e-01,6.373793065879400643e-01,-8.284202342294099927e+07,3.372234232416153699e+07
2.620175795485698836e+04,3.271977444171690896e-01,6.386422771742563675e-01,-8.302951370907661319e+07,3.335632439214484021e+07
2.620740366870203434e+04,3.240621667357619362e-01,6.398914941336082407e-01,-8.321541055833899975e+07,3.298902510067052394e+07
2.621304938254708031e+04,3.209195725316344450e-01,6.411269125944772940e-01,-8.339970497539892793e+07,3.262044984966432676e+07
2.621869509639212629e+04,3.177700203164930404e-01,6.423484878346595872e-01,-8.358238802953727543e+07,3.225060412279737368e+07
2.622434081023717226e+04,3.146135689529426793e-01,6.435561752812641867e-01,-8.376345085464495420e+07,3.187949348748644441e+07
2.622998652408221824e+04,3.114502776544867402e-01,6.447499305107137202e-01,-8.394288464922289550e+07,3.150712359489392862e+07
2.623563223792726421e+04,3.082802059855272447e-01,6.459297092487439329e-01,-8.412068067638204992e+07,3.113350017992786691e+07
2.624127795177231019e+04,3.051034138613643032e-01,6.470954673704040205e-01,-8.429683026384338737e+07,3.075862906124193594e+07
2.624692366561735616e+04,3.019199615481970023e-01,6.482471609000565183e-01,-8.447132480393789709e+07,3.038251614123541489e+07
2.625256937946240214e+04,2.987299096631225170e-01,6.493847460113770786e-01,-8.464415575360658765e+07,3.000516740605325997e+07
2.625821509330744811e+04,2.955333191741363885e-01,6.505081790273551379e-01,-8.481531463440047204e+07,2.962658892558601126e+07
2.626386080715249409e+04,2.923302514001330787e-01,6.516174164202928054e-01,-8.498479303248061240e+07,2.924678685346989334e+07
2.626950652099753643e+04,2.891207680109071920e-01,6.527124148118053082e-01,-8.515258259861797094e+07,2.886576742708697543e+07
2.627515223484258240e+04,2.859049310271458144e-01,6.537931309728232110e-01,-8.531867504819382727e+07,2.848353696756422520e+07
2.628079794868762838e+04,2.826828028204403931e-01,6.548595218235880866e-01,-8.548306216119919717e+07,2.810010187977500260e+07
2.628644366253267435e+04,2.794544461132793534e-01,6.559115444336556244e-01,-8.564573578223517537e+07,2.771546865233803168e+07
2.629208937637772033e+04,2.762199239790488758e-01,6.569491560218950754e-01,-8.580668782051292062e+07,2.732964385761766508e+07
2.629773509022276630e+04,2.729792998420341177e-01,6.579723139564885859e-01,-8.596591024985361099e+07,2.694263415172392502e+07
2.630338080406781228e+04,2.697326374774184354e-01,6.589809757549320857e-01,-8.612339510868841410e+07,2.655444627451242879e+07
2.630902651791285825e+04,2.664800010112837181e-01,6.599750990840344000e-01,-8.627913450005850196e+07,2.616508704958444089e+07
2.631467223175790423e+04,2.632214549206104981e-01,6.609546417599178048e-01,-8.643312059161511064e+07,2.577456338428686187e+07
2.632031794560295020e+04,2.599570640332775628e-01,6.619195617480181371e-01,-8.658534561561951041e+07,2.538288226971223205e+07
2.632596365944799618e+04,2.566868935280622321e-01,6.628698171630843516e-01,-8.673580186894290149e+07,2.499005078069869429e+07
2.633160937329304215e+04,2.534110089346401917e-01,6.638053662691784096e-01,-8.688448171306659281e+07,2.459607607583005726e+07
2.633725508713808449e+04,2.501294761335878247e-01,6.647261674796758335e-01,-8.703137757408177853e+07,2.420096539743601158e+07
2.634290080098313047e+04,2.468423613563736074e-01,6.656321793572663736e-01,-8.717648194268997014e+07,2.380472607159110531e+07
2.634854651482817644e+04,2.435497311853708213e-01,6.665233606139518985e-01,-8.731978737420240045e+07,2.340736550811628252e+07
2.635419222867322242e+04,2.402516525538491432e-01,6.673996701110477270e-01,-8.746128648854041100e+07,2.300889120057789236e+07
2.635983794251826839e+04,2.369481927459765325e-01,6.682610668591830727e-01,-8.760097197023537755e+07,2.260931072628787905e+07
2.636548365636331437e+04,2.336394193968197586e-01,6.691075100182998225e-01,-8.773883656842871010e+07,2.220863174630384147e+07
2.637112937020836034e+04,2.303254004923435960e-01,6.699389588976537580e-01,-8.787487309687179327e+07,2.180686200542900711e+07
2.637677508405340632e+04,2.270062043694116294e-01,6.707553729558136668e-01,-8.800907443392607570e+07,2.140400933221224695e+07
2.638242079789845229e+04,2.236818997157858369e-01,6.715567118006616765e-01,-8.814143352256298065e+07,2.100008163894806057e+07
2.638806651174349827e+04,2.203525555701266458e-01,6.723429351893932537e-01,-8.827194337036399543e+07,2.059508692167656124e+07
2.639371222558854424e+04,2.170182413219928219e-01,6.731140030285173159e-01,-8.840059704952061176e+07,2.018903326018350571e+07
2.639935793943359022e+04,2.136790267118418851e-01,6.738698753738557867e-01,-8.852738769683431089e+07,1.978192881800030917e+07
2.640500365327863256e+04,2.103349818310316366e-01,6.746105124305439293e-01,-8.865230851371654868e+07,1.937378184240425378e+07
2.641064936712367853e+04,2.069861771218120261e-01,6.753358745530313456e-01,-8.877535276618905365e+07,1.896460066441747546e+07
2.641629508096872451e+04,2.036326833773380307e-01,6.760459222450796446e-01,-8.889651378488327563e+07,1.855439369880851358e+07
2.642194079481377048e+04,2.002745717416607729e-01,6.767406161597641079e-01,-8.901578496504080296e+07,1.814316944409131259e+07
2.642758650865881646e+04,1.969119137097300465e-01,6.774199170994736896e-01,-8.913315976651325822e+07,1.773093648252542317e+07
2.643323222250386243e+04,1.935447811273937335e-01,6.780837860159103503e-01,-8.924863171376223862e+07,1.731770348011606187e+07
2.643887793634890841e+04,1.901732461913986649e-01,6.787321840100893899e-01,-8.936219439585939050e+07,1.690347918661402911e+07
2.644452365019395438e+04,1.867973814493897322e-01,6.793650723323396701e-01,-8.947384146648637950e+07,1.648827243551579118e+07
2.645016936403900036e+04,1.834172597999104981e-01,6.799824123823031696e-01,-8.958356664393487573e+07,1.607209214406343549e+07
2.645581507788404633e+04,1.800329544924029745e-01,6.805841657089349850e-01,-8.969136371110658348e+07,1.565494731324469298e+07
2.646146079172909231e+04,1.766445391272076226e-01,6.811702940105039961e-01,-8.979722651551321149e+07,1.523684702779293060e+07
2.646710650557413828e+04,1.732520876555631584e-01,6.817407591345922002e-01,-8.990114896927648783e+07,1.481780045618713647e+07
2.647275221941918426e+04,1.698556743796071633e-01,6.822955230780947122e-01,-9.000312504912818968e+07,1.439781685065191984e+07
2.647839793326422659e+04,1.664553739523776943e-01,6.828345479872200974e-01,-9.010314879641002417e+07,1.397690554715783149e+07
2.648404364710927257e+04,1.630512613778044850e-01,6.833577961574904824e-01,-9.020121431707388163e+07,1.355507596542019397e+07
2.648968936095431854e+04,1.596434120107226573e-01,6.838652300337415557e-01,-9.029731578168155253e+07,1.313233760890083760e+07
2.649533507479936452e+04,1.562319015568632286e-01,6.843568122101210127e-01,-9.039144742540483177e+07,1.270870006480689347e+07
2.650098078864441050e+04,1.528168060728561650e-01,6.848325054300914427e-01,-9.048360354802559316e+07,1.228417300409116596e+07
2.650662650248945647e+04,1.493982019662294103e-01,6.852922725864276643e-01,-9.057377851393571496e+07,1.185876618145205826e+07
2.651227221633450245e+04,1.459761659954096069e-01,6.857360767212182795e-01,-9.066196675213705003e+07,1.143248943533365428e+07
2.651791793017954842e+04,1.425507752697219854e-01,6.861638810258653409e-01,-9.074816275624153018e+07,1.100535268792562932e+07
2.652356364402459440e+04,1.391221072493898370e-01,6.865756488410839076e-01,-9.083236108447107673e+07,1.057736594516329467e+07
2.652920935786964037e+04,1.356902397455354570e-01,6.869713436569023779e-01,-9.091455635965764523e+07,1.014853929672762752e+07
2.653485507171468635e+04,1.322552509201791737e-01,6.873509291126627119e-01,-9.099474326924319565e+07,9.718882916045218706e+06
2.654050078555973232e+04,1.288172192862399035e-01,6.877143689970199869e-01,-9.107291656527970731e+07,9.288407060288265347e+06
2.654614649940477466e+04,1.253762237075373154e-01,6.880616272479423978e-01,-9.114907106442914903e+07,8.857122070374913514e+06
2.655179221324982063e+04,1.219323433987829081e-01,6.883926679527122561e-01,-9.122320164796361327e+07,8.425038370968110859e+06
2.655743792709486661e+04,1.184856579255930270e-01,6.887074553479243244e-01,-9.129530326176512241e+07,7.992166470477238297e+06
2.656308364093991258e+04,1.150362472044807599e-01,6.890059538194872601e-01,-9.136537091632573307e+07,7.558516961057052016e+06
2.656872935478495856e+04,1.115841915028570608e-01,6.892881279026225050e-01,-9.143339968674750626e+07,7.124100518607951701e+06
2.657437506863000453e+04,1.081295714390318186e-01,6.895539422818651731e-01,-9.149938471274256706e+07,6.688927902775950730e+06
2.658002078247505051e+04,1.046724679822132742e-01,6.898033617910640514e-01,-9.156332119863301516e+07,6.253009956952698529e+06
2.658566649632009648e+04,1.012129624525079374e-01,6.900363514133802667e-01,-9.162520441335099936e+07,5.816357608275480568e+06
2.659131221016514246e+04,9.775113652092107253e-02,6.902528762812890628e-01,-9.168502969043868780e+07,5.378981867627233267e+06
2.659695792401018844e+04,9.428707220935607369e-02,6.904529016765786897e-01,-9.174279242804820836e+07,4.940893829636491835e+06
2.660260363785523441e+04,9.082085189061506192e-02,6.906363930303511811e-01,-9.179848808894181252e+07,4.502104672677457333e+06
2.660824935170028039e+04,8.735255828839882941e-02,6.908033159230211329e-01,-9.185211220049169660e+07,4.062625658869937062e+06
2.661389506554532272e+04,8.388227447730803310e-02,6.909536360843169245e-01,-9.190366035468004644e+07,3.622468134079679847e+06
2.661954077939036870e+04,8.041008388283607533e-02,6.910873193932802749e-01,-9.195312820809918642e+07,3.181643527917206287e+06
2.662518649323541467e+04,7.693607028138094162e-02,6.912043318782660206e-01,-9.200051148195137084e+07,2.740163353739500046e+06
2.663083220708046065e+04,7.346031780023697111e-02,6.913046397169425594e-01,-9.204580596204888821e+07,2.298039208648912609e+06
2.663647792092550662e+04,6.998291091759707705e-02,6.913882092362912957e-01,-9.208900749881401658e+07,1.855282773493446410e+06
2.664212363477055260e+04,6.650393446255251084e-02,6.914550069126074172e-01,-9.213011200727914274e+07,1.411905812866717577e+06
2.664776934861559857e+04,6.302347361509282042e-02,6.915049993714987853e-01,-9.216911546708655357e+07,9.679201751079708338e+05
2.665341506246064455e+04,5.954161390610648863e-02,6.915381533878871556e-01,-9.220601392248867452e+07,5.233377923020869493e+05
2.665906077630569052e+04,5.605844121738035729e-02,6.915544358860072904e-01,-9.224080348234786093e+07,7.817068027959764004e+04
2.666470649015073650e+04,5.257404178159907210e-02,6.915538139394076245e-01,-9.227348032013650239e+07,-3.675690613833591342e+05
2.667035220399578247e+04,4.908850218234669244e-02,6.915362547709493768e-01,-9.230404067393705249e+07,-8.138692493650019169e+05
2.667599791784082845e+04,4.560190935410494278e-02,6.915017257528073280e-01,-9.233248084644195437e+07,-1.260717616597905755e+06
2.668164363168587079e+04,4.211435058225693195e-02,6.914501944064699313e-01,-9.235879720495365560e+07,-1.708101812268719077e+06
2.668728934553091676e+04,3.862591350307699456e-02,6.913816284027384240e-01,-9.238298618138465285e+07,-2.156009401819363236e+06
2.669293505937596274e+04,3.513668610374491574e-02,6.912959955617276053e-01,-9.240504427225744724e+07,-2.604427866945222020e+06
2.669858077322100871e+04,3.164675672233663306e-02,6.911932638528656137e-01,-9.242496803870457411e+07,-3.053344605596326292e+06
2.670422648706605469e+04,2.815621404782637019e-02,6.910734013948939269e-01,-9.244275410646852851e+07,-3.502746931977130473e+06
2.670987220091110066e+04,2.466514712008716081e-02,6.909363764558672516e-01,-9.245839916590191424e+07,-3.952622076546400785e+06
2.671551791475614664e+04,2.117364532989042883e-02,6.907821574531536335e-01,-9.247189997196729481e+07,-4.402957186017282307e+06
2.672116362860119261e+04,1.768179841890559628e-02,6.906107129534344580e-01,-9.248325334423726797e+07,-4.853739323357306421e+06
2.672680934244623859e+04,1.418969647970128208e-02,6.904220116727043388e-01,-9.249245616689443588e+07,-5.304955467788338661e+06
2.673245505629128456e+04,1.069742995574410500e-02,6.902160224762715623e-01,-9.249950538873146474e+07,-5.756592514786645770e+06
2.673810077013633054e+04,7.205089641399077538e-03,6.899927143787573103e-01,-9.250439802315098047e+07,-6.208637276082843542e+06
2.674374648398137651e+04,3.712766681929909399e-03,6.897520565440962148e-01,-9.250713114816568792e+07,-6.661076479661941528e+06
2.674939219782641885e+04,2.205525735011585350e-04,6.894940182855363586e-01,-9.250770190639825165e+07,-7.113896769762955606e+06
2.675503791167146483e+04,-3.271460836831261310e-03,6.892185690656389419e-01,-9.250610750508140028e+07,-7.567084706880196929e+06
2.676068362551651080e+04,-6.763181351105898749e-03,6.889256784962787261e-01,-9.250234521605785191e+07,-8.020626767761491239e+06
2.676632933936155678e+04,-1.025451642046566400e-02,6.886153163386434795e-01,-9.249641237578038871e+07,-8.474509345409259200e+06
2.677197505320660275e+04,-1.374537314515414735e-02,6.882874525032345314e-01,-9.248830638531175256e+07,-8.928718749080359936e+06
2.677762076705164873e+04,-1.723565914971971619e-02,6.879420596505403385e-01,-9.247802577272200584e+07,-9.383244400389429182e+06
2.678326648089669470e+04,-2.072533206067781603e-02,6.875792593909237915e-01,-9.246562509930820763e+07,-9.838252203684443608e+06
2.678891219474174068e+04,-2.421433295491687288e-02,6.871991227298277494e-01,-9.245112381532716751e+07,-1.029382657121238112e+07
2.679455790858678665e+04,-2.770257491747638023e-02,6.868016378676198297e-01,-9.243450491138368845e+07,-1.074994609014106169e+07
2.680020362243183263e+04,-3.118997095277541501e-02,6.863867935671055243e-01,-9.241575162286312878e+07,-1.120658941915330105e+07
2.680584933627687860e+04,-3.467643398461264098e-02,6.859545791535277548e-01,-9.239484742993125319e+07,-1.166373528844691254e+07
2.681149505012192458e+04,-3.816187685616628106e-02,6.855049845145668730e-01,-9.237177605753438175e+07,-1.212136249973470345e+07
2.681714076396697055e+04,-4.164621232999414502e-02,6.850380001003405495e-01,-9.234652147539927065e+07,-1.257944992624448240e+07
2.682278647781201289e+04,-4.512935308803137785e-02,6.845536169234047730e-01,-9.231906789803320169e+07,-1.303797651271875389e+07
2.682843219165705887e+04,-4.861121173159940745e-02,6.840518265587517410e-01,-9.228939978472386301e+07,-1.349692127541590482e+07
2.683407790550210484e+04,-5.209170078139254562e-02,6.835326211438123023e-01,-9.225750183953949809e+07,-1.395626330210843682e+07
2.683972361934715082e+04,-5.557073267748689760e-02,6.829959933784542914e-01,-9.222335901132881641e+07,-1.441598175208413973e+07
2.684536933319219679e+04,-5.904821977933814858e-02,6.824419365249835279e-01,-9.218695649372099340e+07,-1.487605585614579916e+07
2.685101504703724277e+04,-6.252407436578157063e-02,6.818704444081427063e-01,-9.214827972512573004e+07,-1.533646491661120206e+07
2.685666076088228874e+04,-6.599820863503200186e-02,6.812815114151125062e-01,-9.210731438873316348e+07,-1.579718830731312186e+07
2.686230647472733472e+04,-6.947053470468383951e-02,6.806751324955111482e-01,-9.206404641251392663e+07,-1.625820547359933704e+07
2.686795218857238069e+04,-7.294096461171112322e-02,6.800513031613939496e-01,-9.201846196921916306e+07,-1.671949593233262375e+07
2.687359790241742667e+04,-7.640941031246735460e-02,6.794100194872542131e-01,-9.197054747638046741e+07,-1.718103927189074084e+07
2.687924361626247264e+04,-7.987578368268573314e-02,6.787512781100225601e-01,-9.192028959630994499e+07,-1.764281515216646343e+07
2.688488933010751862e+04,-8.333999651747897586e-02,6.780750762290671529e-01,-9.186767523610015213e+07,-1.810480330456754565e+07
2.689053504395256095e+04,-8.680196053133711065e-02,6.773814116061940283e-01,-9.181269154762420058e+07,-1.856698353201644868e+07
2.689618075779760693e+04,-9.026158735813651079e-02,6.766702825656455422e-01,-9.175532592753554881e+07,-1.902933570895151794e+07
2.690182647164265290e+04,-9.371878855112639184e-02,6.759416879941029244e-01,-9.169556601726827025e+07,-1.949183978132521361e+07
2.690747218548769888e+04,-9.717347558293776277e-02,6.751956273406845010e-01,-9.163339970303687453e+07,-1.995447576660527661e+07
2.691311789933274486e+04,-1.006255598455812472e-01,6.744321006169459176e-01,-9.156881511583635211e+07,-2.041722375377444923e+07
2.691876361317779083e+04,-1.040749526504470002e-01,6.736511083968803604e-01,-9.150180063144217432e+07,-2.088006390333047137e+07
2.692440932702283681e+04,-1.075215652283048051e-01,6.728526518169188897e-01,-9.143234487041030824e+07,-2.134297644728607684e+07
2.693005504086788278e+04,-1.109653087293039769e-01,6.720367325759296628e-01,-9.136043669807720184e+07,-2.180594168916899711e+07
2.693570075471292876e+04,-1.144060942229734174e-01,6.712033529352187111e-01,-9.128606522455979884e+07,-2.226894000402195752e+07
2.694134646855797473e+04,-1.178438326982216150e-01,6.703525157185292738e-01,-9.120921980475547910e+07,-2.273195183840268850e+07
2.694699218240302071e+04,-1.212784350633366731e-01,6.694842243120422420e-01,-9.112989003834216297e+07,-2.319495771038389951e+07
2.695263789624806668e+04,-1.247098121459861431e-01,6.685984826643760481e-01,-9.104806576977822185e+07,-2.365793820955332369e+07
2.695828361009310902e+04,-1.281378746932151091e-01,6.676952952865872204e-01,-9.096373708830259740e+07,-2.412087399701335654e+07
2.696392932393815499e+04,-1.315625333714547096e-01,6.667746672521681628e-01,-9.087689432793448865e+07,-2.458374580538231879e+07
2.696957503778320097e+04,-1.349836987665091748e-01,6.658366041970503746e-01,-9.078752806747381389e+07,-2.504653443879260868e+07
2.697522075162824694e+04,-1.384012813835644173e-01,6.648811123196023409e-01,-9.069562913050086796e+07,-2.550922077289192751e+07
2.698086646547329292e+04,-1.418151916471858953e-01,6.639081983806301990e-01,-9.060118858537647128e+07,-2.597178575484297425e+07
2.698651217931833889e+04,-1.452253399013187785e-01,6.629178697033774048e-01,-9.050419774524189532e+07,-2.643421040332344547e+07
2.699215789316338487e+04,-1.486316364092876985e-01,6.619101341735250665e-01,-9.040464816801889241e+07,-2.689647580852603167e+07
2.699780360700843084e+04,-1.520339913537969156e-01,6.608850002391918332e-01,-9.030253165640974045e+07,-2.735856313215842471e+07
2.700344932085347682e+04,-1.554323148369302354e-01,6.598424769109336729e-01,-9.019784025789715350e+07,-2.782045360744329914e+07
2.700909503469852280e+04,-1.588265168801511473e-01,6.587825737617443167e-01,-9.009056626474437118e+07,-2.828212853911833838e+07
2.701474074854356877e+04,-1.622165074243025196e-01,6.577053009270550366e-01,-8.998070221399506927e+07,-2.874356930343620852e+07
2.702038646238861475e+04,-1.656021963296069044e-01,6.566106691047344235e-01,-8.986824088747344911e+07,-2.920475734816458821e+07
2.702603217623365708e+04,-1.689834933756642343e-01,6.554986895550893866e-01,-8.975317531178425252e+07,-2.966567419258585200e+07
2.703167789007870306e+04,-1.723603082614607040e-01,6.543693741008621556e-01,-8.963549875831247866e+07,-3.012630142749826610e+07
2.703732360392374903e+04,-1.757325506053553088e-01,6.532227351272349436e-01,-8.951520474322384596e+07,-3.058662071521418169e+07
2.704296931776879501e+04,-1.791001299450889206e-01,6.520587855818262835e-01,-8.939228702746447921e+07,-3.104661378956124932e+07
2.704861503161384098e+04,-1.824629557377819844e-01,6.508775389746925821e-01,-8.926673961676096916e+07,-3.150626245588213950e+07
2.705426074545888696e+04,-1.858209373599345182e-01,6.496790093783275655e-01,-8.913855676162040234e+07,-3.196554859103449807e+07
2.705990645930393293e+04,-1.891739841074260298e-01,6.484632114276627224e-01,-8.900773295733036101e+07,-3.242445414339095727e+07
2.706555217314897891e+04,-1.925220051955157941e-01,6.472301603200667497e-01,-8.887426294395890832e+07,-3.288296113283917308e+07
2.707119788699402488e+04,-1.958649097588424648e-01,6.459798718153462183e-01,-8.873814170635457337e+07,-3.334105165078178421e+07
2.707684360083907086e+04,-1.992026068514243797e-01,6.447123622357447958e-01,-8.859936447414636612e+07,-3.379870786013641953e+07
2.708248931468411683e+04,-2.025350054466594774e-01,6.434276484659441353e-01,-8.845792672174382210e+07,-3.425591199533571303e+07
2.708813502852916281e+04,-2.058620144373251581e-01,6.421257479530629864e-01,-8.831382416833691299e+07,-3.471264636232729256e+07
2.709378074237420878e+04,-2.091835426355785066e-01,6.408066787066580838e-01,-8.816705277789612114e+07,-3.516889333857378364e+07
2.709942645621925112e+04,-2.124994987729539597e-01,6.394704592987240366e-01,-8.801760875917249918e+07,-3.562463537305250019e+07
2.710507217006429710e+04,-2.158097915003720779e-01,6.381171088636907740e-01,-8.786548856569728255e+07,-3.607985498625665903e+07
2.711071788390934307e+04,-2.191143293881263332e-01,6.367466470984280980e-01,-8.771068889578251541e+07,-3.653453477019358426e+07
2.711636359775438905e+04,-2.224130209258922131e-01,6.353590942622426851e-01,-8.755320669252060354e+07,-3.698865738838587701e+07
2.712200931159943502e+04,-2.257057745227246115e-01,6.339544711768784202e-01,-8.739303914378441870e+07,-3.744220557587112486e+07
2.712765502544448100e+04,-2.289924985070579955e-01,6.325327992265170618e-01,-8.723018368222735822e+07,-3.789516213920195401e+07
2.713330073928952697e+04,-2.322731011267065437e-01,6.310941003577776875e-01,-8.706463798528328538e+07,-3.834750995644596219e+07
2.713894645313457295e+04,-2.355474905488637305e-01,6.296383970797170271e-01,-8.689639997516652942e+07,-3.879923197718573362e+07
2.714459216697961892e+04,-2.388155748601029083e-01,6.281657124638291290e-01,-8.672546781887193024e+07,-3.925031122251886129e+07
2.715023788082466490e+04,-2.420772620663768360e-01,6.266760701440458048e-01,-8.655183992817480862e+07,-3.970073078505793214e+07
2.715588359466971087e+04,-2.453324600930180399e-01,6.251694943167360741e-01,-8.637551495963093638e+07,-4.015047382893051952e+07
2.716152930851475685e+04,-2.485810767847382585e-01,6.236460097407068304e-01,-8.619649181457659602e+07,-4.059952358977922797e+07
2.716717502235979919e+04,-2.518230199056269991e-01,6.221056417372033964e-01,-8.601476963912868500e+07,-4.104786337476131320e+07
2.717282073620484516e+04,-2.550581971391596148e-01,6.205484161899053053e-01,-8.583034782418420911e+07,-4.149547656254994869e+07
2.717846645004989114e+04,-2.582865160881846478e-01,6.189743595449331837e-01,-8.564322600542101264e+07,-4.194234660333240777e+07
2.718411216389493711e+04,-2.615078842749323784e-01,6.173834988108435340e-01,-8.545340406329731643e+07,-4.238845701881125569e+07
2.718975787773998309e+04,-2.647222091410126876e-01,6.157758615586308437e-01,-8.526088212305182219e+07,-4.283379140220402181e+07
2.719540359158502906e+04,-2.679293980474149461e-01,6.141514759217268082e-01,-8.506566055470369756e+07,-4.327833341824332625e+07
2.720104930543007504e+04,-2.711293582745081254e-01,6.125103705960011080e-01,-8.486773997305260599e+07,-4.372206680317667127e+07
2.720669501927512101e+04,-2.743219970220407977e-01,6.108525748397606314e-01,-8.466712123767872155e+07,-4.416497536476660520e+07
2.721234073312016699e+04,-2.775072214091411915e-01,6.091781184737494748e-01,-8.446380545294265449e+07,-4.460704298229072243e+07
2.721798644696521296e+04,-2.806849384743168585e-01,6.074870318811499414e-01,-8.425779396798554063e+07,-4.504825360654150695e+07
2.722363216081025894e+04,-2.838550551754552842e-01,6.057793460075813208e-01,-8.404908837672895193e+07,-4.548859125982654840e+07
2.722927787465530491e+04,-2.870174783898232218e-01,6.040550923611006651e-01,-8.383769051787501574e+07,-4.592804003596834838e+07
2.723492358850034725e+04,-2.901721149140650824e-01,6.023143030122036778e-01,-8.362360247490638494e+07,-4.636658410030416399e+07
2.724056930234539323e+04,-2.933188714642110395e-01,6.005570105938199399e-01,-8.340682657608589530e+07,-4.680420768968709558e+07
2.724621501619043920e+04,-2.964576546756646502e-01,5.987832483013204588e-01,-8.318736539445717633e+07,-4.724089511248436570e+07
2.725186073003548518e+04,-2.995883711032110708e-01,5.969930498925118956e-01,-8.296522174784426391e+07,-4.767663074857850373e+07
2.725750644388053115e+04,-3.027109272210149471e-01,5.951864496876393407e-01,-8.274039869885165989e+07,-4.811139904936704785e+07
2.726315215772557713e+04,-3.058252294226207479e-01,5.933634825693845372e-01,-8.251289955486434698e+07,-4.854518453776245564e+07
2.726879787157062310e+04,-3.089311840209522098e-01,5.915241839828673243e-01,-8.228272786804780364e+07,-4.897797180819229782e+07
2.727444358541566908e+04,-3.120286972483131693e-01,5.896685899356447491e-01,-8.204988743534797430e+07,-4.940974552659906447e+07
2.728008929926071505e+04,-3.151176752563863426e-01,5.877967369977116219e-01,-8.181438229849131405e+07,-4.984049043044022471e+07
2.728573501310576103e+04,-3.181980241162345457e-01,5.859086623015001827e-01,-8.157621674398472905e+07,-5.027019132868830860e+07
2.729138072695080700e+04,-3.212696498182997518e-01,5.840044035418799906e-01,-8.133539530311565101e+07,-5.069883310183077306e+07
2.729702644079585298e+04,-3.243324582724039784e-01,5.820839989761584787e-01,-8.109192275195193291e+07,-5.112640070187015831e+07
2.730267215464089531e+04,-3.273863553077466793e-01,5.801474874240816204e-01,-8.084580411134211719e+07,-5.155287915232365578e+07
2.730831786848594129e+04,-3.304312466729124598e-01,5.781949082678291552e-01,-8.059704464691476524e+07,-5.197825354822429270e+07
2.731396358233098726e+04,-3.334670380358601416e-01,5.762263014520222493e-01,-8.034564986907935143e+07,-5.240250905611927062e+07
2.731960929617603324e+04,-3.364936349839296459e-01,5.742417074837182778e-01,-8.009162553302572668e+07,-5.282563091407106072e+07
2.732525501002107922e+04,-3.395109430238406611e-01,5.722411674324119346e-01,-7.983497763872417808e+07,-5.324760443165715784e+07
2.733090072386612519e+04,-3.425188675816925321e-01,5.702247229300356768e-01,-7.957571243092548847e+07,-5.366841498997000605e+07
2.733654643771117117e+04,-3.455173140029639822e-01,5.681924161709597243e-01,-7.931383639916096628e+07,-5.408804804161708057e+07
2.734219215155621714e+04,-3.485061875525133357e-01,5.661442899119909500e-01,-7.904935627774234116e+07,-5.450648911072085798e+07
2.734783786540126312e+04,-3.514853934145787395e-01,5.640803874723746558e-01,-7.878227904576188326e+07,-5.492372379291876405e+07
2.735348357924630909e+04,-3.544548366927777194e-01,5.620007527337934627e-01,-7.851261192709229887e+07,-5.533973775536326319e+07
2.735912929309135507e+04,-3.574144224101072909e-01,5.599054301403669776e-01,-7.824036239038680494e+07,-5.575451673672182113e+07
2.736477500693640104e+04,-3.603640555089441810e-01,5.577944646986530142e-01,-7.796553814907911420e+07,-5.616804654717687517e+07
2.737042072078144338e+04,-3.633036408510428306e-01,5.556679019776478157e-01,-7.768814716138353944e+07,-5.658031306842557341e+07
2.737606643462648935e+04,-3.662330832175428874e-01,5.535257881087811693e-01,-7.740819763029444218e+07,-5.699130225368093699e+07
2.738171214847153533e+04,-3.691522873089578827e-01,5.513681697859249553e-01,-7.712569800358709693e+07,-5.740100012767008692e+07
2.738735786231658130e+04,-3.720611577451827801e-01,5.491950942653861523e-01,-7.684065697381716967e+07,-5.780939278663548827e+07
2.739300357616162728e+04,-3.749595990654920885e-01,5.470066093659103901e-01,-7.655308347832076252e+07,-5.821646639833455533e+07
2.739864929000667325e+04,-3.778475157285401398e-01,5.448027634686800624e-01,-7.626298669921445847e+07,-5.862220720203970373e+07
2.740429500385171923e+04,-3.807248121123605888e-01,5.425836055173153261e-01,-7.597037606339535117e+07,-5.902660150853838027e+07
2.740994071769676520e+04,-3.835913925143667469e-01,5.403491850178742117e-01,-7.567526124254101515e+07,-5.942963570013296604e+07
2.741558643154181118e+04,-3.864471611513515814e-01,5.380995520388515141e-01,-7.537765215310947597e+07,-5.983129623064090312e+07
2.742123214538685716e+04,-3.892920221594874386e-01,5.358347572111802348e-01,-7.507755895633928478e+07,-6.023156962539456785e+07
2.742687785923190313e+04,-3.921258795943263209e-01,5.335548517282304726e-01,-7.477499205824945867e+07,-6.063044248124139756e+07
2.743252357307694911e+04,-3.949486374308000536e-01,5.312598873458100890e-01,-7.446996210963948071e+07,-6.102790146654378623e+07
2.743816928692199508e+04,-3.977601995632196186e-01,5.289499163821644867e-01,-7.416248000608934462e+07,-6.142393332117911428e+07
2.744381500076703742e+04,-4.005604698052740442e-01,5.266249917179778306e-01,-7.385255688795971870e+07,-6.181852485653954744e+07
2.744946071461208339e+04,-4.033493518900372887e-01,5.242851667963676077e-01,-7.354020414039114118e+07,-6.221166295553296804e+07
2.745510642845712937e+04,-4.061267494699575820e-01,5.219304956228930648e-01,-7.322543339330527186e+07,-6.260333457258150727e+07
2.746075214230217534e+04,-4.088925661168643089e-01,5.195610327655496574e-01,-7.290825652140402794e+07,-6.299352673362254351e+07
2.746639785614722132e+04,-4.116467053219665662e-01,5.171768333547702712e-01,-7.258868564416977763e+07,-6.338222653610847145e+07
2.747204356999226729e+04,-4.143890704958529403e-01,5.147779530834254436e-01,-7.226673312586542964e+07,-6.376942114900667220e+07
2.747768928383731327e+04,-4.171195649684917850e-01,5.123644482068229200e-01,-7.194241157553437352e+07,-6.415509781279950589e+07
2.748333499768235924e+04,-4.198380919892307772e-01,5.099363755427084310e-01,-7.161573384700042009e+07,-6.453924383948432654e+07
2.748898071152740522e+04,-4.225445547267974167e-01,5.074937924712646931e-01,-7.128671303886795044e+07,-6.492184661257351190e+07
2.749462642537245119e+04,-4.252388562692985263e-01,5.050367569351126296e-01,-7.095536249452175200e+07,-6.530289358709442616e+07
2.750027213921749717e+04,-4.279208996242208074e-01,5.025653274393098169e-01,-7.062169580212715268e+07,-6.568237228958941996e+07
2.750591785306254314e+04,-4.305905877184301178e-01,5.000795630513522605e-01,-7.028572679462991655e+07,-6.606027031811585277e+07
2.751156356690758548e+04,-4.332478233981706395e-01,4.975795234011743950e-01,-6.994746954975655675e+07,-6.643657534224581718e+07
2.751720928075263146e+04,-4.358925094290712066e-01,4.950652686811436998e-01,-6.960693839001339674e+07,-6.681127510306716710e+07
2.752285499459767743e+04,-4.385245484961344253e-01,4.925368596460698578e-01,-6.926414788268788159e+07,-6.718435741318199039e+07
2.752850070844272341e+04,-4.411438432037452784e-01,4.899943576131985945e-01,-6.891911283984771371e+07,-6.755581015670761466e+07
2.753414642228776938e+04,-4.437502960756672943e-01,4.874378244622129541e-01,-6.857184831834113598e+07,-6.792562128927642107e+07
2.753979213613281536e+04,-4.463438095550444906e-01,4.848673226352337995e-01,-6.822236961979684234e+07,-6.829377883803565800e+07
2.754543784997786133e+04,-4.489242860043994865e-01,4.822829151368193124e-01,-6.787069229062397778e+07,-6.866027090164771676e+07
2.755108356382290731e+04,-4.514916277056355010e-01,4.796846655339652155e-01,-6.751683212201222777e+07,-6.902508565028992295e+07
2.755672927766795328e+04,-4.540457368600344656e-01,4.770726379561046615e-01,-6.716080514993171394e+07,-6.938821132565455139e+07
2.756237499151299926e+04,-4.565865155882583015e-01,4.744468970951086217e-01,-6.680262765513306856e+07,-6.974963624094894528e+07
2.756802070535804523e+04,-4.591138659303486969e-01,4.718075082052852753e-01,-6.644231616314740479e+07,-7.010934878089542687e+07
2.757366641920309121e+04,-4.616276898457264966e-01,4.691545371033806200e-01,-6.607988744428632408e+07,-7.046733740173131227e+07
2.757931213304813355e+04,-4.641278892131906475e-01,4.664880501685795267e-01,-6.571535851364213228e+07,-7.082359063120862842e+07
2.758495784689317952e+04,-4.666143658309246933e-01,4.638081143424995778e-01,-6.534874663108691573e+07,-7.117809706859517097e+07
2.759060356073822550e+04,-4.690870214164867269e-01,4.611147971292008374e-01,-6.498006930127395689e+07,-7.153084538467302918e+07
2.759624927458327147e+04,-4.715457576068158851e-01,4.584081665951790785e-01,-6.460934427363679558e+07,-7.188182432173943520e+07
2.760189498842831745e+04,-4.739904759582314608e-01,4.556882913693678927e-01,-6.423658954238942266e+07,-7.223102269360673428e+07
2.760754070227336342e+04,-4.764210779464314593e-01,4.529552406431383016e-01,-6.386182334652635455e+07,-7.257842938560220599e+07
2.761318641611840940e+04,-4.788374649664944305e-01,4.502090841702987567e-01,-6.348506416982257366e+07,-7.292403335456807911e+07
2.761883212996345537e+04,-4.812395383328774146e-01,4.474498922670951395e-01,-6.310633074083351344e+07,-7.326782362886172533e+07
2.762447784380850135e+04,-4.836271992794183849e-01,4.446777358122110391e-01,-6.272564203289515525e+07,-7.360978930835533142e+07
2.763012355765354732e+04,-4.860003489593332504e-01,4.418926862467675298e-01,-6.234301726412391663e+07,-7.394991956443622708e+07
2.763576927149859330e+04,-4.883588884452190748e-01,4.390948155743232273e-01,-6.195847589741671085e+07,-7.428820364000666142e+07
2.764141498534363927e+04,-4.907027187290515791e-01,4.362841963608740659e-01,-6.157203764045093954e+07,-7.462463084948389232e+07
2.764706069918868161e+04,-4.930317407221846415e-01,4.334609017348557414e-01,-6.118372244568473101e+07,-7.495919057879996300e+07
2.765270641303372759e+04,-4.953458552553564598e-01,4.306250053871354955e-01,-6.079355051035596430e+07,-7.529187228540259600e+07
2.765835212687877356e+04,-4.976449630786803913e-01,4.277765815710238839e-01,-6.040154227648372948e+07,-7.562266549825377762e+07
2.766399784072381954e+04,-4.999289648616502268e-01,4.249157051022671161e-01,-6.000771843086735904e+07,-7.595155981783077121e+07
2.766964355456886551e+04,-5.021977611931401908e-01,4.220424513590489424e-01,-5.961209990508667380e+07,-7.627854491612586379e+07
2.767528926841391149e+04,-5.044512525814035531e-01,4.191568962819904876e-01,-5.921470787550197542e+07,-7.660361053664624691e+07
2.768093498225895746e+04,-5.066893394540731288e-01,4.162591163741504730e-01,-5.881556376325405389e+07,-7.692674649441421032e+07
2.768658069610400344e+04,-5.089119221581617225e-01,4.133491887010253829e-01,-5.841468923426416516e+07,-7.724794267596691847e+07
2.769222640994904941e+04,-5.111189009600612954e-01,4.104271908905486876e-01,-5.801210619923408329e+07,-7.756718903935664892e+07
2.769787212379409539e+04,-5.133101760455435203e-01,4.074932011330918979e-01,-5.760783681364601105e+07,-7.788447561415064335e+07
2.770351783763914136e+04,-5.154856475197596710e-01,4.045472981814639546e-01,-5.720190347776270658e+07,-7.819979250143107772e+07
2.770916355148418734e+04,-5.176452154072409551e-01,4.015895613509109507e-01,-5.679432883662734926e+07,-7.851312987379521132e+07
2.771480926532923331e+04,-5.197887796518974035e-01,3.986200705191169091e-01,-5.638513578006362170e+07,-7.882447797535523772e+07
2.772045497917427565e+04,-5.219162401170176491e-01,3.956389061262051698e-01,-5.597434744267600030e+07,-7.913382712173816562e+07
2.772610069301932162e+04,-5.240274965852742550e-01,3.926461491747307297e-01,-5.556198720384855568e+07,-7.944116770008662343e+07
2.773174640686436760e+04,-5.261224487587148335e-01,3.896418812296919554e-01,-5.514807868774673343e+07,-7.974649016905763745e+07
2.773739212070941358e+04,-5.282009962587680407e-01,3.866261844185228669e-01,-5.473264576331613213e+07,-8.004978505882334709e+07
2.774303783455445955e+04,-5.302630386262426887e-01,3.835991414310950254e-01,-5.431571254428287596e+07,-8.035104297107100487e+07
2.774868354839950553e+04,-5.323084753213259690e-01,3.805608355197172554e-01,-5.389730338915354013e+07,-8.065025457900279760e+07
2.775432926224455150e+04,-5.343372057235857842e-01,3.775113504991362001e-01,-5.347744290121521056e+07,-8.094741062733587623e+07
2.775997497608959748e+04,-5.363491291319688603e-01,3.744507707465358215e-01,-5.305615592853542417e+07,-8.124250193230244517e+07
2.776562068993464345e+04,-5.383441447648024125e-01,3.713791812015378446e-01,-5.263346756396225840e+07,-8.153551938164973259e+07
2.777126640377968943e+04,-5.403224840297874421e-01,3.682966270278322241e-01,-5.220925924505732208e+07,-8.182640511984425783e+07
2.777691211762473540e+04,-5.422847506387130645e-01,3.652031121004208347e-01,-5.178325240672034025e+07,-8.211504640158542991e+07
2.778255783146978138e+04,-5.442308971694969078e-01,3.620987226122428515e-01,-5.135545163470842689e+07,-8.240142609508909285e+07
2.778820354531482371e+04,-5.461608560330316608e-01,3.589835476349522159e-01,-5.092587059999543428e+07,-8.268553025069600344e+07
2.779384925915986969e+04,-5.480745602321686061e-01,3.558576765563511990e-01,-5.049452305609633774e+07,-8.296734505480937660e+07
2.779949497300491566e+04,-5.499719433617090703e-01,3.527211990804019481e-01,-5.006142283906884491e+07,-8.324685682989370823e+07
2.780514068684996164e+04,-5.518529396084106420e-01,3.495742052272189926e-01,-4.962658386751233786e+07,-8.352405203447563946e+07
2.781078640069500761e+04,-5.537174837509847292e-01,3.464167853330708535e-01,-4.919002014256814867e+07,-8.379891726314365864e+07
2.781643211454005359e+04,-5.555655111600973362e-01,3.432490300503803216e-01,-4.875174574791952223e+07,-8.407143924654819071e+07
2.782207782838509956e+04,-5.573969577983689527e-01,3.400710303477242902e-01,-4.831177484979166090e+07,-8.434160485140149295e+07
2.782772354223014554e+04,-5.592117602203743321e-01,3.368828775098337003e-01,-4.787012169695167989e+07,-8.460940108047778904e+07
2.783336925607519152e+04,-5.610098555726424907e-01,3.336846631375938177e-01,-4.742680062070864439e+07,-8.487481507261314988e+07
2.783901496992023749e+04,-5.627911815936568196e-01,3.304764791480439001e-01,-4.698182603491355479e+07,-8.513783410270553827e+07
2.784466068376528347e+04,-5.645556766138553062e-01,3.272584177743775302e-01,-4.653521243595933914e+07,-8.539844558171485364e+07
2.785030639761032944e+04,-5.663032795556302013e-01,3.240305715659422270e-01,-4.608697440278087556e+07,-8.565663705666284263e+07
2.785595211145537178e+04,-5.680339299333269087e-01,3.207930333882419438e-01,-4.563712659685525298e+07,-8.591239621063300967e+07
2.786159782530041775e+04,-5.697475678532487597e-01,3.175458964229284642e-01,-4.518568376220063120e+07,-8.616571086277124286e+07
2.786724353914546373e+04,-5.714441340136497960e-01,3.142892541678138363e-01,-4.473266072537798434e+07,-8.641656896828480065e+07
2.787288925299050970e+04,-5.731235697047398769e-01,3.110232004368623793e-01,-4.427807239548991621e+07,-8.666495861844307184e+07
2.787853496683555568e+04,-5.747858168086830144e-01,3.077478293601925152e-01,-4.382193376418098062e+07,-8.691086804057724774e+07
2.788418068068060165e+04,-5.764308177995977056e-01,3.044632353840765471e-01,-4.336425990563765168e+07,-8.715428559808048606e+07
2.788982639452564763e+04,-5.780585157435568222e-01,3.011695132709414358e-01,-4.290506597658836097e+07,-8.739519979040782154e+07
2.789547210837069360e+04,-5.796688542985873882e-01,2.978667580993679120e-01,-4.244436721630346030e+07,-8.763359925307615101e+07
2.790111782221573958e+04,-5.812617777146711351e-01,2.945550652640907541e-01,-4.198217894659522921e+07,-8.786947275766429305e+07
2.790676353606078555e+04,-5.828372308337440577e-01,2.912345304759993980e-01,-4.151851657181790471e+07,-8.810280921181297302e+07
2.791240924990583153e+04,-5.843951590896961923e-01,2.879052497621369389e-01,-4.105339557886764407e+07,-8.833359765922477841e+07
2.791805496375087750e+04,-5.859355085083726156e-01,2.845673194657008520e-01,-4.058683153718255460e+07,-8.856182727966421843e+07
2.792370067759591984e+04,-5.874582257075711134e-01,2.812208362460448807e-01,-4.011884009874295443e+07,-8.878748738895753026e+07
2.792934639144096582e+04,-5.889632578970470655e-01,2.778658970786704319e-01,-3.964943699807022512e+07,-8.901056743899330497e+07
2.793499210528601179e+04,-5.904505528785075619e-01,2.745025992552394545e-01,-3.917863805222856998e+07,-8.923105701772156358e+07
2.794063781913105777e+04,-5.919200590456145106e-01,2.711310403835661131e-01,-3.870645916082381457e+07,-8.944894584915438294e+07
2.794628353297610374e+04,-5.933717253839844163e-01,2.677513183876184533e-01,-3.823291630600374937e+07,-8.966422379336573184e+07
2.795192924682114972e+04,-5.948055014711883803e-01,2.643635315075189007e-01,-3.775802555245809257e+07,-8.987688084649148583e+07
2.795757496066619569e+04,-5.962213374767517671e-01,2.609677782995438733e-01,-3.728180304741847515e+07,-9.008690714072938263e+07
2.796322067451124167e+04,-5.976191841621539824e-01,2.575641576361240026e-01,-3.680426502065849304e+07,-9.029429294433909655e+07
2.796886638835628764e+04,-5.989989928808291397e-01,2.541527687058440232e-01,-3.632542778449365497e+07,-9.049902866164214909e+07
2.797451210220133362e+04,-6.003607155781657267e-01,2.507337110134429392e-01,-3.584530773378141224e+07,-9.070110483302199841e+07
2.798015781604637959e+04,-6.017043047915064946e-01,2.473070843798137186e-01,-3.536392134592117369e+07,-9.090051213492396474e+07
2.798580352989142557e+04,-6.030297136501485689e-01,2.438729889420037100e-01,-3.488128518085426092e+07,-9.109724137985530496e+07
2.799144924373646791e+04,-6.043368958753424502e-01,2.404315251532163911e-01,-3.439741588106423616e+07,-9.129128351638498902e+07
2.799709495758151388e+04,-6.056258057802960115e-01,2.369827937828028197e-01,-3.391233017157566547e+07,-9.148262962914429605e+07
2.800274067142655986e+04,-6.068963982701685023e-01,2.335268959162750402e-01,-3.342604485995602235e+07,-9.167127093882600963e+07
2.800838638527160583e+04,-6.081486288420745456e-01,2.300639329552967571e-01,-3.293857683631435782e+07,-9.185719880218493938e+07
2.801403209911665181e+04,-6.093824535850831392e-01,2.265940066176859724e-01,-3.244994307330168039e+07,-9.204040471203778684e+07
2.801967781296169778e+04,-6.105978291802176550e-01,2.231172189374147630e-01,-3.196016062611092255e+07,-9.222088029726314545e+07
2.802532352680674376e+04,-6.117947129004559503e-01,2.196336722646094475e-01,-3.146924663247696683e+07,-9.239861732280150056e+07
2.803096924065178973e+04,-6.129730626107301461e-01,2.161434692655504197e-01,-3.097721831267662346e+07,-9.257360768965524435e+07
2.803661495449683571e+04,-6.141328367679265154e-01,2.126467129226722319e-01,-3.048409296952864155e+07,-9.274584343488863111e+07
2.804226066834188168e+04,-6.152739944208861500e-01,2.091435065345636779e-01,-2.998988798839370534e+07,-9.291531673162786663e+07
2.804790638218692766e+04,-6.163964952104040718e-01,2.056339537159674602e-01,-2.949462083717442304e+07,-9.308201988906098902e+07
2.805355209603197363e+04,-6.175002993692300102e-01,2.021181583977807450e-01,-2.899830906631536409e+07,-9.324594535243797302e+07
2.805919780987701961e+04,-6.185853677220679581e-01,1.985962248270546626e-01,-2.850097030880300701e+07,-9.340708570307067037e+07
2.806484352372206195e+04,-6.196516616855755055e-01,1.950682575669967778e-01,-2.800262228016611189e+07,-9.356543365833273530e+07
2.807048923756710792e+04,-6.206991432683668375e-01,1.915343614969619579e-01,-2.750328277847437933e+07,-9.372098207166001201e+07
2.807613495141215390e+04,-6.217277750710082929e-01,1.879946418124661678e-01,-2.700296968434043601e+07,-9.387372393254992366e+07
2.808178066525719987e+04,-6.227375202860211401e-01,1.844492040251772269e-01,-2.650170096091852337e+07,-9.402365236656190455e+07
2.808742637910224585e+04,-6.237283426978815770e-01,1.808981539629168633e-01,-2.599949465390480310e+07,-9.417076063531729579e+07
2.809307209294729182e+04,-6.247002066830195099e-01,1.773415977696612966e-01,-2.549636889153736830e+07,-9.431504213649930060e+07
2.809871780679233780e+04,-6.256530772098197746e-01,1.737796419055407104e-01,-2.499234188459627703e+07,-9.445649040385304391e+07
2.810436352063738377e+04,-6.265869198386210259e-01,1.702123931468394191e-01,-2.448743192640350014e+07,-9.459509910718554258e+07
2.811000923448242975e+04,-6.275017007217168485e-01,1.666399585859959509e-01,-2.398165739282293990e+07,-9.473086205236567557e+07
2.811565494832747572e+04,-6.283973866033546463e-01,1.630624456316029924e-01,-2.347503674226045609e+07,-9.486377318132425845e+07
2.812130066217252170e+04,-6.292739448197367524e-01,1.594799620084072500e-01,-2.296758851566381007e+07,-9.499382657205399871e+07
2.812694637601756767e+04,-6.301313432990195418e-01,1.558926157573098936e-01,-2.245933133652274683e+07,-9.512101643860943615e+07
2.813259208986261001e+04,-6.309695505613130972e-01,1.523005152353681113e-01,-2.195028391086924076e+07,-9.524533713110701740e+07
2.813823780370765598e+04,-6.317885357186839856e-01,1.487037691157866992e-01,-2.144046502727621049e+07,-9.536678313572524488e+07
2.814388351755270196e+04,-6.325882684751508167e-01,1.451024863879312177e-01,-2.092989355685952306e+07,-9.548534907470433414e+07
2.814952923139774794e+04,-6.333687191266879069e-01,1.414967763573194981e-01,-2.041858845327663422e+07,-9.560102970634642243e+07
2.815517494524279391e+04,-6.341298585612231697e-01,1.378867486456229474e-01,-1.990656875272694230e+07,-9.571381992501558363e+07
2.816082065908783989e+04,-6.348716582586396706e-01,1.342725131906676583e-01,-1.939385357395179197e+07,-9.582371476113776863e+07
2.816646637293288586e+04,-6.355940902907740719e-01,1.306541802464334101e-01,-1.888046211823443323e+07,-9.593070938120082021e+07
2.817211208677793184e+04,-6.362971273214178547e-01,1.270318603830545567e-01,-1.836641366940008104e+07,-9.603479908775447309e+07
2.817775780062297781e+04,-6.369807426063169853e-01,1.234056644868193331e-01,-1.785172759381586313e+07,-9.613597931941036880e+07
2.818340351446802379e+04,-6.376449099931715825e-01,1.197757037601700908e-01,-1.733642334039087594e+07,-9.623424565084204078e+07
2.818904922831306976e+04,-6.382896039216360284e-01,1.161420897217036036e-01,-1.682052044057610631e+07,-9.632959379278491437e+07
2.819469494215811574e+04,-6.389147994233191907e-01,1.125049342061705815e-01,-1.630403850836451352e+07,-9.642201959203627706e+07
2.820034065600315807e+04,-6.395204721217839783e-01,1.088643493644781690e-01,-1.578699724029131234e+07,-9.651151903145532310e+07
2.820598636984820405e+04,-6.401065982325490067e-01,1.052204476636807579e-01,-1.526941641543266177e+07,-9.659808822996325791e+07
2.821163208369325002e+04,-6.406731545630856006e-01,1.015733418869940591e-01,-1.475131589540763199e+07,-9.668172344254301488e+07
2.821727779753829600e+04,-6.412201185128202363e-01,9.792314513378526375e-02,-1.423271562437692285e+07,-9.676242106023950875e+07
2.822292351138334197e+04,-6.417474680731336534e-01,9.426997081957592950e-02,-1.371363562904316187e+07,-9.684017761015950143e+07
