time,x,y,vx,vy
0.000000000000000000e+00,0.000000000000000000e+00,9.832899999999999974e-01,-6.773251395529817045e+07,0.000000000000000000e+00
2.825117468606941173e+01,-1.279052065916542677e-02,9.831956635464422778e-01,-6.772601507612386346e+07,-9.991079243901434820e+05
5.650234937213882347e+01,-2.557858685491161757e-02,9.829126600729751750e-01,-6.770651901898574829e+07,-1.998098068080145167e+06
8.475352405820822810e+01,-3.836174408908801792e-02,9.824410229450281085e-01,-6.767402519619758427e+07,-2.996852616045738105e+06
1.130046987442776469e+02,-5.113753771566401790e-02,9.817808077847061110e-01,-6.762853262948364019e+07,-3.995253661671515089e+06
1.412558734303470658e+02,-6.390351286715148516e-02,9.809320924924126439e-01,-6.757003995205931365e+07,-4.993183160925563425e+06
1.695070481164164562e+02,-7.665721438149909750e-02,9.798949772771288202e-01,-6.749854541154769063e+07,-5.990522886501952074e+06
1.977582228024858750e+02,-8.939618672961677226e-02,9.786695846953572531e-01,-6.741404687373606861e+07,-6.987154381920460612e+06
2.260093974885552939e+02,-1.021179739436890443e-01,9.772560596987378556e-01,-6.731654182717730105e+07,-7.982958915573013015e+06
2.542605721746247127e+02,-1.148201195464376989e-01,9.756545696903483611e-01,-6.720602738864204288e+07,-8.977817434706434608e+06
2.825117468606941316e+02,-1.275001664814949531e-01,9.738653045897015526e-01,-6.708250030942895263e+07,-9.971610519331235439e+06
3.107629215467635504e+02,-1.401556570450498695e-01,9.718884769064540796e-01,-6.694595698254116625e+07,-1.096421833604633249e+07
3.390140962328329124e+02,-1.527841328189325776e-01,9.697243218228442929e-01,-6.679639345073843747e+07,-1.195552059176976606e+07
3.672652709189023312e+02,-1.653831346053027118e-01,9.673730972848769705e-01,-6.663380541547535360e+07,-1.294539648736571893e+07
3.955164456049717501e+02,-1.779502023631099605e-01,9.648350841022766966e-01,-6.645818824673738331e+07,-1.393372467115833610e+07
4.237676202910411689e+02,-1.904828751464984760e-01,9.621105860572300994e-01,-6.626953699378740788e+07,-1.492038319232316129e+07
4.520187949771105878e+02,-2.029786910453271476e-01,9.591999300219437030e-01,-6.606784639683676511e+07,-1.590524945414725505e+07
4.802699696631800066e+02,-2.154351871279829578e-01,9.561034660850400435e-01,-6.585311089965585619e+07,-1.688820016714937240e+07
5.085211443492494254e+02,-2.278498993866651112e-01,9.528215676868210249e-01,-6.562532466314060986e+07,-1.786911130205199495e+07
5.367723190353187874e+02,-2.402203626853235130e-01,9.493546317634274923e-01,-6.538448157985222340e+07,-1.884785804259728640e+07
5.650234937213882631e+02,-2.525441107104355876e-01,9.457030788999238879e-01,-6.513057528954889625e+07,-1.982431473819957301e+07
5.932746684074576251e+02,-2.648186759248119526e-01,9.418673534923406310e-01,-6.486359919572935998e+07,-2.079835485642724857e+07
6.215258430935271008e+02,-2.770415895246232107e-01,9.378479239187063055e-01,-6.458354648320934922e+07,-2.176985093530767784e+07
6.497770177795964628e+02,-2.892103813998452289e-01,9.336452827191041859e-01,-6.429041013675332814e+07,-2.273867453544894233e+07
6.780281924656658248e+02,-3.013225800983245217e-01,9.292599467847880712e-01,-6.398418296078507602e+07,-2.370469619197310135e+07
7.062793671517353005e+02,-3.133757127936697140e-01,9.246924575563938431e-01,-6.366485760020196438e+07,-2.466778536625597253e+07
7.345305418378046625e+02,-3.253673052571795510e-01,9.199433812312820535e-01,-6.333242656231913716e+07,-2.562781039746923745e+07
7.627817165238741381e+02,-3.372948818340243959e-01,9.150133089800521757e-01,-6.298688223997095227e+07,-2.658463845392134786e+07
7.910328912099435001e+02,-3.491559654239013155e-01,9.099028571722636016e-01,-6.262821693579856306e+07,-2.753813548419430107e+07
8.192840658960129758e+02,-3.609480774663904601e-01,9.046126676114049081e-01,-6.225642288775367290e+07,-2.848816616807429865e+07
8.475352405820823378e+02,-3.726687379312446646e-01,8.991434077791478074e-01,-6.187149229584997147e+07,-2.943459386727494746e+07
8.757864152681518135e+02,-3.843154653138517451e-01,8.934957710889279703e-01,-6.147341735019504279e+07,-3.037728057595271245e+07
9.040375899542211755e+02,-3.958857766361134067e-01,8.876704771488885815e-01,-6.106219026033704728e+07,-3.131608687101506442e+07
9.322887646402905375e+02,-4.073771874529937276e-01,8.816682720342291502e-01,-6.063780328596170992e+07,-3.225087186222295836e+07
9.605399393263600132e+02,-4.187872118649948461e-01,8.754899285689946575e-01,-6.020024876897680014e+07,-3.318149314209009334e+07
9.887911140124293752e+02,-4.301133625368248614e-01,8.691362466173466750e-01,-5.974951916702248156e+07,-3.410780673558268696e+07
1.017042288698498851e+03,-4.413531507225333939e-01,8.626080533843502041e-01,-5.928560708844757080e+07,-3.502966704962465912e+07
1.045293463384568213e+03,-4.525040862973920275e-01,8.559062037263155398e-01,-5.880850532879313827e+07,-3.594692682241416723e+07
1.073544638070637575e+03,-4.635636777968116240e-01,8.490315804707272429e-01,-5.831820690882632136e+07,-3.685943707255902886e+07
1.101795812756707164e+03,-4.745294324625912719e-01,8.419850947457963031e-01,-5.781470511416889727e+07,-3.776704704803974181e+07
1.130046987442776526e+03,-4.853988562968049036e-01,8.347676863196655805e-01,-5.729799353656649590e+07,-3.866960417501033843e+07
1.158298162128845888e+03,-4.961694541236409406e-01,8.273803239492972805e-01,-5.676806611684595793e+07,-3.956695400644895434e+07
1.186549336814915250e+03,-5.068387296595162628e-01,8.198240057390717705e-01,-5.622491718960996717e+07,-4.045894017067146301e+07
1.214800511500984612e+03,-5.174041855917994592e-01,8.120997595091210552e-01,-5.566854152971948683e+07,-4.134540431972336769e+07
1.243051686187054202e+03,-5.278633236664846962e-01,8.042086431734175589e-01,-5.509893440061625093e+07,-4.222618607766695321e+07
1.271302860873123564e+03,-5.382136447851680883e-01,7.961517451276377555e-01,-5.451609160453906655e+07,-4.310112298878258467e+07
1.299554035559192926e+03,-5.484526491116921143e-01,7.879301846468135251e-01,-5.392000953468926996e+07,-4.397005046570515633e+07
1.327805210245262288e+03,-5.585778361888283916e-01,7.795451122927826715e-01,-5.331068522940234095e+07,-4.483280173751864582e+07
1.356056384931331650e+03,-5.685867050653842236e-01,7.709977103314431535e-01,-5.268811642838419974e+07,-4.568920779783419520e+07
1.384307559617401239e+03,-5.784767544341302692e-01,7.622891931598114734e-01,-5.205230163107233495e+07,-4.653909735287936032e+07
1.412558734303470601e+03,-5.882454827809528997e-01,7.534208077428815598e-01,-5.140324015718355775e+07,-4.738229676962871104e+07
1.440809908989539963e+03,-5.978903885456537948e-01,7.443938340602718196e-01,-5.074093220951162279e+07,-4.821863002400863171e+07
1.469061083675609325e+03,-6.074089702948256564e-01,7.352095855626439302e-01,-5.006537893903977424e+07,-4.904791864921180159e+07
1.497312258361678914e+03,-6.167987269072466860e-01,7.258694096378683902e-01,-4.937658251243454218e+07,-4.986998168415985256e+07
1.525563433047748276e+03,-6.260571577722526815e-01,7.163746880869060751e-01,-4.867454618198898435e+07,-5.068463562215566635e+07
1.553814607733817638e+03,-6.351817630015537119e-01,7.067268376093644999e-01,-4.795927435808476061e+07,-5.149169435977008194e+07
1.582065782419887000e+03,-6.441700436549777642e-01,6.969273102986811574e-01,-4.723077268424423039e+07,-5.229096914601093531e+07
1.610316957105956362e+03,-6.530195019806382950e-01,6.869775941468744263e-01,-4.648904811484508216e+07,-5.308226853182602674e+07
1.638568131792025952e+03,-6.617276416700351716e-01,6.768792135587963221e-01,-4.573410899557135999e+07,-5.386539831999533623e+07
1.666819306478095314e+03,-6.702919681286122477e-01,6.666337298758049368e-01,-4.496596514667637646e+07,-5.464016151547141373e+07
1.695070481164164676e+03,-6.787099887623103678e-01,6.562427419087679681e-01,-4.418462794913402200e+07,-5.540635827623134106e+07
1.723321655850234038e+03,-6.869792132806684659e-01,6.457078864802940910e-01,-4.339011043375657499e+07,-5.616378586470740288e+07
1.751572830536303627e+03,-6.950971540170401974e-01,6.350308389760770389e-01,-4.258242737335807830e+07,-5.691223859986849129e+07
1.779824005222372989e+03,-7.030613262665096341e-01,6.242133139052197244e-01,-4.176159537804360688e+07,-5.765150781002856046e+07
1.808075179908442351e+03,-7.108692486421021028e-01,6.132570654693962897e-01,-4.092763299370572716e+07,-5.838138178646361083e+07
1.836326354594511713e+03,-7.185184434499066741e-01,6.021638881406899957e-01,-4.008056080381050706e+07,-5.910164573792340606e+07
1.864577529280581075e+03,-7.260064370837353565e-01,5.909356172479298674e-01,-3.922040153455617279e+07,-5.981208174612975866e+07
1.892828703966650664e+03,-7.333307604399681434e-01,5.795741295713300323e-01,-3.834718016348825395e+07,-6.051246872235849500e+07
1.921079878652720026e+03,-7.404889493532403888e-01,5.680813439452185865e-01,-3.746092403165576607e+07,-6.120258236520807445e+07
1.949331053338789388e+03,-7.474785450536535203e-01,5.564592218686198466e-01,-3.656166295939322561e+07,-6.188219511966392398e+07
1.977582228024858750e+03,-7.542970946461972082e-01,5.447097681234376321e-01,-3.564942936581387371e+07,-6.255107613757362217e+07
2.005833402710928340e+03,-7.609421516130965291e-01,5.328350313999575816e-01,-3.472425839209930599e+07,-6.320899123965471983e+07
2.034084577396997702e+03,-7.674112763398049930e-01,5.208371049293717414e-01,-3.378618802867096663e+07,-6.385570287916376442e+07
2.062335752083066836e+03,-7.737020366653879488e-01,5.087181271229940238e-01,-3.283525924632835388e+07,-6.449097010736212134e+07
2.090586926769136426e+03,-7.798120084580512090e-01,4.964802822178180919e-01,-3.187151613143857569e+07,-6.511454854092146456e+07
2.118838101455206015e+03,-7.857387762165883860e-01,4.841258009280358654e-01,-3.089500602526113763e+07,-6.572619033141948283e+07
2.147089276141275150e+03,-7.914799336985361977e-01,4.716569611021055874e-01,-2.990577966749057546e+07,-6.632564413708429784e+07
2.175340450827344739e+03,-7.970330845758424321e-01,4.590760883849306362e-01,-2.890389134409857541e+07,-6.691265509695413709e+07
2.203591625513414328e+03,-8.023958431188640272e-01,4.463855568846773481e-01,-2.788939903955566883e+07,-6.748696480762730539e+07
2.231842800199483463e+03,-8.075658349095317101e-01,4.335877898437239808e-01,-2.686236459351027757e+07,-6.804831130278646946e+07
2.260093974885553052e+03,-8.125406975845297364e-01,4.206852603131981949e-01,-2.582285386200096458e+07,-6.859642903569009900e+07
2.288345149571622187e+03,-8.173180816093528200e-01,4.076804918305275138e-01,-2.477093688327519596e+07,-6.913104886483328044e+07
2.316596324257691776e+03,-8.218956510841187724e-01,3.945760590993784289e-01,-2.370668804828423634e+07,-6.965189804299017787e+07
2.344847498943761366e+03,-8.262710845820229189e-01,3.813745886713316158e-01,-2.263018627592115477e+07,-7.015870020985980332e+07
2.373098673629830500e+03,-8.304420760213396813e-01,3.680787596285848839e-01,-2.154151519306411967e+07,-7.065117538854746521e+07
2.401349848315900090e+03,-8.344063355718828179e-01,3.546913042669397331e-01,-2.044076331948314235e+07,-7.112903998612470925e+07
2.429601023001969224e+03,-8.381615905968460289e-01,3.412150087782794272e-01,-1.932802425766348839e+07,-7.159200679852133989e+07
2.457852197688038814e+03,-8.417055866309606227e-01,3.276527139316899317e-01,-1.820339688759273291e+07,-7.203978502001428604e+07
2.486103372374108403e+03,-8.450360883959084912e-01,3.140073157523364245e-01,-1.706698556655316800e+07,-7.247208025758956373e+07
2.514354547060177538e+03,-8.481508808539397481e-01,3.002817661971433072e-01,-1.591890033395343833e+07,-7.288859455046513677e+07
2.542605721746247127e+03,-8.510477703006515959e-01,2.864790738262758540e-01,-1.475925712122633494e+07,-7.328902639507447183e+07
2.570856896432316262e+03,-8.537245854978824378e-01,2.726023044693667852e-01,-1.358817796681139991e+07,-7.367307077582260966e+07
2.599108071118385851e+03,-8.561791788476877940e-01,2.586545818853603906e-01,-1.240579123623124510e+07,-7.404041920193928480e+07
2.627359245804455441e+03,-8.584094276083552577e-01,2.446390884147983669e-01,-1.121223184726161882e+07,-7.439075975076568127e+07
2.655610420490524575e+03,-8.604132351534232725e-01,2.305590656232946456e-01,-1.000764150018346496e+07,-7.472377711782453954e+07
2.683861595176594165e+03,-8.621885322746587477e-01,2.164178149348850999e-01,-8.792168913094166666e+06,-7.503915267403623462e+07
2.712112769862663299e+03,-8.637332785299480786e-01,2.022186982538708155e-01,-7.565970062242532149e+06,-7.533656453045602143e+07
2.740363944548732889e+03,-8.650454636370432659e-01,1.879651385736919866e-01,-6.329208427337723784e+06,-7.561568761092129350e+07
2.768615119234802478e+03,-8.661231089140991601e-01,1.736606205713077666e-01,-5.082055241768652573e+06,-7.587619373301035166e+07
2.796866293920871612e+03,-8.669642687679203208e-01,1.593086911854679766e-01,-3.824689747653425205e+06,-7.611775169772766531e+07
2.825117468606941202e+03,-8.675670322308206561e-01,1.449129601771904918e-01,-2.557299455622083507e+06,-7.634002738834339380e+07
2.853368643293010791e+03,-8.679295245469806908e-01,1.304771006706768322e-01,-1.280080409217582550e+06,-7.654268387882807851e+07
2.881619817979079926e+03,-8.680499088091598869e-01,1.160048496728064010e-01,6.762546220125630498e+03,-7.672538155233629048e+07
2.909870992665149515e+03,-8.679263876465983518e-01,1.015000085692705223e-01,1.303015490342383040e+06,-7.688777823020540178e+07
2.938122167351218650e+03,-8.675572049649071804e-01,8.696644359531767454e-02,2.608455150430222973e+06,-7.702952931194815040e+07
2.966373342037288239e+03,-8.669406477387137100e-01,7.240808627898183414e-02,3.922848620085028000e+06,-7.715028792672963440e+07
2.994624516723357829e+03,-8.660750478577855516e-01,5.782893385458492269e-02,5.245953074197708629e+06,-7.724970509683060646e+07
3.022875691409426963e+03,-8.649587840273119665e-01,4.323304964419572710e-02,6.577515480450519361e+06,-7.732742991361029446e+07
3.051126866095496553e+03,-8.635902837229729734e-01,2.862456340463795032e-02,7.917272307633297518e+06,-7.738310972649195790e+07
3.079378040781565687e+03,-8.619680252013672828e-01,1.400767163754024040e-02,9.264949231085870415e+06,-7.741639034550419450e+07
3.107629215467635277e+03,-8.600905395663102082e-01,-6.133621401886379335e-04,1.062026083561080880e+07,-7.742691625791963935e+07
3.135880390153704866e+03,-8.579564128914447529e-01,-1.523420716816634678e-02,1.198291031623295322e+07,-7.741433085954059660e+07
3.164131564839774001e+03,-8.555642883995333570e-01,-2.985046525944957604e-02,1.335258917721847072e+07,-7.737827670118772984e+07
3.192382739525843590e+03,-8.529128686987176300e-01,-4.445767066547429841e-02,1.472897692980242521e+07,-7.731839575095336139e+07
3.220633914211912725e+03,-8.500009180759444671e-01,-5.905128999205171147e-02,1.611174078911261633e+07,-7.723432967278520763e+07
3.248885088897982314e+03,-8.468272648476606879e-01,-7.362672216956335502e-02,1.750053537081885710e+07,-7.712572012196868658e+07
3.277136263584051903e+03,-8.433908037677759761e-01,-8.817929848059313791e-02,1.889500238807810470e+07,-7.699220905807687342e+07
3.305387438270121038e+03,-8.396904984927789917e-01,-1.027042826483547805e-01,2.029477034939141944e+07,-7.683343907595618069e+07
3.333638612956190627e+03,-8.357253841037740605e-01,-1.171968709893711907e-01,2.169945425803415105e+07,-7.664905375531278551e+07
3.361889787642260217e+03,-8.314945696850752910e-01,-1.316521926339698223e-01,2.310865531376877800e+07,-7.643869802945940197e+07
3.390140962328329351e+03,-8.269972409588549622e-01,-1.460653098182683185e-01,2.452196061760024726e+07,-7.620201857377432287e+07
3.418392137014398941e+03,-8.222326629751968152e-01,-1.604312182514226193e-01,2.593894288038468733e+07,-7.593866421441425383e+07
3.446643311700468075e+03,-8.172001828567462267e-01,-1.747448475620095310e-01,2.735916013615562022e+07,-7.564828635780912638e+07
3.474894486386537665e+03,-8.118992325969778268e-01,-1.890010618275236309e-01,2.878215546108755097e+07,-7.533053944145061076e+07
3.503145661072607254e+03,-8.063293319109297030e-01,-2.031946601910486205e-01,3.020745669907208160e+07,-7.498508140646660328e+07
3.531396835758676389e+03,-8.004900911370523842e-01,-2.173203775692682249e-01,3.163457619494085386e+07,-7.461157419245029986e+07
3.559648010444745978e+03,-7.943812141886326117e-01,-2.313728854560591075e-01,3.306301053642817587e+07,-7.420968425498564541e+07
3.587899185130815113e+03,-7.880025015530285337e-01,-2.453467928259888409e-01,3.449224030602660030e+07,-7.377908310627965629e+07
3.616150359816884702e+03,-7.813538533367373473e-01,-2.592366471421241325e-01,3.592172984395096451e+07,-7.331944787927642465e+07
3.644401534502954291e+03,-7.744352723540767203e-01,-2.730369354726091546e-01,3.735092702348749340e+07,-7.283046191558794677e+07
3.672652709189023426e+03,-7.672468672570164072e-01,-2.867420857205458251e-01,3.877926304006862640e+07,-7.231181537753127515e+07
3.700903883875093015e+03,-7.597888557034346846e-01,-3.003464679717487429e-01,4.020615221547663212e+07,-7.176320588451209664e+07
3.729155058561162150e+03,-7.520615675608084416e-01,-3.138443959649896975e-01,4.163099181864249706e+07,-7.118433917393893003e+07
3.757406233247231739e+03,-7.440654481420556632e-01,-3.272301286893811723e-01,4.305316190457020700e+07,-7.057492978679117560e+07
3.785657407933301329e+03,-7.358010614699620477e-01,-3.404978721135554220e-01,4.447202517297794670e+07,-6.993470177789734304e+07
3.813908582619370463e+03,-7.272690935663094214e-01,-3.536417810513101112e-01,4.588692684831035137e+07,-6.926338945090666413e+07
3.842159757305440053e+03,-7.184703557615110814e-01,-3.666559611683737341e-01,4.729719458283542842e+07,-6.856073811785776913e+07
3.870410931991509187e+03,-7.094057880202302435e-01,-3.795344711349177835e-01,4.870213838459801674e+07,-6.782650488316252828e+07
3.898662106677578777e+03,-7.000764622781107116e-01,-3.922713249284077719e-01,5.010105057205858082e+07,-6.706045945172979683e+07
3.926913281363648366e+03,-6.904835857844089375e-01,-4.048604942913111571e-01,5.149320575729809701e+07,-6.626238496085496992e+07
3.955164456049717501e+03,-6.806285044449483790e-01,-4.172959113481118920e-01,5.287786085972098261e+07,-6.543207883539389819e+07
3.983415630735787090e+03,-6.705127061594500226e-01,-4.295714713859723477e-01,5.425425515223316103e+07,-6.456935366562629491e+07
4.011666805421856679e+03,-6.601378241469200159e-01,-4.416810358032601802e-01,5.562161034191381931e+07,-6.367403810709273815e+07
4.039917980107925814e+03,-6.495056402523827765e-01,-4.536184352300152156e-01,5.697913068723610044e+07,-6.274597780156068504e+07
4.068169154793995403e+03,-6.386180882278639226e-01,-4.653774728242544567e-01,5.832600315392164141e+07,-6.178503631813961267e+07
4.096420329480064538e+03,-6.274772569801273514e-01,-4.769519277478151964e-01,5.966139761153735220e+07,-6.079109611342278868e+07
4.124671504166133673e+03,-6.160853937772716726e-01,-4.883355588252147883e-01,6.098446707295975089e+07,-5.976405950938264281e+07
4.152922678852203717e+03,-6.044449074058904081e-01,-4.995221083887452229e-01,6.229434797883889079e+07,-5.870384968759068847e+07
4.181173853538272851e+03,-5.925583712700981387e-01,-5.105053063127356072e-01,6.359016052919349819e+07,-5.761041169816918671e+07
4.209425028224341986e+03,-5.804285264233153274e-01,-5.212788742396071706e-01,6.487100906425818801e+07,-5.648371348171147704e+07
4.237676202910412030e+03,-5.680582845233209666e-01,-5.318365299999828766e-01,6.613598249668055773e+07,-5.532374690223325789e+07
4.265927377596481165e+03,-5.554507307006756323e-01,-5.421719922287389082e-01,6.738415479713381827e+07,-5.413052878903494030e+07
4.294178552282550299e+03,-5.426091263302338374e-01,-5.522789851784719595e-01,6.861458553536450863e+07,-5.290410198516906798e+07
4.322429726968620344e+03,-5.295369116950965349e-01,-5.621512437313885835e-01,6.982632047863472998e+07,-5.164453640001732111e+07
4.350680901654689478e+03,-5.162377085319842518e-01,-5.717825186101462842e-01,7.101839224944588542e+07,-5.035193006328684837e+07
4.378932076340758613e+03,-5.027153224466587300e-01,-5.811665817876467965e-01,7.218982104434233904e+07,-4.902641017753898352e+07
4.407183251026828657e+03,-4.889737451877056440e-01,-5.902972320952115659e-01,7.333961541548815370e+07,-4.766813416616638750e+07
4.435434425712897792e+03,-4.750171567666697237e-01,-5.991683010279748034e-01,7.446677311658997834e+07,-4.627729071353462338e+07
4.463685600398966926e+03,-4.608499274122486167e-01,-6.077736587456924466e-01,7.557028201460088789e+07,-4.485410079380597174e+07
4.491936775085036061e+03,-4.464766193460080745e-01,-6.161072202664787945e-01,7.664912106848260760e+07,-4.339881868476792425e+07
4.520187949771106105e+03,-4.319019883668417381e-01,-6.241629518502829210e-01,7.770226137612976134e+07,-4.191173296279425174e+07
4.548439124457175240e+03,-4.171309852312189426e-01,-6.319348775681555841e-01,7.872866729036489129e+07,-4.039316747487920523e+07
4.576690299143244374e+03,-4.021687568161005366e-01,-6.394170860525864031e-01,7.972729760470025241e+07,-3.884348228350212425e+07
4.604941473829314418e+03,-3.870206470513093966e-01,-6.466037374233593038e-01,8.069710680932801962e+07,-3.726307457990730554e+07
4.633192648515383553e+03,-3.716921976080651002e-01,-6.534890703825340097e-01,8.163704641754832864e+07,-3.565237956121868640e+07
4.661443823201452687e+03,-3.561891483303781247e-01,-6.600674094712835061e-01,8.254606636257106066e+07,-3.401187126665629447e+07
4.689694997887522732e+03,-3.405174373960512257e-01,-6.663331724803996936e-01,8.342311646433405578e+07,-3.234206336798443273e+07
4.717946172573591866e+03,-3.246832011941210849e-01,-6.722808780053582955e-01,8.426714796566852927e+07,-3.064350990919734538e+07
4.746197347259661001e+03,-3.086927739057265252e-01,-6.779051531358775140e-01,8.507711513681147993e+07,-2.891680599034314975e+07
4.774448521945730135e+03,-2.925526867756300109e-01,-6.832007412689307113e-01,8.585197694691455364e+07,-2.716258839030359313e+07
4.802699696631800180e+03,-2.762696670618870476e-01,-6.881625100331916212e-01,8.659069880083329976e+07,-2.538153612328252941e+07
4.830950871317869314e+03,-2.598506366515349608e-01,-6.927854593118956128e-01,8.729225433909714222e+07,-2.357437092371934280e+07
4.859202046003938449e+03,-2.433027103305897276e-01,-6.970647293501001096e-01,8.795562729856395721e+07,-2.174185765433005244e+07
4.887453220690008493e+03,-2.266331936971694994e-01,-7.009956089313273964e-01,8.857981343085162342e+07,-1.988480463199759275e+07
4.915704395376077628e+03,-2.098495807071367181e-01,-7.045735436075812874e-01,8.916382247521828115e+07,-1.800406386627849936e+07
4.943955570062146762e+03,-1.929595508423193051e-01,-7.077941439657502443e-01,8.970668018213230371e+07,-1.610053120537301153e+07
4.972206744748216806e+03,-1.759709658921376485e-01,-7.106531939124401953e-01,9.020743038333529234e+07,-1.417514638452139497e+07
5.000457919434285941e+03,-1.588918663402837106e-01,-7.131466589583493887e-01,9.066513710376091301e+07,-1.222889297193775512e+07
5.028709094120355076e+03,-1.417304673490152322e-01,-7.152706944823880031e-01,9.107888671022993326e+07,-1.026279820758013055e+07
5.056960268806425120e+03,-1.244951543346442813e-01,-7.170216539548794898e-01,9.144779009140129387e+07,-8.277932730283467099e+06
5.085211443492494254e+03,-1.071944781288685228e-01,-7.183960970983579442e-01,9.177098486302454770e+07,-6.275410189046278596e+06
5.113462618178563389e+03,-8.983714972175731173e-02,-7.193907979637139682e-01,9.204763759211285412e+07,-4.256386734567893669e+06
5.141713792864632524e+03,-7.243203458346560153e-02,-7.200027528987305026e-01,9.227694603324198723e+07,-2.222060387481938116e+06
5.169964967550702568e+03,-5.498814656304974041e-02,-7.202291883854199384e-01,9.245814136978411674e+07,-1.736702801172607578e+05
5.198216142236771702e+03,-3.751464136416824552e-02,-7.200675687220122745e-01,9.259049045250828564e+07,1.887504230952437734e+06
5.226467316922840837e+03,-2.002080959889883383e-02,-7.195156035249721249e-01,9.267329802762734890e+07,3.960144583842672873e+06
5.254718491608910881e+03,-2.516069422448341183e-03,-7.185712550260386910e-01,9.270590894604758918e+07,6.042894163539171219e+06
5.282969666294980016e+03,1.499004124689802195e-02,-7.172327451390025921e-01,9.268771034528622031e+07,8.134359588546779938e+06
5.311220840981049150e+03,3.248787291660574367e-02,-7.154985622707552562e-01,9.261813379526820779e+07,1.023311213264795393e+07
5.339472015667119194e+03,4.996767310982013627e-02,-7.133674678510850686e-01,9.249665739900013804e+07,1.233768928179853782e+07
5.367723190353188329e+03,6.741959534701595647e-02,-7.108385025557460990e-01,9.232280783895064890e+07,1.444659642554824613e+07
5.395974365039257464e+03,8.483370850824378806e-02,-7.079109921975064168e-01,9.209616235984636843e+07,1.655830868170456588e+07
5.424225539725326598e+03,1.022000065630721544e-01,-7.045845532601894279e-01,9.181635067852418125e+07,1.867127285226532817e+07
5.452476714411396642e+03,1.195084186535740611e-01,-7.008590980511592017e-01,9.148305681146663427e+07,2.078390950793737918e+07
5.480727889097465777e+03,1.367488195139244245e-01,-6.967348394482802965e-01,9.109602081069201231e+07,2.289461519783260301e+07
5.508979063783534912e+03,1.539110402084374607e-01,-6.922122952180881361e-01,9.065504039877432585e+07,2.500176478020116314e+07
5.537230238469604956e+03,1.709848791681266855e-01,-6.872922918827658600e-01,9.015997249393542111e+07,2.710371386932240427e+07
5.565481413155674090e+03,1.879601135041952253e-01,-6.819759681145080021e-01,8.961073461638066173e+07,2.919880139294058457e+07
5.593732587841743225e+03,2.048265105752246906e-01,-6.762647776369821173e-01,8.900730616734421253e+07,3.128535225390525162e+07
5.621983762527813269e+03,2.215738397832361650e-01,-6.701604916148670155e-01,8.834972957266877592e+07,3.336168008896066993e+07
5.650234937213882404e+03,2.381918845723072220e-01,-6.636652005138402588e-01,8.763811128316807747e+07,3.542609011693705618e+07
5.678486111899951538e+03,2.546704546020109317e-01,-6.567813154149155785e-01,8.687262262450675666e+07,3.747688206792914867e+07
5.706737286586021582e+03,2.709993980666048907e-01,-6.495115687686834338e-01,8.605350048988166451e+07,3.951235318441130966e+07
5.734988461272090717e+03,2.871686141297030703e-01,-6.418590145767703037e-01,8.518104786939656734e+07,4.153080128464424610e+07
5.763239635958159852e+03,3.031680654430711774e-01,-6.338270279897040282e-01,8.425563421068675816e+07,4.353052787817758322e+07
5.791490810644228986e+03,3.189877907172090632e-01,-6.254193043123568163e-01,8.327769560606937110e+07,4.550984132275030017e+07
5.819741985330299030e+03,3.346179173105846005e-01,-6.166398574101863428e-01,8.224773480226106942e+07,4.746706001144919544e+07
5.847993160016368165e+03,3.500486738036930889e-01,-6.074930175116483033e-01,8.116632102951666713e+07,4.940051557860097289e+07
5.876244334702437300e+03,3.652704025236210850e-01,-5.979834284043515913e-01,8.003408964789113402e+07,5.130855611255834252e+07
5.904495509388507344e+03,3.802735719844196893e-01,-5.881160440247965582e-01,7.885174160921101272e+07,5.318954936329178512e+07
5.932746684074576478e+03,3.950487892084292296e-01,-5.778961244438303169e-01,7.762004273424893618e+07,5.504188593252731115e+07
5.960997858760645613e+03,4.095868118936855096e-01,-5.673292312522788539e-01,7.633982280552320182e+07,5.686398243407411128e+07
5.989249033446715657e+03,4.238785603926951140e-01,-5.564212223535576207e-01,7.501197447708542645e+07,5.865428461196697503e+07
6.017500208132784792e+03,4.379151294682267492e-01,-5.451782461723909678e-01,7.363745200360400975e+07,6.041127040411279351e+07
6.045751382818853926e+03,4.516877997922882915e-01,-5.336067352910773831e-01,7.221726979199294746e+07,6.213345293927426636e+07
6.074002557504923971e+03,4.651880491551519392e-01,-5.217133995270287761e-01,7.075250077976900339e+07,6.381938345544732362e+07
6.102253732190993105e+03,4.784075633521757132e-01,-5.095052184675291640e-01,6.924427464523266256e+07,6.546765412799529731e+07
6.130504906877062240e+03,4.913382467172178192e-01,-4.969894334798199975e-01,6.769377585545597970e+07,6.707690079628621042e+07
6.158756081563131374e+03,5.039722322726386539e-01,-4.841735392167132446e-01,6.610224155891659111e+07,6.864580557803723216e+07
6.187007256249201419e+03,5.163018914672693471e-01,-4.710652746399102142e-01,6.447095933042930067e+07,7.017309936110422015e+07
6.215258430935270553e+03,5.283198434752321981e-01,-4.576726135850970323e-01,6.280126477679520100e+07,7.165756416305345297e+07
6.243509605621339688e+03,5.400189640301679139e-01,-4.440037548946381696e-01,6.109453901229979843e+07,7.309803534951820970e+07
6.271760780307409732e+03,5.513923937711987522e-01,-4.300671121453383816e-01,5.935220601384732872e+07,7.449340370306470990e+07
6.300011954993478867e+03,5.624335460788701946e-01,-4.158713030002188504e-01,5.757572986610610038e+07,7.584261733506850898e+07
6.328263129679548001e+03,5.731361143813265002e-01,-4.014251382145947455e-01,5.576661190755906701e+07,7.714468343392483890e+07
6.356514304365618045e+03,5.834940789130619310e-01,-3.867376103279320798e-01,5.392638778880205005e+07,7.839866984377609193e+07
6.384765479051687180e+03,5.935017129107820200e-01,-3.718178820739652113e-01,5.205662445480042696e+07,7.960370646883459389e+07
6.413016653737756315e+03,6.031535882331457987e-01,-3.566752745423986126e-01,5.015891706310632825e+07,8.075898649929668009e+07
6.441267828423825449e+03,6.124445803934396304e-01,-3.413192551261975960e-01,4.823488585025104880e+07,8.186376745577821136e+07
6.469519003109895493e+03,6.213698729965645429e-01,-3.257594252889480235e-01,4.628617295865499973e+07,8.291737205014733970e+07
6.497770177795964628e+03,6.299249615740486474e-01,-3.100055081870888296e-01,4.431443923644794524e+07,8.391918886157533526e+07
6.526021352482033762e+03,6.381056568131389106e-01,-2.940673361819417519e-01,4.232136102255907655e+07,8.486867282756713033e+07
6.554272527168103807e+03,6.459080871783466904e-01,-2.779548382764377434e-01,4.030862692932831496e+07,8.576534555065868795e+07
6.582523701854172941e+03,6.533287009261223854e-01,-2.616780275112094434e-01,3.827793463470212370e+07,8.660879542237485945e+07
6.610774876540242076e+03,6.603642675155906305e-01,-2.452469883543345608e-01,3.623098769581716508e+07,8.739867756692026556e+07
6.639026051226312120e+03,6.670118784204694951e-01,-2.286718641184821155e-01,3.416949239544738829e+07,8.813471360791945457e+07
6.667277225912381255e+03,6.732689473494362087e-01,-2.119628444384960564e-01,3.209515463239374012e+07,8.881669126232863963e+07
6.695528400598450389e+03,6.791332098842469689e-01,-1.951301528416000131e-01,3.000967686643999070e+07,8.944446376640152931e+07
6.723779575284520433e+03,6.846027225468785948e-01,-1.781840344414313826e-01,2.791475512798914686e+07,9.001794913930150867e+07
6.752030749970589568e+03,6.896758613088165291e-01,-1.611347437859791121e-01,2.581207610193247721e+07,9.053712929060980678e+07
6.780281924656658703e+03,6.943513195573663976e-01,-1.439925328882630251e-01,2.370331429469832405e+07,9.100204897857828438e+07
6.808533099342727837e+03,6.986281055354852665e-01,-1.267676394672604678e-01,2.159012929278725386e+07,9.141281462651437521e+07
6.836784274028797881e+03,7.025055392731464066e-01,-1.094702754251282995e-01,1.947416312042344734e+07,9.176959300516264141e+07
6.865035448714867016e+03,7.059832490296169549e-01,-9.211061558525655835e-02,1.735703770325458422e+07,9.207260978936018050e+07
6.893286623400936151e+03,7.090611672672753052e-01,-7.469878671407846615e-02,1.524035244431181066e+07,9.232214799759145081e+07
6.921537798087006195e+03,7.117395261786967353e-01,-5.724485684792425533e-02,1.312568191771230474e+07,9.251854632335104048e+07
6.949788972773075329e+03,7.140188527896996762e-01,-3.975882494448647331e-02,1.101457368484666198e+07,9.266219736744205654e+07
6.978040147459144464e+03,7.158999636618762485e-01,-2.225061087672499174e-02,8.908546237054055557e+06,9.275354578049303591e+07
7.006291322145214508e+03,7.173839592188111514e-01,-4.730045785292632567e-03,6.809087068055395037e+06,9.279308632506939769e+07
7.034542496831283643e+03,7.184722177207458760e-01,1.279313719622794318e-02,4.717650878688131459e+06,9.278136186678920686e+07
7.062793671517352777e+03,7.191663889128561138e-01,3.030931183076077465e-02,2.635657915776683949e+06,9.271896130382867157e+07
7.091044846203421912e+03,7.194683873725928880e-01,4.780896727108138039e-02,5.644924462840266060e+05,9.260651744412411749e+07
7.119296020889491956e+03,7.193803855816891524e-01,6.528271614807032441e-02,-1.494498632779075066e+06,9.244470483944703639e+07
7.147547195575561091e+03,7.189048067484641313e-01,8.272130224657719966e-02,-3.540007048848125618e+06,9.223423758535084128e+07
7.175798370261630225e+03,7.180443174059685241e-01,1.001156077632915642e-01,-5.570764273473854177e+06,9.197586709576538205e+07
7.204049544947700269e+03,7.168018198113128570e-01,1.174566601426304119e-01,-7.585542508510646410e+06,9.167037986075307429e+07
7.232300719633769404e+03,7.151804441712177329e-01,1.347356384882483493e-01,-9.583155540710456669e+06,9.131859519564136863e+07
7.260551894319838539e+03,7.131835407184174969e-01,1.519438795492963623e-01,-1.156245946711006574e+07,9.092136298941533267e+07
7.288803069005908583e+03,7.108146716630558970e-01,1.690728832819958782e-01,-1.352235329406050965e+07,9.047956145989531279e+07
7.317054243691977717e+03,7.080776030426351175e-01,1.861143179884947596e-01,-1.546177941317180544e+07,8.999409492284171283e+07
7.345305418378046852e+03,7.049762964934177534e-01,2.030600250362833425e-01,-1.737972395782779530e+07,8.946589158172608912e+07
7.373556593064116896e+03,7.015149009654697565e-01,2.199020231626663546e-01,-1.927521704426487163e+07,8.889590134448975325e+07
7.401807767750186031e+03,6.976977444027383513e-01,2.366325123699555832e-01,-2.114733290150984749e+07,8.828509367318034172e+07
7.430058942436255165e+03,6.935293254087278036e-01,2.532438774181182128e-01,-2.299518989473140612e+07,8.763445547191809118e+07
7.458310117122324300e+03,6.890143049174558554e-01,2.697286909225889429e-01,-2.481795044677743688e+07,8.694498901820069551e+07
7.486561291808394344e+03,6.841574978884507052e-01,2.860797160658773430e-01,-2.661482086285362393e+07,8.621770994211012125e+07
7.514812466494463479e+03,6.789638650436017331e-01,3.022899089324045940e-01,-2.838505106344043836e+07,8.545364525754222274e+07
7.543063641180532613e+03,6.734385046627010540e-01,3.183524204767582133e-01,-3.012793423065497726e+07,8.465383144914056361e+07
7.571314815866602657e+03,6.675866444535261124e-01,3.342605981361871925e-01,-3.184280637333550677e+07,8.381931261818538606e+07
7.599565990552671792e+03,6.614136335113095511e-01,3.500079870987493069e-01,-3.352904581616926193e+07,8.295113869026574492e+07
7.627817165238740927e+03,6.549249343814341762e-01,3.655883312390171280e-01,-3.518607261819472164e+07,8.205036368715237081e+07
7.656068339924810971e+03,6.481261152381941892e-01,3.809955737336551684e-01,-3.681334792599029839e+07,8.111804406489270926e+07
7.684319514610880105e+03,6.410228421914530017e-01,3.962238573695381905e-01,-3.841037326681909710e+07,8.015523711976669729e+07
7.712570689296949240e+03,6.336208717320456207e-01,4.112675245573565452e-01,-3.997668978693117201e+07,7.916299946337637305e+07
7.740821863983018375e+03,6.259260433258011513e-01,4.261211170638479762e-01,-4.151187744013339281e+07,7.814238556779535115e+07
7.769073038669088419e+03,6.179442721650990622e-01,4.407793754759543603e-01,-4.301555413162913918e+07,7.709444638137355447e+07
7.797324213355157553e+03,6.096815420859473811e-01,4.552372384102733593e-01,-4.448737482200127095e+07,7.602022801548299193e+07
7.825575388041226688e+03,6.011438986576566057e-01,4.694898414812124776e-01,-4.592703059607038647e+07,7.492077050219912827e+07
7.853826562727296732e+03,5.923374424513124792e-01,4.835325160412112244e-01,-4.733424770120248199e+07,7.379710662264227867e+07
7.882077737413365867e+03,5.832683224923962406e-01,4.973607877063325744e-01,-4.870878655947361141e+07,7.265026080545231700e+07
7.910328912099435001e+03,5.739427299020831708e-01,5.109703746804055147e-01,-5.005044075792187452e+07,7.148124809463907778e+07
7.938580086785505046e+03,5.643668917309806465e-01,5.243571858907216665e-01,-5.135903602093061805e+07,7.029107318584096432e+07
7.966831261471574180e+03,5.545470649883080805e-01,5.375173189481040614e-01,-5.263442916859689355e+07,6.908072952983251214e+07
7.995082436157643315e+03,5.444895308688141311e-01,5.504470579439273425e-01,-5.387650706474342197e+07,6.785119850194910169e+07
8.023333610843713359e+03,5.342005891790654326e-01,5.631428710963911621e-01,-5.508518555803254992e+07,6.660344863594511151e+07
8.051584785529782494e+03,5.236865529640927219e-01,5.756014082580694913e-01,-5.626040841944171488e+07,6.533843492066499591e+07
8.079835960215851628e+03,5.129537433347881592e-01,5.878194982964378701e-01,-5.740214627915928513e+07,6.405709815778919309e+07
8.108087134901920763e+03,5.020084844958968562e-01,5.997941463587324051e-01,-5.851039556575897336e+07,6.276036437881603837e+07
8.136338309587990807e+03,4.908570989739109991e-01,6.115225310321528163e-01,-5.958517745031460375e+07,6.144914431935426593e+07
8.164589484274059942e+03,4.795059030437038849e-01,6.230020014100409176e-01,-6.062653679792115092e+07,6.012433294873099029e+07
8.192840658960129076e+03,4.679612023522800035e-01,6.342300740742933263e-01,-6.163454112889775634e+07,5.878680905286265910e+07
8.221091833646198211e+03,4.562292877376208922e-01,6.452044300038615177e-01,-6.260927959176047891e+07,5.743743486829466373e+07
8.249343008332267345e+03,4.443164312402155258e-01,6.559229114188085408e-01,-6.355086194987224787e+07,5.607705576528330147e+07
8.277594183018338299e+03,4.322288823045274397e-01,6.663835185689792606e-01,-6.445941758350064605e+07,5.470649997777513415e+07
8.305845357704407434e+03,4.199728641673436957e-01,6.765844064759336529e-01,-6.533509450884433836e+07,5.332657837813075632e+07
8.334096532390476568e+03,4.075545704296544836e-01,6.865238816363994356e-01,-6.617805841542666405e+07,5.193808429443918169e+07
8.362347707076545703e+03,3.949801618084911037e-01,6.962003986950725531e-01,-6.698849172309629619e+07,5.054179336828251928e+07
8.390598881762614837e+03,3.822557630649023874e-01,7.056125570942106684e-01,-6.776659265972743928e+07,4.913846345082566142e+07
8.418850056448683972e+03,3.693874601040740835e-01,7.147590977070579221e-01,-6.851257436056832969e+07,4.772883453513322771e+07
8.447101231134754926e+03,3.563812972434212689e-01,7.236388994617455328e-01,-6.922666399005228281e+07,4.631362872264746577e+07
8.475352405820824060e+03,3.432432746443513927e-01,7.322509759619248992e-01,-6.990910188675734401e+07,4.489355022179954499e+07
8.503603580506893195e+03,3.299793459032575593e-01,7.405944721100212735e-01,-7.056014073208130896e+07,4.346928537676788867e+07
8.531854755192962330e+03,3.165954157972367677e-01,7.486686607386063841e-01,-7.118004474308390915e+07,4.204150272444798052e+07
8.560105929879031464e+03,3.030973381799210165e-01,7.564729392550477716e-01,-7.176908888984407485e+07,4.061085307774633169e+07
8.588357104565100599e+03,2.894909140227736044e-01,7.640068263042271157e-01,-7.232755813758012652e+07,3.917796963336788118e+07
8.616608279251169733e+03,2.757818895971549944e-01,7.712699584537875408e-01,-7.285574671368928254e+07,3.774346810232282430e+07
8.644859453937240687e+03,2.619759547924460086e-01,7.782620869060354885e-01,-7.335395739977803826e+07,3.630794686143852025e+07
8.673110628623309822e+03,2.480787415655112127e-01,7.849830742403068884e-01,-7.382250084867580235e+07,3.487198712422391772e+07
8.701361803309378956e+03,2.340958225167798779e-01,7.914328911893044882e-01,-7.426169492635327578e+07,3.343615312949462980e+07
8.729612977995448091e+03,2.200327095882699258e-01,7.976116134526097801e-01,-7.467186407859931886e+07,3.200099234623342007e+07
8.757864152681517226e+03,2.058948528788861476e-01,8.035194185502999575e-01,-7.505333872225151956e+07,3.056703569322146103e+07
8.786115327367586360e+03,1.916876395723835502e-01,8.091565827193257787e-01,-7.540645466072027385e+07,2.913479777204179764e+07
8.814366502053657314e+03,1.774163929734358380e-01,8.145234778550476396e-01,-7.573155252349726856e+07,2.770477711211957037e+07
8.842617676739726448e+03,1.630863716473170411e-01,8.196205685000810259e-01,-7.602897722929516435e+07,2.627745642652778700e+07
8.870868851425795583e+03,1.487027686587570896e-01,8.244484088823739176e-01,-7.629907747242639959e+07,2.485330287734832615e+07
8.899120026111864718e+03,1.342707109056402170e-01,8.290076400042037941e-01,-7.654220523199386895e+07,2.343276834944303334e+07
8.927371200797933852e+03,1.197952585432677103e-01,8.332989867835860487e-01,-7.675871530343639851e+07,2.201628973154738918e+07
8.955622375484002987e+03,1.052814044950139971e-01,8.373232552493738989e-01,-7.694896485194557905e+07,2.060428920366083086e+07
8.983873550170072122e+03,9.073407404529232334e-02,8.410813297911495789e-01,-7.711331298724783957e+07,1.919717452976542339e+07
9.012124724856143075e+03,7.615812451084365275e-02,8.445741704648249693e-01,-7.725212035922716558e+07,1.779533935496129841e+07
9.040375899542212210e+03,6.155834498646953201e-02,8.478028103547023964e-01,-7.736574877384790778e+07,1.639916350616312586e+07
9.068627074228281344e+03,4.693945616141333849e-02,8.507683529925961219e-01,-7.745456082882486284e+07,1.500901329555339739e+07
9.096878248914350479e+03,3.230611020273251727e-02,8.534719698344577221e-01,-7.751891956847795844e+07,1.362524182604321465e+07
9.125129423600419614e+03,1.766289070207840636e-02,8.559148977948211057e-01,-7.755918815720206499e+07,1.224818929803803191e+07
9.153380598286488748e+03,3.014312682428130392e-03,8.580984368392504669e-01,-7.757572957097755373e+07,1.087818331685573980e+07
9.181631772972559702e+03,-1.163517733858575841e-02,8.600239476348559009e-01,-7.756890630634509027e+07,9.515539200189976022e+06
9.209882947658628837e+03,-2.628120123198587205e-02,8.616928492588311617e-01,-7.753908010626758635e+07,8.160560285056605935e+06
9.238134122344697971e+03,-4.091944909054959917e-02,8.631066169648680120e-01,-7.748661170230378211e+07,6.813538233701866120e+06
9.266385297030767106e+03,-5.554567901470509189e-02,8.642667800072022510e-01,-7.741186057252101600e+07,5.474753337994349189e+06
9.294636471716836240e+03,-7.015571685415643299e-02,8.651749195219653465e-01,-7.731518471457932889e+07,4.144474821858607233e+06
9.322887646402905375e+03,-8.474545590804410944e-02,8.658326664654321103e-01,-7.719694043342524767e+07,2.822961141346894205e+06
9.351138821088974510e+03,-9.931085658634833391e-02,8.662416996086828025e-01,-7.705748214304049313e+07,1.510460281979976222e+06
9.379389995775045463e+03,-1.138479460351385086e-01,8.664037435881329907e-01,-7.689716218169926107e+07,2.072100530212391168e+05
9.407641170461114598e+03,-1.283528177281634264e-01,8.663205670113203194e-01,-7.671633064019699395e+07,-1.086561621619550278e+06
9.435892345147183732e+03,-1.428216310271958889e-01,8.659939806172884946e-01,-7.651533520252339542e+07,-2.370636416128411889e+06
9.464143519833252867e+03,-1.572506107134143682e-01,8.654258354908538342e-01,-7.629452099846333265e+07,-3.644805319419686217e+06
9.492394694519322002e+03,-1.716360464920396733e-01,8.646180213299998751e-01,-7.605423046762064099e+07,-4.908868355879742652e+06
9.520645869205391136e+03,-1.859742924723326307e-01,8.635724647656044528e-01,-7.579480323437142372e+07,-6.162634310415851884e+06
9.548897043891460271e+03,-2.002617666249706385e-01,8.622911277326695823e-01,-7.551657599326615036e+07,-7.405920457981302403e+06
9.577148218577531225e+03,-2.144949502187341039e-01,8.607760058921947177e-01,-7.521988240441200137e+07,-8.638552297725709155e+06
9.605399393263600359e+03,-2.286703872383379077e-01,8.590291271028083209e-01,-7.490505299838042259e+07,-9.860363291898259893e+06
9.633650567949669494e+03,-2.427846837851788120e-01,8.570525499412467996e-01,-7.457241509019701183e+07,-1.107119460961392336e+07
9.661901742635738628e+03,-2.568345074626550151e-01,8.548483622707577778e-01,-7.422229270198528469e+07,-1.227089487557180971e+07
9.690152917321807763e+03,-2.708165867476660105e-01,8.524186798564814538e-01,-7.385500649384811521e+07,-1.345931992380082048e+07
9.718404092007876898e+03,-2.847277103498049855e-01,8.497656450268570305e-01,-7.347087370258465409e+07,-1.463633255649037473e+07
9.746655266693947851e+03,-2.985647265596882427e-01,8.468914253800895464e-01,-7.307020808785347641e+07,-1.580180230795008317e+07
9.774906441380016986e+03,-3.123245425877869685e-01,8.437982125347045503e-01,-7.265331988540643454e+07,-1.695560521372818202e+07
9.803157616066086121e+03,-3.260041238950748821e-01,8.404882209232146240e-01,-7.222051576703010499e+07,-1.809762358490760624e+07
9.831408790752155255e+03,-3.396004935167082905e-01,8.369636866279202003e-01,-7.177209880684576929e+07,-1.922774578758452088e+07
9.859659965438224390e+03,-3.531107313799202174e-01,8.332268662578652396e-01,-7.130836845363083482e+07,-2.034586602752610669e+07
9.887911140124293524e+03,-3.665319736172294451e-01,8.292800358659715432e-01,-7.082962050883790851e+07,-2.145188413999314606e+07
9.916162314810362659e+03,-3.798614118760122449e-01,8.251254899053780401e-01,-7.033614710999991000e+07,-2.254570538470457867e+07
9.944413489496433613e+03,-3.930962926254258361e-01,8.207655402240162656e-01,-6.982823671922199428e+07,-2.362724024591305852e+07
9.972664664182502747e+03,-4.062339164616119991e-01,8.162025150964624665e-01,-6.930617411647318304e+07,-2.469640423755267262e+07
1.000091583886857188e+04,-4.192716374120740719e-01,8.114387582921088748e-01,-6.877024039740197361e+07,-2.575311771341476217e+07
1.002916701355464102e+04,-4.322068622400385696e-01,8.064766281787134616e-01,-6.822071297541227937e+07,-2.679730568229925260e+07
1.005741818824071015e+04,-4.450370497495961253e-01,8.013184968603915825e-01,-6.765786558774675429e+07,-2.782889762808593735e+07
1.008566936292677929e+04,-4.577597100923493367e-01,7.959667493491258128e-01,-6.708196830533563346e+07,-2.884782733466380835e+07
1.011392053761285024e+04,-4.703724040762585212e-01,7.904237827688844753e-01,-6.649328754617995024e+07,-2.985403271565272659e+07
1.014217171229891937e+04,-4.828727424773271437e-01,7.846920055914490266e-01,-6.589208609204833955e+07,-3.084745564884741604e+07
1.017042288698498851e+04,-4.952583853547449233e-01,7.787738369030644536e-01,-6.527862310827606171e+07,-3.182804181531167775e+07
1.019867406167105764e+04,-5.075270413700382344e-01,7.726717057010448197e-01,-6.465315416646575928e+07,-3.279574054304560274e+07
1.022692523635712678e+04,-5.196764671107707567e-01,7.663880502194745370e-01,-6.401593126989764720e+07,-3.375050465514828265e+07
1.025517641104319591e+04,-5.317044664192832615e-01,7.599253172831653691e-01,-6.336720288146672398e+07,-3.469229032239498198e+07
1.028342758572926505e+04,-5.436088897269342191e-01,7.532859616890436039e-01,-6.270721395397305489e+07,-3.562105692014643550e+07
1.031167876041533600e+04,-5.553876333942693311e-01,7.464724456141558218e-01,-6.203620596259972453e+07,-3.653676688950648159e+07
1.033992993510140514e+04,-5.670386390575168356e-01,7.394872380495023378e-01,-6.135441693942159414e+07,-3.743938560264258087e+07
1.036818110978747427e+04,-5.785598929817848957e-01,7.323328142589131673e-01,-6.066208150979485363e+07,-3.832888123218426108e+07
1.039643228447354340e+04,-5.899494254212914734e-01,7.250116552622138943e-01,-5.995943093048673123e+07,-3.920522462461172044e+07
1.042468345915961254e+04,-6.012053099869510975e-01,7.175262473419296017e-01,-5.924669312941024452e+07,-4.006838917754858732e+07
1.045293463384568167e+04,-6.123256630216070695e-01,7.098790815727994419e-01,-5.852409274683709443e+07,-4.091835072087136656e+07
1.048118580853175263e+04,-6.233086429831763420e-01,7.020726533733891994e-01,-5.779185117796809226e+07,-4.175508740154867619e+07
1.050943698321782176e+04,-6.341524498359499828e-01,6.941094620791092851e-01,-5.705018661674745381e+07,-4.257857957212306559e+07
1.053768815790389090e+04,-6.448553244502835957e-01,6.859920105359489373e-01,-5.629931410081250966e+07,-4.338880968274988979e+07
1.056593933258996003e+04,-6.554155480108677656e-01,6.777228047142758172e-01,-5.553944555747808516e+07,-4.418576217670613527e+07
1.059419050727602917e+04,-6.658314414337768161e-01,6.693043533420431901e-01,-5.477078985065887868e+07,-4.496942338928490877e+07
1.062244168196209830e+04,-6.761013647924593029e-01,6.607391675567790834e-01,-5.399355282863964140e+07,-4.573978144999077916e+07
1.065069285664816744e+04,-6.862237167528220105e-01,6.520297605757394699e-01,-5.320793737260801345e+07,-4.649682618795260787e+07
1.067894403133423839e+04,-6.961969340175467869e-01,6.431786473836266227e-01,-5.241414344586972147e+07,-4.724054904047138989e+07
1.070719520602030752e+04,-7.060194907797557873e-01,6.341883444372898859e-01,-5.161236814367130399e+07,-4.797094296462155879e+07
1.073544638070637666e+04,-7.156898981861438136e-01,6.250613693868338760e-01,-5.080280574355880916e+07,-4.868800235182622820e+07
1.076369755539244579e+04,-7.252067038096600138e-01,6.158002408125881066e-01,-4.998564775620733947e+07,-4.939172294532661885e+07
1.079194873007851493e+04,-7.345684911318308696e-01,6.064074779773940271e-01,-4.916108297665853053e+07,-5.008210176046883315e+07
1.082019990476458406e+04,-7.437738790347921958e-01,5.968856005936841180e-01,-4.832929753590841591e+07,-5.075913700773149729e+07
1.084845107945065320e+04,-7.528215213030926556e-01,5.872371286048451156e-01,-4.749047495279131830e+07,-5.142282801841969043e+07
1.087670225413672415e+04,-7.617101061353191982e-01,5.774645819803669866e-01,-4.664479618610933423e+07,-5.207317517295186967e+07
1.090495342882279328e+04,-7.704383556655840515e-01,5.675704805242972606e-01,-4.579243968696064502e+07,-5.271017983166794479e+07
1.093320460350886242e+04,-7.790050254949143493e-01,5.575573436965252094e-01,-4.493358145122224092e+07,-5.333384426808889210e+07
1.096145577819493155e+04,-7.874089042325582710e-01,5.474276904464474569e-01,-4.406839507214758545e+07,-5.394417160455848277e+07
1.098970695288100069e+04,-7.956488130472355591e-01,5.371840390585667091e-01,-4.319705179304093122e+07,-5.454116575020082295e+07
1.101795812756706982e+04,-8.037236052283383003e-01,5.268289070095920623e-01,-4.231972055997403711e+07,-5.512483134112794697e+07
1.104620930225314078e+04,-8.116321657570892967e-01,5.163648108366243328e-01,-4.143656807451324910e+07,-5.569517368283390999e+07
1.107446047693920991e+04,-8.193734108876543631e-01,5.057942660160206216e-01,-4.054775884642799944e+07,-5.625219869471287727e+07
1.110271165162527905e+04,-8.269462877382085519e-01,4.951197868525346046e-01,-3.965345524635310471e+07,-5.679591285664132982e+07
1.113096282631134818e+04,-8.343497738919368745e-01,4.843438863783605108e-01,-3.875381755838143826e+07,-5.732632315756475180e+07
1.115921400099741732e+04,-8.415828770079604171e-01,4.734690762616982629e-01,-3.784900403256396949e+07,-5.784343704603204131e+07
1.118746517568348645e+04,-8.486446344421667565e-01,4.624978667244814545e-01,-3.693917093729732931e+07,-5.834726238262184709e+07
1.121571635036955558e+04,-8.555341128779201387e-01,4.514327664689140041e-01,-3.602447261158065498e+07,-5.883780739420684427e+07
1.124396752505562654e+04,-8.622504079666286625e-01,4.402762826124749784e-01,-3.510506151712554693e+07,-5.931508063000351191e+07
1.127221869974169567e+04,-8.687926439781334942e-01,4.290309206310610191e-01,-3.418108829030493647e+07,-5.977909091935650259e+07
1.130046987442776481e+04,-8.751599734608970227e-01,4.176991843099348012e-01,-3.325270179392730445e+07,-6.022984733120878786e+07
1.132872104911383394e+04,-8.813515769119467658e-01,4.062835757021782124e-01,-3.232004916882631555e+07,-6.066735913520935178e+07
1.135697222379990308e+04,-8.873666624565452743e-01,3.947865950943365565e-01,-3.138327588525537774e+07,-6.109163576441277564e+07
1.138522339848597221e+04,-8.932044655375466213e-01,3.832107409789597963e-01,-3.044252579407935217e+07,-6.150268677952598035e+07
1.141347457317204316e+04,-8.988642486144006183e-01,3.715585100337527868e-01,-2.949794117775648460e+07,-6.190052183465924114e+07
1.144172574785811230e+04,-9.043453008717620145e-01,3.598323971070578331e-01,-2.854966280110547319e+07,-6.228515064453970641e+07
1.146997692254418143e+04,-9.096469379376714848e-01,3.480348952093866854e-01,-2.759782996185247973e+07,-6.265658295314790308e+07
1.149822809723025057e+04,-9.147685016112555578e-01,3.361684955107513972e-01,-2.664258054095614702e+07,-6.301482850373809040e+07
1.152647927191631970e+04,-9.197093595999117355e-01,3.242356873435250364e-01,-2.568405105270772800e+07,-6.335989701020584255e+07
1.155473044660238884e+04,-9.244689052659333939e-01,3.122389582105862260e-01,-2.472237669460563734e+07,-6.369179812976703048e+07
1.158298162128845797e+04,-9.290465573825318346e-01,3.001807937985017105e-01,-2.375769139700432867e+07,-6.401054143691402674e+07
1.161123279597452893e+04,-9.334417598992124088e-01,2.880636779955081939e-01,-2.279012787253827974e+07,-6.431613639861632884e+07
1.163948397066059806e+04,-9.376539817164628587e-01,2.758900929140670755e-01,-2.181981766532317549e+07,-6.460859235073407739e+07
1.166773514534666720e+04,-9.416827164697134656e-01,2.636625189177523865e-01,-2.084689119993584976e+07,-6.488791847561468929e+07
1.169598632003273633e+04,-9.455274823225253700e-01,2.513834346522685337e-01,-1.987147783017749339e+07,-6.515412378084348142e+07
1.172423749471880546e+04,-9.491878217689675434e-01,2.390553170803698946e-01,-1.889370588762313128e+07,-6.540721707912123203e+07
1.175248866940487460e+04,-9.526633014451413306e-01,2.266806415204772052e-01,-1.791370272996239364e+07,-6.564720696924245358e+07
1.178073984409094555e+04,-9.559535119498165923e-01,2.142618816887827959e-01,-1.693159478913664818e+07,-6.587410181814965606e+07
1.180899101877701469e+04,-9.590580676741370381e-01,2.018015097446494432e-01,-1.594750761927870661e+07,-6.608790974404001236e+07
1.183724219346308382e+04,-9.619766066403634408e-01,1.893019963390936700e-01,-1.496156594446047582e+07,-6.628863860050243139e+07
1.186549336814915296e+04,-9.647087903496139871e-01,1.767658106661772477e-01,-1.397389370625668019e+07,-6.647629596166370064e+07
1.189374454283522209e+04,-9.672543036385696791e-01,1.641954205171055892e-01,-1.298461411113097705e+07,-6.665088910832422972e+07
1.192199571752129123e+04,-9.696128545451144776e-01,1.515932923368538410e-01,-1.199384967765259929e+07,-6.681242501506472379e+07
1.195024689220736036e+04,-9.717841741828748825e-01,1.389618912831368236e-01,-1.100172228355156444e+07,-6.696091033830653876e+07
1.197849806689343131e+04,-9.737680166246316382e-01,1.263036812875445725e-01,-1.000835321262088045e+07,-6.709635140530949086e+07
1.200674924157950045e+04,-9.755641587945742543e-01,1.136211251186722282e-01,-9.013863201474936679e+06,-6.721875420409220457e+07
1.203500041626556958e+04,-9.771724003693739169e-01,1.009166844470591184e-01,-8.018372486172257923e+06,-6.732812437426124513e+07
1.206325159095163872e+04,-9.785925636880481449e-01,8.819281991178325175e-02,-7.022000848713276908e+06,-6.742446719873636961e+07
1.209150276563770785e+04,-9.798244936705950980e-01,7.545199118853049280e-02,-6.024867663421817124e+06,-6.750778759636035562e+07
1.211975394032377699e+04,-9.808680577453772198e-01,6.269665705897756180e-02,-5.027091943220517598e+06,-6.757809011538317800e+07
1.214800511500984794e+04,-9.817231457852334531e-01,4.992927548132285870e-02,-4.028792385810150299e+06,-6.763537892781120539e+07
1.217625628969591708e+04,-9.823896700523045977e-01,3.715230366180744676e-02,-3.030087419763416052e+06,-6.767965782461340725e+07
1.220450746438198621e+04,-9.828675651515569323e-01,2.436819812705273355e-02,-2.031095250542641152e+06,-6.771093021177753806e+07
1.223275863906805534e+04,-9.831567879929875575e-01,1.157941479707141202e-02,-1.031933906453147763e+06,-6.772919910721047223e+07
1.226100981375412448e+04,-9.832573177625042460e-01,-1.211590941219741055e-03,-3.272128454192378558e+04,-6.773446713847786188e+07
1.228926098844019361e+04,-9.831691559014675841e-01,-1.400236416013830691e-02,9.664248035473586060e+05,-6.772673654137949646e+07
1.231751216312626275e+04,-9.828923260948909668e-01,-2.679045031718434514e-02,1.965386585752322339e+06,-6.770600915935786068e+07
1.234576333781233370e+04,-9.824268742682890077e-01,-3.957339518095619874e-02,2.964046283792181872e+06,-6.767228644373823702e+07
1.237401451249840284e+04,-9.817728685931765842e-01,-5.234874475718598319e-02,3.962286067379218061e+06,-6.762556945480023324e+07
1.240226568718447197e+04,-9.809303995012118582e-01,-6.511404521506425347e-02,4.959988008431662805e+06,-6.756585886368115246e+07
1.243051686187054111e+04,-9.798995797069888214e-01,-7.786684281399450236e-02,5.957034035276005045e+06,-6.749315495511330664e+07
1.245876803655661024e+04,-9.786805442394794774e-01,-9.060468383094771871e-02,6.953305886829045601e+06,-6.740745763099794090e+07
1.248701921124267938e+04,-9.772734504821309898e-01,-1.033251144885703188e-01,7.948685066748763435e+06,-6.730876641481988132e+07
1.251527038592874851e+04,-9.756784782216252339e-01,-1.160256808842055204e-01,8.943052797543603927e+06,-6.719708045690798759e+07
1.254352156061481946e+04,-9.738958297053090796e-01,-1.287039289199893299e-01,9.936289974629940465e+06,-6.707239854054759443e+07
1.257177273530088860e+04,-9.719257297073078394e-01,-1.413574042341776971e-01,1.092827712032715976e+07,-6.693471908895223588e+07
1.260002390998695773e+04,-9.697684256033300976e-01,-1.539836521338802666e-01,1.191889433778133430e+07,-6.678404017310305685e+07
1.262827508467302687e+04,-9.674241874541844588e-01,-1.665802175293490395e-01,1.290802126480641961e+07,-6.662035952046549320e+07
1.265652625935909600e+04,-9.648933080980198751e-01,-1.791446448700008409e-01,1.389553702763438784e+07,-6.644367452459380031e+07
1.268477743404516514e+04,-9.621761032513103107e-01,-1.916744780823374794e-01,1.488132019456459023e+07,-6.625398225563529134e+07
1.271302860873123609e+04,-9.592729116186015093e-01,-2.041672605099365545e-01,1.586524872950345650e+07,-6.605127947174715996e+07
1.274127978341730523e+04,-9.561840950110445103e-01,-2.166205348556811960e-01,1.684719994538543746e+07,-6.583556263144001365e+07
1.276953095810337436e+04,-9.529100384737343443e-01,-2.290318431264177501e-01,1.782705045746775717e+07,-6.560682790686322749e+07
1.279778213278944349e+04,-9.494511504218848819e-01,-2.413987265802043647e-01,1.880467613648968935e+07,-6.536507119804874808e+07
1.282603330747551263e+04,-9.458078627858599319e-01,-2.537187256763456800e-01,1.977995206168967485e+07,-6.511028814813072234e+07
1.285428448216158176e+04,-9.419806311650913422e-01,-2.659893800283938958e-01,2.075275247367275879e+07,-6.484247415955982357e+07
1.288253565684765090e+04,-9.379699349909140782e-01,-2.782082283603078410e-01,2.172295072712161019e+07,-6.456162441133230180e+07
1.291078683153372185e+04,-9.337762776983440371e-01,-2.903728084659636943e-01,2.269041924334502593e+07,-6.426773387725485861e+07
1.293903800621979099e+04,-9.294001869068364563e-01,-3.024806571722105097e-01,2.365502946265780926e+07,-6.396079734526796639e+07
1.296728918090586012e+04,-9.248422146100487851e-01,-3.145293103056844841e-01,2.461665179658783227e+07,-6.364080943785101175e+07
1.299554035559192926e+04,-9.201029373746496542e-01,-3.265163026635732324e-01,2.557515557990455255e+07,-6.330776463353458792e+07
1.302379153027799839e+04,-9.151829565482023643e-01,-3.384391679885526139e-01,2.653040902246601135e+07,-6.296165728954593092e+07
1.305204270496406752e+04,-9.100828984761590856e-01,-3.502954389481084951e-01,2.748227916088081896e+07,-6.260248166561505944e+07
1.308029387965013848e+04,-9.048034147280017425e-01,-3.620826471184669937e-01,2.843063180998281017e+07,-6.223023194897048175e+07
1.310854505433620761e+04,-8.993451823325651073e-01,-3.737983229733558010e-01,2.937533151411635429e+07,-6.184490228055474162e+07
1.313679622902227675e+04,-8.937089040225743020e-01,-3.854399958778412794e-01,3.031624149823246151e+07,-6.144648678249094635e+07
1.316504740370834588e+04,-8.878953084884396718e-01,-3.970051940874659291e-01,3.125322361879456043e+07,-6.103497958683366328e+07
1.319329857839441502e+04,-8.819051506413375652e-01,-4.084914447529424675e-01,3.218613831449588388e+07,-6.061037486563798040e+07
1.322154975308048415e+04,-8.757392118856166530e-01,-4.198962739306534298e-01,3.311484455679018050e+07,-6.017266686238264292e+07
1.324980092776655329e+04,-8.693983004005642057e-01,-4.312172065992153636e-01,3.403919980023887753e+07,-5.972184992478415370e+07
1.327805210245262424e+04,-8.628832514315639690e-01,-4.424517666823745143e-01,3.495905993267901987e+07,-5.925791853904037923e+07
1.330630327713869337e+04,-8.561949275906850509e-01,-4.535974770785045074e-01,3.587427922521705925e+07,-5.878086736554371566e+07
1.333455445182476251e+04,-8.493342191667244689e-01,-4.646518596969966830e-01,3.678471028205607086e+07,-5.829069127610475570e+07
1.336280562651083164e+04,-8.423020444447448796e-01,-4.756124355018191419e-01,3.769020399016322196e+07,-5.778738539272991568e+07
1.339105680119690078e+04,-8.350993500351289178e-01,-4.864767245625525316e-01,3.859060946878784150e+07,-5.727094512799689919e+07
1.341930797588296991e+04,-8.277271112121805663e-01,-4.972422461132043336e-01,3.948577401884063333e+07,-5.674136622707405686e+07
1.344755915056904087e+04,-8.201863322622983121e-01,-5.079065186191172865e-01,4.037554307214669138e+07,-5.619864481143089384e+07
1.347581032525511000e+04,-8.124780468417436285e-01,-5.184670598522934659e-01,4.125976014058609307e+07,-5.564277742428887635e+07
1.350406149994117914e+04,-8.046033183440197689e-01,-5.289213869754755271e-01,4.213826676513886452e+07,-5.507376107786240429e+07
1.353231267462724827e+04,-7.965632402768845211e-01,-5.392670166353163985e-01,4.301090246485091746e+07,-5.449159330244266242e+07
1.356056384931331741e+04,-7.883589366490049155e-01,-5.495014650649987509e-01,4.387750468574152887e+07,-5.389627219737733155e+07
1.358881502399938654e+04,-7.799915623662642128e-01,-5.596222481966657281e-01,4.473790874967379123e+07,-5.328779648400148749e+07
1.361706619868545567e+04,-7.714623036377259435e-01,-5.696268817840347554e-01,4.559194780321196467e+07,-5.266616556057632715e+07
1.364531737337152663e+04,-7.627723783912554456e-01,-5.795128815355816698e-01,4.643945276649204642e+07,-5.203137955929385126e+07
1.367356854805759576e+04,-7.539230366987952348e-01,-5.892777632586866376e-01,4.728025228213372827e+07,-5.138343940540757775e+07
1.370181972274366490e+04,-7.449155612112764446e-01,-5.989190430151579703e-01,4.811417266422571987e+07,-5.072234687855007499e+07
1.373007089742973403e+04,-7.357512676031606746e-01,-6.084342372885407357e-01,4.894103784741708636e+07,-5.004810467630090564e+07
1.375832207211580317e+04,-7.264315050265791607e-01,-6.178208631636508130e-01,4.976066933615190536e+07,-4.936071648006894439e+07
1.378657324680187230e+04,-7.169576565750435115e-01,-6.270764385187731493e-01,5.057288615408639610e+07,-4.866018702335519344e+07
1.381482442148794144e+04,-7.073311397566873771e-01,-6.361984822309812992e-01,5.137750479373109341e+07,-4.794652216246356070e+07
1.384307559617401239e+04,-6.975534069769929735e-01,-6.451845143950477590e-01,5.217433916636377573e+07,-4.721972894972851872e+07
1.387132677086008152e+04,-6.876259460309499527e-01,-6.540320565564222699e-01,5.296320055226206034e+07,-4.647981570933029801e+07
1.389957794554615066e+04,-6.775502806045718973e-01,-6.627386319587845742e-01,5.374389755130895227e+07,-4.572679211576879025e+07
1.392782912023221979e+04,-6.673279707857071585e-01,-6.713017658066661175e-01,5.451623603402679414e+07,-4.496066927507024258e+07
1.395608029491828893e+04,-6.569606135840490024e-01,-6.797189855436752692e-01,5.528001909310053289e+07,-4.418145980880058557e+07
1.398433146960435806e+04,-6.464498434602489185e-01,-6.879878211468573035e-01,5.603504699545434117e+07,-4.338917794096154720e+07
1.401258264429042902e+04,-6.357973328640224020e-01,-6.961058054377438076e-01,5.678111713495030999e+07,-4.258383958784635365e+07
1.404083381897649815e+04,-6.250047927811255288e-01,-7.040704744106532909e-01,5.751802398578186333e+07,-4.176546245093362778e+07
1.406908499366256729e+04,-6.140739732890552194e-01,-7.118793675788324116e-01,5.824555905664037168e+07,-4.093406611289782822e+07
1.409733616834863642e+04,-6.030066641213318590e-01,-7.195300283390253515e-01,5.896351084573654085e+07,-4.008967213681752980e+07
1.412558734303470555e+04,-5.918046952401849747e-01,-7.270200043550862912e-01,5.967166479676494002e+07,-3.923230416866184026e+07
1.415383851772077469e+04,-5.804699374174586701e-01,-7.343468479612634825e-01,6.036980325590430945e+07,-3.836198804313713312e+07
1.418208969240684382e+04,-5.690043028235327593e-01,-7.415081165857950740e-01,6.105770542995223403e+07,-3.747875189297652990e+07
1.421034086709291478e+04,-5.574097456240331150e-01,-7.485013731954750504e-01,6.173514734569846094e+07,-3.658262626175508648e+07
1.423859204177898391e+04,-5.456882625840924206e-01,-7.553241867618623040e-01,6.240190181064691395e+07,-3.567364422031446546e+07
1.426684321646505305e+04,-5.338418936798849934e-01,-7.619741327498259498e-01,6.305773837520356476e+07,-3.475184148687977344e+07
1.429509439115112218e+04,-5.218727227171607863e-01,-7.684487936291265475e-01,6.370242329645247012e+07,-3.381725655095339566e+07
1.432334556583719132e+04,-5.097828779564567148e-01,-7.747457594097582056e-01,6.433571950365038216e+07,-3.286993080106838048e+07
1.435159674052326045e+04,-4.975745327446517430e-01,-7.808626282017873121e-01,6.495738656557668746e+07,-3.190990865648486838e+07
1.437984791520933140e+04,-4.852499061525009094e-01,-7.867970068004401796e-01,6.556718065988297015e+07,-3.093723770291193202e+07
1.440809908989540054e+04,-4.728112636177602690e-01,-7.925465112972065462e-01,6.616485454459382594e+07,-2.995196883233686537e+07
1.443635026458146967e+04,-4.602609175934698760e-01,-7.981087677177455264e-01,6.675015753191924840e+07,-2.895415638704152778e+07
1.446460143926753881e+04,-4.476012282009597110e-01,-8.034814126873878193e-01,6.732283546454574168e+07,-2.794385830788617581e+07
1.449285261395360794e+04,-4.348346038870802288e-01,-8.086620941250498573e-01,6.788263069458314776e+07,-2.692113628693724424e+07
1.452110378863967708e+04,-4.219635020851446039e-01,-8.136484719663875653e-01,6.842928206535199285e+07,-2.588605592451489344e+07
1.454935496332574621e+04,-4.089904298790265624e-01,-8.184382189170309463e-01,6.896252489620567858e+07,-2.483868689073320478e+07
1.457760613801181717e+04,-3.959179446698216087e-01,-8.230290212367532554e-01,6.948209097059102356e+07,-2.377910309160317481e+07
1.460585731269788630e+04,-3.827486548444443137e-01,-8.274185795554447331e-01,6.998770852756008506e+07,-2.270738283976587281e+07
1.463410848738395543e+04,-3.694852204454766587e-01,-8.316046097217713040e-01,7.047910225695693493e+07,-2.162360902991807461e+07
1.466235966207002457e+04,-3.561303538415692138e-01,-8.355848436854075301e-01,7.095599329851192236e+07,-2.052786931899087876e+07
1.469061083675609370e+04,-3.426868203976199956e-01,-8.393570304137494276e-01,7.141809924508781731e+07,-1.942025631113484502e+07
1.471886201144216284e+04,-3.291574391439301972e-01,-8.429189368440185293e-01,7.186513415033213794e+07,-1.830086774756138027e+07
1.474711318612823379e+04,-3.155450834434762597e-01,-8.462683488716783442e-01,7.229680854100148380e+07,-1.716980670128376037e+07
1.477536436081430293e+04,-3.018526816563969484e-01,-8.494030723760910284e-01,7.271282943423460424e+07,-1.602718177679545805e+07
1.480361553550037206e+04,-2.880832178007188826e-01,-8.523209342843532932e-01,7.311290036006319523e+07,-1.487310731471472234e+07
1.483186671018644120e+04,-2.742397322083223177e-01,-8.550197836742469137e-01,7.349672138946022093e+07,-1.370770360141929239e+07
1.486011788487251033e+04,-2.603253221750586044e-01,-8.574974929172506366e-01,7.386398916823865473e+07,-1.253109708368401416e+07
1.488836905955857947e+04,-2.463431426038881211e-01,-8.597519588625581743e-01,7.421439695712497830e+07,-1.134342058832641132e+07
1.491662023424464860e+04,-2.322964066398424676e-01,-8.617811040630471986e-01,7.454763467834472656e+07,-1.014481354685466364e+07
1.494487140893071955e+04,-2.181883862955447118e-01,-8.635828780441437980e-01,7.486338896906964481e+07,-8.935422225101476535e+06
1.497312258361678869e+04,-2.040224130659654134e-01,-8.651552586165192071e-01,7.516134324208876491e+07,-7.715399957815960050e+06
1.500137375830285782e+04,-1.898018785310005563e-01,-8.664962532335545031e-01,7.544117775407898426e+07,-6.484907388171163388e+06
1.502962493298892696e+04,-1.755302349444178567e-01,-8.676039003944938655e-01,7.570256968186271191e+07,-5.244112712133741938e+06
1.505787610767499609e+04,-1.612109958076122784e-01,-8.684762710941998920e-01,7.594519320705409348e+07,-3.993191927624579053e+06
1.508612728236106523e+04,-1.468477364265528551e-01,-8.691114703204069203e-01,7.616871960950745642e+07,-2.732329088384725153e+06
1.511437845704713618e+04,-1.324440944502167095e-01,-8.695076385993517620e-01,7.637281736999484897e+07,-1.461716562443163479e+06
1.514262963173320531e+04,-1.180037703887318046e-01,-8.696629535906402753e-01,7.655715228255212307e+07,-1.815552950650800485e+05
1.517088080641927445e+04,-1.035305281093461954e-01,-8.695756317321816642e-01,7.672138757694564760e+07,1.107944923962154891e+06
1.519913198110534358e+04,-8.902819530828713634e-02,-8.692439299359956406e-01,7.686518405172382295e+07,2.406565188866311684e+06
1.522738315579141272e+04,-7.450066395645274508e-02,-8.686661473356632746e-01,7.698820021832983196e+07,3.714077202437279280e+06
1.525563433047748185e+04,-5.995189071680714216e-02,-8.678406270861571681e-01,7.709009245676356554e+07,5.030242996792256832e+06
1.528388550516355099e+04,-4.538589733124986925e-02,-8.667657582167409558e-01,7.717051518329162896e+07,6.354814650593668222e+06
1.531213667984962194e+04,-3.080677097463570963e-02,-8.654399775375862802e-01,7.722912103071522713e+07,7.687534002981278114e+06
1.534038785453569108e+04,-1.621866457353007482e-02,-8.638617716006998792e-01,7.726556104171526432e+07,9.028132364507904276e+06
1.536863902922176021e+04,-1.625797087166573878e-03,-8.620296787156954688e-01,7.727948487580357492e+07,1.037633022540008835e+07
1.539689020390782935e+04,1.296754625199450853e-02,-8.599422910208857074e-01,7.727054103041711450e+07,1.173183696149391308e+07
1.542514137859389848e+04,2.755701374084302060e-02,-8.575982566100952553e-01,7.723837707669936121e+07,1.309435053823271766e+07
1.545339255327996761e+04,4.213818705415083021e-02,-8.549962817155223327e-01,7.718263991051946580e+07,1.446355721314696223e+07
1.548164372796603675e+04,5.670658114198973143e-02,-8.521351329468929148e-01,7.710297601928441226e+07,1.583913123727414384e+07
1.550989490265210770e+04,7.125764417907136383e-02,-8.490136395870616637e-01,7.699903176510301232e+07,1.722073455601557344e+07
1.553814607733817684e+04,8.578675756914448669e-02,-8.456306959441161064e-01,7.687045368486255407e+07,1.860801650996690243e+07
1.556639725202424597e+04,1.002892360077104889e-01,-8.419852637599322120e-01,7.671688880777907372e+07,2.000061353630363941e+07
1.559464842671031511e+04,1.147603276063909328e-01,-8.380763746750237164e-01,7.653798499098052084e+07,2.139814887134418264e+07
1.562289960139638424e+04,1.291952140824193518e-01,-8.339031327493945378e-01,7.633339127367834747e+07,2.280023225496217608e+07
1.565115077608245338e+04,1.435890110168136224e-01,-8.294647170389820579e-01,7.610275825047707558e+07,2.420645963756607100e+07
1.567940195076852433e+04,1.579367681848966309e-01,-8.247603842271321595e-01,7.584573846436274052e+07,2.561641289041429013e+07
1.570765312545459346e+04,1.722334699629256005e-01,-8.197894713104025843e-01,7.556198681990005076e+07,2.702965952008512244e+07
1.573590430014066260e+04,1.864740358147095323e-01,-8.145513983378228628e-01,7.525116101715379953e+07,2.844575238797550648e+07
1.576415547482673173e+04,2.006533208621572306e-01,-8.090456712025819730e-01,7.491292200683321059e+07,2.986422943575448915e+07
1.579240664951280087e+04,2.147661165438229103e-01,-8.032718844849205952e-01,7.454693446713691950e+07,3.128461341775651649e+07
1.582065782419887000e+04,2.288071513655854372e-01,-7.972297243448241977e-01,7.415286730275228620e+07,3.270641164135549963e+07
1.584890899888493914e+04,2.427710917476861574e-01,-7.909189714629043522e-01,7.373039416643476486e+07,3.412911571642009169e+07
1.587716017357101009e+04,2.566525429724282326e-01,-7.843395040276460728e-01,7.327919400356076658e+07,3.555220131501074135e+07
1.590541134825707923e+04,2.704460502369049335e-01,-7.774913007669741472e-01,7.279895162001127005e+07,3.697512794253929704e+07
1.593366252294314836e+04,2.841460998152063877e-01,-7.703744440218476264e-01,7.228935827370165288e+07,3.839733872167570144e+07
1.596191369762921749e+04,2.977471203345788409e-01,-7.629891228593581598e-01,7.175011229002849758e+07,3.981826019034528732e+07
1.599016487231528663e+04,3.112434841700879584e-01,-7.553356362225314147e-01,7.118091970145158470e+07,4.123730211522585154e+07
1.601841604700135576e+04,3.246295089623548735e-01,-7.474143961137720282e-01,7.058149491137404740e+07,4.265385732221441716e+07
1.604666722168742672e+04,3.378994592629652738e-01,-7.392259308085995517e-01,6.995156138242073357e+07,4.406730154539626092e+07
1.607491839637349585e+04,3.510475483121593410e-01,-7.307708880960370745e-01,6.929085234914761782e+07,4.547699329610980302e+07
1.610316957105956499e+04,3.640679399534245686e-01,-7.220500385416940281e-01,6.859911155513998866e+07,4.688227375376313925e+07
1.613142074574563412e+04,3.769547506895712941e-01,-7.130642787692846873e-01,6.787609401437817514e+07,4.828246668011384457e+07
1.615967192043170326e+04,3.897020518848674508e-01,-7.038146347559772753e-01,6.712156679666128755e+07,4.967687835878404230e+07
1.618792309511777239e+04,4.023038721177440435e-01,-6.943022651366402842e-01,6.633530983678671718e+07,5.106479756183539331e+07
1.621617426980384153e+04,4.147541996885213966e-01,-6.845284645116989086e-01,6.551711676708230376e+07,5.244549554528117925e+07
1.624442544448991248e+04,4.270469852865211857e-01,-6.744946667529542195e-01,6.466679577278049290e+07,5.381822607546093315e+07
1.627267661917598161e+04,4.391761448208153507e-01,-6.642024483013579950e-01,6.378417046960978955e+07,5.518222548824675381e+07
1.630092779386205075e+04,4.511355624187509128e-01,-6.536535314503397753e-01,6.286908080285570771e+07,5.653671278309183568e+07
1.632917896854811988e+04,4.629190935962092524e-01,-6.428497876079328766e-01,6.192138396701641381e+07,5.788088975396293402e+07
1.635743014323418902e+04,4.745205686034065784e-01,-6.317932405305237697e-01,6.094095534504024684e+07,5.921394115922968835e+07
1.638568131792025815e+04,4.859337959498227777e-01,-6.204860695206771970e-01,5.992768946599012613e+07,6.053503493260331452e+07
1.641393249260632729e+04,4.971525661116180661e-01,-6.089306125810860504e-01,5.888150097982928157e+07,6.184332243723160028e+07
1.644218366729239642e+04,5.081706554246352425e-01,-5.971293695162952497e-01,5.780232564786582440e+07,6.313793876506252587e+07
1.647043484197846556e+04,5.189818301657935784e-01,-5.850850049734522829e-01,5.669012134723006189e+07,6.441800308358524740e+07
1.649868601666453469e+04,5.295798508253576342e-01,-5.728003514129399454e-01,5.554486908758874238e+07,6.568261903204338998e+07
1.652693719135060746e+04,5.399584765722100776e-01,-5.602784119993505785e-01,5.436657403812482953e+07,6.693087516919142008e+07
1.655518836603667660e+04,5.501114699138582864e-01,-5.475223634028850705e-01,5.315526656263147295e+07,6.816184547462745011e+07
1.658343954072274573e+04,5.600326015525102230e-01,-5.345355585008465527e-01,5.191100326038021594e+07,6.937458990569041669e+07
1.661169071540881487e+04,5.697156554380456983e-01,-5.213215289685854126e-01,5.063386801023914665e+07,7.056815501184180379e+07
1.663994189009488400e+04,5.791544340182662731e-01,-5.078839877488408039e-01,4.932397301531849056e+07,7.174157460838131607e+07
1.666819306478095314e+04,5.883427636862398336e-01,-4.942268313881141850e-01,4.798145984522900730e+07,7.289387051125074923e+07
1.669644423946702227e+04,5.972745004240023192e-01,-4.803541422283823525e-01,4.660650047284074873e+07,7.402405333457419276e+07
1.672469541415309141e+04,6.059435356412657958e-01,-4.662701904421543975e-01,4.519929830223277956e+07,7.513112335245832801e+07
1.675294658883916054e+04,6.143438022071453508e-01,-4.519794358986057303e-01,4.376008918432815373e+07,7.621407142643506825e+07
1.678119776352522967e+04,6.224692806722290639e-01,-4.374865298482745746e-01,4.228914241651431471e+07,7.727187999976935983e+07
1.680944893821129881e+04,6.303140056776045386e-01,-4.227963164135920549e-01,4.078676172235842049e+07,7.830352415967690945e+07
1.683770011289736794e+04,6.378720725467008634e-01,-4.079138338723388713e-01,3.925328620734158158e+07,7.930797276829957962e+07
1.686595128758343708e+04,6.451376440550179447e-01,-3.928443157209797199e-01,3.768909128635699302e+07,8.028418966306965053e+07
1.689420246226950985e+04,6.521049573719971404e-01,-3.775931915047298637e-01,3.609458957854636759e+07,8.123113492685811222e+07
1.692245363695557899e+04,6.587683311684281451e-01,-3.621660874011692344e-01,3.447023176489010453e+07,8.214776622804549336e+07
1.695070481164164812e+04,6.651221728819292078e-01,-3.465688265441787541e-01,3.281650740381408855e+07,8.303304023038059473e+07
1.697895598632771726e+04,6.711609861320948500e-01,-3.308074290750949720e-01,3.113394569994914904e+07,8.388591407219289243e+07
1.700720716101378639e+04,6.768793782760093025e-01,-3.148881119080222946e-01,2.942311622105395794e+07,8.470534691421455145e+07
1.703545833569985552e+04,6.822720680938526572e-01,-2.988172881964534788e-01,2.768462955801662430e+07,8.549030155493196845e+07
1.706370951038592466e+04,6.873338935933656080e-01,-2.826015664885747625e-01,2.591913792276936024e+07,8.623974611203722656e+07
1.709196068507199379e+04,6.920598199209526680e-01,-2.662477495589352650e-01,2.412733567889375240e+07,8.695265576818136871e+07
1.712021185975806293e+04,6.964449473662214229e-01,-2.497628329045386009e-01,2.230995979966177419e+07,8.762801457884840667e+07
1.714846303444413206e+04,7.004845194457537394e-01,-2.331540028938620390e-01,2.046779024825201184e+07,8.826481733977079391e+07
1.717671420913020120e+04,7.041739310509195215e-01,-2.164286345578350368e-01,1.860165027490365133e+07,8.886207151089709997e+07
1.720496538381627033e+04,7.075087366435554026e-01,-1.995942890124129121e-01,1.671240662582468987e+07,8.941879919350117445e+07
1.723321655850233947e+04,7.104846584823617528e-01,-1.826587105030658131e-01,1.480096965875740722e+07,8.993403915659299493e+07
1.726146773318841224e+04,7.130975948619185933e-01,-1.656298230622670620e-01,1.286829336022483744e+07,9.040684890835556388e+07
1.728971890787448137e+04,7.153436283452933031e-01,-1.485157267719299790e-01,1.091537525964083895e+07,9.083630680789273977e+07
1.731797008256055051e+04,7.172190339703292672e-01,-1.313246936236263096e-01,8.943256235655548051e+06,9.122151421213486791e+07
1.734622125724661964e+04,7.187202874088397531e-01,-1.140651629705130565e-01,6.953020210349895060e+06,9.156159765230977535e+07
1.737447243193268878e+04,7.198440730571373791e-01,-9.674573656591259341e-02,4.945793727156857960e+06,9.185571103395800292e+07
1.740272360661875791e+04,7.205872920355779199e-01,-7.937517318471491723e-02,2.922745408705285750e+06,9.210303785404829681e+07
1.743097478130482705e+04,7.209470700741094085e-01,-6.196238282501138894e-02,8.850852911339648999e+05,9.230279342834171653e+07
1.745922595599089618e+04,7.209207652602027672e-01,-4.451642048870218388e-02,-1.165935968182053417e+06,9.245422712176136672e+07
1.748747713067696532e+04,7.205059756250060676e-01,-2.704647954122294667e-02,-3.229028012116476893e+06,9.255662457415461540e+07
1.751572830536303445e+04,7.197005465431087767e-01,-9.561884652006932481e-03,-5.302861836637928151e+06,9.260930991348980367e+07
1.754397948004910359e+04,7.185025779209461838e-01,7.927915681168079196e-03,-7.386070976654877886e+06,9.261164794821351767e+07
1.757223065473517272e+04,7.169104311486184100e-01,2.541335701920903120e-02,-9.477252825948160142e+06,9.256304633021202683e+07
1.760048182942124186e+04,7.149227357897419699e-01,4.288476727373437269e-02,-1.157497009169635549e+07,9.246295767957544327e+07
1.762873300410731463e+04,7.125383959839201031e-01,6.033237539604003469e-02,-1.367775238348387368e+07,9.231088166215936840e+07
1.765698417879338376e+04,7.097565965364959206e-01,7.774632045321400176e-02,-1.578409793603473902e+07,9.210636701078027487e+07
1.768523535347945290e+04,7.065768086704556916e-01,9.511666107991474661e-02,-1.789247546424991637e+07,9.184901348077057302e+07
1.771348652816552203e+04,7.029987954156918795e-01,1.124333852924922217e-01,-2.000132614842372388e+07,9.153847373056252301e+07
1.774173770285159117e+04,6.990226166112940565e-01,1.296864206504454720e-01,-2.210906574681368470e+07,9.117445511796694994e+07
1.776998887753766030e+04,6.946486334971434529e-01,1.468656447484058269e-01,-2.421408683200870454e+07,9.075672140286867321e+07
1.779824005222372944e+04,6.898775128718245275e-01,1.639608960201078269e-01,-2.631476114681055024e+07,9.028509434717620909e+07
1.782649122690979857e+04,6.847102307947481314e-01,1.809619848340932313e-01,-2.840944207460862398e+07,8.975945520304153860e+07
1.785474240159586770e+04,6.791480758113938032e-01,1.978587048592190256e-01,-3.049646721849631891e+07,8.917974608060674369e+07
1.788299357628193684e+04,6.731926516817385853e-01,2.146408446764169198e-01,-3.257416108265439421e+07,8.854597118684042990e+07
1.791124475096800597e+04,6.668458795932256100e-01,2.312981996115921757e-01,-3.464083784881858528e+07,8.785819792739683390e+07
1.793949592565407511e+04,6.601099998410477898e-01,2.478205837630666208e-01,-3.669480423996184021e+07,8.711655786386491358e+07
1.796774710034014424e+04,6.529875729600738143e-01,2.641978421955751277e-01,-3.873436246266180277e+07,8.632124751927208900e+07
1.799599827502621702e+04,6.454814802944091046e-01,2.804198632715310113e-01,-4.075781321899840236e+07,8.547252902526602149e+07
1.802424944971228615e+04,6.375949239923790479e-01,2.964765910890771461e-01,-4.276345877823826671e+07,8.457073060501621664e+07
1.805250062439835528e+04,6.293314264165907890e-01,3.123580379954201125e-01,-4.474960609802750498e+07,8.361624688654892147e+07
1.808075179908442442e+04,6.206948289607558955e-01,3.280542971429427079e-01,-4.671456998431636393e+07,8.260953904195852578e+07
1.810900297377049355e+04,6.116892902669930354e-01,3.435555550548728410e-01,-4.865667627881608903e+07,8.155113474870911241e+07
1.813725414845656269e+04,6.023192838395067250e-01,3.588521041666065670e-01,-5.057426506241296232e+07,8.044162797005923092e+07
1.816550532314263182e+04,5.925895950527447775e-01,3.739343553083156468e-01,-5.246569386266261339e+07,7.928167855249685049e+07
1.819375649782870096e+04,5.825053175544020467e-01,3.887928500941542631e-01,-5.432934085325486958e+07,7.807201163895820081e+07
1.822200767251477009e+04,5.720718490659458810e-01,4.034182731832308133e-01,-5.616360803318054974e+07,7.681341689751544595e+07
1.825025884720083923e+04,5.612948865856596248e-01,4.178014643775418424e-01,-5.796692437324993312e+07,7.550674756614781916e+07
1.827851002188690836e+04,5.501804210015375229e-01,4.319334305222676251e-01,-5.973774891761000454e+07,7.415291931515166163e+07
1.830676119657297750e+04,5.387347311236895253e-01,4.458053571742124910e-01,-6.147457382798529416e+07,7.275290892968887091e+07
1.833501237125904663e+04,5.269643771482191985e-01,4.594086200047348134e-01,-6.317592735852589458e+07,7.130775281591352820e+07
1.836326354594511940e+04,5.148761935668036971e-01,4.727347959042484948e-01,-6.484037674938596785e+07,6.981854533504456282e+07
1.839151472063118854e+04,5.024772815384291880e-01,4.857756737562799465e-01,-6.646653102747407556e+07,6.828643697066237032e+07
1.841976589531725767e+04,4.897750007418487650e-01,4.985232648501782826e-01,-6.805304370321834087e+07,6.671263233538535982e+07
1.844801707000332681e+04,4.767769607294479184e-01,5.109698129027597790e-01,-6.959861535265475512e+07,6.509838802393588424e+07
1.847626824468939594e+04,4.634910118051170924e-01,5.231078036606315873e-01,-7.110199607469911873e+07,6.344501032040448487e+07
1.850451941937546508e+04,4.499252354506211860e-01,5.349299740564439354e-01,-7.256198781407135725e+07,6.175385276828221977e+07
1.853277059406153421e+04,4.360879343266834129e-01,5.464293208940261826e-01,-7.397744654101766646e+07,6.002631361253250390e+07
1.856102176874760335e+04,4.219876218766032139e-01,5.575991090391647642e-01,-7.534728427970968187e+07,5.826383312361612916e+07
1.858927294343367248e+04,4.076330115616922378e-01,5.684328790947134058e-01,-7.667047097798405588e+07,5.646789081395992637e+07
1.861752411811974162e+04,3.930330057591163162e-01,5.789244545407565834e-01,-7.794603621191641688e+07,5.464000255786606669e+07
1.864577529280581075e+04,3.781966843538812073e-01,5.890679483226616275e-01,-7.917307071959149837e+07,5.278171762629184872e+07
1.867402646749187988e+04,3.631332930576792184e-01,5.988577688720527759e-01,-8.035072775933051109e+07,5.089461564828563482e+07
1.870227764217794902e+04,3.478522314881216104e-01,6.082886255479909021e-01,-8.147822428855928779e+07,4.898030351114136726e+07
1.873052881686402179e+04,3.323630410425131299e-01,6.173555334879419210e-01,-8.255484196043896675e+07,4.704041221152988821e+07
1.875877999155009093e+04,3.166753926007914166e-01,6.260538178604376780e-01,-8.357992793632642925e+07,4.507659366998205334e+07
1.878703116623616006e+04,3.007990740924906814e-01,6.343791175136943572e-01,-8.455289551308086514e+07,4.309051752112701535e+07
1.881528234092222920e+04,2.847439779627516376e-01,6.423273880167582606e-01,-8.547322456516730785e+07,4.108386789205159992e+07
1.884353351560829833e+04,2.685200885722563990e-01,6.498949040921088161e-01,-8.634046180243733525e+07,3.905834018101306260e+07
1.887178469029436746e+04,2.521374695657525589e-01,6.570782614409184097e-01,-8.715422084536668658e+07,3.701563784854216874e+07
1.890003586498043660e+04,2.356062512434008716e-01,6.638743779644276088e-01,-8.791418212040495872e+07,3.495746923269812763e+07
1.892828703966650573e+04,2.189366179686002278e-01,6.702804943870772636e-01,-8.862009257893151045e+07,3.288554439989456907e+07
1.895653821435257487e+04,2.021387956452075640e-01,6.762941742891641628e-01,-8.927176524411047995e+07,3.080157204230840132e+07
1.898478938903864400e+04,1.852230392961888850e-01,6.819133035588191838e-01,-8.986907859069041908e+07,2.870725643241612986e+07
1.901304056372471314e+04,1.681996207747161742e-01,6.871360892750518756e-01,-9.041197576349654794e+07,2.660429444468031824e+07
1.904129173841078227e+04,1.510788166375790220e-01,6.919610580354425000e-01,-9.090046364101071656e+07,2.449437265383815020e+07
1.906954291309685141e+04,1.338708962095141175e-01,6.963870537437938379e-01,-9.133461175102402270e+07,2.237916451863006130e+07
1.909779408778292054e+04,1.165861098656870570e-01,7.004132348746594516e-01,-9.171455104587571323e+07,2.026032765915573761e+07
1.912604526246899331e+04,9.923467755809352309e-02,7.040390712331503487e-01,-9.204047254525780678e+07,1.813950123536305502e+07
1.915429643715506245e+04,8.182677761011795947e-02,7.072643402297693616e-01,-9.231262585496638715e+07,1.601830343347163871e+07
1.918254761184113158e+04,6.437253580182425439e-02,7.100891226912464660e-01,-9.253131757031820714e+07,1.389832906640330330e+07
1.921079878652720072e+04,4.688201476695917636e-02,7.125137982294137418e-01,-9.269690957322128117e+07,1.178114729356548004e+07
1.923904996121326985e+04,2.936520372085191927e-02,7.145390401911100309e-01,-9.280981723209697008e+07,9.668299464582866058e+06
1.926730113589933899e+04,1.183200853668943744e-02,7.161658102128960479e-01,-9.287050751399360597e+07,7.561297090836901218e+06
1.929555231058540812e+04,-5.707757814141228327e-03,7.173953524050231678e-01,-9.287949701831395924e+07,5.461619947935106233e+06
1.932380348527147726e+04,-2.324438444373260609e-02,7.182291871896178126e-01,-9.283734994160081446e+07,3.370714311507808976e+06
1.935205465995754639e+04,-4.076827133922835550e-02,7.186691048184314923e-01,-9.274467598278963566e+07,1.289991328020811314e+06
1.938030583464361553e+04,-5.826993775392586006e-02,7.187171585957573550e-01,-9.260212819824802876e+07,-7.791744783961249050e+05
1.940855700932968466e+04,-7.574003018929657827e-02,7.183756578322415542e-01,-9.241040081578101218e+07,-2.835446562769346405e+06
1.943680818401575380e+04,-9.316932996102721132e-02,7.176471605553205180e-01,-9.217022701659323275e+07,-4.877527580050471239e+06
1.946505935870182293e+04,-1.105487603438614908e-01,7.165344660018998502e-01,-9.188237669396771491e+07,-6.904160470740124583e+06
1.949331053338789570e+04,-1.278693932916536158e-01,7.150406069186664437e-01,-9.154765419714917243e+07,-8.914129412842839956e+06
1.952156170807396484e+04,-1.451224557306036445e-01,7.131688416950946463e-01,-9.116689606861317158e+07,-1.090626064216247201e+07
1.954981288276003397e+04,-1.622993354252048881e-01,7.109226463537785534e-01,-9.074096878256303072e+07,-1.287942314344929345e+07
1.957806405744610311e+04,-1.793915864178027564e-01,7.083057064222099131e-01,-9.027076649213175476e+07,-1.483252921535771154e+07
1.960631523213217224e+04,-1.963909340441174767e-01,7.053219087095170536e-01,-8.975720879237586260e+07,-1.676453491259892471e+07
1.963456640681824138e+04,-2.132892795283367060e-01,7.019753330110062306e-01,-8.920123850574038923e+07,-1.867444036904256418e+07
1.966281758150431051e+04,-2.300787041626216334e-01,6.982702437626080449e-01,-8.860381949625056982e+07,-2.056129000585713983e+07
1.969106875619037964e+04,-2.467514730770071218e-01,6.942110816665288953e-01,-8.796593451825132966e+07,-2.242417262907167897e+07
1.971931993087644878e+04,-2.633000386067359533e-01,6.898024553085547739e-01,-8.728858310507291555e+07,-2.426222142119322717e+07
1.974757110556251791e+04,-2.797170432650383232e-01,6.850491327865612101e-01,-8.657277950255480409e+07,-2.607461383172740415e+07
1.977582228024858705e+04,-2.959953223302599357e-01,6.799560333688491331e-01,-8.581955065191271901e+07,-2.786057137162307277e+07
1.980407345493465618e+04,-3.121279060570441022e-01,6.745282191999640853e-01,-8.502993422598837316e+07,-2.961935931679871678e+07
1.983232462962072532e+04,-3.281080215219955298e-01,6.687708870706743358e-01,-8.420497672248175740e+07,-3.135028632600892335e+07
1.986057580430679809e+04,-3.439290941148956948e-01,6.626893602677813577e-01,-8.334573161733308434e+07,-3.305270397837625816e+07
1.988882697899286723e+04,-3.595847486870811238e-01,6.562890805184309340e-01,-8.245325758100026846e+07,-3.472600623594683409e+07
1.991707815367893636e+04,-3.750688103691198205e-01,6.495756000425686461e-01,-8.152861675996488333e+07,-3.636962883663678169e+07
1.994532932836500549e+04,-3.903753050702523653e-01,6.425545737261922907e-01,-8.057287312540704012e+07,-3.798304862290538102e+07
1.997358050305107463e+04,-4.054984596724656720e-01,6.352317514270299226e-01,-7.958709089060504735e+07,-3.956578281144844741e+07
2.000183167773714376e+04,-4.204327019322836589e-01,6.276129704232898954e-01,-7.857233299825340509e+07,-4.111738820912741125e+07
2.003008285242321290e+04,-4.351726601035659781e-01,6.197041480151521675e-01,-7.752965967854610085e+07,-4.263746038025574386e+07
2.005833402710928203e+04,-4.497131622947322938e-01,6.115112742877104601e-01,-7.646012707854427397e+07,-4.412563277024959028e+07
2.008658520179535117e+04,-4.640492355738989882e-01,6.030404050431438234e-01,-7.536478596303945780e+07,-4.558157579051739722e+07
2.011483637648142030e+04,-4.781761048354261079e-01,5.942976549089896698e-01,-7.424468048683531582e+07,-4.700499586931618303e+07
2.014308755116748944e+04,-4.920891914413341728e-01,5.852891906285094814e-01,-7.310084703810253739e+07,-4.839563447314184904e+07
2.017133872585355857e+04,-5.057841116509592672e-01,5.760212245382955176e-01,-7.193431315221367776e+07,-4.975326710304936022e+07
2.019958990053962771e+04,-5.192566748520829334e-01,5.665000082374516133e-01,-7.074609649523709714e+07,-5.107770227011804283e+07
2.022784107522570048e+04,-5.325028816065991988e-01,5.567318264519006688e-01,-6.953720391606125236e+07,-5.236878045408909023e+07
2.025609224991176961e+04,-5.455189215235565214e-01,5.467229910966425743e-01,-6.830863056593343616e+07,-5.362637304900728166e+07
2.028434342459783875e+04,-5.583011709722036642e-01,5.364798355380464567e-01,-6.706135908402510732e+07,-5.485038129950435460e+07
2.031259459928390788e+04,-5.708461906473301095e-01,5.260087090576475166e-01,-6.579635884749104828e+07,-5.604073523115479201e+07
2.034084577396997702e+04,-5.831507229989523200e-01,5.153159715182371592e-01,-6.451458528435198963e+07,-5.719739257813846320e+07
2.036909694865604615e+04,-5.952116895380303863e-01,5.044079882324746800e-01,-6.321697924741880596e+07,-5.832033771123906225e+07
2.039734812334211529e+04,-6.070261880295703127e-01,4.932911250336854958e-01,-6.190446644737695158e+07,-5.940958056900732219e+07
2.042559929802818442e+04,-6.185914895840990413e-01,4.819717435479961565e-01,-6.057795694306758046e+07,-6.046515559471897036e+07
2.045385047271425356e+04,-6.299050356581211707e-01,4.704561966664803085e-01,-5.923834468693418056e+07,-6.148712068156169355e+07
2.048210164740032269e+04,-6.409644349737819713e-01,4.587508242155453608e-01,-5.788650712355010957e+07,-6.247555612829346955e+07
2.051035282208639182e+04,-6.517674603675586154e-01,4.468619488233867010e-01,-5.652330483910223842e+07,-6.343056360742749274e+07
2.053860399677246096e+04,-6.623120455773993109e-01,4.347958719799632221e-01,-5.514958125967783481e+07,-6.435226514781691134e+07
2.056685517145853009e+04,-6.725962819773236845e-01,4.225588702876123537e-01,-5.376616239618536085e+07,-6.524080213333664834e+07
2.059510634614460287e+04,-6.826184152680853101e-01,4.101571918991165910e-01,-5.237385663373371959e+07,-6.609633431918971986e+07
2.062335752083067200e+04,-6.923768421320801725e-01,3.975970531397705066e-01,-5.097345456329940259e+07,-6.691903886720155180e+07
2.065160869551674114e+04,-7.018701068603017124e-01,3.848846353097232775e-01,-4.956572885351972282e+07,-6.770910940131181479e+07
2.067985987020281027e+04,-7.110968979586915761e-01,3.720260816627110612e-01,-4.815143416047722846e+07,-6.846675508432032168e+07
2.070811104488887941e+04,-7.200560447408818066e-01,3.590274945570538501e-01,-4.673130707336173207e+07,-6.919219971680556238e+07
2.073636221957494854e+04,-7.287465139138969983e-01,3.458949327746622671e-01,-4.530606609393446147e+07,-6.988568085899753869e+07
2.076461339426101767e+04,-7.371674061630100194e-01,3.326344090036547629e-01,-4.387641164775739610e+07,-7.054744897626055777e+07
2.079286456894708681e+04,-7.453179527415600969e-01,3.192518874800739925e-01,-4.244302612519600242e+07,-7.117776660872155428e+07
2.082111574363315594e+04,-7.531975120711723592e-01,3.057532817841006056e-01,-4.100657395025275648e+07,-7.177690756546761096e+07
2.084936691831922508e+04,-7.608055663574545546e-01,2.921444527860937446e-01,-3.956770167534197122e+07,-7.234515614363113046e+07
2.087761809300529421e+04,-7.681417182258961640e-01,2.784312067377349709e-01,-3.812703810017240793e+07,-7.288280637258319557e+07
2.090586926769136335e+04,-7.752056873823547356e-01,2.646192935035213134e-01,-3.668519441296295077e+07,-7.339016128336502612e+07
2.093412044237743248e+04,-7.819973073021821985e-01,2.507144049278355324e-01,-3.524276435227740556e+07,-7.386753220340305567e+07
2.096237161706350525e+04,-7.885165219517316082e-01,2.367221733328184752e-01,-3.380032438782669604e+07,-7.431523807647596300e+07
2.099062279174957439e+04,-7.947633825456675849e-01,2.226481701422951820e-01,-3.235843391865154728e+07,-7.473360480783024430e+07
2.101887396643564352e+04,-8.007380443432318140e-01,2.084979046269922198e-01,-3.091763548715927079e+07,-7.512296463427728415e+07
2.104712514112171266e+04,-8.064407634863026697e-01,1.942768227663865810e-01,-2.947845500755940378e+07,-7.548365551904362440e+07
2.107537631580778179e+04,-8.118718938818456632e-01,1.799903062225090555e-01,-2.804140200730136037e+07,-7.581602057109478116e+07
2.110362749049385093e+04,-8.170318841310815206e-01,1.656436714211222128e-01,-2.660696988018564135e+07,-7.612040748860348761e+07
2.113187866517992006e+04,-8.219212745074538917e-01,1.512421687357459466e-01,-2.517563614988305420e+07,-7.639716802619063854e+07
2.116012983986598920e+04,-8.265406939852500967e-01,1.367909817700790343e-01,-2.374786274265979230e+07,-7.664665748552905023e+07
2.118838101455205833e+04,-8.308908573205029402e-01,1.222952267344469685e-01,-2.232409626816876605e+07,-7.686923422886629403e+07
2.121663218923812747e+04,-8.349725621855955682e-01,1.077599519119909477e-01,-2.090476830722872168e+07,-7.706525921499371529e+07
2.124488336392419660e+04,-8.387866863587905009e-01,9.319013721040697584e-02,-1.949029570557276532e+07,-7.723509555716323853e+07
2.127313453861026574e+04,-8.423341849697197903e-01,7.859069379513843046e-02,-1.808108087260637805e+07,-7.737910810243216157e+07
2.130138571329633487e+04,-8.456160878016958371e-01,6.396646380002624088e-02,-1.667751208427198976e+07,-7.749766303189802170e+07
2.132963688798240764e+04,-8.486334966515370892e-01,4.932222011152192359e-02,-1.527996378917241842e+07,-7.759112748127090931e+07
2.135788806266847678e+04,-8.513875827474473024e-01,3.466266622268703718e-02,-1.388879691716023348e+07,-7.765986918121880293e+07
2.138613923735454591e+04,-8.538795842253472657e-01,1.999243615327086360e-02,-1.250435918964822777e+07,-7.770425611691293120e+07
2.141439041204061505e+04,-8.561108036639123453e-01,5.316094432332866063e-03,-1.112698543095238879e+07,-7.772465620619341731e+07
2.144264158672668418e+04,-8.580826056784527367e-01,-9.361863860079776278e-03,-9.756997880020597950e+06,-7.772143699577189982e+07
2.147089276141275332e+04,-8.597964145736516350e-01,-2.403701299553909557e-02,-8.394706501950239763e+06,-7.769496537488608062e+07
2.149914393609882245e+04,-8.612537120550671776e-01,-3.870499644737016715e-02,-7.040409298740932718e+06,-7.764560730582121015e+07
2.152739511078489159e+04,-8.624560349992074215e-01,-5.336152669144195171e-02,-5.694392618771172129e+06,-7.757372757071593404e+07
2.155564628547096072e+04,-8.634049732818886991e-01,-6.800238496063569504e-02,-4.356931464528136887e+06,-7.747968953407327831e+07
2.158389746015702985e+04,-8.641021676645094240e-01,-8.262342095590237412e-02,-3.028289798158522695e+06,-7.736385492040319741e+07
2.161214863484309899e+04,-8.645493077377877089e-01,-9.722055251671311848e-02,-1.708720844445013907e+06,-7.722658360642910004e+07
2.164039980952916812e+04,-8.647481299224435425e-01,-1.117897652535998765e-01,-3.984673908479043748e+05,-7.706823342729909718e+07
2.166865098421523726e+04,-8.647004155262386638e-01,-1.263271121453790058e-01,9.022379157154802233e+05,-7.688915999625076354e+07
2.169690215890130639e+04,-8.644079888567306469e-01,-1.408287131035471096e-01,2.193172275649550371e+06,-7.668971653718857467e+07
2.172515333358737917e+04,-8.638727153890427557e-01,-1.552907545062390815e-01,3.474122447283892892e+06,-7.647025372964295745e+07
2.175340450827344830e+04,-8.630964999879057187e-01,-1.697094887040264677e-01,4.744884461538716219e+06,-7.623111956559175253e+07
2.178165568295951743e+04,-8.620812851831817225e-01,-1.840812334997757316e-01,6.005263340866697021e+06,-7.597265921763567626e+07
2.180990685764558657e+04,-8.608290494980478380e-01,-1.984023716046264263e-01,7.255072822655020282e+06,-7.569521491803267598e+07
2.183815803233165570e+04,-8.593418058289776784e-01,-2.126693500721223151e-01,8.494135087253859267e+06,-7.539912584810788929e+07
2.186640920701772484e+04,-8.576215998766366644e-01,-2.268786797123987509e-01,9.722280490772189572e+06,-7.508472803756903112e+07
2.189466038170379397e+04,-8.556705086267771820e-01,-2.410269344882554621e-01,1.093934730276250094e+07,-7.475235427327045798e+07
2.192291155638986311e+04,-8.534906388802010468e-01,-2.551107508948570746e-01,1.214518144889668375e+07,-7.440233401698234677e+07
2.195116273107593224e+04,-8.510841258308375901e-01,-2.691268273247212073e-01,1.333963625871749409e+07,-7.403499333173486590e+07
2.197941390576200138e+04,-8.484531316909741383e-01,-2.830719234195734901e-01,1.452257221853336878e+07,-7.365065481632089615e+07
2.200766508044807051e+04,-8.455998443626600025e-01,-2.969428594105728569e-01,1.569385672950891219e+07,-7.324963754755435884e+07
2.203591625513413965e+04,-8.425264761543012071e-01,-3.107365154483336389e-01,1.685336387098905444e+07,-7.283225702989475429e+07
2.206416742982020878e+04,-8.392352625414533085e-01,-3.244498309241005130e-01,1.800097416908158362e+07,-7.239882515206195414e+07
2.209241860450628155e+04,-8.357284609708188761e-01,-3.380798037833637748e-01,1.913657437051065639e+07,-7.194965015027859807e+07
2.212066977919235069e+04,-8.320083497064552081e-01,-3.516234898331222491e-01,2.026005722174157202e+07,-7.148503657779107988e+07
2.214892095387841982e+04,-8.280772267171921941e-01,-3.650780020439743367e-01,2.137132125336980075e+07,-7.100528528033185005e+07
2.217717212856448896e+04,-8.239374086042765555e-01,-3.784405098480930207e-01,2.247027056975256652e+07,-7.051069337720072269e+07
2.220542330325055809e+04,-8.195912295682464821e-01,-3.917082384341433743e-01,2.355681464385775477e+07,-7.000155424765327573e+07
2.223367447793662723e+04,-8.150410404140602250e-01,-4.048784680401046887e-01,2.463086811729389429e+07,-6.947815752229836583e+07
2.226192565262269636e+04,-8.102892075935008709e-01,-4.179485332449189294e-01,2.569235060547876358e+07,-6.894078907921805978e+07
2.229017682730876550e+04,-8.053381122838937367e-01,-4.309158222598306609e-01,2.674118650789750367e+07,-6.838973104453557730e+07
2.231842800199483463e+04,-8.001901495021781496e-01,-4.437777762202328447e-01,2.777730482339529693e+07,-6.782526179716812074e+07
2.234667917668090377e+04,-7.948477272533903681e-01,-4.565318884787865628e-01,2.880063897044429183e+07,-6.724765597751291096e+07
2.237493035136697290e+04,-7.893132657126237239e-01,-4.691757039005320373e-01,2.981112661231986806e+07,-6.665718449982573092e+07
2.240318152605304203e+04,-7.835891964395444997e-01,-4.817068181606689592e-01,3.080870948711704090e+07,-6.605411456806178391e+07
2.243143270073911117e+04,-7.776779616245578231e-01,-4.941228770456372321e-01,3.179333324253422767e+07,-6.543870969495927542e+07
2.245968387542518394e+04,-7.715820133657279589e-01,-5.064215757580928789e-01,3.276494727534843609e+07,-6.481122972415593266e+07
2.248793505011125308e+04,-7.653038129755815877e-01,-5.186006582263229525e-01,3.372350457550230622e+07,-6.417193085513904691e+07
2.251618622479732221e+04,-7.588458303169151042e-01,-5.306579164186411290e-01,3.466896157472364604e+07,-6.352106567083738744e+07
2.254443739948339135e+04,-7.522105431667781561e-01,-5.425911896632126252e-01,3.560127799959182739e+07,-6.285888316767521948e+07
2.257268857416946048e+04,-7.454004366077867649e-01,-5.543983639737812830e-01,3.652041672896791995e+07,-6.218562878791474551e+07
2.260093974885552961e+04,-7.384180024459549019e-01,-5.660773713817065511e-01,3.742634365570169687e+07,-6.150154445412336290e+07
2.262919092354159875e+04,-7.312657386542461557e-01,-5.776261892746975546e-01,3.831902755252837390e+07,-6.080686860560996830e+07
2.265744209822766788e+04,-7.239461488410608991e-01,-5.890428397426011875e-01,3.919843994206700474e+07,-6.010183623668227345e+07
2.268569327291373702e+04,-7.164617417428931212e-01,-6.003253889305775193e-01,4.006455497083208710e+07,-5.938667893658500910e+07
2.271394444759980615e+04,-7.088150307404081918e-01,-6.114719463999642723e-01,4.091734928716950864e+07,-5.866162493098594248e+07
2.274219562228587529e+04,-7.010085333972072563e-01,-6.224806644971122571e-01,4.175680192302802205e+07,-5.792689912488389760e+07
2.277044679697194442e+04,-6.930447710205644984e-01,-6.333497377304483367e-01,4.258289417947750539e+07,-5.718272314681962878e+07
2.279869797165801356e+04,-6.849262682434363869e-01,-6.440774021560025098e-01,4.339560951588557661e+07,-5.642931539427697659e+07
2.282694914634408633e+04,-6.766555526270586762e-01,-6.546619347716128301e-01,4.419493344266476482e+07,-5.566689108016773313e+07
2.285520032103015546e+04,-6.682351542834751301e-01,-6.651016529199972327e-01,4.498085341750229150e+07,-5.489566228030055016e+07
2.288345149571622460e+04,-6.596676055173272823e-01,-6.753949137008879999e-01,4.575335874498751760e+07,-5.411583798173769563e+07
2.291170267040229373e+04,-6.509554404862978316e-01,-6.855401133923620938e-01,4.651244047954927385e+07,-5.332762413195244968e+07
2.293995384508836287e+04,-6.421011948795710689e-01,-6.955356868815297799e-01,4.725809133162003011e+07,-5.253122368870185316e+07
2.296820501977443200e+04,-6.331074056137175887e-01,-7.053801071047013371e-01,4.799030557694269717e+07,-5.172683667053644359e+07
2.299645619446050114e+04,-6.239766105454158662e-01,-7.150718844971474253e-01,4.870907896893782914e+07,-5.091466020787293464e+07
2.302470736914657027e+04,-6.147113482004391560e-01,-7.246095664525505908e-01,4.941440865405008942e+07,-5.009488859456033260e+07
2.305295854383263941e+04,-6.053141575183550449e-01,-7.339917367922379476e-01,5.010629308999419957e+07,-4.926771333987441659e+07
2.308120971851870854e+04,-5.957875776123953138e-01,-7.432170152442659772e-01,5.078473196682207286e+07,-4.843332322087980807e+07
2.310946089320477768e+04,-5.861341475439721949e-01,-7.522840569324268367e-01,5.144972613073408604e+07,-4.759190433510271460e+07
2.313771206789084681e+04,-5.763564061113287673e-01,-7.611915518752240262e-01,5.210127751055916399e+07,-4.674364015346131474e+07
2.316596324257691595e+04,-5.664568916518274433e-01,-7.699382244948657084e-01,5.273938904682973027e+07,-4.588871157340443134e+07
2.319421441726298872e+04,-5.564381418573915994e-01,-7.785228331363100995e-01,5.336406462337924540e+07,-4.502729697221241891e+07
2.322246559194905785e+04,-5.463026936026382785e-01,-7.869441695963816930e-01,5.397530900139119476e+07,-4.415957226041831076e+07
2.325071676663512699e+04,-5.360530827852266755e-01,-7.952010586629963962e-01,5.457312775583152473e+07,-4.328571093530811369e+07
2.327896794132119612e+04,-5.256918441780046303e-01,-8.032923576644832586e-01,5.515752721419548988e+07,-4.240588413446597755e+07
2.330721911600726526e+04,-5.152215112925015994e-01,-8.112169560290235504e-01,5.572851439750424027e+07,-4.152026068932887912e+07
2.333547029069333439e+04,-5.046446162533593238e-01,-8.189737748542033069e-01,5.628609696348651499e+07,-4.062900717872064561e+07
2.336372146537940353e+04,-4.939636896832894641e-01,-8.265617664866687919e-01,5.683028315188300610e+07,-3.973228798233679682e+07
2.339197264006547266e+04,-4.831812605981664621e-01,-8.339799141118773296e-01,5.736108173181247711e+07,-3.883026533415424824e+07
2.342022381475154179e+04,-4.722998563118681603e-01,-8.412272313539242985e-01,5.787850195114052296e+07,-3.792309937574238330e+07
2.344847498943761093e+04,-4.613220023504948641e-01,-8.483027618854268592e-01,5.838255348779337853e+07,-3.701094820945394784e+07
2.347672616412368006e+04,-4.502502223756020272e-01,-8.552055790474404340e-01,5.887324640296094120e+07,-3.609396795147660375e+07
2.350497733880974920e+04,-4.390870381160971170e-01,-8.619347854793777408e-01,5.935059109613472968e+07,-3.517231278472768515e+07
2.353322851349581833e+04,-4.278349693084578798e-01,-8.684895127589020714e-01,5.981459826192819327e+07,-3.424613501157674193e+07
2.356147968818189111e+04,-4.164965336449389932e-01,-8.748689210517596182e-01,6.026527884862849861e+07,-3.331558510638207942e+07
2.358973086286796024e+04,-4.050742467294540794e-01,-8.810721987715105508e-01,6.070264401843002439e+07,-3.238081176782999933e+07
2.361798203755402938e+04,-3.935706220407973466e-01,-8.870985622491327494e-01,6.112670510930268466e+07,-3.144196197106448933e+07
2.364623321224009851e+04,-3.819881709029304129e-01,-8.929472554124420203e-01,6.153747359844776243e+07,-3.049918101960089058e+07
2.367448438692616764e+04,-3.703294024620166214e-01,-8.986175494752979276e-01,6.193496106729746610e+07,-2.955261259701425582e+07
2.370273556161223678e+04,-3.585968236699238476e-01,-9.041087426365488344e-01,6.231917916801478714e+07,-2.860239881839692220e+07
2.373098673629830591e+04,-3.467929392739155792e-01,-9.094201597886721888e-01,6.269013959145222604e+07,-2.764868028158035874e+07
2.375923791098437505e+04,-3.349202518122579852e-01,-9.145511522360648682e-01,6.304785403652925789e+07,-2.669159611811755970e+07
2.378748908567044418e+04,-3.229812616154791316e-01,-9.195010974229390621e-01,6.339233418099009246e+07,-2.573128404402343929e+07
2.381574026035651332e+04,-3.109784668130230467e-01,-9.242693986707765097e-01,6.372359165350457281e+07,-2.476788041027174145e+07
2.384399143504258245e+04,-2.989143633450481174e-01,-9.288554849252965706e-01,6.404163800707667321e+07,-2.380152025304796174e+07
2.387224260972865159e+04,-2.867914449791267861e-01,-9.332588105128909461e-01,6.434648469372633845e+07,-2.283233734375873208e+07
2.390049378441472072e+04,-2.746122033316084066e-01,-9.374788549064789756e-01,6.463814304041195661e+07,-2.186046423879899457e+07
2.392874495910079349e+04,-2.623791278934132221e-01,-9.415151225007396540e-01,6.491662422616209090e+07,-2.088603232907900214e+07
2.395699613378686263e+04,-2.500947060600404726e-01,-9.453671423966720777e-01,6.518193926038629562e+07,-1.990917188931484520e+07
2.398524730847293176e+04,-2.377614231655480470e-01,-9.490344681954456796e-01,6.543409896233686805e+07,-1.893001212708428502e+07
2.401349848315900090e+04,-2.253817625203194397e-01,-9.525166778014887425e-01,6.567311394169356674e+07,-1.794868123165476695e+07
2.404174965784507003e+04,-2.129582054523857515e-01,-9.558133732347794398e-01,6.589899458024583012e+07,-1.696530642258670926e+07
2.407000083253113917e+04,-2.004932313521064768e-01,-9.589241804522923296e-01,6.611175101464763284e+07,-1.598001399811843783e+07
2.409825200721720830e+04,-1.879893177200077925e-01,-9.618487491785638888e-01,6.631139312022158504e+07,-1.499292938333875872e+07
2.412650318190327744e+04,-1.754489402175818669e-01,-9.645867527453350077e-01,6.649793049579020590e+07,-1.400417717815384269e+07
2.415475435658934657e+04,-1.628745727208552596e-01,-9.671378879402321438e-01,6.667137244951351732e+07,-1.301388120505555905e+07
2.418300553127541571e+04,-1.502686873765387288e-01,-9.695018748644526063e-01,6.683172798571325839e+07,-1.202216455669885315e+07
2.421125670596148484e+04,-1.376337546605730933e-01,-9.716784567994155575e-01,6.697900579266541451e+07,-1.102914964329615049e+07
2.423950788064755397e+04,-1.249722434388905595e-01,-9.736674000823480890e-01,6.711321423134383559e+07,-1.003495823983716033e+07
2.426775905533362311e+04,-1.122866210302132656e-01,-9.754684939907714014e-01,6.723436132509893179e+07,-9.039711533142801374e+06
2.429601023001969588e+04,-9.957935327071205933e-02,-9.770815506358594416e-01,6.734245475025668740e+07,-8.043530168762146495e+06
2.432426140470576502e+04,-8.685290458036303007e-02,-9.785064048646368029e-01,6.743750182762427628e+07,-7.046534297722477466e+06
2.435251257939183415e+04,-7.410973803080717071e-02,-9.797429141709965705e-01,6.751950951488995552e+07,-6.048843623140093870e+06
2.438076375407790329e+04,-6.135231541457811244e-02,-9.807909586155035830e-01,6.758848439990574121e+07,-5.050577446704255417e+06
2.440901492876397242e+04,-4.858309731550768118e-02,-9.816504407539671240e-01,6.764443269484278560e+07,-4.051854715042331722e+06
2.443726610345004156e+04,-3.580454318015510035e-02,-9.823212855747588401e-01,6.768736023121039569e+07,-3.052794065977127757e+06
2.446551727813611069e+04,-2.301911139009592266e-02,-9.828034404448554584e-01,6.771727245573078096e+07,-2.053513874686587136e+06
2.449376845282217982e+04,-1.022925933490975541e-02,-9.830968750645922016e-01,6.773417442706264555e+07,-1.054132299776351079e+06
2.452201962750824896e+04,2.562556514293017583e-03,-9.832015814311069191e-01,6.773807081336802244e+07,-5.476732927574065980e+04
2.455027080219431809e+04,1.535388053096422602e-02,-9.831175738104663830e-01,6.772896589071772993e+07,9.444631734321762342e+05
2.457852197688038723e+04,2.814225785898872428e-02,-9.828448887184589866e-01,6.770686354233199358e+07,1.943441423735721502e+06
2.460677315156645636e+04,4.092523433849042797e-02,-9.823835849100469586e-01,6.767176725865370035e+07,2.942049669964194763e+06
2.463502432625252550e+04,5.370035643173072526e-02,-9.817337433774707689e-01,6.762368013825322688e+07,3.940170147591148503e+06
2.466327550093859463e+04,6.646517114925623582e-02,-9.808954673569983962e-01,6.756260488956443965e+07,4.937685033460595645e+06
2.469152667562466740e+04,7.921722597645455832e-02,-9.798688823443179041e-01,6.748854383345288038e+07,5.934476400025555864e+06
2.471977785031073654e+04,9.195406880066565869e-02,-9.786541361185726595e-01,6.740149890661804378e+07,6.930426169587501325e+06
2.474802902499680567e+04,1.046732478390309251e-01,-9.772513987750364173e-01,6.730147166583286226e+07,7.925416068528028205e+06
2.477628019968287481e+04,1.173723115672060530e-01,-9.756608627664358213e-01,6.718846329302458465e+07,8.919327581519706175e+06
2.480453137436894394e+04,1.300488086491213002e-01,-9.738827429529204327e-01,6.706247460120225698e+07,9.912041905707648024e+06
2.483278254905501308e+04,1.427002878679400066e-01,-9.719172766606909430e-01,6.692350604123725742e+07,1.090343990485081263e+07
2.486103372374108221e+04,1.553242980583785515e-01,-9.697647237492903471e-01,6.677155770950430632e+07,1.189340206341310218e+07
2.488928489842715135e+04,1.679183880405515084e-01,-9.674253666875715085e-01,6.660662935639148951e+07,1.288180844059440494e+07
2.491753607311322048e+04,1.804801065555062811e-01,-9.648995106383514431e-01,6.642872039568910748e+07,1.386853862429193221e+07
2.494578724779928962e+04,1.930070022026149357e-01,-9.621874835517675306e-01,6.623782991486806422e+07,1.485347168498244695e+07
2.497403842248535875e+04,2.054966233789918550e-01,-9.592896362673509758e-01,6.603395668625979125e+07,1.583648612951625511e+07
2.500228959717142789e+04,2.179465182211085816e-01,-9.562063426248346154e-01,6.581709917915076017e+07,1.681745985481412709e+07
2.503054077185749702e+04,2.303542345487806231e-01,-9.529379995837153894e-01,6.558725557280585915e+07,1.779627010145863518e+07
2.505879194654356979e+04,2.427173198117036357e-01,-9.494850273515899053e-01,6.534442377043592930e+07,1.877279340717189014e+07
2.508704312122963893e+04,2.550333210387101257e-01,-9.458478695212907406e-01,6.508860141412625462e+07,1.974690556017113104e+07
2.511529429591570806e+04,2.672997847899531987e-01,-9.420269932168369165e-01,6.481978590074320138e+07,2.071848155239671096e+07
2.514354547060177720e+04,2.795142571121720376e-01,-9.380228892482354031e-01,6.453797439883859456e+07,2.168739553260304034e+07
2.517179664528784633e+04,2.916742834972538279e-01,-9.338360722751525289e-01,6.424316386657146364e+07,2.265352075930796936e+07
2.520004781997391547e+04,3.037774088442756759e-01,-9.294670809794844946e-01,6.393535107066865265e+07,2.361672955359389260e+07
2.522829899465998460e+04,3.158211774252274728e-01,-9.249164782468545232e-01,6.361453260644683987e+07,2.457689325175539032e+07
2.525655016934605374e+04,3.278031328546175405e-01,-9.201848513570691779e-01,6.328070491891974956e+07,2.553388215778859705e+07
2.528480134403212287e+04,3.397208180631689500e-01,-9.152728121835607134e-01,6.293386432501561195e+07,2.648756549571817741e+07
2.531305251871819200e+04,3.515717752758183434e-01,-9.101809974018482130e-01,6.257400703693118691e+07,2.743781136175840721e+07
2.534130369340426114e+04,3.633535459942344170e-01,-9.049100687070485982e-01,6.220112918664995581e+07,2.838448667630565166e+07
2.536955486809033027e+04,3.750636709840785010e-01,-8.994607130404699280e-01,6.181522685165336728e+07,2.932745713576019183e+07
2.539780604277639941e+04,3.866996902672364955e-01,-8.938336428253188526e-01,6.141629608185538650e+07,3.026658716417627409e+07
2.542605721746247218e+04,3.982591431192551990e-01,-8.880295962115539732e-01,6.100433292779183388e+07,3.120173986474011838e+07
2.545430839214854132e+04,4.097395680722174527e-01,-8.820493373299235218e-01,6.057933347009772807e+07,3.213277697107578442e+07
2.548255956683461045e+04,4.211385029233213895e-01,-8.758936565552056797e-01,6.014129385030610114e+07,3.305955879838226363e+07
2.551081074152067958e+04,4.324534847493900491e-01,-8.695633707787001621e-01,5.969021030300500244e+07,3.398194419440194219e+07
2.553906191620674872e+04,4.436820499275910823e-01,-8.630593236899918308e-01,5.922607918938890845e+07,3.489979049022589624e+07
2.556731309089281785e+04,4.548217341626263899e-01,-8.563823860680193079e-01,5.874889703224335611e+07,3.581295345094018430e+07
2.559556426557888699e+04,4.658700725206665894e-01,-8.495334560814785663e-01,5.825866055240257829e+07,3.672128722611916810e+07
2.562381544026495612e+04,4.768245994703126378e-01,-8.425134595985898089e-01,5.775536670672150701e+07,3.762464430017326027e+07
2.565206661495102526e+04,4.876828489308747683e-01,-8.353233505062533926e-01,5.723901272760488838e+07,3.852287544255977124e+07
2.568031778963709439e+04,4.984423543282666125e-01,-8.279641110386208869e-01,5.670959616413776577e+07,3.941582965786689520e+07
2.570856896432316353e+04,5.091006486588213198e-01,-8.204367521151033626e-01,5.616711492486308515e+07,4.030335413578248769e+07
2.573682013900923266e+04,5.196552645613454757e-01,-8.127423136878373366e-01,5.561156732225362957e+07,4.118529420096089691e+07
2.576507131369530180e+04,5.301037343977350602e-01,-8.048818650986271361e-01,5.504295211892702430e+07,4.206149326280263811e+07
2.579332248838137457e+04,5.404435903424885668e-01,-7.968565054453765617e-01,5.446126857565397024e+07,4.293179276516380906e+07
2.582157366306744370e+04,5.506723644814527363e-01,-7.886673639580281669e-01,5.386651650121194124e+07,4.379603213601303846e+07
2.584982483775351284e+04,5.607875889201754394e-01,-7.803156003840024946e-01,5.325869630413651466e+07,4.465404873705821484e+07
2.587807601243958197e+04,5.707867959022010496e-01,-7.718024053831616937e-01,5.263780904642666131e+07,4.550567781336333603e+07
2.590632718712565111e+04,5.806675179377031037e-01,-7.631290009322809764e-01,5.200385649925921112e+07,4.635075244298192114e+07
2.593457836181172024e+04,5.904272879428319465e-01,-7.542966407390301331e-01,5.135684120077092201e+07,4.718910348663341999e+07
2.596282953649778938e+04,6.000636393901740417e-01,-7.453066106654502310e-01,5.069676651596739143e+07,4.802055953745219111e+07
2.599108071118385851e+04,6.095741064707292933e-01,-7.361602291609120607e-01,5.002363669881984591e+07,4.884494687084113061e+07
2.601933188586992765e+04,6.189562242678282589e-01,-7.268588477045311302e-01,4.933745695661222935e+07,4.966208939446460456e+07
2.604758306055599678e+04,6.282075289434168042e-01,-7.174038512570105608e-01,4.863823351660259813e+07,5.047180859841828793e+07
2.607583423524206592e+04,6.373255579371541746e-01,-7.077966587218739170e-01,4.792597369506422430e+07,5.127392350561622530e+07
2.610408540992813505e+04,6.463078501787786756e-01,-6.980387234160434495e-01,4.720068596877334267e+07,5.206825062243884057e+07
2.613233658461420418e+04,6.551519463142092548e-01,-6.881315335497095731e-01,4.646238004901189357e+07,5.285460388968852907e+07
2.616058775930027696e+04,6.638553889458673751e-01,-6.780766127154286282e-01,4.571106695815490186e+07,5.363279463390324265e+07
2.618883893398634609e+04,6.724157228877051251e-01,-6.678755203863822043e-01,4.494675910891418159e+07,5.440263151908116788e+07
2.621709010867241523e+04,6.808304954354659211e-01,-6.575298524236978803e-01,4.416947038630938530e+07,5.516392049887547642e+07
2.624534128335848436e+04,6.890972566526771814e-01,-6.470412415927603300e-01,4.337921623244202137e+07,5.591646476931863278e+07
2.627359245804455350e+04,6.972135596729285290e-01,-6.364113580883895560e-01,4.257601373414590955e+07,5.666006472214317322e+07
2.630184363273062263e+04,7.051769610189783100e-01,-6.256419100687730106e-01,4.175988171359074861e+07,5.739451789876815677e+07
2.633009480741669176e+04,7.129850209392550875e-01,-6.147346441980192644e-01,4.093084082191587985e+07,5.811961894502567500e+07
2.635834598210276090e+04,7.206353037623342006e-01,-6.036913461971843420e-01,4.008891363597238064e+07,5.883515956670635194e+07
2.638659715678883003e+04,7.281253782699824706e-01,-5.925138414036099643e-01,3.923412475825252384e+07,5.954092848600761592e+07
2.641484833147489917e+04,7.354528180893815659e-01,-5.812039953383935087e-01,3.836650092008653283e+07,6.023671139897373319e+07
2.644309950616096830e+04,7.426152021051546370e-01,-5.697637142817945088e-01,3.748607108818713576e+07,6.092229093402185291e+07
2.647135068084703744e+04,7.496101148918353774e-01,-5.581949458563628674e-01,3.659286657462307066e+07,6.159744661165381223e+07
2.649960185553310657e+04,7.564351471674354288e-01,-5.464996796175548566e-01,3.568692115030309558e+07,6.226195480545941740e+07
2.652785303021917935e+04,7.630878962687810407e-01,-5.346799476515815552e-01,3.476827116205219924e+07,6.291558870452283323e+07
2.655610420490524848e+04,7.695659666493011031e-01,-5.227378251802223819e-01,3.383695565336270630e+07,6.355811827734950930e+07
2.658435537959131761e+04,7.758669703999789835e-01,-5.106754311722818684e-01,3.289301648890034854e+07,6.418931023743938655e+07
2.661260655427738675e+04,7.819885277941707180e-01,-4.984949289613979651e-01,3.193649848284931481e+07,6.480892801063591242e+07
2.664085772896345588e+04,7.879282678570320719e-01,-4.861985268698299500e-01,3.096744953117565811e+07,6.541673170439042896e+07
2.666910890364952502e+04,7.936838289602995422e-01,-4.737884788378595169e-01,2.998592074789018929e+07,6.601247807908704132e+07
2.669736007833559415e+04,7.992528594431869138e-01,-4.612670850584006943e-01,2.899196660539023578e+07,6.659592052158131450e+07
2.672561125302166329e+04,8.046330182601760805e-01,-4.486366926163852242e-01,2.798564507895852998e+07,6.716680902111385763e+07
2.675386242770773242e+04,8.098219756564944971e-01,-4.358996961324592689e-01,2.696701779549593851e+07,6.772489014776803553e+07
2.678211360239380156e+04,8.148174138720858384e-01,-4.230585384104933455e-01,2.593615018656293303e+07,6.826990703364966810e+07
2.681036477707987069e+04,8.196170278748934335e-01,-4.101157110883755785e-01,2.489311164580251276e+07,6.880159935697489977e+07
2.683861595176593983e+04,8.242185261242922500e-01,-3.970737552915193924e-01,2.383797569081475586e+07,6.931970332926194370e+07
2.686686712645200896e+04,8.286196313655153078e-01,-3.839352622884813493e-01,2.277082012955017760e+07,6.982395168583138287e+07
2.689511830113808173e+04,8.328180814559348333e-01,-3.707028741480416500e-01,2.169172723128568754e+07,7.031407367982937396e+07
2.692336947582415087e+04,8.368116302240657944e-01,-3.573792843970715616e-01,2.060078390224394947e+07,7.078979507999780774e+07
2.695162065051022000e+04,8.405980483621833255e-01,-3.439672386784333180e-01,1.949808186590987071e+07,7.125083817242662609e+07
2.697987182519628914e+04,8.441751243534326710e-01,-3.304695354081703118e-01,1.838371784809789807e+07,7.169692176653200388e+07
2.700812299988235827e+04,8.475406654343445867e-01,-3.168890264311410854e-01,1.725779376681361720e+07,7.212776120551694930e+07
2.703637417456842741e+04,8.506924985936588079e-01,-3.032286176742355344e-01,1.612041692695014179e+07,7.254306838158033788e+07
2.706462534925449654e+04,8.536284716083752944e-01,-2.894912697962483961e-01,1.497170021985216253e+07,7.294255175615254045e+07
2.709287652394056568e+04,8.563464541179528489e-01,-2.756799988334348028e-01,1.381176232777352259e+07,7.332591638544665277e+07
2.712112769862663481e+04,8.588443387375827021e-01,-2.617978768397143940e-01,1.264072793324618973e+07,7.369286395162655413e+07
2.714937887331270394e+04,8.611200422114639874e-01,-2.478480325204349966e-01,1.145872793336983956e+07,7.404309279990456998e+07
2.717763004799877308e+04,8.631715066070119180e-01,-2.338336518585451829e-01,1.026589965902180970e+07,7.437629798189388216e+07
2.720588122268484221e+04,8.649967005509263673e-01,-2.197579787319630107e-01,9.062387098976865411e+06,7.469217130555301905e+07
2.723413239737091135e+04,8.665936205080455590e-01,-2.056243155208629381e-01,7.848341128915088251e+06,7.499040139207215607e+07
2.726238357205698412e+04,8.679602921039066832e-01,-1.914360237035346024e-01,6.623919745283885859e+06,7.527067374006360769e+07
2.729063474674305326e+04,8.690947714919234901e-01,-1.771965244394095584e-01,5.389288303968220949e+06,7.553267079743139446e+07
2.731888592142912239e+04,8.699951467660860249e-01,-1.629092991377419364e-01,4.144619763705715537e+06,7.577607204130788147e+07
2.734713709611519153e+04,8.706595394200692395e-01,-1.485778900104190170e-01,2.890094934173647314e+06,7.600055406645734608e+07
2.737538827080126066e+04,8.710861058536257806e-01,-1.342059006072358895e-01,1.625902728653070517e+06,7.620579068255999684e+07
2.740363944548732979e+04,8.712730389271169384e-01,-1.197969963319288345e-01,3.522404211611307692e+05,7.639145302080181241e+07
2.743189062017339893e+04,8.712185695650123129e-01,-1.053549049371664409e-01,-9.306860920771537349e+05,7.655720965020839870e+07
2.746014179485946806e+04,8.709209684091672177e-01,-9.088341699661663109e-02,-2.222662026966166217e+06,7.670272670417319238e+07
2.748839296954553720e+04,8.703785475226496482e-01,-7.638638635212047223e-02,-3.523463441855852026e+06,7.682766801764231920e+07
2.751664414423160633e+04,8.695896621448611086e-01,-6.186773053391610849e-02,-4.832856964029276744e+06,7.693169527543015778e+07
2.754489531891767547e+04,8.685527124986532899e-01,-4.733143115176489946e-02,-6.150599512578211725e+06,7.701446817215082049e+07
2.757314649360374460e+04,8.672661456501008503e-01,-3.278153425473982058e-02,-7.476438017908966169e+06,7.707564458426155150e+07
2.760139766828981374e+04,8.657284574215395878e-01,-1.822215065734092074e-02,-8.810109138147845864e+06,7.711488075472429395e+07
2.762964884297588287e+04,8.639381943584316659e-01,-3.657456229506625845e-03,-1.015133897274430096e+07,7.713183149080103636e+07
2.765790001766195564e+04,8.618939557505516103e-01,1.090830785201071969e-02,-1.149984277360034920e+07,7.712615037550732493e+07
2.768615119234802478e+04,8.595943957079326125e-01,2.547083489352319416e-02,-1.285532465408565849e+07,7.709748999325619638e+07
2.771440236703409391e+04,8.570382252919291899e-01,4.002575251829817993e-02,-1.421747729633499123e+07,7.704550217023140192e+07
2.774265354172016305e+04,8.542242147016859688e-01,5.456862254725725753e-02,-1.558598165725408867e+07,7.696983823003458977e+07
2.777090471640623218e+04,8.511511955162107679e-01,6.909494092944731825e-02,-1.696050667370334268e+07,7.687014926515537500e+07
2.779915589109230132e+04,8.478180629921594491e-01,8.360013772531281473e-02,-1.834070896736392751e+07,7.674608642481611669e+07
2.782740706577837045e+04,8.442237784173439730e-01,9.807957714591555853e-02,-1.972623254983304814e+07,7.659730121974468231e+07
2.785565824046443959e+04,8.403673715198619609e-01,1.125285576513509883e-01,-2.111670852853736654e+07,7.642344584442770481e+07
2.788390941515050872e+04,8.362479429326378222e-01,1.269423121117139730e-01,-2.251175481409808993e+07,7.622417351739493012e+07
2.791216058983657786e+04,8.318646667130349392e-01,1.413160080340709890e-01,-2.391097582982727885e+07,7.599913884008032084e+07
2.794041176452264699e+04,8.272167929170710643e-01,1.556447478589975675e-01,-2.531396222408297658e+07,7.574799817479917407e+07
2.796866293920871612e+04,8.223036502276219739e-01,1.699235693303415007e-01,-2.672029058626037836e+07,7.547041004237090051e+07
2.799691411389478526e+04,8.171246486358507699e-01,1.841474459419704945e-01,-2.812952316724764183e+07,7.516603553990530968e+07
2.802516528858085803e+04,8.116792821749369002e-01,1.983112874653619184e-01,-2.954120760522811487e+07,7.483453877925522625e+07
2.805341646326692717e+04,8.059671317050106643e-01,2.124099405619722658e-01,-3.095487665776402131e+07,7.447558734662042558e+07
2.808166763795299630e+04,7.999878677480050104e-01,2.264381894844523235e-01,-3.237004794115646556e+07,7.408885278376558423e+07
2.810991881263906544e+04,7.937412533709652385e-01,2.403907568707947529e-01,-3.378622367812758684e+07,7.367401109129111469e+07
2.813816998732513457e+04,7.872271471161319534e-01,2.542623046356454197e-01,-3.520289045493561774e+07,7.323074325436565280e+07
2.816642116201120371e+04,7.804455059759094482e-01,2.680474349630451725e-01,-3.661951898908935487e+07,7.275873579129648209e+07
2.819467233669727284e+04,7.733963884106038744e-01,2.817406914049495614e-01,-3.803556390889037400e+07,7.225768132527640462e+07
2.822292351138334197e+04,7.660799574065748629e-01,2.953365600899315324e-01,-3.945046354609218240e+07,7.172727917960371077e+07
